<?xml version="1.0" encoding="UTF-8"?>
<COLLADA xmlns="http://www.collada.org/2005/11/COLLADASchema" version="1.4.1">
  <asset>
    <created>2025-03-01T22:04:24Z</created>
    <modified>2025-03-01T22:04:24Z</modified>
    <revision>1.0</revision>
  </asset>
  <library_images>
    <image id="Body-diffuse-tex" name="Body-diffuse-tex">
      <init_from>Parrot Falling_res/Parrot Falling_Body_diffuse.png</init_from>
    </image>
    <image id="Body-emissive-tex" name="Body-emissive-tex">
      <init_from>Parrot Falling_res/Parrot Falling_Body_emissive.png</init_from>
    </image>
    <image id="Neck-diffuse-tex" name="Neck-diffuse-tex">
      <init_from>Parrot Falling_res/Parrot Falling_Neck_diffuse.png</init_from>
    </image>
    <image id="Neck-emissive-tex" name="Neck-emissive-tex">
      <init_from>Parrot Falling_res/Parrot Falling_Neck_emissive.png</init_from>
    </image>
    <image id="Head-diffuse-tex" name="Head-diffuse-tex">
      <init_from>Parrot Falling_res/Parrot Falling_Head_diffuse.png</init_from>
    </image>
    <image id="Head-emissive-tex" name="Head-emissive-tex">
      <init_from>Parrot Falling_res/Parrot Falling_Head_emissive.png</init_from>
    </image>
    <image id="Right_Wing1-diffuse-tex" name="Right_Wing1-diffuse-tex">
      <init_from>Parrot Falling_res/Parrot Falling_Right_Wing1_diffuse.png</init_from>
    </image>
    <image id="Right_Wing1-emissive-tex" name="Right_Wing1-emissive-tex">
      <init_from>Parrot Falling_res/Parrot Falling_Right_Wing1_emissive.png</init_from>
    </image>
    <image id="Right_Wing2-diffuse-tex" name="Right_Wing2-diffuse-tex">
      <init_from>Parrot Falling_res/Parrot Falling_Right_Wing2_diffuse.png</init_from>
    </image>
    <image id="Right_Wing2-emissive-tex" name="Right_Wing2-emissive-tex">
      <init_from>Parrot Falling_res/Parrot Falling_Right_Wing2_emissive.png</init_from>
    </image>
    <image id="Left_Wing1-diffuse-tex" name="Left_Wing1-diffuse-tex">
      <init_from>Parrot Falling_res/Parrot Falling_Left_Wing1_diffuse.png</init_from>
    </image>
    <image id="Left_Wing1-emissive-tex" name="Left_Wing1-emissive-tex">
      <init_from>Parrot Falling_res/Parrot Falling_Left_Wing1_emissive.png</init_from>
    </image>
    <image id="Left_Wing2-diffuse-tex" name="Left_Wing2-diffuse-tex">
      <init_from>Parrot Falling_res/Parrot Falling_Left_Wing2_diffuse.png</init_from>
    </image>
    <image id="Left_Wing2-emissive-tex" name="Left_Wing2-emissive-tex">
      <init_from>Parrot Falling_res/Parrot Falling_Left_Wing2_emissive.png</init_from>
    </image>
    <image id="RIght_Claw-diffuse-tex" name="RIght_Claw-diffuse-tex">
      <init_from>Parrot Falling_res/Parrot Falling_RIght_Claw_diffuse.png</init_from>
    </image>
    <image id="RIght_Claw-emissive-tex" name="RIght_Claw-emissive-tex">
      <init_from>Parrot Falling_res/Parrot Falling_RIght_Claw_emissive.png</init_from>
    </image>
    <image id="Tail1-diffuse-tex" name="Tail1-diffuse-tex">
      <init_from>Parrot Falling_res/Parrot Falling_Tail1_diffuse.png</init_from>
    </image>
    <image id="Tail1-emissive-tex" name="Tail1-emissive-tex">
      <init_from>Parrot Falling_res/Parrot Falling_Tail1_emissive.png</init_from>
    </image>
    <image id="Tail2-diffuse-tex" name="Tail2-diffuse-tex">
      <init_from>Parrot Falling_res/Parrot Falling_Tail2_diffuse.png</init_from>
    </image>
    <image id="Tail2-emissive-tex" name="Tail2-emissive-tex">
      <init_from>Parrot Falling_res/Parrot Falling_Tail2_emissive.png</init_from>
    </image>
    <image id="Left_Claw-diffuse-tex" name="Left_Claw-diffuse-tex">
      <init_from>Parrot Falling_res/Parrot Falling_Left_Claw_diffuse.png</init_from>
    </image>
    <image id="Left_Claw-emissive-tex" name="Left_Claw-emissive-tex">
      <init_from>Parrot Falling_res/Parrot Falling_Left_Claw_emissive.png</init_from>
    </image>
  </library_images>
  <library_effects>
    <effect id="Body-Effect">
      <profile_COMMON>
        <newparam sid="Body-diffuse-surface">
          <surface type="2D">
            <init_from>Body-diffuse-tex</init_from>
            <format>A8R8G8B8</format>
          </surface>
        </newparam>
        <newparam sid="Body-emissive-surface">
          <surface type="2D">
            <init_from>Body-emissive-tex</init_from>
            <format>A8R8G8B8</format>
          </surface>
        </newparam>
        <newparam sid="Body-diffuse-sampler">
          <sampler2D>
            <source>Body-diffuse-surface</source>
            <wrap_s>CLAMP</wrap_s>
            <wrap_t>CLAMP</wrap_t>
            <minfilter>NONE</minfilter>
            <magfilter>NONE</magfilter>
            <mipfilter>NONE</mipfilter>
          </sampler2D>
        </newparam>
        <newparam sid="Body-emissive-sampler">
          <sampler2D>
            <source>Body-emissive-surface</source>
            <wrap_s>CLAMP</wrap_s>
            <wrap_t>CLAMP</wrap_t>
            <minfilter>NONE</minfilter>
            <magfilter>NONE</magfilter>
            <mipfilter>NONE</mipfilter>
          </sampler2D>
        </newparam>
        <technique sid="phong1">
          <phong>
            <emission>
              <texture texcoord="Body-tex-bind" texture="Body-emissive-sampler"/>
            </emission>
            <ambient>
              <color>1.0 1.0 1.0 1.0</color>
            </ambient>
            <diffuse>
              <texture texcoord="Body-tex-bind" texture="Body-diffuse-sampler"/>
            </diffuse>
            <specular>
              <color>0.0 0.0 0.0 1.0</color>
            </specular>
            <shininess>
              <float>5.0</float>
            </shininess>
            <reflective>
              <color>1.0 1.0 1.0 1.0</color>
            </reflective>
            <reflectivity>
              <float>0.2</float>
            </reflectivity>
            <transparent>
              <color>1.0 1.0 1.0 1.0</color>
            </transparent>
            <transparency>
              <float>1.0</float>
            </transparency>
          </phong>
        </technique>
      </profile_COMMON>
    </effect>
    <effect id="Neck-Effect">
      <profile_COMMON>
        <newparam sid="Neck-diffuse-surface">
          <surface type="2D">
            <init_from>Neck-diffuse-tex</init_from>
            <format>A8R8G8B8</format>
          </surface>
        </newparam>
        <newparam sid="Neck-emissive-surface">
          <surface type="2D">
            <init_from>Neck-emissive-tex</init_from>
            <format>A8R8G8B8</format>
          </surface>
        </newparam>
        <newparam sid="Neck-diffuse-sampler">
          <sampler2D>
            <source>Neck-diffuse-surface</source>
            <wrap_s>CLAMP</wrap_s>
            <wrap_t>CLAMP</wrap_t>
            <minfilter>NONE</minfilter>
            <magfilter>NONE</magfilter>
            <mipfilter>NONE</mipfilter>
          </sampler2D>
        </newparam>
        <newparam sid="Neck-emissive-sampler">
          <sampler2D>
            <source>Neck-emissive-surface</source>
            <wrap_s>CLAMP</wrap_s>
            <wrap_t>CLAMP</wrap_t>
            <minfilter>NONE</minfilter>
            <magfilter>NONE</magfilter>
            <mipfilter>NONE</mipfilter>
          </sampler2D>
        </newparam>
        <technique sid="phong1">
          <phong>
            <emission>
              <texture texcoord="Neck-tex-bind" texture="Neck-emissive-sampler"/>
            </emission>
            <ambient>
              <color>1.0 1.0 1.0 1.0</color>
            </ambient>
            <diffuse>
              <texture texcoord="Neck-tex-bind" texture="Neck-diffuse-sampler"/>
            </diffuse>
            <specular>
              <color>0.0 0.0 0.0 1.0</color>
            </specular>
            <shininess>
              <float>5.0</float>
            </shininess>
            <reflective>
              <color>1.0 1.0 1.0 1.0</color>
            </reflective>
            <reflectivity>
              <float>0.2</float>
            </reflectivity>
            <transparent>
              <color>1.0 1.0 1.0 1.0</color>
            </transparent>
            <transparency>
              <float>1.0</float>
            </transparency>
          </phong>
        </technique>
      </profile_COMMON>
    </effect>
    <effect id="Head-Effect">
      <profile_COMMON>
        <newparam sid="Head-diffuse-surface">
          <surface type="2D">
            <init_from>Head-diffuse-tex</init_from>
            <format>A8R8G8B8</format>
          </surface>
        </newparam>
        <newparam sid="Head-emissive-surface">
          <surface type="2D">
            <init_from>Head-emissive-tex</init_from>
            <format>A8R8G8B8</format>
          </surface>
        </newparam>
        <newparam sid="Head-diffuse-sampler">
          <sampler2D>
            <source>Head-diffuse-surface</source>
            <wrap_s>CLAMP</wrap_s>
            <wrap_t>CLAMP</wrap_t>
            <minfilter>NONE</minfilter>
            <magfilter>NONE</magfilter>
            <mipfilter>NONE</mipfilter>
          </sampler2D>
        </newparam>
        <newparam sid="Head-emissive-sampler">
          <sampler2D>
            <source>Head-emissive-surface</source>
            <wrap_s>CLAMP</wrap_s>
            <wrap_t>CLAMP</wrap_t>
            <minfilter>NONE</minfilter>
            <magfilter>NONE</magfilter>
            <mipfilter>NONE</mipfilter>
          </sampler2D>
        </newparam>
        <technique sid="phong1">
          <phong>
            <emission>
              <texture texcoord="Head-tex-bind" texture="Head-emissive-sampler"/>
            </emission>
            <ambient>
              <color>1.0 1.0 1.0 1.0</color>
            </ambient>
            <diffuse>
              <texture texcoord="Head-tex-bind" texture="Head-diffuse-sampler"/>
            </diffuse>
            <specular>
              <color>0.0 0.0 0.0 1.0</color>
            </specular>
            <shininess>
              <float>5.0</float>
            </shininess>
            <reflective>
              <color>1.0 1.0 1.0 1.0</color>
            </reflective>
            <reflectivity>
              <float>0.2</float>
            </reflectivity>
            <transparent>
              <color>1.0 1.0 1.0 1.0</color>
            </transparent>
            <transparency>
              <float>1.0</float>
            </transparency>
          </phong>
        </technique>
      </profile_COMMON>
    </effect>
    <effect id="Right_Wing1-Effect">
      <profile_COMMON>
        <newparam sid="Right_Wing1-diffuse-surface">
          <surface type="2D">
            <init_from>Right_Wing1-diffuse-tex</init_from>
            <format>A8R8G8B8</format>
          </surface>
        </newparam>
        <newparam sid="Right_Wing1-emissive-surface">
          <surface type="2D">
            <init_from>Right_Wing1-emissive-tex</init_from>
            <format>A8R8G8B8</format>
          </surface>
        </newparam>
        <newparam sid="Right_Wing1-diffuse-sampler">
          <sampler2D>
            <source>Right_Wing1-diffuse-surface</source>
            <wrap_s>CLAMP</wrap_s>
            <wrap_t>CLAMP</wrap_t>
            <minfilter>NONE</minfilter>
            <magfilter>NONE</magfilter>
            <mipfilter>NONE</mipfilter>
          </sampler2D>
        </newparam>
        <newparam sid="Right_Wing1-emissive-sampler">
          <sampler2D>
            <source>Right_Wing1-emissive-surface</source>
            <wrap_s>CLAMP</wrap_s>
            <wrap_t>CLAMP</wrap_t>
            <minfilter>NONE</minfilter>
            <magfilter>NONE</magfilter>
            <mipfilter>NONE</mipfilter>
          </sampler2D>
        </newparam>
        <technique sid="phong1">
          <phong>
            <emission>
              <texture texcoord="Right_Wing1-tex-bind" texture="Right_Wing1-emissive-sampler"/>
            </emission>
            <ambient>
              <color>1.0 1.0 1.0 1.0</color>
            </ambient>
            <diffuse>
              <texture texcoord="Right_Wing1-tex-bind" texture="Right_Wing1-diffuse-sampler"/>
            </diffuse>
            <specular>
              <color>0.0 0.0 0.0 1.0</color>
            </specular>
            <shininess>
              <float>5.0</float>
            </shininess>
            <reflective>
              <color>1.0 1.0 1.0 1.0</color>
            </reflective>
            <reflectivity>
              <float>0.2</float>
            </reflectivity>
            <transparent>
              <color>1.0 1.0 1.0 1.0</color>
            </transparent>
            <transparency>
              <float>1.0</float>
            </transparency>
          </phong>
        </technique>
      </profile_COMMON>
    </effect>
    <effect id="Right_Wing2-Effect">
      <profile_COMMON>
        <newparam sid="Right_Wing2-diffuse-surface">
          <surface type="2D">
            <init_from>Right_Wing2-diffuse-tex</init_from>
            <format>A8R8G8B8</format>
          </surface>
        </newparam>
        <newparam sid="Right_Wing2-emissive-surface">
          <surface type="2D">
            <init_from>Right_Wing2-emissive-tex</init_from>
            <format>A8R8G8B8</format>
          </surface>
        </newparam>
        <newparam sid="Right_Wing2-diffuse-sampler">
          <sampler2D>
            <source>Right_Wing2-diffuse-surface</source>
            <wrap_s>CLAMP</wrap_s>
            <wrap_t>CLAMP</wrap_t>
            <minfilter>NONE</minfilter>
            <magfilter>NONE</magfilter>
            <mipfilter>NONE</mipfilter>
          </sampler2D>
        </newparam>
        <newparam sid="Right_Wing2-emissive-sampler">
          <sampler2D>
            <source>Right_Wing2-emissive-surface</source>
            <wrap_s>CLAMP</wrap_s>
            <wrap_t>CLAMP</wrap_t>
            <minfilter>NONE</minfilter>
            <magfilter>NONE</magfilter>
            <mipfilter>NONE</mipfilter>
          </sampler2D>
        </newparam>
        <technique sid="phong1">
          <phong>
            <emission>
              <texture texcoord="Right_Wing2-tex-bind" texture="Right_Wing2-emissive-sampler"/>
            </emission>
            <ambient>
              <color>1.0 1.0 1.0 1.0</color>
            </ambient>
            <diffuse>
              <texture texcoord="Right_Wing2-tex-bind" texture="Right_Wing2-diffuse-sampler"/>
            </diffuse>
            <specular>
              <color>0.0 0.0 0.0 1.0</color>
            </specular>
            <shininess>
              <float>5.0</float>
            </shininess>
            <reflective>
              <color>1.0 1.0 1.0 1.0</color>
            </reflective>
            <reflectivity>
              <float>0.2</float>
            </reflectivity>
            <transparent>
              <color>1.0 1.0 1.0 1.0</color>
            </transparent>
            <transparency>
              <float>1.0</float>
            </transparency>
          </phong>
        </technique>
      </profile_COMMON>
    </effect>
    <effect id="Left_Wing1-Effect">
      <profile_COMMON>
        <newparam sid="Left_Wing1-diffuse-surface">
          <surface type="2D">
            <init_from>Left_Wing1-diffuse-tex</init_from>
            <format>A8R8G8B8</format>
          </surface>
        </newparam>
        <newparam sid="Left_Wing1-emissive-surface">
          <surface type="2D">
            <init_from>Left_Wing1-emissive-tex</init_from>
            <format>A8R8G8B8</format>
          </surface>
        </newparam>
        <newparam sid="Left_Wing1-diffuse-sampler">
          <sampler2D>
            <source>Left_Wing1-diffuse-surface</source>
            <wrap_s>CLAMP</wrap_s>
            <wrap_t>CLAMP</wrap_t>
            <minfilter>NONE</minfilter>
            <magfilter>NONE</magfilter>
            <mipfilter>NONE</mipfilter>
          </sampler2D>
        </newparam>
        <newparam sid="Left_Wing1-emissive-sampler">
          <sampler2D>
            <source>Left_Wing1-emissive-surface</source>
            <wrap_s>CLAMP</wrap_s>
            <wrap_t>CLAMP</wrap_t>
            <minfilter>NONE</minfilter>
            <magfilter>NONE</magfilter>
            <mipfilter>NONE</mipfilter>
          </sampler2D>
        </newparam>
        <technique sid="phong1">
          <phong>
            <emission>
              <texture texcoord="Left_Wing1-tex-bind" texture="Left_Wing1-emissive-sampler"/>
            </emission>
            <ambient>
              <color>1.0 1.0 1.0 1.0</color>
            </ambient>
            <diffuse>
              <texture texcoord="Left_Wing1-tex-bind" texture="Left_Wing1-diffuse-sampler"/>
            </diffuse>
            <specular>
              <color>0.0 0.0 0.0 1.0</color>
            </specular>
            <shininess>
              <float>5.0</float>
            </shininess>
            <reflective>
              <color>1.0 1.0 1.0 1.0</color>
            </reflective>
            <reflectivity>
              <float>0.2</float>
            </reflectivity>
            <transparent>
              <color>1.0 1.0 1.0 1.0</color>
            </transparent>
            <transparency>
              <float>1.0</float>
            </transparency>
          </phong>
        </technique>
      </profile_COMMON>
    </effect>
    <effect id="Left_Wing2-Effect">
      <profile_COMMON>
        <newparam sid="Left_Wing2-diffuse-surface">
          <surface type="2D">
            <init_from>Left_Wing2-diffuse-tex</init_from>
            <format>A8R8G8B8</format>
          </surface>
        </newparam>
        <newparam sid="Left_Wing2-emissive-surface">
          <surface type="2D">
            <init_from>Left_Wing2-emissive-tex</init_from>
            <format>A8R8G8B8</format>
          </surface>
        </newparam>
        <newparam sid="Left_Wing2-diffuse-sampler">
          <sampler2D>
            <source>Left_Wing2-diffuse-surface</source>
            <wrap_s>CLAMP</wrap_s>
            <wrap_t>CLAMP</wrap_t>
            <minfilter>NONE</minfilter>
            <magfilter>NONE</magfilter>
            <mipfilter>NONE</mipfilter>
          </sampler2D>
        </newparam>
        <newparam sid="Left_Wing2-emissive-sampler">
          <sampler2D>
            <source>Left_Wing2-emissive-surface</source>
            <wrap_s>CLAMP</wrap_s>
            <wrap_t>CLAMP</wrap_t>
            <minfilter>NONE</minfilter>
            <magfilter>NONE</magfilter>
            <mipfilter>NONE</mipfilter>
          </sampler2D>
        </newparam>
        <technique sid="phong1">
          <phong>
            <emission>
              <texture texcoord="Left_Wing2-tex-bind" texture="Left_Wing2-emissive-sampler"/>
            </emission>
            <ambient>
              <color>1.0 1.0 1.0 1.0</color>
            </ambient>
            <diffuse>
              <texture texcoord="Left_Wing2-tex-bind" texture="Left_Wing2-diffuse-sampler"/>
            </diffuse>
            <specular>
              <color>0.0 0.0 0.0 1.0</color>
            </specular>
            <shininess>
              <float>5.0</float>
            </shininess>
            <reflective>
              <color>1.0 1.0 1.0 1.0</color>
            </reflective>
            <reflectivity>
              <float>0.2</float>
            </reflectivity>
            <transparent>
              <color>1.0 1.0 1.0 1.0</color>
            </transparent>
            <transparency>
              <float>1.0</float>
            </transparency>
          </phong>
        </technique>
      </profile_COMMON>
    </effect>
    <effect id="RIght_Claw-Effect">
      <profile_COMMON>
        <newparam sid="RIght_Claw-diffuse-surface">
          <surface type="2D">
            <init_from>RIght_Claw-diffuse-tex</init_from>
            <format>A8R8G8B8</format>
          </surface>
        </newparam>
        <newparam sid="RIght_Claw-emissive-surface">
          <surface type="2D">
            <init_from>RIght_Claw-emissive-tex</init_from>
            <format>A8R8G8B8</format>
          </surface>
        </newparam>
        <newparam sid="RIght_Claw-diffuse-sampler">
          <sampler2D>
            <source>RIght_Claw-diffuse-surface</source>
            <wrap_s>CLAMP</wrap_s>
            <wrap_t>CLAMP</wrap_t>
            <minfilter>NONE</minfilter>
            <magfilter>NONE</magfilter>
            <mipfilter>NONE</mipfilter>
          </sampler2D>
        </newparam>
        <newparam sid="RIght_Claw-emissive-sampler">
          <sampler2D>
            <source>RIght_Claw-emissive-surface</source>
            <wrap_s>CLAMP</wrap_s>
            <wrap_t>CLAMP</wrap_t>
            <minfilter>NONE</minfilter>
            <magfilter>NONE</magfilter>
            <mipfilter>NONE</mipfilter>
          </sampler2D>
        </newparam>
        <technique sid="phong1">
          <phong>
            <emission>
              <texture texcoord="RIght_Claw-tex-bind" texture="RIght_Claw-emissive-sampler"/>
            </emission>
            <ambient>
              <color>1.0 1.0 1.0 1.0</color>
            </ambient>
            <diffuse>
              <texture texcoord="RIght_Claw-tex-bind" texture="RIght_Claw-diffuse-sampler"/>
            </diffuse>
            <specular>
              <color>0.0 0.0 0.0 1.0</color>
            </specular>
            <shininess>
              <float>5.0</float>
            </shininess>
            <reflective>
              <color>1.0 1.0 1.0 1.0</color>
            </reflective>
            <reflectivity>
              <float>0.2</float>
            </reflectivity>
            <transparent>
              <color>1.0 1.0 1.0 1.0</color>
            </transparent>
            <transparency>
              <float>1.0</float>
            </transparency>
          </phong>
        </technique>
      </profile_COMMON>
    </effect>
    <effect id="Tail1-Effect">
      <profile_COMMON>
        <newparam sid="Tail1-diffuse-surface">
          <surface type="2D">
            <init_from>Tail1-diffuse-tex</init_from>
            <format>A8R8G8B8</format>
          </surface>
        </newparam>
        <newparam sid="Tail1-emissive-surface">
          <surface type="2D">
            <init_from>Tail1-emissive-tex</init_from>
            <format>A8R8G8B8</format>
          </surface>
        </newparam>
        <newparam sid="Tail1-diffuse-sampler">
          <sampler2D>
            <source>Tail1-diffuse-surface</source>
            <wrap_s>CLAMP</wrap_s>
            <wrap_t>CLAMP</wrap_t>
            <minfilter>NONE</minfilter>
            <magfilter>NONE</magfilter>
            <mipfilter>NONE</mipfilter>
          </sampler2D>
        </newparam>
        <newparam sid="Tail1-emissive-sampler">
          <sampler2D>
            <source>Tail1-emissive-surface</source>
            <wrap_s>CLAMP</wrap_s>
            <wrap_t>CLAMP</wrap_t>
            <minfilter>NONE</minfilter>
            <magfilter>NONE</magfilter>
            <mipfilter>NONE</mipfilter>
          </sampler2D>
        </newparam>
        <technique sid="phong1">
          <phong>
            <emission>
              <texture texcoord="Tail1-tex-bind" texture="Tail1-emissive-sampler"/>
            </emission>
            <ambient>
              <color>1.0 1.0 1.0 1.0</color>
            </ambient>
            <diffuse>
              <texture texcoord="Tail1-tex-bind" texture="Tail1-diffuse-sampler"/>
            </diffuse>
            <specular>
              <color>0.0 0.0 0.0 1.0</color>
            </specular>
            <shininess>
              <float>5.0</float>
            </shininess>
            <reflective>
              <color>1.0 1.0 1.0 1.0</color>
            </reflective>
            <reflectivity>
              <float>0.2</float>
            </reflectivity>
            <transparent>
              <color>1.0 1.0 1.0 1.0</color>
            </transparent>
            <transparency>
              <float>1.0</float>
            </transparency>
          </phong>
        </technique>
      </profile_COMMON>
    </effect>
    <effect id="Tail2-Effect">
      <profile_COMMON>
        <newparam sid="Tail2-diffuse-surface">
          <surface type="2D">
            <init_from>Tail2-diffuse-tex</init_from>
            <format>A8R8G8B8</format>
          </surface>
        </newparam>
        <newparam sid="Tail2-emissive-surface">
          <surface type="2D">
            <init_from>Tail2-emissive-tex</init_from>
            <format>A8R8G8B8</format>
          </surface>
        </newparam>
        <newparam sid="Tail2-diffuse-sampler">
          <sampler2D>
            <source>Tail2-diffuse-surface</source>
            <wrap_s>CLAMP</wrap_s>
            <wrap_t>CLAMP</wrap_t>
            <minfilter>NONE</minfilter>
            <magfilter>NONE</magfilter>
            <mipfilter>NONE</mipfilter>
          </sampler2D>
        </newparam>
        <newparam sid="Tail2-emissive-sampler">
          <sampler2D>
            <source>Tail2-emissive-surface</source>
            <wrap_s>CLAMP</wrap_s>
            <wrap_t>CLAMP</wrap_t>
            <minfilter>NONE</minfilter>
            <magfilter>NONE</magfilter>
            <mipfilter>NONE</mipfilter>
          </sampler2D>
        </newparam>
        <technique sid="phong1">
          <phong>
            <emission>
              <texture texcoord="Tail2-tex-bind" texture="Tail2-emissive-sampler"/>
            </emission>
            <ambient>
              <color>1.0 1.0 1.0 1.0</color>
            </ambient>
            <diffuse>
              <texture texcoord="Tail2-tex-bind" texture="Tail2-diffuse-sampler"/>
            </diffuse>
            <specular>
              <color>0.0 0.0 0.0 1.0</color>
            </specular>
            <shininess>
              <float>5.0</float>
            </shininess>
            <reflective>
              <color>1.0 1.0 1.0 1.0</color>
            </reflective>
            <reflectivity>
              <float>0.2</float>
            </reflectivity>
            <transparent>
              <color>1.0 1.0 1.0 1.0</color>
            </transparent>
            <transparency>
              <float>1.0</float>
            </transparency>
          </phong>
        </technique>
      </profile_COMMON>
    </effect>
    <effect id="Left_Claw-Effect">
      <profile_COMMON>
        <newparam sid="Left_Claw-diffuse-surface">
          <surface type="2D">
            <init_from>Left_Claw-diffuse-tex</init_from>
            <format>A8R8G8B8</format>
          </surface>
        </newparam>
        <newparam sid="Left_Claw-emissive-surface">
          <surface type="2D">
            <init_from>Left_Claw-emissive-tex</init_from>
            <format>A8R8G8B8</format>
          </surface>
        </newparam>
        <newparam sid="Left_Claw-diffuse-sampler">
          <sampler2D>
            <source>Left_Claw-diffuse-surface</source>
            <wrap_s>CLAMP</wrap_s>
            <wrap_t>CLAMP</wrap_t>
            <minfilter>NONE</minfilter>
            <magfilter>NONE</magfilter>
            <mipfilter>NONE</mipfilter>
          </sampler2D>
        </newparam>
        <newparam sid="Left_Claw-emissive-sampler">
          <sampler2D>
            <source>Left_Claw-emissive-surface</source>
            <wrap_s>CLAMP</wrap_s>
            <wrap_t>CLAMP</wrap_t>
            <minfilter>NONE</minfilter>
            <magfilter>NONE</magfilter>
            <mipfilter>NONE</mipfilter>
          </sampler2D>
        </newparam>
        <technique sid="phong1">
          <phong>
            <emission>
              <texture texcoord="Left_Claw-tex-bind" texture="Left_Claw-emissive-sampler"/>
            </emission>
            <ambient>
              <color>1.0 1.0 1.0 1.0</color>
            </ambient>
            <diffuse>
              <texture texcoord="Left_Claw-tex-bind" texture="Left_Claw-diffuse-sampler"/>
            </diffuse>
            <specular>
              <color>0.0 0.0 0.0 1.0</color>
            </specular>
            <shininess>
              <float>5.0</float>
            </shininess>
            <reflective>
              <color>1.0 1.0 1.0 1.0</color>
            </reflective>
            <reflectivity>
              <float>0.2</float>
            </reflectivity>
            <transparent>
              <color>1.0 1.0 1.0 1.0</color>
            </transparent>
            <transparency>
              <float>1.0</float>
            </transparency>
          </phong>
        </technique>
      </profile_COMMON>
    </effect>
  </library_effects>
  <library_materials>
    <material id="Body-Material">
      <instance_effect url="#Body-Effect"/>
    </material>
    <material id="Neck-Material">
      <instance_effect url="#Neck-Effect"/>
    </material>
    <material id="Head-Material">
      <instance_effect url="#Head-Effect"/>
    </material>
    <material id="Right_Wing1-Material">
      <instance_effect url="#Right_Wing1-Effect"/>
    </material>
    <material id="Right_Wing2-Material">
      <instance_effect url="#Right_Wing2-Effect"/>
    </material>
    <material id="Left_Wing1-Material">
      <instance_effect url="#Left_Wing1-Effect"/>
    </material>
    <material id="Left_Wing2-Material">
      <instance_effect url="#Left_Wing2-Effect"/>
    </material>
    <material id="RIght_Claw-Material">
      <instance_effect url="#RIght_Claw-Effect"/>
    </material>
    <material id="Tail1-Material">
      <instance_effect url="#Tail1-Effect"/>
    </material>
    <material id="Tail2-Material">
      <instance_effect url="#Tail2-Effect"/>
    </material>
    <material id="Left_Claw-Material">
      <instance_effect url="#Left_Claw-Effect"/>
    </material>
  </library_materials>
  <library_geometries>
    <geometry id="Body-Geom" name="Body-Geom">
      <mesh>
        <source id="Body-Pos">
          <float_array count="792" id="Body-Pos-array">-3.0 -3.0 4.5000005 -3.0 2.9999998 4.5000005 -3.0 2.9999998 -4.5 -3.0 -3.0 -4.5 -3.0 -4.0 3.5000005 -3.0 -3.0 3.5000005 -3.0 -3.0 -3.5 -3.0 -4.0 -3.5 -3.0 2.9999998 4.5000005 -3.0 4.0 4.5000005 -3.0 4.0 -0.49999985 -3.0 2.9999998 -0.49999985 -3.0 -2.0 5.5 -3.0 2.9999998 5.5 -3.0 2.9999998 4.5000005 -3.0 -2.0 4.5000005 -3.0 -2.0 -4.5 -3.0 1.0 -4.5 -3.0 1.0 -5.5 -3.0 -2.0 -5.5 -2.0 -3.0 -4.5 -2.0 -2.0 -4.5 -2.0 -2.0 -5.5 -2.0 -3.0 -5.5 -2.0 1.0 -4.5 -2.0 2.0 -4.5 -2.0 2.0 -5.5 -2.0 1.0 -5.5 -2.0 -4.0 -3.5 -2.0 -3.0 -3.5 -2.0 -3.0 -4.5 -2.0 -4.0 -4.5 -2.0 2.9999998 -0.49999985 -2.0 4.0 -0.49999985 -2.0 4.0 -1.4999999 -2.0 2.9999998 -1.4999999 -2.0 -3.0 5.5 -2.0 -2.0 5.5 -2.0 -2.0 4.5000005 -2.0 -3.0 4.5000005 -2.0 2.9999998 5.5 -2.0 4.0 5.5 -2.0 4.0 4.5000005 -2.0 2.9999998 4.5000005 2.0 -3.0 -5.5 2.0 -2.0 -5.5 2.0 -2.0 -4.5 2.0 -3.0 -4.5 2.0 1.0 -5.5 2.0 2.0 -5.5 2.0 2.0 -4.5 2.0 1.0 -4.5 2.0 -4.0 -4.5 2.0 -3.0 -4.5 2.0 -3.0 -3.5 2.0 -4.0 -3.5 2.0 2.9999998 -1.4999999 2.0 4.0 -1.4999999 2.0 4.0 -0.49999985 2.0 2.9999998 -0.49999985 2.0 -3.0 4.5000005 2.0 -2.0 4.5000005 2.0 -2.0 5.5 2.0 -3.0 5.5 2.0 2.9999998 4.5000005 2.0 4.0 4.5000005 2.0 4.0 5.5 2.0 2.9999998 5.5 3.0 -3.0 -4.5 3.0 2.9999998 -4.5 3.0 2.9999998 4.5000005 3.0 -3.0 4.5000005 3.0 -4.0 -3.5 3.0 -3.0 -3.5 3.0 -3.0 3.5000005 3.0 -4.0 3.5000005 3.0 2.9999998 -0.49999985 3.0 4.0 -0.49999985 3.0 4.0 4.5000005 3.0 2.9999998 4.5000005 3.0 -2.0 4.5000005 3.0 2.9999998 4.5000005 3.0 2.9999998 5.5 3.0 -2.0 5.5 3.0 -2.0 -5.5 3.0 1.0 -5.5 3.0 1.0 -4.5 3.0 -2.0 -4.5 -3.0 -4.0 -3.5 3.0 -4.0 -3.5 3.0 -4.0 3.5000005 -3.0 -4.0 3.5000005 -2.0 -4.0 -4.5 2.0 -4.0 -4.5 2.0 -4.0 -3.5 -2.0 -4.0 -3.5 -3.0 -3.0 3.5000005 3.0 -3.0 3.5000005 3.0 -3.0 4.5000005 -3.0 -3.0 4.5000005 -2.0 -3.0 -5.5 2.0 -3.0 -5.5 2.0 -3.0 -4.5 -2.0 -3.0 -4.5 -2.0 -3.0 4.5000005 2.0 -3.0 4.5000005 2.0 -3.0 5.5 -2.0 -3.0 5.5 -3.0 -3.0 -4.5 -2.0 -3.0 -4.5 -2.0 -3.0 -3.5 -3.0 -3.0 -3.5 2.0 -3.0 -4.5 3.0 -3.0 -4.5 3.0 -3.0 -3.5 2.0 -3.0 -3.5 -3.0 -2.0 -5.5 -2.0 -2.0 -5.5 -2.0 -2.0 -4.5 -3.0 -2.0 -4.5 2.0 -2.0 -5.5 3.0 -2.0 -5.5 3.0 -2.0 -4.5 2.0 -2.0 -4.5 -3.0 -2.0 4.5000005 -2.0 -2.0 4.5000005 -2.0 -2.0 5.5 -3.0 -2.0 5.5 2.0 -2.0 4.5000005 3.0 -2.0 4.5000005 3.0 -2.0 5.5 2.0 -2.0 5.5 -3.0 1.0 -4.5 -2.0 1.0 -4.5 -2.0 1.0 -5.5 -3.0 1.0 -5.5 2.0 1.0 -4.5 3.0 1.0 -4.5 3.0 1.0 -5.5 2.0 1.0 -5.5 -2.0 2.0 -4.5 2.0 2.0 -4.5 2.0 2.0 -5.5 -2.0 2.0 -5.5 -3.0 2.9999998 -1.4999999 3.0 2.9999998 -1.4999999 3.0 2.9999998 -4.5 -3.0 2.9999998 -4.5 -3.0 2.9999998 -0.49999985 -2.0 2.9999998 -0.49999985 -2.0 2.9999998 -1.4999999 -3.0 2.9999998 -1.4999999 2.0 2.9999998 -0.49999985 3.0 2.9999998 -0.49999985 3.0 2.9999998 -1.4999999 2.0 2.9999998 -1.4999999 -3.0 2.9999998 5.5 -2.0 2.9999998 5.5 -2.0 2.9999998 4.5000005 -3.0 2.9999998 4.5000005 2.0 2.9999998 5.5 3.0 2.9999998 5.5 3.0 2.9999998 4.5000005 2.0 2.9999998 4.5000005 -3.0 4.0 4.5000005 3.0 4.0 4.5000005 3.0 4.0 -0.49999985 -3.0 4.0 -0.49999985 -2.0 4.0 -0.49999985 2.0 4.0 -0.49999985 2.0 4.0 -1.4999999 -2.0 4.0 -1.4999999 -2.0 4.0 5.5 2.0 4.0 5.5 2.0 4.0 4.5000005 -2.0 4.0 4.5000005 -2.0 2.0 -5.5 2.0 2.0 -5.5 2.0 -3.0 -5.5 -2.0 -3.0 -5.5 -3.0 1.0 -5.5 -2.0 1.0 -5.5 -2.0 -2.0 -5.5 -3.0 -2.0 -5.5 2.0 1.0 -5.5 3.0 1.0 -5.5 3.0 -2.0 -5.5 2.0 -2.0 -5.5 -3.0 2.9999998 -4.5 3.0 2.9999998 -4.5 3.0 2.0 -4.5 -3.0 2.0 -4.5 -2.0 -3.0 -4.5 2.0 -3.0 -4.5 2.0 -4.0 -4.5 -2.0 -4.0 -4.5 -3.0 -2.0 -4.5 -2.0 -2.0 -4.5 -2.0 -3.0 -4.5 -3.0 -3.0 -4.5 2.0 -2.0 -4.5 3.0 -2.0 -4.5 3.0 -3.0 -4.5 2.0 -3.0 -4.5 -3.0 2.0 -4.5 -2.0 2.0 -4.5 -2.0 1.0 -4.5 -3.0 1.0 -4.5 2.0 2.0 -4.5 3.0 2.0 -4.5 3.0 1.0 -4.5 2.0 1.0 -4.5 -3.0 -3.0 -3.5 -2.0 -3.0 -3.5 -2.0 -4.0 -3.5 -3.0 -4.0 -3.5 2.0 -3.0 -3.5 3.0 -3.0 -3.5 3.0 -4.0 -3.5 2.0 -4.0 -3.5 -2.0 4.0 -1.4999999 2.0 4.0 -1.4999999 2.0 2.9999998 -1.4999999 -2.0 2.9999998 -1.4999999 -3.0 4.0 -0.49999985 -2.0 4.0 -0.49999985 -2.0 2.9999998 -0.49999985 -3.0 2.9999998 -0.49999985 2.0 4.0 -0.49999985 3.0 4.0 -0.49999985 3.0 2.9999998 -0.49999985 2.0 2.9999998 -0.49999985 -3.0 -4.0 3.5000005 3.0 -4.0 3.5000005 3.0 -3.0 3.5000005 -3.0 -3.0 3.5000005 -3.0 -3.0 4.5000005 -2.0 -3.0 4.5000005 -2.0 -2.0 4.5000005 -3.0 -2.0 4.5000005 2.0 -3.0 4.5000005 3.0 -3.0 4.5000005 3.0 -2.0 4.5000005 2.0 -2.0 4.5000005 -3.0 2.9999998 4.5000005 -2.0 2.9999998 4.5000005 -2.0 4.0 4.5000005 -3.0 4.0 4.5000005 2.0 2.9999998 4.5000005 3.0 2.9999998 4.5000005 3.0 4.0 4.5000005 2.0 4.0 4.5000005 -3.0 -2.0 5.5 3.0 -2.0 5.5 3.0 2.9999998 5.5 -3.0 2.9999998 5.5 -2.0 -3.0 5.5 2.0 -3.0 5.5 2.0 -2.0 5.5 -2.0 -2.0 5.5 -2.0 2.9999998 5.5 2.0 2.9999998 5.5 2.0 4.0 5.5 -2.0 4.0 5.5 </float_array>
          <technique_common>
            <accessor count="264" source="#Body-Pos-array" stride="3">
              <param name="X" type="float"/>
              <param name="Y" type="float"/>
              <param name="Z" type="float"/>
            </accessor>
          </technique_common>
        </source>
        <source id="Body-UV">
          <float_array count="528" id="Body-UV-array">0.0 0.71875 0.09375 0.71875 0.09375 1.0 0.0 1.0 0.125 0.78125 0.140625 0.78125 0.140625 1.0 0.125 1.0 0.0625 0.84375 0.078125 0.84375 0.078125 1.0 0.0625 1.0 0.03125 0.78125 0.03125 0.9375 0.015625 0.9375 0.015625 0.78125 0.21875 0.90625 0.21875 1.0 0.203125 1.0 0.203125 0.90625 0.0 0.96875 0.015625 0.96875 0.015625 1.0 0.0 1.0 0.03125 0.96875 0.046875 0.96875 0.046875 1.0 0.03125 1.0 0.125 0.96875 0.140625 0.96875 0.140625 1.0 0.125 1.0 0.125 0.6875 0.140625 0.6875 0.140625 0.71875 0.125 0.71875 0.125 0.96875 0.140625 0.96875 0.140625 1.0 0.125 1.0 0.03125 0.96875 0.046875 0.96875 0.046875 1.0 0.03125 1.0 0.0 1.0 0.015625 1.0 0.015625 0.96875 0.0 0.96875 0.03125 1.0 0.046875 1.0 0.046875 0.96875 0.03125 0.96875 0.125 1.0 0.140625 1.0 0.140625 0.96875 0.125 0.96875 0.203125 0.84375 0.21875 0.84375 0.21875 0.8125 0.203125 0.8125 0.125 1.0 0.140625 1.0 0.140625 0.96875 0.125 0.96875 0.03125 1.0 0.046875 1.0 0.046875 0.96875 0.03125 0.96875 0.0 1.0 0.09375 1.0 0.09375 0.71875 0.0 0.71875 0.125 1.0 0.140625 1.0 0.140625 0.78125 0.125 0.78125 0.0625 1.0 0.078125 1.0 0.078125 0.84375 0.0625 0.84375 0.015625 0.78125 0.015625 0.9375 0.03125 0.9375 0.03125 0.78125 0.203125 0.90625 0.203125 1.0 0.21875 1.0 0.21875 0.90625 0.25 1.0 0.34375 1.0 0.34375 0.78125 0.25 0.78125 0.125 0.875 0.125 1.0 0.140625 1.0 0.140625 0.875 0.125 0.8125 0.125 1.0 0.140625 1.0 0.140625 0.8125 0.015625 0.875 0.015625 1.0 0.03125 1.0 0.03125 0.875 0.125 0.875 0.125 1.0 0.140625 1.0 0.140625 0.875 0.0 1.0 0.015625 1.0 0.015625 0.96875 0.0 0.96875 0.0 1.0 0.015625 1.0 0.015625 0.96875 0.0 0.96875 0.0 1.0 0.015625 1.0 0.015625 0.96875 0.0 0.96875 0.0 1.0 0.015625 1.0 0.015625 0.96875 0.0 0.96875 0.125 1.0 0.140625 1.0 0.140625 0.96875 0.125 0.96875 0.125 1.0 0.140625 1.0 0.140625 0.96875 0.125 0.96875 0.03125 0.96875 0.046875 0.96875 0.046875 1.0 0.03125 1.0 0.03125 0.96875 0.046875 0.96875 0.046875 1.0 0.03125 1.0 0.0625 0.875 0.0625 1.0 0.046875 1.0 0.046875 0.875 0.046875 0.40625 0.046875 0.59375 0.0 0.59375 0.0 0.40625 0.03125 0.96875 0.046875 0.96875 0.046875 1.0 0.03125 1.0 0.03125 0.96875 0.046875 0.96875 0.046875 1.0 0.03125 1.0 0.0 0.96875 0.015625 0.96875 0.015625 1.0 0.0 1.0 0.0 0.96875 0.015625 0.96875 0.015625 1.0 0.0 1.0 0.15625 0.40625 0.15625 0.59375 0.078125 0.59375 0.078125 0.40625 0.21875 0.46875 0.21875 0.59375 0.203125 0.59375 0.203125 0.46875 0.0625 0.875 0.0625 1.0 0.046875 1.0 0.046875 0.875 0.25 0.4375 0.3125 0.4375 0.3125 0.59375 0.25 0.59375 0.25 0.46875 0.265625 0.46875 0.265625 0.5625 0.25 0.5625 0.25 0.46875 0.265625 0.46875 0.265625 0.5625 0.25 0.5625 0.015625 0.40625 0.015625 0.59375 0.0 0.59375 0.0 0.40625 0.140625 0.875 0.140625 1.0 0.125 1.0 0.125 0.875 0.0 0.96875 0.015625 0.96875 0.015625 1.0 0.0 1.0 0.0 0.96875 0.015625 0.96875 0.015625 1.0 0.0 1.0 0.03125 0.96875 0.046875 0.96875 0.046875 1.0 0.03125 1.0 0.03125 0.96875 0.046875 0.96875 0.046875 1.0 0.03125 1.0 0.125 0.96875 0.140625 0.96875 0.140625 1.0 0.125 1.0 0.125 0.96875 0.140625 0.96875 0.140625 1.0 0.125 1.0 0.21875 0.46875 0.21875 0.59375 0.203125 0.59375 0.203125 0.46875 0.03125 0.96875 0.046875 0.96875 0.046875 1.0 0.03125 1.0 0.03125 0.96875 0.046875 0.96875 0.046875 1.0 0.03125 1.0 0.125 0.8125 0.125 1.0 0.140625 1.0 0.140625 0.8125 0.125 1.0 0.140625 1.0 0.140625 0.96875 0.125 0.96875 0.125 1.0 0.140625 1.0 0.140625 0.96875 0.125 0.96875 0.03125 1.0 0.046875 1.0 0.046875 0.96875 0.03125 0.96875 0.03125 1.0 0.046875 1.0 0.046875 0.96875 0.03125 0.96875 0.40625 0.8125 0.40625 1.0 0.484375 1.0 0.484375 0.8125 0.125 0.875 0.125 1.0 0.140625 1.0 0.140625 0.875 0.046875 0.875 0.046875 1.0 0.0625 1.0 0.0625 0.875 </float_array>
          <technique_common>
            <accessor count="264" source="#Body-UV-array" stride="2">
              <param name="S" type="float"/>
              <param name="T" type="float"/>
            </accessor>
          </technique_common>
        </source>
        <source id="Body-Normal">
          <float_array count="18" id="Body-Normal-array">-1.0 0.0 0.0 1.0 0.0 0.0 0.0 -1.0 0.0 0.0 1.0 0.0 0.0 0.0 -1.0 0.0 0.0 1.0</float_array>
          <technique_common>
            <accessor count="6" source="#Body-Normal-array" stride="3">
              <param name="X" type="float"/>
              <param name="Y" type="float"/>
              <param name="Z" type="float"/>
            </accessor>
          </technique_common>
        </source>
        <vertices id="Body-Vertices">
          <input semantic="POSITION" source="#Body-Pos"/>
        </vertices>
        <polylist count="66" material="Body-Material">
          <input offset="0" semantic="VERTEX" source="#Body-Vertices"/>
          <input offset="1" semantic="TEXCOORD" set="0" source="#Body-UV"/>
          <input offset="2" semantic="NORMAL" source="#Body-Normal"/>
          <vcount>4 4 4 4 4 4 4 4 4 4 4 4 4 4 4 4 4 4 4 4 4 4 4 4 4 4 4 4 4 4 4 4 4 4 4 4 4 4 4 4 4 4 4 4 4 4 4 4 4 4 4 4 4 4 4 4 4 4 4 4 4 4 4 4 4 4 </vcount>
          <p>0 0 0 1 1 0 2 2 0 3 3 0 4 4 0 5 5 0 6 6 0 7 7 0 8 8 0 9 9 0 10 10 0 11 11 0 12 12 0 13 13 0 14 14 0 15 15 0 16 16 0 17 17 0 18 18 0 19 19 0 20 20 0 21 21 0 22 22 0 23 23 0 24 24 0 25 25 0 26 26 0 27 27 0 28 28 0 29 29 0 30 30 0 31 31 0 32 32 0 33 33 0 34 34 0 35 35 0 36 36 0 37 37 0 38 38 0 39 39 0 40 40 0 41 41 0 42 42 0 43 43 0 44 44 1 45 45 1 46 46 1 47 47 1 48 48 1 49 49 1 50 50 1 51 51 1 52 52 1 53 53 1 54 54 1 55 55 1 56 56 1 57 57 1 58 58 1 59 59 1 60 60 1 61 61 1 62 62 1 63 63 1 64 64 1 65 65 1 66 66 1 67 67 1 68 68 1 69 69 1 70 70 1 71 71 1 72 72 1 73 73 1 74 74 1 75 75 1 76 76 1 77 77 1 78 78 1 79 79 1 80 80 1 81 81 1 82 82 1 83 83 1 84 84 1 85 85 1 86 86 1 87 87 1 88 88 2 89 89 2 90 90 2 91 91 2 92 92 2 93 93 2 94 94 2 95 95 2 96 96 2 97 97 2 98 98 2 99 99 2 100 100 2 101 101 2 102 102 2 103 103 2 104 104 2 105 105 2 106 106 2 107 107 2 108 108 2 109 109 2 110 110 2 111 111 2 112 112 2 113 113 2 114 114 2 115 115 2 116 116 2 117 117 2 118 118 2 119 119 2 120 120 2 121 121 2 122 122 2 123 123 2 124 124 2 125 125 2 126 126 2 127 127 2 128 128 2 129 129 2 130 130 2 131 131 2 132 132 3 133 133 3 134 134 3 135 135 3 136 136 3 137 137 3 138 138 3 139 139 3 140 140 3 141 141 3 142 142 3 143 143 3 144 144 3 145 145 3 146 146 3 147 147 3 148 148 3 149 149 3 150 150 3 151 151 3 152 152 3 153 153 3 154 154 3 155 155 3 156 156 3 157 157 3 158 158 3 159 159 3 160 160 3 161 161 3 162 162 3 163 163 3 164 164 3 165 165 3 166 166 3 167 167 3 168 168 3 169 169 3 170 170 3 171 171 3 172 172 3 173 173 3 174 174 3 175 175 3 176 176 4 177 177 4 178 178 4 179 179 4 180 180 4 181 181 4 182 182 4 183 183 4 184 184 4 185 185 4 186 186 4 187 187 4 188 188 4 189 189 4 190 190 4 191 191 4 192 192 4 193 193 4 194 194 4 195 195 4 196 196 4 197 197 4 198 198 4 199 199 4 200 200 4 201 201 4 202 202 4 203 203 4 204 204 4 205 205 4 206 206 4 207 207 4 208 208 4 209 209 4 210 210 4 211 211 4 212 212 4 213 213 4 214 214 4 215 215 4 216 216 4 217 217 4 218 218 4 219 219 4 220 220 4 221 221 4 222 222 4 223 223 4 224 224 4 225 225 4 226 226 4 227 227 4 228 228 4 229 229 4 230 230 4 231 231 4 232 232 5 233 233 5 234 234 5 235 235 5 236 236 5 237 237 5 238 238 5 239 239 5 240 240 5 241 241 5 242 242 5 243 243 5 244 244 5 245 245 5 246 246 5 247 247 5 248 248 5 249 249 5 250 250 5 251 251 5 252 252 5 253 253 5 254 254 5 255 255 5 256 256 5 257 257 5 258 258 5 259 259 5 260 260 5 261 261 5 262 262 5 263 263 5 </p>
        </polylist>
      </mesh>
    </geometry>
    <geometry id="Neck-Geom" name="Neck-Geom">
      <mesh>
        <source id="Neck-Pos">
          <float_array count="216" id="Neck-Pos-array">-2.0 -3.0 3.0 -2.0 2.0000002 3.0 -2.0 2.0000002 -1.9999999 -2.0 -3.0 -1.9999999 -2.0 -3.0 -1.9999999 -2.0 0.0 -1.9999999 -2.0 0.0 -3.0 -2.0 -3.0 -3.0 -1.0 2.0000002 2.0000002 -1.0 3.0 2.0000002 -1.0 3.0 -0.99999994 -1.0 2.0000002 -0.99999994 0.99999994 2.0000002 -0.99999994 0.99999994 3.0 -0.99999994 0.99999994 3.0 2.0000002 0.99999994 2.0000002 2.0000002 2.0 -3.0 -1.9999999 2.0 2.0000002 -1.9999999 2.0 2.0000002 3.0 2.0 -3.0 3.0 2.0 -3.0 -3.0 2.0 0.0 -3.0 2.0 0.0 -1.9999999 2.0 -3.0 -1.9999999 -2.0 -3.0 -3.0 2.0 -3.0 -3.0 2.0 -3.0 3.0 -2.0 -3.0 3.0 -2.0 0.0 -1.9999999 2.0 0.0 -1.9999999 2.0 0.0 -3.0 -2.0 0.0 -3.0 0.99999994 2.0000002 3.0 2.0 2.0000002 3.0 2.0 2.0000002 -1.9999999 0.99999994 2.0000002 -1.9999999 -2.0 2.0000002 3.0 -1.0 2.0000002 3.0 -1.0 2.0000002 -0.99999994 -2.0 2.0000002 -0.99999994 -2.0 2.0000002 -0.99999994 0.99999994 2.0000002 -0.99999994 0.99999994 2.0000002 -1.9999999 -2.0 2.0000002 -1.9999999 -1.0 2.0000002 3.0 0.99999994 2.0000002 3.0 0.99999994 2.0000002 2.0000002 -1.0 2.0000002 2.0000002 -1.0 3.0 2.0000002 0.99999994 3.0 2.0000002 0.99999994 3.0 -0.99999994 -1.0 3.0 -0.99999994 -2.0 0.0 -3.0 2.0 0.0 -3.0 2.0 -3.0 -3.0 -2.0 -3.0 -3.0 -2.0 2.0000002 -1.9999999 2.0 2.0000002 -1.9999999 2.0 0.0 -1.9999999 -2.0 0.0 -1.9999999 -1.0 3.0 -0.99999994 0.99999994 3.0 -0.99999994 0.99999994 2.0000002 -0.99999994 -1.0 2.0000002 -0.99999994 -1.0 2.0000002 2.0000002 0.99999994 2.0000002 2.0000002 0.99999994 3.0 2.0000002 -1.0 3.0 2.0000002 -2.0 -3.0 3.0 2.0 -3.0 3.0 2.0 2.0000002 3.0 -2.0 2.0000002 3.0 </float_array>
          <technique_common>
            <accessor count="72" source="#Neck-Pos-array" stride="3">
              <param name="X" type="float"/>
              <param name="Y" type="float"/>
              <param name="Z" type="float"/>
            </accessor>
          </technique_common>
        </source>
        <source id="Neck-UV">
          <float_array count="144" id="Neck-UV-array">0.0 0.6875 0.15625 0.6875 0.15625 1.0 0.0 1.0 0.03125 0.8125 0.03125 1.0 0.0 1.0 0.0 0.8125 0.25 0.8125 0.28125 0.8125 0.28125 1.0 0.25 1.0 0.09375 1.0 0.125 1.0 0.125 0.8125 0.09375 0.8125 0.0 1.0 0.15625 1.0 0.15625 0.6875 0.0 0.6875 0.0 0.8125 0.0 1.0 0.03125 1.0 0.03125 0.8125 0.0 0.5 0.125 0.5 0.125 0.125 0.0 0.125 0.375 0.75 0.375 1.0 0.34375 1.0 0.34375 0.75 0.09375 0.6875 0.125 0.6875 0.125 1.0 0.09375 1.0 0.09375 0.75 0.125 0.75 0.125 1.0 0.09375 1.0 0.125 0.8125 0.125 1.0 0.09375 1.0 0.09375 0.8125 0.125 0.875 0.125 1.0 0.09375 1.0 0.09375 0.875 0.09375 0.8125 0.15625 0.8125 0.15625 1.0 0.09375 1.0 0.34375 0.25 0.34375 0.5 0.25 0.5 0.25 0.25 0.15625 0.75 0.15625 1.0 0.09375 1.0 0.09375 0.75 0.125 0.875 0.125 1.0 0.09375 1.0 0.09375 0.875 0.09375 0.875 0.09375 1.0 0.125 1.0 0.125 0.875 0.5 1.0 0.625 1.0 0.625 0.6875 0.5 0.6875 </float_array>
          <technique_common>
            <accessor count="72" source="#Neck-UV-array" stride="2">
              <param name="S" type="float"/>
              <param name="T" type="float"/>
            </accessor>
          </technique_common>
        </source>
        <source id="Neck-Normal">
          <float_array count="18" id="Neck-Normal-array">-1.0 0.0 0.0 1.0 0.0 0.0 0.0 -1.0 0.0 0.0 1.0 0.0 0.0 0.0 -1.0 0.0 0.0 1.0</float_array>
          <technique_common>
            <accessor count="6" source="#Neck-Normal-array" stride="3">
              <param name="X" type="float"/>
              <param name="Y" type="float"/>
              <param name="Z" type="float"/>
            </accessor>
          </technique_common>
        </source>
        <vertices id="Neck-Vertices">
          <input semantic="POSITION" source="#Neck-Pos"/>
        </vertices>
        <polylist count="18" material="Neck-Material">
          <input offset="0" semantic="VERTEX" source="#Neck-Vertices"/>
          <input offset="1" semantic="TEXCOORD" set="0" source="#Neck-UV"/>
          <input offset="2" semantic="NORMAL" source="#Neck-Normal"/>
          <vcount>4 4 4 4 4 4 4 4 4 4 4 4 4 4 4 4 4 4 </vcount>
          <p>0 0 0 1 1 0 2 2 0 3 3 0 4 4 0 5 5 0 6 6 0 7 7 0 8 8 0 9 9 0 10 10 0 11 11 0 12 12 1 13 13 1 14 14 1 15 15 1 16 16 1 17 17 1 18 18 1 19 19 1 20 20 1 21 21 1 22 22 1 23 23 1 24 24 2 25 25 2 26 26 2 27 27 2 28 28 3 29 29 3 30 30 3 31 31 3 32 32 3 33 33 3 34 34 3 35 35 3 36 36 3 37 37 3 38 38 3 39 39 3 40 40 3 41 41 3 42 42 3 43 43 3 44 44 3 45 45 3 46 46 3 47 47 3 48 48 3 49 49 3 50 50 3 51 51 3 52 52 4 53 53 4 54 54 4 55 55 4 56 56 4 57 57 4 58 58 4 59 59 4 60 60 4 61 61 4 62 62 4 63 63 4 64 64 5 65 65 5 66 66 5 67 67 5 68 68 5 69 69 5 70 70 5 71 71 5 </p>
        </polylist>
      </mesh>
    </geometry>
    <geometry id="Head-Geom" name="Head-Geom">
      <mesh>
        <source id="Head-Pos">
          <float_array count="456" id="Head-Pos-array">-2.0 -2.5 1.0 -2.0 2.5 1.0 -2.0 2.5 -3.0 -2.0 -2.5 -3.0 -2.0 -1.5 2.0 -2.0 2.5 2.0 -2.0 2.5 1.0 -2.0 -1.5 1.0 -2.0 -2.5 -3.0 -2.0 0.5 -3.0 -2.0 0.5 -4.0 -2.0 -2.5 -4.0 -1.0 -1.5 4.0 -1.0 1.5 4.0 -1.0 1.5 2.0 -1.0 -1.5 2.0 -1.0 0.5 -3.0 -1.0 1.5 -3.0 -1.0 1.5 -4.0 -1.0 0.5 -4.0 -1.0 -2.5 2.0 -1.0 -1.5 2.0 -1.0 -1.5 1.0 -1.0 -2.5 1.0 -1.0 -2.5 4.0 -1.0 -1.5 4.0 -1.0 -1.5 3.0 -1.0 -2.5 3.0 1.0 -1.5 2.0 1.0 1.5 2.0 1.0 1.5 4.0 1.0 -1.5 4.0 1.0 0.5 -4.0 1.0 1.5 -4.0 1.0 1.5 -3.0 1.0 0.5 -3.0 1.0 -2.5 1.0 1.0 -1.5 1.0 1.0 -1.5 2.0 1.0 -2.5 2.0 1.0 -2.5 3.0 1.0 -1.5 3.0 1.0 -1.5 4.0 1.0 -2.5 4.0 2.0 -2.5 -3.0 2.0 2.5 -3.0 2.0 2.5 1.0 2.0 -2.5 1.0 2.0 -1.5 1.0 2.0 2.5 1.0 2.0 2.5 2.0 2.0 -1.5 2.0 2.0 -2.5 -4.0 2.0 0.5 -4.0 2.0 0.5 -3.0 2.0 -2.5 -3.0 -2.0 -2.5 -4.0 2.0 -2.5 -4.0 2.0 -2.5 1.0 -2.0 -2.5 1.0 -1.0 -2.5 1.0 1.0 -2.5 1.0 1.0 -2.5 2.0 -1.0 -2.5 2.0 -1.0 -2.5 3.0 1.0 -2.5 3.0 1.0 -2.5 4.0 -1.0 -2.5 4.0 -1.0 -1.5 2.0 1.0 -1.5 2.0 1.0 -1.5 3.0 -1.0 -1.5 3.0 -2.0 -1.5 1.0 -1.0 -1.5 1.0 -1.0 -1.5 2.0 -2.0 -1.5 2.0 1.0 -1.5 1.0 2.0 -1.5 1.0 2.0 -1.5 2.0 1.0 -1.5 2.0 -2.0 0.5 -3.0 -1.0 0.5 -3.0 -1.0 0.5 -4.0 -2.0 0.5 -4.0 1.0 0.5 -3.0 2.0 0.5 -3.0 2.0 0.5 -4.0 1.0 0.5 -4.0 -1.0 1.5 4.0 1.0 1.5 4.0 1.0 1.5 2.0 -1.0 1.5 2.0 -1.0 1.5 -3.0 1.0 1.5 -3.0 1.0 1.5 -4.0 -1.0 1.5 -4.0 -2.0 2.5 2.0 2.0 2.5 2.0 2.0 2.5 -3.0 -2.0 2.5 -3.0 -2.0 0.5 -4.0 2.0 0.5 -4.0 2.0 -2.5 -4.0 -2.0 -2.5 -4.0 -1.0 1.5 -4.0 1.0 1.5 -4.0 1.0 0.5 -4.0 -1.0 0.5 -4.0 -2.0 2.5 -3.0 2.0 2.5 -3.0 2.0 1.5 -3.0 -2.0 1.5 -3.0 -2.0 1.5 -3.0 -1.0 1.5 -3.0 -1.0 0.5 -3.0 -2.0 0.5 -3.0 1.0 1.5 -3.0 2.0 1.5 -3.0 2.0 0.5 -3.0 1.0 0.5 -3.0 -1.0 -1.5 3.0 1.0 -1.5 3.0 1.0 -2.5 3.0 -1.0 -2.5 3.0 -2.0 -2.5 1.0 -1.0 -2.5 1.0 -1.0 -1.5 1.0 -2.0 -1.5 1.0 1.0 -2.5 1.0 2.0 -2.5 1.0 2.0 -1.5 1.0 1.0 -1.5 1.0 -2.0 -1.5 2.0 -1.0 -1.5 2.0 -1.0 2.5 2.0 -2.0 2.5 2.0 1.0 -1.5 2.0 2.0 -1.5 2.0 2.0 2.5 2.0 1.0 2.5 2.0 -1.0 -2.5 2.0 1.0 -2.5 2.0 1.0 -1.5 2.0 -1.0 -1.5 2.0 -1.0 1.5 2.0 1.0 1.5 2.0 1.0 2.5 2.0 -1.0 2.5 2.0 -1.0 -2.5 4.0 1.0 -2.5 4.0 1.0 1.5 4.0 -1.0 1.5 4.0 </float_array>
          <technique_common>
            <accessor count="152" source="#Head-Pos-array" stride="3">
              <param name="X" type="float"/>
              <param name="Y" type="float"/>
              <param name="Z" type="float"/>
            </accessor>
          </technique_common>
        </source>
        <source id="Head-UV">
          <float_array count="304" id="Head-UV-array">0.125 0.84375 0.125 1.0 0.0 1.0 0.0 0.84375 0.21875 0.875 0.21875 1.0 0.1875 1.0 0.1875 0.875 0.03125 0.90625 0.03125 1.0 0.0 1.0 0.0 0.90625 0.375 0.90625 0.375 1.0 0.3125 1.0 0.3125 0.90625 0.0 0.96875 0.03125 0.96875 0.03125 1.0 0.0 1.0 0.0 0.75 0.03125 0.75 0.03125 0.78125 0.0 0.78125 0.3125 0.96875 0.34375 0.96875 0.34375 1.0 0.3125 1.0 0.3125 0.90625 0.3125 1.0 0.375 1.0 0.375 0.90625 0.0 1.0 0.03125 1.0 0.03125 0.96875 0.0 0.96875 0.09375 0.78125 0.125 0.78125 0.125 0.75 0.09375 0.75 0.3125 1.0 0.34375 1.0 0.34375 0.96875 0.3125 0.96875 0.0 0.84375 0.0 1.0 0.125 1.0 0.125 0.84375 0.1875 0.875 0.1875 1.0 0.21875 1.0 0.21875 0.875 0.0 0.90625 0.0 1.0 0.03125 1.0 0.03125 0.90625 0.4375 1.0 0.5625 1.0 0.5625 0.84375 0.4375 0.84375 0.1875 0.75 0.1875 0.8125 0.21875 0.8125 0.21875 0.75 0.3125 0.9375 0.3125 1.0 0.34375 1.0 0.34375 0.9375 0.3125 0.78125 0.3125 0.84375 0.34375 0.84375 0.34375 0.78125 0.03125 0.96875 0.0625 0.96875 0.0625 0.9375 0.03125 0.9375 0.03125 0.96875 0.0625 0.96875 0.0625 0.9375 0.03125 0.9375 0.0 0.96875 0.03125 0.96875 0.03125 1.0 0.0 1.0 0.0 0.96875 0.03125 0.96875 0.03125 1.0 0.0 1.0 0.0 0.625 0.0625 0.625 0.0625 0.6875 0.0 0.6875 0.03125 0.9375 0.03125 1.0 0.0 1.0 0.0 0.9375 0.3125 0.53125 0.4375 0.53125 0.4375 0.6875 0.3125 0.6875 0.09375 0.4375 0.09375 0.5625 0.0 0.5625 0.0 0.4375 0.03125 0.9375 0.03125 1.0 0.0 1.0 0.0 0.9375 0.03125 0.875 0.03125 1.0 0.0 1.0 0.0 0.875 0.0 0.96875 0.03125 0.96875 0.03125 1.0 0.0 1.0 0.0 0.96875 0.03125 0.96875 0.03125 1.0 0.0 1.0 0.34375 0.9375 0.34375 1.0 0.3125 1.0 0.3125 0.9375 0.4375 0.9375 0.46875 0.9375 0.46875 0.90625 0.4375 0.90625 0.4375 0.9375 0.46875 0.9375 0.46875 0.90625 0.4375 0.90625 0.15625 0.5625 0.1875 0.5625 0.1875 0.4375 0.15625 0.4375 0.15625 0.5625 0.1875 0.5625 0.1875 0.4375 0.15625 0.4375 0.3125 0.78125 0.3125 0.84375 0.34375 0.84375 0.34375 0.78125 0.34375 0.53125 0.34375 0.59375 0.375 0.59375 0.375 0.53125 0.5 0.6875 0.5625 0.6875 0.5625 0.5625 0.5 0.5625 </float_array>
          <technique_common>
            <accessor count="152" source="#Head-UV-array" stride="2">
              <param name="S" type="float"/>
              <param name="T" type="float"/>
            </accessor>
          </technique_common>
        </source>
        <source id="Head-Normal">
          <float_array count="18" id="Head-Normal-array">-1.0 0.0 0.0 1.0 0.0 0.0 0.0 -1.0 0.0 0.0 1.0 0.0 0.0 0.0 -1.0 0.0 0.0 1.0</float_array>
          <technique_common>
            <accessor count="6" source="#Head-Normal-array" stride="3">
              <param name="X" type="float"/>
              <param name="Y" type="float"/>
              <param name="Z" type="float"/>
            </accessor>
          </technique_common>
        </source>
        <vertices id="Head-Vertices">
          <input semantic="POSITION" source="#Head-Pos"/>
        </vertices>
        <polylist count="38" material="Head-Material">
          <input offset="0" semantic="VERTEX" source="#Head-Vertices"/>
          <input offset="1" semantic="TEXCOORD" set="0" source="#Head-UV"/>
          <input offset="2" semantic="NORMAL" source="#Head-Normal"/>
          <vcount>4 4 4 4 4 4 4 4 4 4 4 4 4 4 4 4 4 4 4 4 4 4 4 4 4 4 4 4 4 4 4 4 4 4 4 4 4 4 </vcount>
          <p>0 0 0 1 1 0 2 2 0 3 3 0 4 4 0 5 5 0 6 6 0 7 7 0 8 8 0 9 9 0 10 10 0 11 11 0 12 12 0 13 13 0 14 14 0 15 15 0 16 16 0 17 17 0 18 18 0 19 19 0 20 20 0 21 21 0 22 22 0 23 23 0 24 24 0 25 25 0 26 26 0 27 27 0 28 28 1 29 29 1 30 30 1 31 31 1 32 32 1 33 33 1 34 34 1 35 35 1 36 36 1 37 37 1 38 38 1 39 39 1 40 40 1 41 41 1 42 42 1 43 43 1 44 44 1 45 45 1 46 46 1 47 47 1 48 48 1 49 49 1 50 50 1 51 51 1 52 52 1 53 53 1 54 54 1 55 55 1 56 56 2 57 57 2 58 58 2 59 59 2 60 60 2 61 61 2 62 62 2 63 63 2 64 64 2 65 65 2 66 66 2 67 67 2 68 68 2 69 69 2 70 70 2 71 71 2 72 72 2 73 73 2 74 74 2 75 75 2 76 76 2 77 77 2 78 78 2 79 79 2 80 80 3 81 81 3 82 82 3 83 83 3 84 84 3 85 85 3 86 86 3 87 87 3 88 88 3 89 89 3 90 90 3 91 91 3 92 92 3 93 93 3 94 94 3 95 95 3 96 96 3 97 97 3 98 98 3 99 99 3 100 100 4 101 101 4 102 102 4 103 103 4 104 104 4 105 105 4 106 106 4 107 107 4 108 108 4 109 109 4 110 110 4 111 111 4 112 112 4 113 113 4 114 114 4 115 115 4 116 116 4 117 117 4 118 118 4 119 119 4 120 120 4 121 121 4 122 122 4 123 123 4 124 124 5 125 125 5 126 126 5 127 127 5 128 128 5 129 129 5 130 130 5 131 131 5 132 132 5 133 133 5 134 134 5 135 135 5 136 136 5 137 137 5 138 138 5 139 139 5 140 140 5 141 141 5 142 142 5 143 143 5 144 144 5 145 145 5 146 146 5 147 147 5 148 148 5 149 149 5 150 150 5 151 151 5 </p>
        </polylist>
      </mesh>
    </geometry>
    <geometry id="Right_Wing1-Geom" name="Right_Wing1-Geom">
      <mesh>
        <source id="Right_Wing1-Pos">
          <float_array count="660" id="Right_Wing1-Pos-array">-4.5 -1.0 4.5 -4.5 1.0 4.5 -4.5 1.0 0.50000024 -4.5 -1.0 0.50000024 -4.5 -1.0 0.50000024 -4.5 0.0 0.50000024 -4.5 0.0 -2.5 -4.5 -1.0 -2.5 -3.5 -1.0 -2.5 -3.5 0.0 -2.5 -3.5 0.0 -3.5 -3.5 -1.0 -3.5 -2.5 0.0 0.50000024 -2.5 1.0 0.50000024 -2.5 1.0 -1.4999999 -2.5 0.0 -1.4999999 -1.4999999 -1.0 -2.5 -1.4999999 0.0 -2.5 -1.4999999 0.0 -3.5 -1.4999999 -1.0 -3.5 0.50000024 -1.0 -2.5 0.50000024 0.0 -2.5 0.50000024 0.0 -4.5 0.50000024 -1.0 -4.5 2.5 -1.0 -3.5 2.5 0.0 -3.5 2.5 0.0 -4.5 2.5 -1.0 -4.5 2.5 0.0 -0.49999997 2.5 1.0 -0.49999997 2.5 1.0 -1.4999999 2.5 0.0 -1.4999999 -2.5 -1.0 -3.5 -2.5 0.0 -3.5 -2.5 0.0 -2.5 -2.5 -1.0 -2.5 -0.49999997 -1.0 -3.5 -0.49999997 0.0 -3.5 -0.49999997 0.0 -2.5 -0.49999997 -1.0 -2.5 1.5000002 -1.0 -4.5 1.5000002 0.0 -4.5 1.5000002 0.0 -3.5 1.5000002 -1.0 -3.5 1.5000002 0.0 -1.4999999 1.5000002 1.0 -1.4999999 1.5000002 1.0 -0.49999997 1.5000002 0.0 -0.49999997 1.5000002 0.0 3.5 1.5000002 1.0 3.5 1.5000002 1.0 4.5 1.5000002 0.0 4.5 2.5 -1.0 3.5 2.5 0.0 3.5 2.5 0.0 4.5 2.5 -1.0 4.5 3.5 -1.0 -4.5 3.5 0.0 -4.5 3.5 0.0 -3.5 3.5 -1.0 -3.5 4.5 -1.0 -1.4999999 4.5 1.0 -1.4999999 4.5 1.0 3.5 4.5 -1.0 3.5 4.5 -1.0 -3.5 4.5 0.0 -3.5 4.5 0.0 -1.4999999 4.5 -1.0 -1.4999999 -4.5 -1.0 -2.5 4.5 -1.0 -2.5 4.5 -1.0 3.5 -4.5 -1.0 3.5 -4.5 -1.0 3.5 2.5 -1.0 3.5 2.5 -1.0 4.5 -4.5 -1.0 4.5 0.50000024 -1.0 -3.5 4.5 -1.0 -3.5 4.5 -1.0 -2.5 0.50000024 -1.0 -2.5 0.50000024 -1.0 -4.5 1.5000002 -1.0 -4.5 1.5000002 -1.0 -3.5 0.50000024 -1.0 -3.5 2.5 -1.0 -4.5 3.5 -1.0 -4.5 3.5 -1.0 -3.5 2.5 -1.0 -3.5 -3.5 -1.0 -3.5 -2.5 -1.0 -3.5 -2.5 -1.0 -2.5 -3.5 -1.0 -2.5 -1.4999999 -1.0 -3.5 -0.49999997 -1.0 -3.5 -0.49999997 -1.0 -2.5 -1.4999999 -1.0 -2.5 -4.5 0.0 -1.4999999 4.5 0.0 -1.4999999 4.5 0.0 -2.5 -4.5 0.0 -2.5 0.50000024 0.0 -2.5 4.5 0.0 -2.5 4.5 0.0 -3.5 0.50000024 0.0 -3.5 -4.5 0.0 0.50000024 -2.5 0.0 0.50000024 -2.5 0.0 -1.4999999 -4.5 0.0 -1.4999999 0.50000024 0.0 -3.5 1.5000002 0.0 -3.5 1.5000002 0.0 -4.5 0.50000024 0.0 -4.5 2.5 0.0 -3.5 3.5 0.0 -3.5 3.5 0.0 -4.5 2.5 0.0 -4.5 -3.5 0.0 -2.5 -2.5 0.0 -2.5 -2.5 0.0 -3.5 -3.5 0.0 -3.5 -1.4999999 0.0 -2.5 -0.49999997 0.0 -2.5 -0.49999997 0.0 -3.5 -1.4999999 0.0 -3.5 1.5000002 0.0 -0.49999997 2.5 0.0 -0.49999997 2.5 0.0 -1.4999999 1.5000002 0.0 -1.4999999 1.5000002 0.0 4.5 2.5 0.0 4.5 2.5 0.0 3.5 1.5000002 0.0 3.5 -2.5 1.0 3.5 4.5 1.0 3.5 4.5 1.0 -0.49999997 -2.5 1.0 -0.49999997 -4.5 1.0 4.5 -2.5 1.0 4.5 -2.5 1.0 0.50000024 -4.5 1.0 0.50000024 -2.5 1.0 -0.49999997 1.5000002 1.0 -0.49999997 1.5000002 1.0 -1.4999999 -2.5 1.0 -1.4999999 -2.5 1.0 4.5 1.5000002 1.0 4.5 1.5000002 1.0 3.5 -2.5 1.0 3.5 2.5 1.0 -0.49999997 4.5 1.0 -0.49999997 4.5 1.0 -1.4999999 2.5 1.0 -1.4999999 0.50000024 0.0 -4.5 1.5000002 0.0 -4.5 1.5000002 -1.0 -4.5 0.50000024 -1.0 -4.5 2.5 0.0 -4.5 3.5 0.0 -4.5 3.5 -1.0 -4.5 2.5 -1.0 -4.5 -3.5 0.0 -3.5 -2.5 0.0 -3.5 -2.5 -1.0 -3.5 -3.5 -1.0 -3.5 -1.4999999 0.0 -3.5 -0.49999997 0.0 -3.5 -0.49999997 -1.0 -3.5 -1.4999999 -1.0 -3.5 1.5000002 0.0 -3.5 2.5 0.0 -3.5 2.5 -1.0 -3.5 1.5000002 -1.0 -3.5 3.5 0.0 -3.5 4.5 0.0 -3.5 4.5 -1.0 -3.5 3.5 -1.0 -3.5 -4.5 0.0 -2.5 -3.5 0.0 -2.5 -3.5 -1.0 -2.5 -4.5 -1.0 -2.5 -2.5 0.0 -2.5 -1.4999999 0.0 -2.5 -1.4999999 -1.0 -2.5 -2.5 -1.0 -2.5 -0.49999997 0.0 -2.5 0.50000024 0.0 -2.5 0.50000024 -1.0 -2.5 -0.49999997 -1.0 -2.5 -2.5 1.0 -1.4999999 1.5000002 1.0 -1.4999999 1.5000002 0.0 -1.4999999 -2.5 0.0 -1.4999999 2.5 1.0 -1.4999999 4.5 1.0 -1.4999999 4.5 0.0 -1.4999999 2.5 0.0 -1.4999999 1.5000002 1.0 -0.49999997 2.5 1.0 -0.49999997 2.5 0.0 -0.49999997 1.5000002 0.0 -0.49999997 -4.5 1.0 0.50000024 -2.5 1.0 0.50000024 -2.5 0.0 0.50000024 -4.5 0.0 0.50000024 2.5 -1.0 3.5 4.5 -1.0 3.5 4.5 1.0 3.5 2.5 1.0 3.5 1.5000002 0.0 3.5 2.5 0.0 3.5 2.5 1.0 3.5 1.5000002 1.0 3.5 -4.5 -1.0 4.5 2.5 -1.0 4.5 2.5 0.0 4.5 -4.5 0.0 4.5 -4.5 0.0 4.5 1.5000002 0.0 4.5 1.5000002 1.0 4.5 -4.5 1.0 4.5 </float_array>
          <technique_common>
            <accessor count="220" source="#Right_Wing1-Pos-array" stride="3">
              <param name="X" type="float"/>
              <param name="Y" type="float"/>
              <param name="Z" type="float"/>
            </accessor>
          </technique_common>
        </source>
        <source id="Right_Wing1-UV">
          <float_array count="440" id="Right_Wing1-UV-array">0.0 0.875 0.03125 0.875 0.03125 1.0 0.0 1.0 0.0 0.71875 0.015625 0.71875 0.015625 0.8125 0.0 0.8125 0.0625 0.96875 0.078125 0.96875 0.078125 1.0 0.0625 1.0 0.0625 0.84375 0.078125 0.84375 0.078125 0.90625 0.0625 0.90625 0.0625 0.96875 0.078125 0.96875 0.078125 1.0 0.0625 1.0 0.109375 0.84375 0.125 0.84375 0.125 0.90625 0.109375 0.90625 0.0625 0.96875 0.078125 0.96875 0.078125 1.0 0.0625 1.0 0.109375 0.96875 0.125 0.96875 0.125 1.0 0.109375 1.0 0.0625 1.0 0.078125 1.0 0.078125 0.96875 0.0625 0.96875 0.0625 1.0 0.078125 1.0 0.078125 0.96875 0.0625 0.96875 0.0625 1.0 0.078125 1.0 0.078125 0.96875 0.0625 0.96875 0.109375 1.0 0.125 1.0 0.125 0.96875 0.109375 0.96875 0.0625 0.78125 0.078125 0.78125 0.078125 0.75 0.0625 0.75 0.109375 0.78125 0.125 0.78125 0.125 0.75 0.109375 0.75 0.0625 1.0 0.078125 1.0 0.078125 0.96875 0.0625 0.96875 0.171875 1.0 0.203125 1.0 0.203125 0.84375 0.171875 0.84375 0.171875 0.78125 0.1875 0.78125 0.1875 0.71875 0.171875 0.71875 0.0 0.375 0.0 0.65625 0.09375 0.65625 0.09375 0.375 0.234375 0.78125 0.234375 1.0 0.25 1.0 0.25 0.78125 0.28125 0.875 0.28125 1.0 0.296875 1.0 0.296875 0.875 0.0625 1.0 0.078125 1.0 0.078125 0.96875 0.0625 0.96875 0.0625 1.0 0.078125 1.0 0.078125 0.96875 0.0625 0.96875 0.0625 1.0 0.078125 1.0 0.078125 0.96875 0.0625 0.96875 0.0625 1.0 0.078125 1.0 0.078125 0.96875 0.0625 0.96875 0.015625 0.375 0.015625 0.65625 0.0 0.65625 0.0 0.375 0.140625 0.53125 0.140625 0.65625 0.125 0.65625 0.125 0.53125 0.28125 0.75 0.3125 0.75 0.3125 0.8125 0.28125 0.8125 0.0625 0.96875 0.078125 0.96875 0.078125 1.0 0.0625 1.0 0.0625 0.96875 0.078125 0.96875 0.078125 1.0 0.0625 1.0 0.0625 0.96875 0.078125 0.96875 0.078125 1.0 0.0625 1.0 0.0625 0.96875 0.078125 0.96875 0.078125 1.0 0.0625 1.0 0.171875 0.75 0.1875 0.75 0.1875 0.78125 0.171875 0.78125 0.1875 0.875 0.203125 0.875 0.203125 0.90625 0.1875 0.90625 0.234375 0.4375 0.234375 0.65625 0.171875 0.65625 0.171875 0.4375 0.0 0.875 0.03125 0.875 0.03125 1.0 0.0 1.0 0.046875 0.53125 0.046875 0.65625 0.03125 0.65625 0.03125 0.53125 0.28125 0.53125 0.28125 0.65625 0.265625 0.65625 0.265625 0.53125 0.1875 0.9375 0.1875 1.0 0.171875 1.0 0.171875 0.9375 0.0625 0.96875 0.078125 0.96875 0.078125 1.0 0.0625 1.0 0.0625 0.96875 0.078125 0.96875 0.078125 1.0 0.0625 1.0 0.0625 0.96875 0.078125 0.96875 0.078125 1.0 0.0625 1.0 0.0625 0.96875 0.078125 0.96875 0.078125 1.0 0.0625 1.0 0.171875 0.75 0.1875 0.75 0.1875 0.78125 0.171875 0.78125 0.171875 0.75 0.1875 0.75 0.1875 0.78125 0.171875 0.78125 0.0625 0.96875 0.078125 0.96875 0.078125 1.0 0.0625 1.0 0.0625 0.96875 0.078125 0.96875 0.078125 1.0 0.0625 1.0 0.0625 0.96875 0.078125 0.96875 0.078125 1.0 0.0625 1.0 0.046875 0.53125 0.046875 0.65625 0.03125 0.65625 0.03125 0.53125 0.1875 0.9375 0.1875 1.0 0.171875 1.0 0.171875 0.9375 0.171875 0.96875 0.1875 0.96875 0.1875 1.0 0.171875 1.0 0.015625 0.9375 0.015625 1.0 0.0 1.0 0.0 0.9375 0.265625 0.46875 0.296875 0.46875 0.296875 0.40625 0.265625 0.40625 0.1875 0.90625 0.203125 0.90625 0.203125 0.875 0.1875 0.875 0.234375 0.78125 0.234375 1.0 0.25 1.0 0.25 0.78125 0.34375 0.8125 0.34375 1.0 0.359375 1.0 0.359375 0.8125 </float_array>
          <technique_common>
            <accessor count="220" source="#Right_Wing1-UV-array" stride="2">
              <param name="S" type="float"/>
              <param name="T" type="float"/>
            </accessor>
          </technique_common>
        </source>
        <source id="Right_Wing1-Normal">
          <float_array count="18" id="Right_Wing1-Normal-array">-1.0 0.0 0.0 1.0 0.0 0.0 0.0 -1.0 0.0 0.0 1.0 0.0 0.0 0.0 -1.0 0.0 0.0 1.0</float_array>
          <technique_common>
            <accessor count="6" source="#Right_Wing1-Normal-array" stride="3">
              <param name="X" type="float"/>
              <param name="Y" type="float"/>
              <param name="Z" type="float"/>
            </accessor>
          </technique_common>
        </source>
        <vertices id="Right_Wing1-Vertices">
          <input semantic="POSITION" source="#Right_Wing1-Pos"/>
        </vertices>
        <polylist count="55" material="Right_Wing1-Material">
          <input offset="0" semantic="VERTEX" source="#Right_Wing1-Vertices"/>
          <input offset="1" semantic="TEXCOORD" set="0" source="#Right_Wing1-UV"/>
          <input offset="2" semantic="NORMAL" source="#Right_Wing1-Normal"/>
          <vcount>4 4 4 4 4 4 4 4 4 4 4 4 4 4 4 4 4 4 4 4 4 4 4 4 4 4 4 4 4 4 4 4 4 4 4 4 4 4 4 4 4 4 4 4 4 4 4 4 4 4 4 4 4 4 4 </vcount>
          <p>0 0 0 1 1 0 2 2 0 3 3 0 4 4 0 5 5 0 6 6 0 7 7 0 8 8 0 9 9 0 10 10 0 11 11 0 12 12 0 13 13 0 14 14 0 15 15 0 16 16 0 17 17 0 18 18 0 19 19 0 20 20 0 21 21 0 22 22 0 23 23 0 24 24 0 25 25 0 26 26 0 27 27 0 28 28 0 29 29 0 30 30 0 31 31 0 32 32 1 33 33 1 34 34 1 35 35 1 36 36 1 37 37 1 38 38 1 39 39 1 40 40 1 41 41 1 42 42 1 43 43 1 44 44 1 45 45 1 46 46 1 47 47 1 48 48 1 49 49 1 50 50 1 51 51 1 52 52 1 53 53 1 54 54 1 55 55 1 56 56 1 57 57 1 58 58 1 59 59 1 60 60 1 61 61 1 62 62 1 63 63 1 64 64 1 65 65 1 66 66 1 67 67 1 68 68 2 69 69 2 70 70 2 71 71 2 72 72 2 73 73 2 74 74 2 75 75 2 76 76 2 77 77 2 78 78 2 79 79 2 80 80 2 81 81 2 82 82 2 83 83 2 84 84 2 85 85 2 86 86 2 87 87 2 88 88 2 89 89 2 90 90 2 91 91 2 92 92 2 93 93 2 94 94 2 95 95 2 96 96 3 97 97 3 98 98 3 99 99 3 100 100 3 101 101 3 102 102 3 103 103 3 104 104 3 105 105 3 106 106 3 107 107 3 108 108 3 109 109 3 110 110 3 111 111 3 112 112 3 113 113 3 114 114 3 115 115 3 116 116 3 117 117 3 118 118 3 119 119 3 120 120 3 121 121 3 122 122 3 123 123 3 124 124 3 125 125 3 126 126 3 127 127 3 128 128 3 129 129 3 130 130 3 131 131 3 132 132 3 133 133 3 134 134 3 135 135 3 136 136 3 137 137 3 138 138 3 139 139 3 140 140 3 141 141 3 142 142 3 143 143 3 144 144 3 145 145 3 146 146 3 147 147 3 148 148 3 149 149 3 150 150 3 151 151 3 152 152 4 153 153 4 154 154 4 155 155 4 156 156 4 157 157 4 158 158 4 159 159 4 160 160 4 161 161 4 162 162 4 163 163 4 164 164 4 165 165 4 166 166 4 167 167 4 168 168 4 169 169 4 170 170 4 171 171 4 172 172 4 173 173 4 174 174 4 175 175 4 176 176 4 177 177 4 178 178 4 179 179 4 180 180 4 181 181 4 182 182 4 183 183 4 184 184 4 185 185 4 186 186 4 187 187 4 188 188 4 189 189 4 190 190 4 191 191 4 192 192 4 193 193 4 194 194 4 195 195 4 196 196 4 197 197 4 198 198 4 199 199 4 200 200 4 201 201 4 202 202 4 203 203 4 204 204 5 205 205 5 206 206 5 207 207 5 208 208 5 209 209 5 210 210 5 211 211 5 212 212 5 213 213 5 214 214 5 215 215 5 216 216 5 217 217 5 218 218 5 219 219 5 </p>
        </polylist>
      </mesh>
    </geometry>
    <geometry id="Right_Wing2-Geom" name="Right_Wing2-Geom">
      <mesh>
        <source id="Right_Wing2-Pos">
          <float_array count="504" id="Right_Wing2-Pos-array">-5.5 -1.0 4.0 -5.5 1.0 4.0 -5.5 1.0 -2.0 -5.5 -1.0 -2.0 -5.5 -1.0 -2.0 -5.5 0.0 -2.0 -5.5 0.0 -3.0 -5.5 -1.0 -3.0 -3.5 -1.0 -3.0 -3.5 0.0 -3.0 -3.5 0.0 -4.0 -3.5 -1.0 -4.0 -0.49999985 -1.0 -3.0 -0.49999985 0.0 -3.0 -0.49999985 0.0 -4.0 -0.49999985 -1.0 -4.0 -1.4999999 -1.0 -4.0 -1.4999999 0.0 -4.0 -1.4999999 0.0 -3.0 -1.4999999 -1.0 -3.0 -0.49999985 0.0 -2.0 -0.49999985 1.0 -2.0 -0.49999985 1.0 -1.0 -0.49999985 0.0 -1.0 0.5000002 0.0 -1.0 0.5000002 1.0 -1.0 0.5000002 1.0 1.0 0.5000002 0.0 1.0 1.4999999 -1.0 -4.0 1.4999999 0.0 -4.0 1.4999999 0.0 -3.0 1.4999999 -1.0 -3.0 2.5000002 0.0 1.0 2.5000002 1.0 1.0 2.5000002 1.0 4.0 2.5000002 0.0 4.0 2.5000002 -1.0 -3.0 2.5000002 0.0 -3.0 2.5000002 0.0 -1.0 2.5000002 -1.0 -1.0 3.5000005 -1.0 1.0 3.5000005 0.0 1.0 3.5000005 0.0 2.0 3.5000005 -1.0 2.0 4.5000005 -1.0 -1.0 4.5000005 0.0 -1.0 4.5000005 0.0 1.0 4.5000005 -1.0 1.0 5.5 -1.0 2.0 5.5 0.0 2.0 5.5 0.0 4.0 5.5 -1.0 4.0 -5.5 -1.0 -3.0 2.5000002 -1.0 -3.0 2.5000002 -1.0 4.0 -5.5 -1.0 4.0 2.5000002 -1.0 2.0 5.5 -1.0 2.0 5.5 -1.0 4.0 2.5000002 -1.0 4.0 2.5000002 -1.0 -1.0 4.5000005 -1.0 -1.0 4.5000005 -1.0 1.0 2.5000002 -1.0 1.0 -3.5 -1.0 -4.0 -1.4999999 -1.0 -4.0 -1.4999999 -1.0 -3.0 -3.5 -1.0 -3.0 -0.49999985 -1.0 -4.0 1.4999999 -1.0 -4.0 1.4999999 -1.0 -3.0 -0.49999985 -1.0 -3.0 2.5000002 -1.0 1.0 3.5000005 -1.0 1.0 3.5000005 -1.0 2.0 2.5000002 -1.0 2.0 -5.5 0.0 -2.0 2.5000002 0.0 -2.0 2.5000002 0.0 -3.0 -5.5 0.0 -3.0 0.5000002 0.0 1.0 4.5000005 0.0 1.0 4.5000005 0.0 -1.0 0.5000002 0.0 -1.0 2.5000002 0.0 4.0 5.5 0.0 4.0 5.5 0.0 2.0 2.5000002 0.0 2.0 -0.49999985 0.0 -1.0 2.5000002 0.0 -1.0 2.5000002 0.0 -2.0 -0.49999985 0.0 -2.0 -3.5 0.0 -3.0 -1.4999999 0.0 -3.0 -1.4999999 0.0 -4.0 -3.5 0.0 -4.0 -0.49999985 0.0 -3.0 1.4999999 0.0 -3.0 1.4999999 0.0 -4.0 -0.49999985 0.0 -4.0 2.5000002 0.0 2.0 3.5000005 0.0 2.0 3.5000005 0.0 1.0 2.5000002 0.0 1.0 -5.5 1.0 4.0 -0.49999985 1.0 4.0 -0.49999985 1.0 -2.0 -5.5 1.0 -2.0 -0.49999985 1.0 4.0 2.5000002 1.0 4.0 2.5000002 1.0 1.0 -0.49999985 1.0 1.0 -0.49999985 1.0 1.0 0.5000002 1.0 1.0 0.5000002 1.0 -1.0 -0.49999985 1.0 -1.0 -3.5 0.0 -4.0 -1.4999999 0.0 -4.0 -1.4999999 -1.0 -4.0 -3.5 -1.0 -4.0 -0.49999985 0.0 -4.0 1.4999999 0.0 -4.0 1.4999999 -1.0 -4.0 -0.49999985 -1.0 -4.0 -5.5 0.0 -3.0 -3.5 0.0 -3.0 -3.5 -1.0 -3.0 -5.5 -1.0 -3.0 -1.4999999 0.0 -3.0 -0.49999985 0.0 -3.0 -0.49999985 -1.0 -3.0 -1.4999999 -1.0 -3.0 1.4999999 0.0 -3.0 2.5000002 0.0 -3.0 2.5000002 -1.0 -3.0 1.4999999 -1.0 -3.0 -5.5 1.0 -2.0 -0.49999985 1.0 -2.0 -0.49999985 0.0 -2.0 -5.5 0.0 -2.0 2.5000002 0.0 -1.0 4.5000005 0.0 -1.0 4.5000005 -1.0 -1.0 2.5000002 -1.0 -1.0 -0.49999985 1.0 -1.0 0.5000002 1.0 -1.0 0.5000002 0.0 -1.0 -0.49999985 0.0 -1.0 0.5000002 1.0 1.0 2.5000002 1.0 1.0 2.5000002 0.0 1.0 0.5000002 0.0 1.0 3.5000005 0.0 2.0 5.5 0.0 2.0 5.5 -1.0 2.0 3.5000005 -1.0 2.0 3.5000005 -1.0 1.0 4.5000005 -1.0 1.0 4.5000005 0.0 1.0 3.5000005 0.0 1.0 -5.5 -1.0 4.0 5.5 -1.0 4.0 5.5 0.0 4.0 -5.5 0.0 4.0 -5.5 0.0 4.0 2.5000002 0.0 4.0 2.5000002 1.0 4.0 -5.5 1.0 4.0 </float_array>
          <technique_common>
            <accessor count="168" source="#Right_Wing2-Pos-array" stride="3">
              <param name="X" type="float"/>
              <param name="Y" type="float"/>
              <param name="Z" type="float"/>
            </accessor>
          </technique_common>
        </source>
        <source id="Right_Wing2-UV">
          <float_array count="336" id="Right_Wing2-UV-array">0.0 0.8125 0.0625 0.8125 0.0625 1.0 0.0 1.0 0.0 0.71875 0.03125 0.71875 0.03125 0.75 0.0 0.75 0.125 0.96875 0.15625 0.96875 0.15625 1.0 0.125 1.0 0.21875 0.96875 0.25 0.96875 0.25 1.0 0.21875 1.0 0.21875 1.0 0.25 1.0 0.25 0.96875 0.21875 0.96875 0.0 1.0 0.03125 1.0 0.03125 0.96875 0.0 0.96875 0.0 0.96875 0.03125 0.96875 0.03125 0.90625 0.0 0.90625 0.125 1.0 0.15625 1.0 0.15625 0.96875 0.125 0.96875 0.125 0.90625 0.15625 0.90625 0.15625 0.8125 0.125 0.8125 0.125 0.75 0.15625 0.75 0.15625 0.6875 0.125 0.6875 0.21875 1.0 0.25 1.0 0.25 0.96875 0.21875 0.96875 0.21875 0.90625 0.25 0.90625 0.25 0.84375 0.21875 0.84375 0.21875 0.90625 0.25 0.90625 0.25 0.84375 0.21875 0.84375 0.40625 0.75 0.40625 1.0 0.625 1.0 0.625 0.75 0.21875 0.6875 0.21875 0.78125 0.28125 0.78125 0.28125 0.6875 0.6875 1.0 0.75 1.0 0.75 0.9375 0.6875 0.9375 0.40625 0.9375 0.40625 1.0 0.4375 1.0 0.4375 0.9375 0.4375 0.9375 0.4375 1.0 0.46875 1.0 0.46875 0.9375 0.21875 1.0 0.25 1.0 0.25 0.96875 0.21875 0.96875 0.4375 0.75 0.4375 1.0 0.40625 1.0 0.40625 0.75 0.75 0.75 0.75 0.875 0.6875 0.875 0.6875 0.75 0.0625 0.5 0.0625 0.59375 0.0 0.59375 0.0 0.5 0.46875 0.90625 0.46875 1.0 0.4375 1.0 0.4375 0.90625 0.4375 0.9375 0.4375 1.0 0.40625 1.0 0.40625 0.9375 0.46875 0.9375 0.46875 1.0 0.4375 1.0 0.4375 0.9375 0.21875 0.96875 0.25 0.96875 0.25 1.0 0.21875 1.0 0.125 0.40625 0.28125 0.40625 0.28125 0.59375 0.125 0.59375 0.125 0.25 0.21875 0.25 0.21875 0.34375 0.125 0.34375 0.0 0.90625 0.03125 0.90625 0.03125 0.96875 0.0 0.96875 0.4375 0.9375 0.4375 1.0 0.40625 1.0 0.40625 0.9375 0.46875 0.9375 0.46875 1.0 0.4375 1.0 0.4375 0.9375 0.4375 0.9375 0.4375 1.0 0.40625 1.0 0.40625 0.9375 0.125 0.96875 0.15625 0.96875 0.15625 1.0 0.125 1.0 0.21875 0.96875 0.25 0.96875 0.25 1.0 0.21875 1.0 0.5 0.78125 0.5 0.9375 0.46875 0.9375 0.46875 0.78125 0.71875 0.8125 0.71875 0.875 0.6875 0.875 0.6875 0.8125 0.0 0.9375 0.03125 0.9375 0.03125 0.96875 0.0 0.96875 0.53125 0.90625 0.53125 0.96875 0.5 0.96875 0.5 0.90625 0.71875 0.8125 0.71875 0.875 0.6875 0.875 0.6875 0.8125 0.125 1.0 0.15625 1.0 0.15625 0.96875 0.125 0.96875 0.40625 0.25 0.40625 0.59375 0.4375 0.59375 0.4375 0.25 0.5 0.34375 0.5 0.59375 0.53125 0.59375 0.53125 0.34375 </float_array>
          <technique_common>
            <accessor count="168" source="#Right_Wing2-UV-array" stride="2">
              <param name="S" type="float"/>
              <param name="T" type="float"/>
            </accessor>
          </technique_common>
        </source>
        <source id="Right_Wing2-Normal">
          <float_array count="18" id="Right_Wing2-Normal-array">-1.0 0.0 0.0 1.0 0.0 0.0 0.0 -1.0 0.0 0.0 1.0 0.0 0.0 0.0 -1.0 0.0 0.0 1.0</float_array>
          <technique_common>
            <accessor count="6" source="#Right_Wing2-Normal-array" stride="3">
              <param name="X" type="float"/>
              <param name="Y" type="float"/>
              <param name="Z" type="float"/>
            </accessor>
          </technique_common>
        </source>
        <vertices id="Right_Wing2-Vertices">
          <input semantic="POSITION" source="#Right_Wing2-Pos"/>
        </vertices>
        <polylist count="42" material="Right_Wing2-Material">
          <input offset="0" semantic="VERTEX" source="#Right_Wing2-Vertices"/>
          <input offset="1" semantic="TEXCOORD" set="0" source="#Right_Wing2-UV"/>
          <input offset="2" semantic="NORMAL" source="#Right_Wing2-Normal"/>
          <vcount>4 4 4 4 4 4 4 4 4 4 4 4 4 4 4 4 4 4 4 4 4 4 4 4 4 4 4 4 4 4 4 4 4 4 4 4 4 4 4 4 4 4 </vcount>
          <p>0 0 0 1 1 0 2 2 0 3 3 0 4 4 0 5 5 0 6 6 0 7 7 0 8 8 0 9 9 0 10 10 0 11 11 0 12 12 0 13 13 0 14 14 0 15 15 0 16 16 1 17 17 1 18 18 1 19 19 1 20 20 1 21 21 1 22 22 1 23 23 1 24 24 1 25 25 1 26 26 1 27 27 1 28 28 1 29 29 1 30 30 1 31 31 1 32 32 1 33 33 1 34 34 1 35 35 1 36 36 1 37 37 1 38 38 1 39 39 1 40 40 1 41 41 1 42 42 1 43 43 1 44 44 1 45 45 1 46 46 1 47 47 1 48 48 1 49 49 1 50 50 1 51 51 1 52 52 2 53 53 2 54 54 2 55 55 2 56 56 2 57 57 2 58 58 2 59 59 2 60 60 2 61 61 2 62 62 2 63 63 2 64 64 2 65 65 2 66 66 2 67 67 2 68 68 2 69 69 2 70 70 2 71 71 2 72 72 2 73 73 2 74 74 2 75 75 2 76 76 3 77 77 3 78 78 3 79 79 3 80 80 3 81 81 3 82 82 3 83 83 3 84 84 3 85 85 3 86 86 3 87 87 3 88 88 3 89 89 3 90 90 3 91 91 3 92 92 3 93 93 3 94 94 3 95 95 3 96 96 3 97 97 3 98 98 3 99 99 3 100 100 3 101 101 3 102 102 3 103 103 3 104 104 3 105 105 3 106 106 3 107 107 3 108 108 3 109 109 3 110 110 3 111 111 3 112 112 3 113 113 3 114 114 3 115 115 3 116 116 4 117 117 4 118 118 4 119 119 4 120 120 4 121 121 4 122 122 4 123 123 4 124 124 4 125 125 4 126 126 4 127 127 4 128 128 4 129 129 4 130 130 4 131 131 4 132 132 4 133 133 4 134 134 4 135 135 4 136 136 4 137 137 4 138 138 4 139 139 4 140 140 4 141 141 4 142 142 4 143 143 4 144 144 4 145 145 4 146 146 4 147 147 4 148 148 4 149 149 4 150 150 4 151 151 4 152 152 4 153 153 4 154 154 4 155 155 4 156 156 5 157 157 5 158 158 5 159 159 5 160 160 5 161 161 5 162 162 5 163 163 5 164 164 5 165 165 5 166 166 5 167 167 5 </p>
        </polylist>
      </mesh>
    </geometry>
    <geometry id="Left_Wing1-Geom" name="Left_Wing1-Geom">
      <mesh>
        <source id="Left_Wing1-Pos">
          <float_array count="660" id="Left_Wing1-Pos-array">-4.5 -1.0 3.5 -4.5 1.0 3.5 -4.5 1.0 -1.4999999 -4.5 -1.0 -1.4999999 -4.5 -1.0 -1.4999999 -4.5 0.0 -1.4999999 -4.5 0.0 -3.5 -4.5 -1.0 -3.5 -3.5 -1.0 -3.5 -3.5 0.0 -3.5 -3.5 0.0 -4.5 -3.5 -1.0 -4.5 -2.5 -1.0 4.5 -2.5 0.0 4.5 -2.5 0.0 3.5 -2.5 -1.0 3.5 -1.4999999 -1.0 -3.5 -1.4999999 0.0 -3.5 -1.4999999 0.0 -4.5 -1.4999999 -1.0 -4.5 -1.4999999 0.0 -0.49999997 -1.4999999 1.0 -0.49999997 -1.4999999 1.0 -1.4999999 -1.4999999 0.0 -1.4999999 -1.4999999 0.0 4.5 -1.4999999 1.0 4.5 -1.4999999 1.0 3.5 -1.4999999 0.0 3.5 0.50000024 -1.0 -2.5 0.50000024 0.0 -2.5 0.50000024 0.0 -3.5 0.50000024 -1.0 -3.5 2.5 -1.0 -2.5 2.5 0.0 -2.5 2.5 0.0 -3.5 2.5 -1.0 -3.5 -2.5 -1.0 -4.5 -2.5 0.0 -4.5 -2.5 0.0 -3.5 -2.5 -1.0 -3.5 -2.5 0.0 -1.4999999 -2.5 1.0 -1.4999999 -2.5 1.0 -0.49999997 -2.5 0.0 -0.49999997 -0.49999997 -1.0 -4.5 -0.49999997 0.0 -4.5 -0.49999997 0.0 -2.5 -0.49999997 -1.0 -2.5 1.5000002 -1.0 -3.5 1.5000002 0.0 -3.5 1.5000002 0.0 -2.5 1.5000002 -1.0 -2.5 2.5 0.0 -1.4999999 2.5 1.0 -1.4999999 2.5 1.0 0.50000024 2.5 0.0 0.50000024 3.5 -1.0 -3.5 3.5 0.0 -3.5 3.5 0.0 -2.5 3.5 -1.0 -2.5 4.5 -1.0 0.50000024 4.5 1.0 0.50000024 4.5 1.0 4.5 4.5 -1.0 4.5 4.5 -1.0 -2.5 4.5 0.0 -2.5 4.5 0.0 0.50000024 4.5 -1.0 0.50000024 -4.5 -1.0 -2.5 4.5 -1.0 -2.5 4.5 -1.0 3.5 -4.5 -1.0 3.5 -2.5 -1.0 3.5 4.5 -1.0 3.5 4.5 -1.0 4.5 -2.5 -1.0 4.5 -4.5 -1.0 -3.5 -0.49999997 -1.0 -3.5 -0.49999997 -1.0 -2.5 -4.5 -1.0 -2.5 -3.5 -1.0 -4.5 -2.5 -1.0 -4.5 -2.5 -1.0 -3.5 -3.5 -1.0 -3.5 -1.4999999 -1.0 -4.5 -0.49999997 -1.0 -4.5 -0.49999997 -1.0 -3.5 -1.4999999 -1.0 -3.5 0.50000024 -1.0 -3.5 1.5000002 -1.0 -3.5 1.5000002 -1.0 -2.5 0.50000024 -1.0 -2.5 2.5 -1.0 -3.5 3.5 -1.0 -3.5 3.5 -1.0 -2.5 2.5 -1.0 -2.5 -4.5 0.0 -1.4999999 4.5 0.0 -1.4999999 4.5 0.0 -2.5 -4.5 0.0 -2.5 -4.5 0.0 -2.5 -0.49999997 0.0 -2.5 -0.49999997 0.0 -3.5 -4.5 0.0 -3.5 2.5 0.0 0.50000024 4.5 0.0 0.50000024 4.5 0.0 -1.4999999 2.5 0.0 -1.4999999 -3.5 0.0 -3.5 -2.5 0.0 -3.5 -2.5 0.0 -4.5 -3.5 0.0 -4.5 -1.4999999 0.0 -3.5 -0.49999997 0.0 -3.5 -0.49999997 0.0 -4.5 -1.4999999 0.0 -4.5 0.50000024 0.0 -2.5 1.5000002 0.0 -2.5 1.5000002 0.0 -3.5 0.50000024 0.0 -3.5 2.5 0.0 -2.5 3.5 0.0 -2.5 3.5 0.0 -3.5 2.5 0.0 -3.5 -2.5 0.0 -0.49999997 -1.4999999 0.0 -0.49999997 -1.4999999 0.0 -1.4999999 -2.5 0.0 -1.4999999 -2.5 0.0 4.5 -1.4999999 0.0 4.5 -1.4999999 0.0 3.5 -2.5 0.0 3.5 -4.5 1.0 3.5 2.5 1.0 3.5 2.5 1.0 -0.49999997 -4.5 1.0 -0.49999997 2.5 1.0 4.5 4.5 1.0 4.5 4.5 1.0 0.50000024 2.5 1.0 0.50000024 -1.4999999 1.0 -0.49999997 2.5 1.0 -0.49999997 2.5 1.0 -1.4999999 -1.4999999 1.0 -1.4999999 -1.4999999 1.0 4.5 2.5 1.0 4.5 2.5 1.0 3.5 -1.4999999 1.0 3.5 -4.5 1.0 -0.49999997 -2.5 1.0 -0.49999997 -2.5 1.0 -1.4999999 -4.5 1.0 -1.4999999 -3.5 0.0 -4.5 -2.5 0.0 -4.5 -2.5 -1.0 -4.5 -3.5 -1.0 -4.5 -1.4999999 0.0 -4.5 -0.49999997 0.0 -4.5 -0.49999997 -1.0 -4.5 -1.4999999 -1.0 -4.5 -4.5 0.0 -3.5 -3.5 0.0 -3.5 -3.5 -1.0 -3.5 -4.5 -1.0 -3.5 -2.5 0.0 -3.5 -1.4999999 0.0 -3.5 -1.4999999 -1.0 -3.5 -2.5 -1.0 -3.5 0.50000024 0.0 -3.5 1.5000002 0.0 -3.5 1.5000002 -1.0 -3.5 0.50000024 -1.0 -3.5 2.5 0.0 -3.5 3.5 0.0 -3.5 3.5 -1.0 -3.5 2.5 -1.0 -3.5 -0.49999997 0.0 -2.5 0.50000024 0.0 -2.5 0.50000024 -1.0 -2.5 -0.49999997 -1.0 -2.5 1.5000002 0.0 -2.5 2.5 0.0 -2.5 2.5 -1.0 -2.5 1.5000002 -1.0 -2.5 3.5 0.0 -2.5 4.5 0.0 -2.5 4.5 -1.0 -2.5 3.5 -1.0 -2.5 -1.4999999 1.0 -1.4999999 2.5 1.0 -1.4999999 2.5 0.0 -1.4999999 -1.4999999 0.0 -1.4999999 -4.5 1.0 -1.4999999 -2.5 1.0 -1.4999999 -2.5 0.0 -1.4999999 -4.5 0.0 -1.4999999 -2.5 1.0 -0.49999997 -1.4999999 1.0 -0.49999997 -1.4999999 0.0 -0.49999997 -2.5 0.0 -0.49999997 2.5 1.0 0.50000024 4.5 1.0 0.50000024 4.5 0.0 0.50000024 2.5 0.0 0.50000024 -4.5 -1.0 3.5 -2.5 -1.0 3.5 -2.5 1.0 3.5 -4.5 1.0 3.5 -2.5 0.0 3.5 -1.4999999 0.0 3.5 -1.4999999 1.0 3.5 -2.5 1.0 3.5 -1.4999999 -1.0 4.5 4.5 -1.0 4.5 4.5 1.0 4.5 -1.4999999 1.0 4.5 -2.5 -1.0 4.5 -1.4999999 -1.0 4.5 -1.4999999 0.0 4.5 -2.5 0.0 4.5 </float_array>
          <technique_common>
            <accessor count="220" source="#Left_Wing1-Pos-array" stride="3">
              <param name="X" type="float"/>
              <param name="Y" type="float"/>
              <param name="Z" type="float"/>
            </accessor>
          </technique_common>
        </source>
        <source id="Left_Wing1-UV">
          <float_array count="440" id="Left_Wing1-UV-array">0.0 0.84375 0.0625 0.84375 0.0625 1.0 0.0 1.0 0.0 0.71875 0.03125 0.71875 0.03125 0.78125 0.0 0.78125 0.125 0.96875 0.15625 0.96875 0.15625 1.0 0.125 1.0 0.21875 0.96875 0.25 0.96875 0.25 1.0 0.21875 1.0 0.125 0.96875 0.15625 0.96875 0.15625 1.0 0.125 1.0 0.0 0.9375 0.03125 0.9375 0.03125 0.96875 0.0 0.96875 0.21875 0.96875 0.25 0.96875 0.25 1.0 0.21875 1.0 0.125 0.96875 0.15625 0.96875 0.15625 1.0 0.125 1.0 0.125 0.96875 0.15625 0.96875 0.15625 1.0 0.125 1.0 0.125 1.0 0.15625 1.0 0.15625 0.96875 0.125 0.96875 0.0 0.96875 0.03125 0.96875 0.03125 0.9375 0.0 0.9375 0.125 0.90625 0.15625 0.90625 0.15625 0.84375 0.125 0.84375 0.125 1.0 0.15625 1.0 0.15625 0.96875 0.125 0.96875 0.03125 1.0 0.0625 1.0 0.0625 0.9375 0.03125 0.9375 0.125 1.0 0.15625 1.0 0.15625 0.96875 0.125 0.96875 0.34375 1.0 0.40625 1.0 0.40625 0.875 0.34375 0.875 0.34375 0.8125 0.375 0.8125 0.375 0.71875 0.34375 0.71875 0.0 0.375 0.0 0.65625 0.1875 0.65625 0.1875 0.375 0.46875 0.78125 0.46875 1.0 0.5 1.0 0.5 0.78125 0.0 0.53125 0.0 0.65625 0.03125 0.65625 0.03125 0.53125 0.125 1.0 0.15625 1.0 0.15625 0.96875 0.125 0.96875 0.125 1.0 0.15625 1.0 0.15625 0.96875 0.125 0.96875 0.125 1.0 0.15625 1.0 0.15625 0.96875 0.125 0.96875 0.125 1.0 0.15625 1.0 0.15625 0.96875 0.125 0.96875 0.03125 0.375 0.03125 0.65625 0.0 0.65625 0.0 0.375 0.03125 0.53125 0.03125 0.65625 0.0 0.65625 0.0 0.53125 0.21875 0.84375 0.28125 0.84375 0.28125 0.90625 0.21875 0.90625 0.125 0.96875 0.15625 0.96875 0.15625 1.0 0.125 1.0 0.125 0.96875 0.15625 0.96875 0.15625 1.0 0.125 1.0 0.125 0.96875 0.15625 0.96875 0.15625 1.0 0.125 1.0 0.125 0.96875 0.15625 0.96875 0.15625 1.0 0.125 1.0 0.21875 0.875 0.25 0.875 0.25 0.90625 0.21875 0.90625 0.21875 0.96875 0.25 0.96875 0.25 1.0 0.21875 1.0 0.46875 0.4375 0.46875 0.65625 0.34375 0.65625 0.34375 0.4375 0.34375 0.875 0.40625 0.875 0.40625 1.0 0.34375 1.0 0.375 0.53125 0.375 0.65625 0.34375 0.65625 0.34375 0.53125 0.59375 0.875 0.59375 1.0 0.5625 1.0 0.5625 0.875 0.375 0.5625 0.375 0.625 0.34375 0.625 0.34375 0.5625 0.125 0.96875 0.15625 0.96875 0.15625 1.0 0.125 1.0 0.125 0.96875 0.15625 0.96875 0.15625 1.0 0.125 1.0 0.21875 0.875 0.25 0.875 0.25 0.90625 0.21875 0.90625 0.21875 0.875 0.25 0.875 0.25 0.90625 0.21875 0.90625 0.125 0.96875 0.15625 0.96875 0.15625 1.0 0.125 1.0 0.125 0.96875 0.15625 0.96875 0.15625 1.0 0.125 1.0 0.125 0.96875 0.15625 0.96875 0.15625 1.0 0.125 1.0 0.125 0.96875 0.15625 0.96875 0.15625 1.0 0.125 1.0 0.125 0.96875 0.15625 0.96875 0.15625 1.0 0.125 1.0 0.375 0.53125 0.375 0.65625 0.34375 0.65625 0.34375 0.53125 0.375 0.5625 0.375 0.625 0.34375 0.625 0.34375 0.5625 0.0 0.96875 0.03125 0.96875 0.03125 1.0 0.0 1.0 0.375 0.9375 0.375 1.0 0.34375 1.0 0.34375 0.9375 0.125 0.78125 0.1875 0.78125 0.1875 0.71875 0.125 0.71875 0.21875 1.0 0.25 1.0 0.25 0.96875 0.21875 0.96875 0.53125 0.46875 0.53125 0.65625 0.59375 0.65625 0.59375 0.46875 0.21875 1.0 0.25 1.0 0.25 0.96875 0.21875 0.96875 </float_array>
          <technique_common>
            <accessor count="220" source="#Left_Wing1-UV-array" stride="2">
              <param name="S" type="float"/>
              <param name="T" type="float"/>
            </accessor>
          </technique_common>
        </source>
        <source id="Left_Wing1-Normal">
          <float_array count="18" id="Left_Wing1-Normal-array">-1.0 0.0 0.0 1.0 0.0 0.0 0.0 -1.0 0.0 0.0 1.0 0.0 0.0 0.0 -1.0 0.0 0.0 1.0</float_array>
          <technique_common>
            <accessor count="6" source="#Left_Wing1-Normal-array" stride="3">
              <param name="X" type="float"/>
              <param name="Y" type="float"/>
              <param name="Z" type="float"/>
            </accessor>
          </technique_common>
        </source>
        <vertices id="Left_Wing1-Vertices">
          <input semantic="POSITION" source="#Left_Wing1-Pos"/>
        </vertices>
        <polylist count="55" material="Left_Wing1-Material">
          <input offset="0" semantic="VERTEX" source="#Left_Wing1-Vertices"/>
          <input offset="1" semantic="TEXCOORD" set="0" source="#Left_Wing1-UV"/>
          <input offset="2" semantic="NORMAL" source="#Left_Wing1-Normal"/>
          <vcount>4 4 4 4 4 4 4 4 4 4 4 4 4 4 4 4 4 4 4 4 4 4 4 4 4 4 4 4 4 4 4 4 4 4 4 4 4 4 4 4 4 4 4 4 4 4 4 4 4 4 4 4 4 4 4 </vcount>
          <p>0 0 0 1 1 0 2 2 0 3 3 0 4 4 0 5 5 0 6 6 0 7 7 0 8 8 0 9 9 0 10 10 0 11 11 0 12 12 0 13 13 0 14 14 0 15 15 0 16 16 0 17 17 0 18 18 0 19 19 0 20 20 0 21 21 0 22 22 0 23 23 0 24 24 0 25 25 0 26 26 0 27 27 0 28 28 0 29 29 0 30 30 0 31 31 0 32 32 0 33 33 0 34 34 0 35 35 0 36 36 1 37 37 1 38 38 1 39 39 1 40 40 1 41 41 1 42 42 1 43 43 1 44 44 1 45 45 1 46 46 1 47 47 1 48 48 1 49 49 1 50 50 1 51 51 1 52 52 1 53 53 1 54 54 1 55 55 1 56 56 1 57 57 1 58 58 1 59 59 1 60 60 1 61 61 1 62 62 1 63 63 1 64 64 1 65 65 1 66 66 1 67 67 1 68 68 2 69 69 2 70 70 2 71 71 2 72 72 2 73 73 2 74 74 2 75 75 2 76 76 2 77 77 2 78 78 2 79 79 2 80 80 2 81 81 2 82 82 2 83 83 2 84 84 2 85 85 2 86 86 2 87 87 2 88 88 2 89 89 2 90 90 2 91 91 2 92 92 2 93 93 2 94 94 2 95 95 2 96 96 3 97 97 3 98 98 3 99 99 3 100 100 3 101 101 3 102 102 3 103 103 3 104 104 3 105 105 3 106 106 3 107 107 3 108 108 3 109 109 3 110 110 3 111 111 3 112 112 3 113 113 3 114 114 3 115 115 3 116 116 3 117 117 3 118 118 3 119 119 3 120 120 3 121 121 3 122 122 3 123 123 3 124 124 3 125 125 3 126 126 3 127 127 3 128 128 3 129 129 3 130 130 3 131 131 3 132 132 3 133 133 3 134 134 3 135 135 3 136 136 3 137 137 3 138 138 3 139 139 3 140 140 3 141 141 3 142 142 3 143 143 3 144 144 3 145 145 3 146 146 3 147 147 3 148 148 3 149 149 3 150 150 3 151 151 3 152 152 4 153 153 4 154 154 4 155 155 4 156 156 4 157 157 4 158 158 4 159 159 4 160 160 4 161 161 4 162 162 4 163 163 4 164 164 4 165 165 4 166 166 4 167 167 4 168 168 4 169 169 4 170 170 4 171 171 4 172 172 4 173 173 4 174 174 4 175 175 4 176 176 4 177 177 4 178 178 4 179 179 4 180 180 4 181 181 4 182 182 4 183 183 4 184 184 4 185 185 4 186 186 4 187 187 4 188 188 4 189 189 4 190 190 4 191 191 4 192 192 4 193 193 4 194 194 4 195 195 4 196 196 4 197 197 4 198 198 4 199 199 4 200 200 4 201 201 4 202 202 4 203 203 4 204 204 5 205 205 5 206 206 5 207 207 5 208 208 5 209 209 5 210 210 5 211 211 5 212 212 5 213 213 5 214 214 5 215 215 5 216 216 5 217 217 5 218 218 5 219 219 5 </p>
        </polylist>
      </mesh>
    </geometry>
    <geometry id="Left_Wing2-Geom" name="Left_Wing2-Geom">
      <mesh>
        <source id="Left_Wing2-Pos">
          <float_array count="504" id="Left_Wing2-Pos-array">-5.5 -1.0 4.0 -5.5 0.0 4.0 -5.5 0.0 2.0 -5.5 -1.0 2.0 -4.5 -1.0 1.0 -4.5 0.0 1.0 -4.5 0.0 -1.0 -4.5 -1.0 -1.0 -3.5 -1.0 2.0 -3.5 0.0 2.0 -3.5 0.0 1.0 -3.5 -1.0 1.0 -2.5 0.0 4.0 -2.5 1.0 4.0 -2.5 1.0 1.0 -2.5 0.0 1.0 -2.5 -1.0 -1.0 -2.5 0.0 -1.0 -2.5 0.0 -3.0 -2.5 -1.0 -3.0 -1.4999999 -1.0 -3.0 -1.4999999 0.0 -3.0 -1.4999999 0.0 -4.0 -1.4999999 -1.0 -4.0 -0.49999985 0.0 1.0 -0.49999985 1.0 1.0 -0.49999985 1.0 -1.0 -0.49999985 0.0 -1.0 0.5000002 0.0 -1.0 0.5000002 1.0 -1.0 0.5000002 1.0 -2.0 0.5000002 0.0 -2.0 1.4999999 -1.0 -3.0 1.4999999 0.0 -3.0 1.4999999 0.0 -4.0 1.4999999 -1.0 -4.0 0.5000002 -1.0 -4.0 0.5000002 0.0 -4.0 0.5000002 0.0 -3.0 0.5000002 -1.0 -3.0 3.5000005 -1.0 -4.0 3.5000005 0.0 -4.0 3.5000005 0.0 -3.0 3.5000005 -1.0 -3.0 5.5 -1.0 -2.0 5.5 1.0 -2.0 5.5 1.0 4.0 5.5 -1.0 4.0 5.5 -1.0 -3.0 5.5 0.0 -3.0 5.5 0.0 -2.0 5.5 -1.0 -2.0 -2.5 -1.0 -3.0 5.5 -1.0 -3.0 5.5 -1.0 4.0 -2.5 -1.0 4.0 -5.5 -1.0 2.0 -2.5 -1.0 2.0 -2.5 -1.0 4.0 -5.5 -1.0 4.0 -4.5 -1.0 -1.0 -2.5 -1.0 -1.0 -2.5 -1.0 1.0 -4.5 -1.0 1.0 -1.4999999 -1.0 -4.0 0.5000002 -1.0 -4.0 0.5000002 -1.0 -3.0 -1.4999999 -1.0 -3.0 1.4999999 -1.0 -4.0 3.5000005 -1.0 -4.0 3.5000005 -1.0 -3.0 1.4999999 -1.0 -3.0 -3.5 -1.0 1.0 -2.5 -1.0 1.0 -2.5 -1.0 2.0 -3.5 -1.0 2.0 -2.5 0.0 -2.0 5.5 0.0 -2.0 5.5 0.0 -3.0 -2.5 0.0 -3.0 -4.5 0.0 1.0 -0.49999985 0.0 1.0 -0.49999985 0.0 -1.0 -4.5 0.0 -1.0 -5.5 0.0 4.0 -2.5 0.0 4.0 -2.5 0.0 2.0 -5.5 0.0 2.0 -2.5 0.0 -1.0 0.5000002 0.0 -1.0 0.5000002 0.0 -2.0 -2.5 0.0 -2.0 -1.4999999 0.0 -3.0 0.5000002 0.0 -3.0 0.5000002 0.0 -4.0 -1.4999999 0.0 -4.0 1.4999999 0.0 -3.0 3.5000005 0.0 -3.0 3.5000005 0.0 -4.0 1.4999999 0.0 -4.0 -3.5 0.0 2.0 -2.5 0.0 2.0 -2.5 0.0 1.0 -3.5 0.0 1.0 0.5000002 1.0 4.0 5.5 1.0 4.0 5.5 1.0 -2.0 0.5000002 1.0 -2.0 -2.5 1.0 4.0 0.5000002 1.0 4.0 0.5000002 1.0 1.0 -2.5 1.0 1.0 -0.49999985 1.0 1.0 0.5000002 1.0 1.0 0.5000002 1.0 -1.0 -0.49999985 1.0 -1.0 -1.4999999 0.0 -4.0 0.5000002 0.0 -4.0 0.5000002 -1.0 -4.0 -1.4999999 -1.0 -4.0 1.4999999 0.0 -4.0 3.5000005 0.0 -4.0 3.5000005 -1.0 -4.0 1.4999999 -1.0 -4.0 3.5000005 0.0 -3.0 5.5 0.0 -3.0 5.5 -1.0 -3.0 3.5000005 -1.0 -3.0 -2.5 0.0 -3.0 -1.4999999 0.0 -3.0 -1.4999999 -1.0 -3.0 -2.5 -1.0 -3.0 0.5000002 0.0 -3.0 1.4999999 0.0 -3.0 1.4999999 -1.0 -3.0 0.5000002 -1.0 -3.0 0.5000002 1.0 -2.0 5.5 1.0 -2.0 5.5 0.0 -2.0 0.5000002 0.0 -2.0 -4.5 0.0 -1.0 -2.5 0.0 -1.0 -2.5 -1.0 -1.0 -4.5 -1.0 -1.0 -0.49999985 1.0 -1.0 0.5000002 1.0 -1.0 0.5000002 0.0 -1.0 -0.49999985 0.0 -1.0 -2.5 1.0 1.0 -0.49999985 1.0 1.0 -0.49999985 0.0 1.0 -2.5 0.0 1.0 -5.5 0.0 2.0 -3.5 0.0 2.0 -3.5 -1.0 2.0 -5.5 -1.0 2.0 -4.5 -1.0 1.0 -3.5 -1.0 1.0 -3.5 0.0 1.0 -4.5 0.0 1.0 -2.5 -1.0 4.0 5.5 -1.0 4.0 5.5 1.0 4.0 -2.5 1.0 4.0 -5.5 -1.0 4.0 -2.5 -1.0 4.0 -2.5 0.0 4.0 -5.5 0.0 4.0 </float_array>
          <technique_common>
            <accessor count="168" source="#Left_Wing2-Pos-array" stride="3">
              <param name="X" type="float"/>
              <param name="Y" type="float"/>
              <param name="Z" type="float"/>
            </accessor>
          </technique_common>
        </source>
        <source id="Left_Wing2-UV">
          <float_array count="336" id="Left_Wing2-UV-array">0.0 0.9375 0.03125 0.9375 0.03125 1.0 0.0 1.0 0.0 0.9375 0.03125 0.9375 0.03125 1.0 0.0 1.0 0.0 0.96875 0.03125 0.96875 0.03125 1.0 0.0 1.0 0.0 0.78125 0.03125 0.78125 0.03125 0.875 0.0 0.875 0.0 0.9375 0.03125 0.9375 0.03125 1.0 0.0 1.0 0.0 0.9375 0.03125 0.9375 0.03125 0.96875 0.0 0.96875 0.0 0.8125 0.03125 0.8125 0.03125 0.875 0.0 0.875 0.0 0.6875 0.03125 0.6875 0.03125 0.71875 0.0 0.71875 0.0 0.96875 0.03125 0.96875 0.03125 1.0 0.0 1.0 0.0 1.0 0.03125 1.0 0.03125 0.96875 0.0 0.96875 0.0 0.96875 0.03125 0.96875 0.03125 0.9375 0.0 0.9375 0.09375 1.0 0.15625 1.0 0.15625 0.8125 0.09375 0.8125 0.0 0.96875 0.03125 0.96875 0.03125 0.9375 0.0 0.9375 0.40625 0.75 0.40625 1.0 0.625 1.0 0.625 0.75 0.09375 0.65625 0.09375 0.75 0.15625 0.75 0.15625 0.65625 0.21875 1.0 0.28125 1.0 0.28125 0.9375 0.21875 0.9375 0.0 0.9375 0.0 1.0 0.03125 1.0 0.03125 0.9375 0.40625 0.9375 0.40625 1.0 0.4375 1.0 0.4375 0.9375 0.0 1.0 0.03125 1.0 0.03125 0.96875 0.0 0.96875 0.4375 0.75 0.4375 1.0 0.40625 1.0 0.40625 0.75 0.28125 0.75 0.28125 0.875 0.21875 0.875 0.21875 0.75 0.75 0.90625 0.75 1.0 0.6875 1.0 0.6875 0.90625 0.71875 0.75 0.71875 0.84375 0.6875 0.84375 0.6875 0.75 0.03125 0.9375 0.03125 1.0 0.0 1.0 0.0 0.9375 0.4375 0.9375 0.4375 1.0 0.40625 1.0 0.40625 0.9375 0.0 0.96875 0.03125 0.96875 0.03125 1.0 0.0 1.0 0.0 0.40625 0.15625 0.40625 0.15625 0.59375 0.0 0.59375 0.0 0.25 0.09375 0.25 0.09375 0.34375 0.0 0.34375 0.09375 0.90625 0.125 0.90625 0.125 0.96875 0.09375 0.96875 0.03125 0.9375 0.03125 1.0 0.0 1.0 0.0 0.9375 0.4375 0.9375 0.4375 1.0 0.40625 1.0 0.40625 0.9375 0.4375 0.9375 0.4375 1.0 0.40625 1.0 0.40625 0.9375 0.0 0.96875 0.03125 0.96875 0.03125 1.0 0.0 1.0 0.40625 0.96875 0.4375 0.96875 0.4375 1.0 0.40625 1.0 0.5 0.8125 0.5 0.96875 0.46875 0.96875 0.46875 0.8125 0.71875 0.90625 0.71875 0.96875 0.6875 0.96875 0.6875 0.90625 0.09375 0.9375 0.125 0.9375 0.125 0.96875 0.09375 0.96875 0.125 0.9375 0.125 1.0 0.09375 1.0 0.09375 0.9375 0.71875 0.90625 0.71875 0.96875 0.6875 0.96875 0.6875 0.90625 0.40625 1.0 0.4375 1.0 0.4375 0.96875 0.40625 0.96875 0.21875 0.34375 0.21875 0.59375 0.28125 0.59375 0.28125 0.34375 0.71875 0.90625 0.71875 1.0 0.75 1.0 0.75 0.90625 </float_array>
          <technique_common>
            <accessor count="168" source="#Left_Wing2-UV-array" stride="2">
              <param name="S" type="float"/>
              <param name="T" type="float"/>
            </accessor>
          </technique_common>
        </source>
        <source id="Left_Wing2-Normal">
          <float_array count="18" id="Left_Wing2-Normal-array">-1.0 0.0 0.0 1.0 0.0 0.0 0.0 -1.0 0.0 0.0 1.0 0.0 0.0 0.0 -1.0 0.0 0.0 1.0</float_array>
          <technique_common>
            <accessor count="6" source="#Left_Wing2-Normal-array" stride="3">
              <param name="X" type="float"/>
              <param name="Y" type="float"/>
              <param name="Z" type="float"/>
            </accessor>
          </technique_common>
        </source>
        <vertices id="Left_Wing2-Vertices">
          <input semantic="POSITION" source="#Left_Wing2-Pos"/>
        </vertices>
        <polylist count="42" material="Left_Wing2-Material">
          <input offset="0" semantic="VERTEX" source="#Left_Wing2-Vertices"/>
          <input offset="1" semantic="TEXCOORD" set="0" source="#Left_Wing2-UV"/>
          <input offset="2" semantic="NORMAL" source="#Left_Wing2-Normal"/>
          <vcount>4 4 4 4 4 4 4 4 4 4 4 4 4 4 4 4 4 4 4 4 4 4 4 4 4 4 4 4 4 4 4 4 4 4 4 4 4 4 4 4 4 4 </vcount>
          <p>0 0 0 1 1 0 2 2 0 3 3 0 4 4 0 5 5 0 6 6 0 7 7 0 8 8 0 9 9 0 10 10 0 11 11 0 12 12 0 13 13 0 14 14 0 15 15 0 16 16 0 17 17 0 18 18 0 19 19 0 20 20 0 21 21 0 22 22 0 23 23 0 24 24 0 25 25 0 26 26 0 27 27 0 28 28 0 29 29 0 30 30 0 31 31 0 32 32 0 33 33 0 34 34 0 35 35 0 36 36 1 37 37 1 38 38 1 39 39 1 40 40 1 41 41 1 42 42 1 43 43 1 44 44 1 45 45 1 46 46 1 47 47 1 48 48 1 49 49 1 50 50 1 51 51 1 52 52 2 53 53 2 54 54 2 55 55 2 56 56 2 57 57 2 58 58 2 59 59 2 60 60 2 61 61 2 62 62 2 63 63 2 64 64 2 65 65 2 66 66 2 67 67 2 68 68 2 69 69 2 70 70 2 71 71 2 72 72 2 73 73 2 74 74 2 75 75 2 76 76 3 77 77 3 78 78 3 79 79 3 80 80 3 81 81 3 82 82 3 83 83 3 84 84 3 85 85 3 86 86 3 87 87 3 88 88 3 89 89 3 90 90 3 91 91 3 92 92 3 93 93 3 94 94 3 95 95 3 96 96 3 97 97 3 98 98 3 99 99 3 100 100 3 101 101 3 102 102 3 103 103 3 104 104 3 105 105 3 106 106 3 107 107 3 108 108 3 109 109 3 110 110 3 111 111 3 112 112 3 113 113 3 114 114 3 115 115 3 116 116 4 117 117 4 118 118 4 119 119 4 120 120 4 121 121 4 122 122 4 123 123 4 124 124 4 125 125 4 126 126 4 127 127 4 128 128 4 129 129 4 130 130 4 131 131 4 132 132 4 133 133 4 134 134 4 135 135 4 136 136 4 137 137 4 138 138 4 139 139 4 140 140 4 141 141 4 142 142 4 143 143 4 144 144 4 145 145 4 146 146 4 147 147 4 148 148 4 149 149 4 150 150 4 151 151 4 152 152 4 153 153 4 154 154 4 155 155 4 156 156 5 157 157 5 158 158 5 159 159 5 160 160 5 161 161 5 162 162 5 163 163 5 164 164 5 165 165 5 166 166 5 167 167 5 </p>
        </polylist>
      </mesh>
    </geometry>
    <geometry id="RIght_Claw-Geom" name="RIght_Claw-Geom">
      <mesh>
        <source id="RIght_Claw-Pos">
          <float_array count="324" id="RIght_Claw-Pos-array">-1.4999999 0.5000001 1.0000001 -1.4999999 2.5 1.0000001 -1.4999999 2.5 -2.0 -1.4999999 0.5000001 -2.0 -1.4999999 -2.5 2.0 -1.4999999 -1.5 2.0 -1.4999999 -1.5 -1.0 -1.4999999 -2.5 -1.0 -0.5 -1.5 0.0 -0.5 0.5000001 0.0 -0.5 0.5000001 -1.0 -0.5 -1.5 -1.0 0.4999999 -2.5 2.0 0.4999999 -1.5 2.0 0.4999999 -1.5 1.0000001 0.4999999 -2.5 1.0000001 -0.5 -2.5 1.0000001 -0.5 -1.5 1.0000001 -0.5 -1.5 2.0 -0.5 -2.5 2.0 0.4999999 -1.5 -1.0 0.4999999 0.5000001 -1.0 0.4999999 0.5000001 0.0 0.4999999 -1.5 0.0 1.4999999 0.5000001 -2.0 1.4999999 2.5 -2.0 1.4999999 2.5 1.0000001 1.4999999 0.5000001 1.0000001 1.4999999 -2.5 -1.0 1.4999999 -1.5 -1.0 1.4999999 -1.5 2.0 1.4999999 -2.5 2.0 -1.4999999 -2.5 -1.0 1.4999999 -2.5 -1.0 1.4999999 -2.5 1.0000001 -1.4999999 -2.5 1.0000001 -1.4999999 -2.5 1.0000001 -0.5 -2.5 1.0000001 -0.5 -2.5 2.0 -1.4999999 -2.5 2.0 0.4999999 -2.5 1.0000001 1.4999999 -2.5 1.0000001 1.4999999 -2.5 2.0 0.4999999 -2.5 2.0 -1.4999999 0.5000001 -2.0 1.4999999 0.5000001 -2.0 1.4999999 0.5000001 -1.0 -1.4999999 0.5000001 -1.0 -1.4999999 0.5000001 0.0 1.4999999 0.5000001 0.0 1.4999999 0.5000001 1.0000001 -1.4999999 0.5000001 1.0000001 -1.4999999 0.5000001 -1.0 -0.5 0.5000001 -1.0 -0.5 0.5000001 0.0 -1.4999999 0.5000001 0.0 0.4999999 0.5000001 -1.0 1.4999999 0.5000001 -1.0 1.4999999 0.5000001 0.0 0.4999999 0.5000001 0.0 -1.4999999 -1.5 2.0 -0.5 -1.5 2.0 -0.5 -1.5 -1.0 -1.4999999 -1.5 -1.0 0.4999999 -1.5 2.0 1.4999999 -1.5 2.0 1.4999999 -1.5 -1.0 0.4999999 -1.5 -1.0 -0.5 -1.5 1.0000001 0.4999999 -1.5 1.0000001 0.4999999 -1.5 0.0 -0.5 -1.5 0.0 -1.4999999 2.5 1.0000001 1.4999999 2.5 1.0000001 1.4999999 2.5 -2.0 -1.4999999 2.5 -2.0 -1.4999999 2.5 -2.0 1.4999999 2.5 -2.0 1.4999999 0.5000001 -2.0 -1.4999999 0.5000001 -2.0 -1.4999999 -1.5 -1.0 1.4999999 -1.5 -1.0 1.4999999 -2.5 -1.0 -1.4999999 -2.5 -1.0 -0.5 0.5000001 -1.0 0.4999999 0.5000001 -1.0 0.4999999 -1.5 -1.0 -0.5 -1.5 -1.0 -0.5 -1.5 0.0 0.4999999 -1.5 0.0 0.4999999 0.5000001 0.0 -0.5 0.5000001 0.0 -1.4999999 0.5000001 1.0000001 1.4999999 0.5000001 1.0000001 1.4999999 2.5 1.0000001 -1.4999999 2.5 1.0000001 -0.5 -2.5 1.0000001 0.4999999 -2.5 1.0000001 0.4999999 -1.5 1.0000001 -0.5 -1.5 1.0000001 -1.4999999 -2.5 2.0 -0.5 -2.5 2.0 -0.5 -1.5 2.0 -1.4999999 -1.5 2.0 0.4999999 -2.5 2.0 1.4999999 -2.5 2.0 1.4999999 -1.5 2.0 0.4999999 -1.5 2.0 </float_array>
          <technique_common>
            <accessor count="108" source="#RIght_Claw-Pos-array" stride="3">
              <param name="X" type="float"/>
              <param name="Y" type="float"/>
              <param name="Z" type="float"/>
            </accessor>
          </technique_common>
        </source>
        <source id="RIght_Claw-UV">
          <float_array count="216" id="RIght_Claw-UV-array">0.0 0.8125 0.0625 0.8125 0.0625 1.0 0.0 1.0 0.125 0.8125 0.15625 0.8125 0.15625 1.0 0.125 1.0 0.25 0.875 0.25 1.0 0.21875 1.0 0.21875 0.875 0.125 0.9375 0.15625 0.9375 0.15625 1.0 0.125 1.0 0.125 1.0 0.15625 1.0 0.15625 0.9375 0.125 0.9375 0.125 0.875 0.125 1.0 0.15625 1.0 0.15625 0.875 0.3125 1.0 0.375 1.0 0.375 0.8125 0.3125 0.8125 0.125 1.0 0.15625 1.0 0.15625 0.8125 0.125 0.8125 0.0 0.375 0.0 0.5625 0.0625 0.5625 0.0625 0.375 0.125 1.0 0.15625 1.0 0.15625 0.9375 0.125 0.9375 0.125 1.0 0.15625 1.0 0.15625 0.9375 0.125 0.9375 0.0 0.8125 0.0 1.0 0.03125 1.0 0.03125 0.8125 0.0 0.8125 0.0 1.0 0.03125 1.0 0.03125 0.8125 0.0 1.0 0.03125 1.0 0.03125 0.9375 0.0 0.9375 0.0 1.0 0.03125 1.0 0.03125 0.9375 0.0 0.9375 0.125 0.8125 0.15625 0.8125 0.15625 1.0 0.125 1.0 0.125 0.8125 0.15625 0.8125 0.15625 1.0 0.125 1.0 0.125 0.875 0.15625 0.875 0.15625 0.9375 0.125 0.9375 0.21875 0.375 0.3125 0.375 0.3125 0.5625 0.21875 0.5625 0.5 0.8125 0.5 1.0 0.4375 1.0 0.4375 0.8125 0.15625 0.8125 0.15625 1.0 0.125 1.0 0.125 0.8125 0.125 0.8125 0.15625 0.8125 0.15625 0.9375 0.125 0.9375 0.125 0.9375 0.15625 0.9375 0.15625 0.8125 0.125 0.8125 0.4375 0.8125 0.4375 1.0 0.5 1.0 0.5 0.8125 0.125 0.9375 0.15625 0.9375 0.15625 0.875 0.125 0.875 0.125 1.0 0.15625 1.0 0.15625 0.9375 0.125 0.9375 0.125 1.0 0.15625 1.0 0.15625 0.9375 0.125 0.9375 </float_array>
          <technique_common>
            <accessor count="108" source="#RIght_Claw-UV-array" stride="2">
              <param name="S" type="float"/>
              <param name="T" type="float"/>
            </accessor>
          </technique_common>
        </source>
        <source id="RIght_Claw-Normal">
          <float_array count="18" id="RIght_Claw-Normal-array">-1.0 0.0 0.0 1.0 0.0 0.0 0.0 -1.0 0.0 0.0 1.0 0.0 0.0 0.0 -1.0 0.0 0.0 1.0</float_array>
          <technique_common>
            <accessor count="6" source="#RIght_Claw-Normal-array" stride="3">
              <param name="X" type="float"/>
              <param name="Y" type="float"/>
              <param name="Z" type="float"/>
            </accessor>
          </technique_common>
        </source>
        <vertices id="RIght_Claw-Vertices">
          <input semantic="POSITION" source="#RIght_Claw-Pos"/>
        </vertices>
        <polylist count="27" material="RIght_Claw-Material">
          <input offset="0" semantic="VERTEX" source="#RIght_Claw-Vertices"/>
          <input offset="1" semantic="TEXCOORD" set="0" source="#RIght_Claw-UV"/>
          <input offset="2" semantic="NORMAL" source="#RIght_Claw-Normal"/>
          <vcount>4 4 4 4 4 4 4 4 4 4 4 4 4 4 4 4 4 4 4 4 4 4 4 4 4 4 4 </vcount>
          <p>0 0 0 1 1 0 2 2 0 3 3 0 4 4 0 5 5 0 6 6 0 7 7 0 8 8 0 9 9 0 10 10 0 11 11 0 12 12 0 13 13 0 14 14 0 15 15 0 16 16 1 17 17 1 18 18 1 19 19 1 20 20 1 21 21 1 22 22 1 23 23 1 24 24 1 25 25 1 26 26 1 27 27 1 28 28 1 29 29 1 30 30 1 31 31 1 32 32 2 33 33 2 34 34 2 35 35 2 36 36 2 37 37 2 38 38 2 39 39 2 40 40 2 41 41 2 42 42 2 43 43 2 44 44 2 45 45 2 46 46 2 47 47 2 48 48 2 49 49 2 50 50 2 51 51 2 52 52 2 53 53 2 54 54 2 55 55 2 56 56 2 57 57 2 58 58 2 59 59 2 60 60 3 61 61 3 62 62 3 63 63 3 64 64 3 65 65 3 66 66 3 67 67 3 68 68 3 69 69 3 70 70 3 71 71 3 72 72 3 73 73 3 74 74 3 75 75 3 76 76 4 77 77 4 78 78 4 79 79 4 80 80 4 81 81 4 82 82 4 83 83 4 84 84 4 85 85 4 86 86 4 87 87 4 88 88 5 89 89 5 90 90 5 91 91 5 92 92 5 93 93 5 94 94 5 95 95 5 96 96 5 97 97 5 98 98 5 99 99 5 100 100 5 101 101 5 102 102 5 103 103 5 104 104 5 105 105 5 106 106 5 107 107 5 </p>
        </polylist>
      </mesh>
    </geometry>
    <geometry id="Tail1-Geom" name="Tail1-Geom">
      <mesh>
        <source id="Tail1-Pos">
          <float_array count="348" id="Tail1-Pos-array">-4.0 -1.0 -0.5 -4.0 0.0 -0.5 -4.0 0.0 -3.5 -4.0 -1.0 -3.5 -3.0 -1.0 0.5 -3.0 0.0 0.5 -3.0 0.0 -0.5 -3.0 -1.0 -0.5 -2.0 -1.0 3.5 -2.0 1.0 3.5 -2.0 1.0 0.5 -2.0 -1.0 0.5 -2.0 0.0 0.5 -2.0 1.0 0.5 -2.0 1.0 -0.5 -2.0 0.0 -0.5 -1.0 0.0 -0.5 -1.0 1.0 -0.5 -1.0 1.0 -1.5 -1.0 0.0 -1.5 1.0 0.0 -1.5 1.0 1.0 -1.5 1.0 1.0 -0.5 1.0 0.0 -0.5 2.0 -1.0 0.5 2.0 1.0 0.5 2.0 1.0 3.5 2.0 -1.0 3.5 2.0 0.0 -0.5 2.0 1.0 -0.5 2.0 1.0 0.5 2.0 0.0 0.5 3.0 -1.0 -0.5 3.0 0.0 -0.5 3.0 0.0 0.5 3.0 -1.0 0.5 4.0 -1.0 -3.5 4.0 0.0 -3.5 4.0 0.0 -0.5 4.0 -1.0 -0.5 -4.0 -1.0 -3.5 4.0 -1.0 -3.5 4.0 -1.0 -0.5 -4.0 -1.0 -0.5 -2.0 -1.0 0.5 2.0 -1.0 0.5 2.0 -1.0 3.5 -2.0 -1.0 3.5 -3.0 -1.0 -0.5 3.0 -1.0 -0.5 3.0 -1.0 0.5 -3.0 -1.0 0.5 -4.0 0.0 -1.5 4.0 0.0 -1.5 4.0 0.0 -3.5 -4.0 0.0 -3.5 -4.0 0.0 -0.5 -1.0 0.0 -0.5 -1.0 0.0 -1.5 -4.0 0.0 -1.5 1.0 0.0 -0.5 4.0 0.0 -0.5 4.0 0.0 -1.5 1.0 0.0 -1.5 -3.0 0.0 0.5 -2.0 0.0 0.5 -2.0 0.0 -0.5 -3.0 0.0 -0.5 2.0 0.0 0.5 3.0 0.0 0.5 3.0 0.0 -0.5 2.0 0.0 -0.5 -2.0 1.0 3.5 2.0 1.0 3.5 2.0 1.0 -0.5 -2.0 1.0 -0.5 -1.0 1.0 -0.5 1.0 1.0 -0.5 1.0 1.0 -1.5 -1.0 1.0 -1.5 -4.0 0.0 -3.5 4.0 0.0 -3.5 4.0 -1.0 -3.5 -4.0 -1.0 -3.5 -1.0 1.0 -1.5 1.0 1.0 -1.5 1.0 0.0 -1.5 -1.0 0.0 -1.5 -2.0 1.0 -0.5 -1.0 1.0 -0.5 -1.0 0.0 -0.5 -2.0 0.0 -0.5 1.0 1.0 -0.5 2.0 1.0 -0.5 2.0 0.0 -0.5 1.0 0.0 -0.5 -4.0 -1.0 -0.5 -3.0 -1.0 -0.5 -3.0 0.0 -0.5 -4.0 0.0 -0.5 3.0 -1.0 -0.5 4.0 -1.0 -0.5 4.0 0.0 -0.5 3.0 0.0 -0.5 -3.0 -1.0 0.5 -2.0 -1.0 0.5 -2.0 0.0 0.5 -3.0 0.0 0.5 2.0 -1.0 0.5 3.0 -1.0 0.5 3.0 0.0 0.5 2.0 0.0 0.5 -2.0 -1.0 3.5 2.0 -1.0 3.5 2.0 1.0 3.5 -2.0 1.0 3.5 </float_array>
          <technique_common>
            <accessor count="116" source="#Tail1-Pos-array" stride="3">
              <param name="X" type="float"/>
              <param name="Y" type="float"/>
              <param name="Z" type="float"/>
            </accessor>
          </technique_common>
        </source>
        <source id="Tail1-UV">
          <float_array count="232" id="Tail1-UV-array">0.0 0.90625 0.03125 0.90625 0.03125 1.0 0.0 1.0 0.0 0.96875 0.03125 0.96875 0.03125 1.0 0.0 1.0 0.09375 0.90625 0.15625 0.90625 0.15625 1.0 0.09375 1.0 0.125 0.96875 0.15625 0.96875 0.15625 1.0 0.125 1.0 0.125 0.96875 0.15625 0.96875 0.15625 1.0 0.125 1.0 0.125 1.0 0.15625 1.0 0.15625 0.96875 0.125 0.96875 0.09375 1.0 0.15625 1.0 0.15625 0.90625 0.09375 0.90625 0.125 1.0 0.15625 1.0 0.15625 0.96875 0.125 0.96875 0.0 1.0 0.03125 1.0 0.03125 0.96875 0.0 0.96875 0.0 1.0 0.03125 1.0 0.03125 0.90625 0.0 0.90625 0.3125 0.75 0.3125 1.0 0.40625 1.0 0.40625 0.75 0.46875 0.875 0.46875 1.0 0.5625 1.0 0.5625 0.875 0.0 0.5 0.0 0.6875 0.03125 0.6875 0.03125 0.5 0.375 0.75 0.375 1.0 0.3125 1.0 0.3125 0.75 0.34375 0.90625 0.34375 1.0 0.3125 1.0 0.3125 0.90625 0.34375 0.90625 0.34375 1.0 0.3125 1.0 0.3125 0.90625 0.0 0.96875 0.03125 0.96875 0.03125 1.0 0.0 1.0 0.0 0.96875 0.03125 0.96875 0.03125 1.0 0.0 1.0 0.09375 0.5625 0.21875 0.5625 0.21875 0.6875 0.09375 0.6875 0.125 0.625 0.125 0.6875 0.09375 0.6875 0.09375 0.625 0.34375 0.75 0.34375 1.0 0.3125 1.0 0.3125 0.75 0.125 0.625 0.125 0.6875 0.09375 0.6875 0.09375 0.625 0.125 0.96875 0.15625 0.96875 0.15625 1.0 0.125 1.0 0.125 0.96875 0.15625 0.96875 0.15625 1.0 0.125 1.0 0.0 1.0 0.03125 1.0 0.03125 0.96875 0.0 0.96875 0.0 1.0 0.03125 1.0 0.03125 0.96875 0.0 0.96875 0.0 1.0 0.03125 1.0 0.03125 0.96875 0.0 0.96875 0.0 1.0 0.03125 1.0 0.03125 0.96875 0.0 0.96875 0.46875 0.875 0.46875 1.0 0.53125 1.0 0.53125 0.875 </float_array>
          <technique_common>
            <accessor count="116" source="#Tail1-UV-array" stride="2">
              <param name="S" type="float"/>
              <param name="T" type="float"/>
            </accessor>
          </technique_common>
        </source>
        <source id="Tail1-Normal">
          <float_array count="18" id="Tail1-Normal-array">-1.0 0.0 0.0 1.0 0.0 0.0 0.0 -1.0 0.0 0.0 1.0 0.0 0.0 0.0 -1.0 0.0 0.0 1.0</float_array>
          <technique_common>
            <accessor count="6" source="#Tail1-Normal-array" stride="3">
              <param name="X" type="float"/>
              <param name="Y" type="float"/>
              <param name="Z" type="float"/>
            </accessor>
          </technique_common>
        </source>
        <vertices id="Tail1-Vertices">
          <input semantic="POSITION" source="#Tail1-Pos"/>
        </vertices>
        <polylist count="29" material="Tail1-Material">
          <input offset="0" semantic="VERTEX" source="#Tail1-Vertices"/>
          <input offset="1" semantic="TEXCOORD" set="0" source="#Tail1-UV"/>
          <input offset="2" semantic="NORMAL" source="#Tail1-Normal"/>
          <vcount>4 4 4 4 4 4 4 4 4 4 4 4 4 4 4 4 4 4 4 4 4 4 4 4 4 4 4 4 4 </vcount>
          <p>0 0 0 1 1 0 2 2 0 3 3 0 4 4 0 5 5 0 6 6 0 7 7 0 8 8 0 9 9 0 10 10 0 11 11 0 12 12 0 13 13 0 14 14 0 15 15 0 16 16 0 17 17 0 18 18 0 19 19 0 20 20 1 21 21 1 22 22 1 23 23 1 24 24 1 25 25 1 26 26 1 27 27 1 28 28 1 29 29 1 30 30 1 31 31 1 32 32 1 33 33 1 34 34 1 35 35 1 36 36 1 37 37 1 38 38 1 39 39 1 40 40 2 41 41 2 42 42 2 43 43 2 44 44 2 45 45 2 46 46 2 47 47 2 48 48 2 49 49 2 50 50 2 51 51 2 52 52 3 53 53 3 54 54 3 55 55 3 56 56 3 57 57 3 58 58 3 59 59 3 60 60 3 61 61 3 62 62 3 63 63 3 64 64 3 65 65 3 66 66 3 67 67 3 68 68 3 69 69 3 70 70 3 71 71 3 72 72 3 73 73 3 74 74 3 75 75 3 76 76 3 77 77 3 78 78 3 79 79 3 80 80 4 81 81 4 82 82 4 83 83 4 84 84 4 85 85 4 86 86 4 87 87 4 88 88 4 89 89 4 90 90 4 91 91 4 92 92 4 93 93 4 94 94 4 95 95 4 96 96 5 97 97 5 98 98 5 99 99 5 100 100 5 101 101 5 102 102 5 103 103 5 104 104 5 105 105 5 106 106 5 107 107 5 108 108 5 109 109 5 110 110 5 111 111 5 112 112 5 113 113 5 114 114 5 115 115 5 </p>
        </polylist>
      </mesh>
    </geometry>
    <geometry id="Tail2-Geom" name="Tail2-Geom">
      <mesh>
        <source id="Tail2-Pos">
          <float_array count="408" id="Tail2-Pos-array">-4.5 -0.5 3.4999998 -4.5 0.5 3.4999998 -4.5 0.5 -1.4999999 -4.5 -0.5 -1.4999999 -2.5 -0.5 -0.4999999 -2.5 0.5 -0.4999999 -2.5 0.5 -2.4999998 -2.5 -0.5 -2.4999998 -0.49999997 -0.5 -1.4999999 -0.49999997 0.5 -1.4999999 -0.49999997 0.5 -3.4999998 -0.49999997 -0.5 -3.4999998 1.5000002 -0.5 -1.4999999 1.5000002 0.5 -1.4999999 1.5000002 0.5 -2.4999998 1.5000002 -0.5 -2.4999998 3.5 -0.5 -0.4999999 3.5 0.5 -0.4999999 3.5 0.5 -1.4999999 3.5 -0.5 -1.4999999 -3.5 -0.5 -1.4999999 -3.5 0.5 -1.4999999 -3.5 0.5 -0.4999999 -3.5 -0.5 -0.4999999 -1.4999999 -0.5 -2.4999998 -1.4999999 0.5 -2.4999998 -1.4999999 0.5 -1.4999999 -1.4999999 -0.5 -1.4999999 0.50000024 -0.5 -3.4999998 0.50000024 0.5 -3.4999998 0.50000024 0.5 -1.4999999 0.50000024 -0.5 -1.4999999 2.5 -0.5 -2.4999998 2.5 0.5 -2.4999998 2.5 0.5 -0.4999999 2.5 -0.5 -0.4999999 4.5 -0.5 -1.4999999 4.5 0.5 -1.4999999 4.5 0.5 3.4999998 4.5 -0.5 3.4999998 -4.5 -0.5 -0.4999999 4.5 -0.5 -0.4999999 4.5 -0.5 3.4999998 -4.5 -0.5 3.4999998 -2.5 -0.5 -1.4999999 2.5 -0.5 -1.4999999 2.5 -0.5 -0.4999999 -2.5 -0.5 -0.4999999 -0.49999997 -0.5 -3.4999998 0.50000024 -0.5 -3.4999998 0.50000024 -0.5 -1.4999999 -0.49999997 -0.5 -1.4999999 -2.5 -0.5 -2.4999998 -1.4999999 -0.5 -2.4999998 -1.4999999 -0.5 -1.4999999 -2.5 -0.5 -1.4999999 1.5000002 -0.5 -2.4999998 2.5 -0.5 -2.4999998 2.5 -0.5 -1.4999999 1.5000002 -0.5 -1.4999999 -4.5 -0.5 -1.4999999 -3.5 -0.5 -1.4999999 -3.5 -0.5 -0.4999999 -4.5 -0.5 -0.4999999 3.5 -0.5 -1.4999999 4.5 -0.5 -1.4999999 4.5 -0.5 -0.4999999 3.5 -0.5 -0.4999999 -4.5 0.5 3.4999998 4.5 0.5 3.4999998 4.5 0.5 -0.4999999 -4.5 0.5 -0.4999999 -2.5 0.5 -0.4999999 2.5 0.5 -0.4999999 2.5 0.5 -1.4999999 -2.5 0.5 -1.4999999 -0.49999997 0.5 -1.4999999 0.50000024 0.5 -1.4999999 0.50000024 0.5 -3.4999998 -0.49999997 0.5 -3.4999998 -2.5 0.5 -1.4999999 -1.4999999 0.5 -1.4999999 -1.4999999 0.5 -2.4999998 -2.5 0.5 -2.4999998 1.5000002 0.5 -1.4999999 2.5 0.5 -1.4999999 2.5 0.5 -2.4999998 1.5000002 0.5 -2.4999998 -4.5 0.5 -0.4999999 -3.5 0.5 -0.4999999 -3.5 0.5 -1.4999999 -4.5 0.5 -1.4999999 3.5 0.5 -0.4999999 4.5 0.5 -0.4999999 4.5 0.5 -1.4999999 3.5 0.5 -1.4999999 -0.49999997 0.5 -3.4999998 0.50000024 0.5 -3.4999998 0.50000024 -0.5 -3.4999998 -0.49999997 -0.5 -3.4999998 -2.5 0.5 -2.4999998 -1.4999999 0.5 -2.4999998 -1.4999999 -0.5 -2.4999998 -2.5 -0.5 -2.4999998 1.5000002 0.5 -2.4999998 2.5 0.5 -2.4999998 2.5 -0.5 -2.4999998 1.5000002 -0.5 -2.4999998 -4.5 0.5 -1.4999999 -3.5 0.5 -1.4999999 -3.5 -0.5 -1.4999999 -4.5 -0.5 -1.4999999 -1.4999999 0.5 -1.4999999 -0.49999997 0.5 -1.4999999 -0.49999997 -0.5 -1.4999999 -1.4999999 -0.5 -1.4999999 0.50000024 0.5 -1.4999999 1.5000002 0.5 -1.4999999 1.5000002 -0.5 -1.4999999 0.50000024 -0.5 -1.4999999 3.5 0.5 -1.4999999 4.5 0.5 -1.4999999 4.5 -0.5 -1.4999999 3.5 -0.5 -1.4999999 -3.5 0.5 -0.4999999 -2.5 0.5 -0.4999999 -2.5 -0.5 -0.4999999 -3.5 -0.5 -0.4999999 2.5 0.5 -0.4999999 3.5 0.5 -0.4999999 3.5 -0.5 -0.4999999 2.5 -0.5 -0.4999999 -4.5 -0.5 3.4999998 4.5 -0.5 3.4999998 4.5 0.5 3.4999998 -4.5 0.5 3.4999998 </float_array>
          <technique_common>
            <accessor count="136" source="#Tail2-Pos-array" stride="3">
              <param name="X" type="float"/>
              <param name="Y" type="float"/>
              <param name="Z" type="float"/>
            </accessor>
          </technique_common>
        </source>
        <source id="Tail2-UV">
          <float_array count="272" id="Tail2-UV-array">0.0 0.6875 0.03125 0.6875 0.03125 1.0 0.0 1.0 0.0 0.4375 0.03125 0.4375 0.03125 0.5625 0.0 0.5625 0.0 0.875 0.03125 0.875 0.03125 1.0 0.0 1.0 0.0 0.875 0.03125 0.875 0.03125 0.9375 0.0 0.9375 0.0 0.9375 0.03125 0.9375 0.03125 1.0 0.0 1.0 0.0 1.0 0.03125 1.0 0.03125 0.9375 0.0 0.9375 0.0 0.9375 0.03125 0.9375 0.03125 0.875 0.0 0.875 0.0 1.0 0.03125 1.0 0.03125 0.875 0.0 0.875 0.09375 1.0 0.125 1.0 0.125 0.875 0.09375 0.875 0.0 1.0 0.03125 1.0 0.03125 0.6875 0.0 0.6875 0.34375 0.4375 0.34375 1.0 0.46875 1.0 0.46875 0.4375 0.09375 0.4375 0.09375 0.75 0.125 0.75 0.125 0.4375 0.0 1.0 0.03125 1.0 0.03125 0.875 0.0 0.875 0.09375 1.0 0.125 1.0 0.125 0.9375 0.09375 0.9375 0.09375 1.0 0.125 1.0 0.125 0.9375 0.09375 0.9375 0.0 1.0 0.03125 1.0 0.03125 0.9375 0.0 0.9375 0.0 1.0 0.03125 1.0 0.03125 0.9375 0.0 0.9375 0.46875 0.4375 0.46875 1.0 0.34375 1.0 0.34375 0.4375 0.21875 0.4375 0.21875 0.75 0.1875 0.75 0.1875 0.4375 0.0 0.875 0.03125 0.875 0.03125 1.0 0.0 1.0 0.09375 0.9375 0.125 0.9375 0.125 1.0 0.09375 1.0 0.09375 0.9375 0.125 0.9375 0.125 1.0 0.09375 1.0 0.0 0.9375 0.03125 0.9375 0.03125 1.0 0.0 1.0 0.0 0.9375 0.03125 0.9375 0.03125 1.0 0.0 1.0 0.0 0.9375 0.03125 0.9375 0.03125 1.0 0.0 1.0 0.09375 0.9375 0.125 0.9375 0.125 1.0 0.09375 1.0 0.09375 0.9375 0.125 0.9375 0.125 1.0 0.09375 1.0 0.0 0.9375 0.03125 0.9375 0.03125 1.0 0.0 1.0 0.0 0.9375 0.03125 0.9375 0.03125 1.0 0.0 1.0 0.0 0.9375 0.03125 0.9375 0.03125 1.0 0.0 1.0 0.0 0.9375 0.03125 0.9375 0.03125 1.0 0.0 1.0 0.0 0.9375 0.03125 0.9375 0.03125 1.0 0.0 1.0 0.0 0.9375 0.03125 0.9375 0.03125 1.0 0.0 1.0 0.4375 0.4375 0.4375 1.0 0.46875 1.0 0.46875 0.4375 </float_array>
          <technique_common>
            <accessor count="136" source="#Tail2-UV-array" stride="2">
              <param name="S" type="float"/>
              <param name="T" type="float"/>
            </accessor>
          </technique_common>
        </source>
        <source id="Tail2-Normal">
          <float_array count="18" id="Tail2-Normal-array">-1.0 0.0 0.0 1.0 0.0 0.0 0.0 -1.0 0.0 0.0 1.0 0.0 0.0 0.0 -1.0 0.0 0.0 1.0</float_array>
          <technique_common>
            <accessor count="6" source="#Tail2-Normal-array" stride="3">
              <param name="X" type="float"/>
              <param name="Y" type="float"/>
              <param name="Z" type="float"/>
            </accessor>
          </technique_common>
        </source>
        <vertices id="Tail2-Vertices">
          <input semantic="POSITION" source="#Tail2-Pos"/>
        </vertices>
        <polylist count="34" material="Tail2-Material">
          <input offset="0" semantic="VERTEX" source="#Tail2-Vertices"/>
          <input offset="1" semantic="TEXCOORD" set="0" source="#Tail2-UV"/>
          <input offset="2" semantic="NORMAL" source="#Tail2-Normal"/>
          <vcount>4 4 4 4 4 4 4 4 4 4 4 4 4 4 4 4 4 4 4 4 4 4 4 4 4 4 4 4 4 4 4 4 4 4 </vcount>
          <p>0 0 0 1 1 0 2 2 0 3 3 0 4 4 0 5 5 0 6 6 0 7 7 0 8 8 0 9 9 0 10 10 0 11 11 0 12 12 0 13 13 0 14 14 0 15 15 0 16 16 0 17 17 0 18 18 0 19 19 0 20 20 1 21 21 1 22 22 1 23 23 1 24 24 1 25 25 1 26 26 1 27 27 1 28 28 1 29 29 1 30 30 1 31 31 1 32 32 1 33 33 1 34 34 1 35 35 1 36 36 1 37 37 1 38 38 1 39 39 1 40 40 2 41 41 2 42 42 2 43 43 2 44 44 2 45 45 2 46 46 2 47 47 2 48 48 2 49 49 2 50 50 2 51 51 2 52 52 2 53 53 2 54 54 2 55 55 2 56 56 2 57 57 2 58 58 2 59 59 2 60 60 2 61 61 2 62 62 2 63 63 2 64 64 2 65 65 2 66 66 2 67 67 2 68 68 3 69 69 3 70 70 3 71 71 3 72 72 3 73 73 3 74 74 3 75 75 3 76 76 3 77 77 3 78 78 3 79 79 3 80 80 3 81 81 3 82 82 3 83 83 3 84 84 3 85 85 3 86 86 3 87 87 3 88 88 3 89 89 3 90 90 3 91 91 3 92 92 3 93 93 3 94 94 3 95 95 3 96 96 4 97 97 4 98 98 4 99 99 4 100 100 4 101 101 4 102 102 4 103 103 4 104 104 4 105 105 4 106 106 4 107 107 4 108 108 4 109 109 4 110 110 4 111 111 4 112 112 4 113 113 4 114 114 4 115 115 4 116 116 4 117 117 4 118 118 4 119 119 4 120 120 4 121 121 4 122 122 4 123 123 4 124 124 4 125 125 4 126 126 4 127 127 4 128 128 4 129 129 4 130 130 4 131 131 4 132 132 5 133 133 5 134 134 5 135 135 5 </p>
        </polylist>
      </mesh>
    </geometry>
    <geometry id="Left_Claw-Geom" name="Left_Claw-Geom">
      <mesh>
        <source id="Left_Claw-Pos">
          <float_array count="324" id="Left_Claw-Pos-array">-1.4999999 0.5000001 1.0000001 -1.4999999 2.5 1.0000001 -1.4999999 2.5 -2.0 -1.4999999 0.5000001 -2.0 -1.4999999 -2.5 2.0 -1.4999999 -1.5 2.0 -1.4999999 -1.5 -1.0 -1.4999999 -2.5 -1.0 -0.5 -1.5 0.0 -0.5 0.5000001 0.0 -0.5 0.5000001 -1.0 -0.5 -1.5 -1.0 0.4999999 -2.5 2.0 0.4999999 -1.5 2.0 0.4999999 -1.5 1.0000001 0.4999999 -2.5 1.0000001 -0.5 -2.5 1.0000001 -0.5 -1.5 1.0000001 -0.5 -1.5 2.0 -0.5 -2.5 2.0 0.4999999 -1.5 -1.0 0.4999999 0.5000001 -1.0 0.4999999 0.5000001 0.0 0.4999999 -1.5 0.0 1.4999999 0.5000001 -2.0 1.4999999 2.5 -2.0 1.4999999 2.5 1.0000001 1.4999999 0.5000001 1.0000001 1.4999999 -2.5 -1.0 1.4999999 -1.5 -1.0 1.4999999 -1.5 2.0 1.4999999 -2.5 2.0 -1.4999999 -2.5 -1.0 1.4999999 -2.5 -1.0 1.4999999 -2.5 1.0000001 -1.4999999 -2.5 1.0000001 -1.4999999 -2.5 1.0000001 -0.5 -2.5 1.0000001 -0.5 -2.5 2.0 -1.4999999 -2.5 2.0 0.4999999 -2.5 1.0000001 1.4999999 -2.5 1.0000001 1.4999999 -2.5 2.0 0.4999999 -2.5 2.0 -1.4999999 0.5000001 -2.0 1.4999999 0.5000001 -2.0 1.4999999 0.5000001 -1.0 -1.4999999 0.5000001 -1.0 -1.4999999 0.5000001 0.0 1.4999999 0.5000001 0.0 1.4999999 0.5000001 1.0000001 -1.4999999 0.5000001 1.0000001 -1.4999999 0.5000001 -1.0 -0.5 0.5000001 -1.0 -0.5 0.5000001 0.0 -1.4999999 0.5000001 0.0 0.4999999 0.5000001 -1.0 1.4999999 0.5000001 -1.0 1.4999999 0.5000001 0.0 0.4999999 0.5000001 0.0 -1.4999999 -1.5 2.0 -0.5 -1.5 2.0 -0.5 -1.5 -1.0 -1.4999999 -1.5 -1.0 0.4999999 -1.5 2.0 1.4999999 -1.5 2.0 1.4999999 -1.5 -1.0 0.4999999 -1.5 -1.0 -0.5 -1.5 1.0000001 0.4999999 -1.5 1.0000001 0.4999999 -1.5 0.0 -0.5 -1.5 0.0 -1.4999999 2.5 1.0000001 1.4999999 2.5 1.0000001 1.4999999 2.5 -2.0 -1.4999999 2.5 -2.0 -1.4999999 2.5 -2.0 1.4999999 2.5 -2.0 1.4999999 0.5000001 -2.0 -1.4999999 0.5000001 -2.0 -1.4999999 -1.5 -1.0 1.4999999 -1.5 -1.0 1.4999999 -2.5 -1.0 -1.4999999 -2.5 -1.0 -0.5 0.5000001 -1.0 0.4999999 0.5000001 -1.0 0.4999999 -1.5 -1.0 -0.5 -1.5 -1.0 -0.5 -1.5 0.0 0.4999999 -1.5 0.0 0.4999999 0.5000001 0.0 -0.5 0.5000001 0.0 -1.4999999 0.5000001 1.0000001 1.4999999 0.5000001 1.0000001 1.4999999 2.5 1.0000001 -1.4999999 2.5 1.0000001 -0.5 -2.5 1.0000001 0.4999999 -2.5 1.0000001 0.4999999 -1.5 1.0000001 -0.5 -1.5 1.0000001 -1.4999999 -2.5 2.0 -0.5 -2.5 2.0 -0.5 -1.5 2.0 -1.4999999 -1.5 2.0 0.4999999 -2.5 2.0 1.4999999 -2.5 2.0 1.4999999 -1.5 2.0 0.4999999 -1.5 2.0 </float_array>
          <technique_common>
            <accessor count="108" source="#Left_Claw-Pos-array" stride="3">
              <param name="X" type="float"/>
              <param name="Y" type="float"/>
              <param name="Z" type="float"/>
            </accessor>
          </technique_common>
        </source>
        <source id="Left_Claw-UV">
          <float_array count="216" id="Left_Claw-UV-array">0.0 0.8125 0.0625 0.8125 0.0625 1.0 0.0 1.0 0.125 0.8125 0.15625 0.8125 0.15625 1.0 0.125 1.0 0.25 0.875 0.25 1.0 0.21875 1.0 0.21875 0.875 0.125 0.9375 0.15625 0.9375 0.15625 1.0 0.125 1.0 0.125 1.0 0.15625 1.0 0.15625 0.9375 0.125 0.9375 0.125 0.875 0.125 1.0 0.15625 1.0 0.15625 0.875 0.3125 1.0 0.375 1.0 0.375 0.8125 0.3125 0.8125 0.125 1.0 0.15625 1.0 0.15625 0.8125 0.125 0.8125 0.0 0.375 0.0 0.5625 0.0625 0.5625 0.0625 0.375 0.125 1.0 0.15625 1.0 0.15625 0.9375 0.125 0.9375 0.125 1.0 0.15625 1.0 0.15625 0.9375 0.125 0.9375 0.0 0.8125 0.0 1.0 0.03125 1.0 0.03125 0.8125 0.0 0.8125 0.0 1.0 0.03125 1.0 0.03125 0.8125 0.0 1.0 0.03125 1.0 0.03125 0.9375 0.0 0.9375 0.0 1.0 0.03125 1.0 0.03125 0.9375 0.0 0.9375 0.125 0.8125 0.15625 0.8125 0.15625 1.0 0.125 1.0 0.125 0.8125 0.15625 0.8125 0.15625 1.0 0.125 1.0 0.125 0.875 0.15625 0.875 0.15625 0.9375 0.125 0.9375 0.21875 0.375 0.3125 0.375 0.3125 0.5625 0.21875 0.5625 0.5 0.8125 0.5 1.0 0.4375 1.0 0.4375 0.8125 0.15625 0.8125 0.15625 1.0 0.125 1.0 0.125 0.8125 0.125 0.8125 0.15625 0.8125 0.15625 0.9375 0.125 0.9375 0.125 0.9375 0.15625 0.9375 0.15625 0.8125 0.125 0.8125 0.4375 0.8125 0.4375 1.0 0.5 1.0 0.5 0.8125 0.125 0.9375 0.15625 0.9375 0.15625 0.875 0.125 0.875 0.125 1.0 0.15625 1.0 0.15625 0.9375 0.125 0.9375 0.125 1.0 0.15625 1.0 0.15625 0.9375 0.125 0.9375 </float_array>
          <technique_common>
            <accessor count="108" source="#Left_Claw-UV-array" stride="2">
              <param name="S" type="float"/>
              <param name="T" type="float"/>
            </accessor>
          </technique_common>
        </source>
        <source id="Left_Claw-Normal">
          <float_array count="18" id="Left_Claw-Normal-array">-1.0 0.0 0.0 1.0 0.0 0.0 0.0 -1.0 0.0 0.0 1.0 0.0 0.0 0.0 -1.0 0.0 0.0 1.0</float_array>
          <technique_common>
            <accessor count="6" source="#Left_Claw-Normal-array" stride="3">
              <param name="X" type="float"/>
              <param name="Y" type="float"/>
              <param name="Z" type="float"/>
            </accessor>
          </technique_common>
        </source>
        <vertices id="Left_Claw-Vertices">
          <input semantic="POSITION" source="#Left_Claw-Pos"/>
        </vertices>
        <polylist count="27" material="Left_Claw-Material">
          <input offset="0" semantic="VERTEX" source="#Left_Claw-Vertices"/>
          <input offset="1" semantic="TEXCOORD" set="0" source="#Left_Claw-UV"/>
          <input offset="2" semantic="NORMAL" source="#Left_Claw-Normal"/>
          <vcount>4 4 4 4 4 4 4 4 4 4 4 4 4 4 4 4 4 4 4 4 4 4 4 4 4 4 4 </vcount>
          <p>0 0 0 1 1 0 2 2 0 3 3 0 4 4 0 5 5 0 6 6 0 7 7 0 8 8 0 9 9 0 10 10 0 11 11 0 12 12 0 13 13 0 14 14 0 15 15 0 16 16 1 17 17 1 18 18 1 19 19 1 20 20 1 21 21 1 22 22 1 23 23 1 24 24 1 25 25 1 26 26 1 27 27 1 28 28 1 29 29 1 30 30 1 31 31 1 32 32 2 33 33 2 34 34 2 35 35 2 36 36 2 37 37 2 38 38 2 39 39 2 40 40 2 41 41 2 42 42 2 43 43 2 44 44 2 45 45 2 46 46 2 47 47 2 48 48 2 49 49 2 50 50 2 51 51 2 52 52 2 53 53 2 54 54 2 55 55 2 56 56 2 57 57 2 58 58 2 59 59 2 60 60 3 61 61 3 62 62 3 63 63 3 64 64 3 65 65 3 66 66 3 67 67 3 68 68 3 69 69 3 70 70 3 71 71 3 72 72 3 73 73 3 74 74 3 75 75 3 76 76 4 77 77 4 78 78 4 79 79 4 80 80 4 81 81 4 82 82 4 83 83 4 84 84 4 85 85 4 86 86 4 87 87 4 88 88 5 89 89 5 90 90 5 91 91 5 92 92 5 93 93 5 94 94 5 95 95 5 96 96 5 97 97 5 98 98 5 99 99 5 100 100 5 101 101 5 102 102 5 103 103 5 104 104 5 105 105 5 106 106 5 107 107 5 </p>
        </polylist>
      </mesh>
    </geometry>
  </library_geometries>
  <library_animations>
    <animation id="Controller-global-anim" name="Controller-global-anim">
      <animation>
        <source id="Controller-global-anim-inSource-TIME">
          <float_array count="25" id="Controller-global-anim-inSource-TIME-array">0.0 0.041666668 0.083333336 0.125 0.16666667 0.20833333 0.25 0.29166666 0.33333334 0.375 0.41666666 0.45833334 0.5 0.5416667 0.5833333 0.625 0.6666667 0.7083333 0.75 0.7916667 0.8333333 0.875 0.9166667 0.9583333 1.0 </float_array>
          <technique_common>
            <accessor count="25" source="#Controller-global-anim-inSource-TIME-array">
              <param name="TIME" type="float"/>
            </accessor>
          </technique_common>
        </source>
        <source id="Controller-global-anim-interpolation">
          <Name_array count="25" id="Controller-global-anim-interpolation-array">LINEAR LINEAR LINEAR LINEAR LINEAR LINEAR LINEAR LINEAR LINEAR LINEAR LINEAR LINEAR LINEAR LINEAR LINEAR LINEAR LINEAR LINEAR LINEAR LINEAR LINEAR LINEAR LINEAR LINEAR LINEAR </Name_array>
          <technique_common>
            <accessor count="25" source="#Controller-global-anim-interpolation-array">
              <param type="name"/>
            </accessor>
          </technique_common>
        </source>
        <source id="Controller-global-anim-outSource-global">
          <float_array count="400" id="Controller-global-anim-outSource-global-array">-1.0 0.0 3.8941437E-7 0.0 0.0 1.0 0.0 9.222222 -3.8941437E-7 0.0 -1.0 0.0 0.0 0.0 0.0 1.0 -0.96592593 0.0 -0.25881866 0.0 0.0 1.0 0.0 9.222222 0.25881866 0.0 -0.96592593 0.0 0.0 0.0 0.0 1.0 -0.86602557 0.0 -0.49999967 0.0 0.0 1.0 0.0 9.222222 0.49999967 0.0 -0.86602557 0.0 0.0 0.0 0.0 1.0 -0.7071071 0.0 -0.70710665 0.0 0.0 1.0000001 0.0 9.222222 0.70710665 0.0 -0.7071071 0.0 0.0 0.0 0.0 1.0 -0.5000004 0.0 -0.8660254 0.0 0.0 1.0000002 0.0 9.222223 0.8660254 0.0 -0.5000004 0.0 0.0 0.0 0.0 1.0 -0.25881934 0.0 -0.96592575 0.0 0.0 1.0 0.0 9.222223 0.96592575 0.0 -0.25881934 0.0 0.0 0.0 0.0 1.0 -4.172325E-7 0.0 -1.0 0.0 0.0 1.0 0.0 9.222223 1.0 0.0 -4.172325E-7 0.0 0.0 0.0 0.0 1.0 0.25881875 0.0 -0.96592593 0.0 0.0 1.0 0.0 9.222223 0.96592593 0.0 0.25881875 0.0 0.0 0.0 0.0 1.0 0.49999994 0.0 -0.8660255 0.0 0.0 1.0 0.0 9.222223 0.8660255 0.0 0.49999994 0.0 0.0 0.0 0.0 1.0 0.7071067 0.0 -0.7071072 0.0 0.0 1.0000002 0.0 9.222223 0.7071072 0.0 0.7071067 0.0 0.0 0.0 0.0 1.0 0.8660254 0.0 -0.50000036 0.0 0.0 1.0000001 0.0 9.222223 0.50000036 0.0 0.8660254 0.0 0.0 0.0 0.0 1.0 0.9659257 0.0 -0.25881937 0.0 0.0 1.0 0.0 9.222223 0.25881937 0.0 0.9659257 0.0 0.0 0.0 0.0 1.0 1.0 0.0 -4.172325E-7 0.0 0.0 1.0 0.0 9.222223 4.172325E-7 0.0 1.0 0.0 0.0 0.0 0.0 1.0 0.96592605 0.0 0.25881857 0.0 0.0 1.0000001 0.0 9.222223 -0.25881857 0.0 0.96592605 0.0 0.0 0.0 0.0 1.0 0.8660257 0.0 0.4999997 0.0 0.0 1.0000001 0.0 9.222223 -0.4999997 0.0 0.8660257 0.0 0.0 0.0 0.0 1.0 0.70710707 0.0 0.70710653 0.0 0.0 1.0 0.0 9.222223 -0.70710653 0.0 0.70710707 0.0 0.0 0.0 0.0 1.0 0.50000036 0.0 0.86602515 0.0 0.0 1.0 0.0 9.222223 -0.86602515 0.0 0.50000036 0.0 0.0 0.0 0.0 1.0 0.29028514 0.0 0.9569404 0.0 0.0 1.0000002 0.0 9.222223 -0.9569404 0.0 0.29028514 0.0 0.0 0.0 0.0 1.0 0.06540358 0.0 0.99785894 0.0 0.0 1.0 0.0 9.222223 -0.99785894 0.0 0.06540358 0.0 0.0 0.0 0.0 1.0 -0.16289502 0.0 0.98664355 0.0 0.0 1.0000002 0.0 9.222223 -0.98664355 0.0 -0.16289502 0.0 0.0 0.0 0.0 1.0 -0.382683 0.0 0.92387986 0.0 0.0 1.0000001 0.0 9.222223 -0.92387986 0.0 -0.382683 0.0 0.0 0.0 0.0 1.0 -0.58247733 0.0 0.812847 0.0 0.0 1.0000001 0.0 9.222223 -0.812847 0.0 -0.58247733 0.0 0.0 0.0 0.0 1.0 -0.7518394 0.0 0.6593462 0.0 0.0 1.0 0.0 9.222223 -0.6593462 0.0 -0.7518394 0.0 0.0 0.0 0.0 1.0 -0.8819211 0.0 0.47139737 0.0 0.0 1.0000001 0.0 9.222223 -0.47139737 0.0 -0.8819211 0.0 0.0 0.0 0.0 1.0 -0.9659257 0.0 0.2588196 0.0 0.0 1.0 0.0 9.222223 -0.2588196 0.0 -0.9659257 0.0 0.0 0.0 0.0 1.0 </float_array>
          <technique_common>
            <accessor count="25" source="#Controller-global-anim-outSource-global-array" stride="16">
              <param type="float4x4"/>
            </accessor>
          </technique_common>
        </source>
        <sampler id="Controller-global-anim-globalSampler">
          <input semantic="INPUT" source="#Controller-global-anim-inSource-TIME"/>
          <input semantic="OUTPUT" source="#Controller-global-anim-outSource-global"/>
          <input semantic="INTERPOLATION" source="#Controller-global-anim-interpolation"/>
        </sampler>
        <channel source="#Controller-global-anim-globalSampler" target="Controller-global/matrix"/>
      </animation>
    </animation>
    <animation id="Controller-local-anim" name="Controller-local-anim">
      <animation>
        <source id="Controller-local-anim-inSource-TIME">
          <float_array count="25" id="Controller-local-anim-inSource-TIME-array">0.0 0.041666668 0.083333336 0.125 0.16666667 0.20833333 0.25 0.29166666 0.33333334 0.375 0.41666666 0.45833334 0.5 0.5416667 0.5833333 0.625 0.6666667 0.7083333 0.75 0.7916667 0.8333333 0.875 0.9166667 0.9583333 1.0 </float_array>
          <technique_common>
            <accessor count="25" source="#Controller-local-anim-inSource-TIME-array">
              <param name="TIME" type="float"/>
            </accessor>
          </technique_common>
        </source>
        <source id="Controller-local-anim-interpolation">
          <Name_array count="25" id="Controller-local-anim-interpolation-array">LINEAR LINEAR LINEAR LINEAR LINEAR LINEAR LINEAR LINEAR LINEAR LINEAR LINEAR LINEAR LINEAR LINEAR LINEAR LINEAR LINEAR LINEAR LINEAR LINEAR LINEAR LINEAR LINEAR LINEAR LINEAR </Name_array>
          <technique_common>
            <accessor count="25" source="#Controller-local-anim-interpolation-array">
              <param type="name"/>
            </accessor>
          </technique_common>
        </source>
        <source id="Controller-local-anim-outSource-local">
          <float_array count="400" id="Controller-local-anim-outSource-local-array">1.0 0.0 0.0 0.0 0.0 1.0 0.0 0.0 0.0 0.0 1.0 0.0 0.0 0.0 0.0 1.0 1.0 0.0 0.0 0.0 0.0 1.0 0.0 0.0 0.0 0.0 1.0 0.0 0.0 0.0 0.0 1.0 1.0 0.0 0.0 0.0 0.0 1.0 0.0 0.0 0.0 0.0 1.0 0.0 0.0 0.0 0.0 1.0 1.0 0.0 0.0 0.0 0.0 1.0 0.0 0.0 0.0 0.0 1.0 0.0 0.0 0.0 0.0 1.0 1.0 0.0 0.0 0.0 0.0 1.0 0.0 0.0 0.0 0.0 1.0 0.0 0.0 0.0 0.0 1.0 1.0 0.0 0.0 0.0 0.0 1.0 0.0 0.0 0.0 0.0 1.0 0.0 0.0 0.0 0.0 1.0 1.0 0.0 0.0 0.0 0.0 1.0 0.0 0.0 0.0 0.0 1.0 0.0 0.0 0.0 0.0 1.0 1.0 0.0 0.0 0.0 0.0 1.0 0.0 0.0 0.0 0.0 1.0 0.0 0.0 0.0 0.0 1.0 1.0 0.0 0.0 0.0 0.0 1.0 0.0 0.0 0.0 0.0 1.0 0.0 0.0 0.0 0.0 1.0 1.0 0.0 0.0 0.0 0.0 1.0 0.0 0.0 0.0 0.0 1.0 0.0 0.0 0.0 0.0 1.0 1.0 0.0 0.0 0.0 0.0 1.0 0.0 0.0 0.0 0.0 1.0 0.0 0.0 0.0 0.0 1.0 1.0 0.0 0.0 0.0 0.0 1.0 0.0 0.0 0.0 0.0 1.0 0.0 0.0 0.0 0.0 1.0 1.0 0.0 0.0 0.0 0.0 1.0 0.0 0.0 0.0 0.0 1.0 0.0 0.0 0.0 0.0 1.0 1.0 0.0 0.0 0.0 0.0 1.0 0.0 0.0 0.0 0.0 1.0 0.0 0.0 0.0 0.0 1.0 1.0 0.0 0.0 0.0 0.0 1.0 0.0 0.0 0.0 0.0 1.0 0.0 0.0 0.0 0.0 1.0 1.0 0.0 0.0 0.0 0.0 1.0 0.0 0.0 0.0 0.0 1.0 0.0 0.0 0.0 0.0 1.0 1.0 0.0 0.0 0.0 0.0 1.0 0.0 0.0 0.0 0.0 1.0 0.0 0.0 0.0 0.0 1.0 1.0 0.0 0.0 0.0 0.0 1.0 0.0 0.0 0.0 0.0 1.0 0.0 0.0 0.0 0.0 1.0 1.0 0.0 0.0 0.0 0.0 1.0 0.0 0.0 0.0 0.0 1.0 0.0 0.0 0.0 0.0 1.0 1.0 0.0 0.0 0.0 0.0 1.0 0.0 0.0 0.0 0.0 1.0 0.0 0.0 0.0 0.0 1.0 1.0 0.0 0.0 0.0 0.0 1.0 0.0 0.0 0.0 0.0 1.0 0.0 0.0 0.0 0.0 1.0 1.0 0.0 0.0 0.0 0.0 1.0 0.0 0.0 0.0 0.0 1.0 0.0 0.0 0.0 0.0 1.0 1.0 0.0 0.0 0.0 0.0 1.0 0.0 0.0 0.0 0.0 1.0 0.0 0.0 0.0 0.0 1.0 1.0 0.0 0.0 0.0 0.0 1.0 0.0 0.0 0.0 0.0 1.0 0.0 0.0 0.0 0.0 1.0 1.0 0.0 0.0 0.0 0.0 1.0 0.0 0.0 0.0 0.0 1.0 0.0 0.0 0.0 0.0 1.0 </float_array>
          <technique_common>
            <accessor count="25" source="#Controller-local-anim-outSource-local-array" stride="16">
              <param type="float4x4"/>
            </accessor>
          </technique_common>
        </source>
        <sampler id="Controller-local-anim-localSampler">
          <input semantic="INPUT" source="#Controller-local-anim-inSource-TIME"/>
          <input semantic="OUTPUT" source="#Controller-local-anim-outSource-local"/>
          <input semantic="INTERPOLATION" source="#Controller-local-anim-interpolation"/>
        </sampler>
        <channel source="#Controller-local-anim-localSampler" target="Controller-local/matrix"/>
      </animation>
    </animation>
    <animation id="Body-global-anim" name="Body-global-anim">
      <animation>
        <source id="Body-global-anim-inSource-TIME">
          <float_array count="25" id="Body-global-anim-inSource-TIME-array">0.0 0.041666668 0.083333336 0.125 0.16666667 0.20833333 0.25 0.29166666 0.33333334 0.375 0.41666666 0.45833334 0.5 0.5416667 0.5833333 0.625 0.6666667 0.7083333 0.75 0.7916667 0.8333333 0.875 0.9166667 0.9583333 1.0 </float_array>
          <technique_common>
            <accessor count="25" source="#Body-global-anim-inSource-TIME-array">
              <param name="TIME" type="float"/>
            </accessor>
          </technique_common>
        </source>
        <source id="Body-global-anim-interpolation">
          <Name_array count="25" id="Body-global-anim-interpolation-array">LINEAR LINEAR LINEAR LINEAR LINEAR LINEAR LINEAR LINEAR LINEAR LINEAR LINEAR LINEAR LINEAR LINEAR LINEAR LINEAR LINEAR LINEAR LINEAR LINEAR LINEAR LINEAR LINEAR LINEAR LINEAR </Name_array>
          <technique_common>
            <accessor count="25" source="#Body-global-anim-interpolation-array">
              <param type="name"/>
            </accessor>
          </technique_common>
        </source>
        <source id="Body-global-anim-outSource-global">
          <float_array count="400" id="Body-global-anim-outSource-global-array">1.0 0.0 0.0 0.0 0.0 -0.0871557 -0.9961947 0.0 0.0 0.9961947 -0.0871557 0.0 0.0 0.0 0.0 1.0 1.0 -1.291206E-6 5.682896E-5 0.0 5.647802E-5 -0.09063721 -0.995884 0.0 6.4367123E-6 0.995884 -0.09063721 0.0 0.0 0.0 0.0 1.0 1.0 -3.9728984E-6 2.2733808E-4 0.0 2.2577227E-4 -0.10107505 -0.9948788 0.0 2.6930764E-5 0.9948788 -0.10107505 0.0 0.0 0.0 0.0 1.0 1.0 -4.468806E-6 5.115524E-4 0.0 5.07422E-4 -0.11844626 -0.99296045 0.0 6.502877E-5 0.9929606 -0.11844614 0.0 0.0 0.0 0.0 1.0 0.99999976 3.181398E-6 9.093743E-4 0.0 9.005213E-4 -0.14270389 -0.98976517 0.0 1.2662238E-4 0.9897655 -0.14270377 0.0 0.0 0.0 0.0 1.0 0.99999917 2.0562089E-5 0.0013068898 0.0 0.0012919958 -0.16687596 -0.98597705 0.0 1.9781478E-4 0.9859779 -0.16687584 0.0 0.0 0.0 0.0 1.0 0.9999988 3.892876E-5 0.0015905104 0.0 0.0015704962 -0.18408152 -0.9829098 0.0 2.5452016E-4 0.9829111 -0.1840814 0.0 0.0 0.0 0.0 1.0 0.99999857 5.2327E-5 0.001760513 0.0 0.0017371054 -0.19437805 -0.9809252 0.0 2.908763E-4 0.98092675 -0.19437793 0.0 0.0 0.0 0.0 1.0 0.99999833 5.7189085E-5 0.0018171482 0.0 0.0017925559 -0.19780564 -0.9802396 0.0 3.0338304E-4 0.9802413 -0.1978054 0.0 0.0 0.0 0.0 1.0 0.99999654 4.7553913E-5 0.0027300203 0.0 0.0026884987 -0.19171134 -0.98144794 0.0 4.767041E-4 0.98145163 -0.19171074 0.0 0.0 0.0 0.0 1.0 0.99998534 -1.5380094E-5 0.0054680137 0.0 0.0053825295 -0.17338479 -0.98483974 0.0 9.632169E-4 0.9848544 -0.17338204 0.0 0.0 0.0 0.0 1.0 0.9999497 -2.3363577E-4 0.010027099 0.0 0.009891126 -0.14271018 -0.98971516 0.0 0.0016622017 0.9897645 -0.14270064 0.0 0.0 0.0 0.0 1.0 0.9998653 -7.768492E-4 0.016393377 0.0 0.016234638 -0.0995436 -0.99490064 0.0 0.0024047433 0.99503285 -0.09951761 0.0 0.0 0.0 0.0 1.0 0.99974054 -0.0015963456 0.022729356 0.0 0.022603787 -0.056193054 -0.9981641 0.0 0.0028706463 0.99841875 -0.05614239 0.0 0.0 0.0 0.0 1.0 0.9996264 -0.002349995 0.0272297 0.0 0.027162045 -0.02516213 -0.99931425 0.0 0.003033542 0.9996806 -0.025088936 0.0 0.0 0.0 0.0 1.0 0.9995482 -0.002869159 0.029917646 0.0 0.029898398 -0.006531805 -0.9995316 0.0 0.0030632326 0.9999746 -0.006443113 0.0 0.0 0.0 0.0 1.0 0.99952054 -0.0030533383 0.030811368 0.0 0.030810531 -3.2123923E-4 -0.9995252 0.0 0.0030617844 0.99999523 -2.2700429E-4 0.0 0.0 0.0 0.0 1.0 0.9995502 -0.0029174257 0.029853383 0.0 0.029844517 -0.003036648 -0.99955004 0.0 0.0030067656 0.99999124 -0.0029481947 0.0 0.0 0.0 0.0 1.0 0.99963295 -0.002525311 0.026977083 0.0 0.02694725 -0.01118353 -0.99957436 0.0 0.0028259344 0.9999344 -0.011111289 0.0 0.0 0.0 0.0 1.0 0.9997524 -0.0019239308 0.02217596 0.0 0.022121571 -0.024761885 -0.9994487 0.0 0.002471988 0.99969167 -0.024713248 0.0 0.0 0.0 0.0 1.0 0.9998802 -0.0011916952 0.015440746 0.0 0.015373808 -0.043768167 -0.99892354 0.0 0.0018662242 0.9990411 -0.043744564 0.0 0.0 0.0 0.0 1.0 0.9999622 -5.8771065E-4 0.008692111 0.0 0.008638091 -0.06276289 -0.99799114 0.0 0.001132072 0.99802834 -0.062755495 0.0 0.0 0.0 0.0 1.0 0.9999926 -2.3495255E-4 0.0038649624 0.0 0.0038357587 -0.076319486 -0.99707615 0.0 5.292373E-4 0.99708354 -0.076317936 0.0 0.0 0.0 0.0 1.0 0.99999964 -5.479838E-5 9.664803E-4 0.0 9.584004E-4 -0.084447384 -0.99642754 0.0 1.3621937E-4 0.996428 -0.084447384 0.0 0.0 0.0 0.0 1.0 1.0 0.0 0.0 0.0 0.0 -0.0871557 -0.9961947 0.0 0.0 0.9961947 -0.0871557 0.0 0.0 0.0 0.0 1.0 </float_array>
          <technique_common>
            <accessor count="25" source="#Body-global-anim-outSource-global-array" stride="16">
              <param type="float4x4"/>
            </accessor>
          </technique_common>
        </source>
        <sampler id="Body-global-anim-globalSampler">
          <input semantic="INPUT" source="#Body-global-anim-inSource-TIME"/>
          <input semantic="OUTPUT" source="#Body-global-anim-outSource-global"/>
          <input semantic="INTERPOLATION" source="#Body-global-anim-interpolation"/>
        </sampler>
        <channel source="#Body-global-anim-globalSampler" target="Body-global/matrix"/>
      </animation>
    </animation>
    <animation id="Body-local-anim" name="Body-local-anim">
      <animation>
        <source id="Body-local-anim-inSource-TIME">
          <float_array count="25" id="Body-local-anim-inSource-TIME-array">0.0 0.041666668 0.083333336 0.125 0.16666667 0.20833333 0.25 0.29166666 0.33333334 0.375 0.41666666 0.45833334 0.5 0.5416667 0.5833333 0.625 0.6666667 0.7083333 0.75 0.7916667 0.8333333 0.875 0.9166667 0.9583333 1.0 </float_array>
          <technique_common>
            <accessor count="25" source="#Body-local-anim-inSource-TIME-array">
              <param name="TIME" type="float"/>
            </accessor>
          </technique_common>
        </source>
        <source id="Body-local-anim-interpolation">
          <Name_array count="25" id="Body-local-anim-interpolation-array">LINEAR LINEAR LINEAR LINEAR LINEAR LINEAR LINEAR LINEAR LINEAR LINEAR LINEAR LINEAR LINEAR LINEAR LINEAR LINEAR LINEAR LINEAR LINEAR LINEAR LINEAR LINEAR LINEAR LINEAR LINEAR </Name_array>
          <technique_common>
            <accessor count="25" source="#Body-local-anim-interpolation-array">
              <param type="name"/>
            </accessor>
          </technique_common>
        </source>
        <source id="Body-local-anim-outSource-local">
          <float_array count="400" id="Body-local-anim-outSource-local-array">1.0 0.0 0.0 -0.49999988 0.0 1.0 0.0 0.0 0.0 0.0 1.0 -0.49999952 0.0 0.0 0.0 1.0 1.0 0.0 0.0 -0.49999988 0.0 1.0 0.0 0.0 0.0 0.0 1.0 -0.49999952 0.0 0.0 0.0 1.0 1.0 0.0 0.0 -0.49999988 0.0 1.0 0.0 0.0 0.0 0.0 1.0 -0.49999952 0.0 0.0 0.0 1.0 1.0 0.0 0.0 -0.49999988 0.0 1.0 0.0 0.0 0.0 0.0 1.0 -0.49999952 0.0 0.0 0.0 1.0 1.0 0.0 0.0 -0.49999988 0.0 1.0 0.0 0.0 0.0 0.0 1.0 -0.49999952 0.0 0.0 0.0 1.0 1.0 0.0 0.0 -0.49999988 0.0 1.0 0.0 0.0 0.0 0.0 1.0 -0.49999952 0.0 0.0 0.0 1.0 1.0 0.0 0.0 -0.49999988 0.0 1.0 0.0 0.0 0.0 0.0 1.0 -0.49999952 0.0 0.0 0.0 1.0 1.0 0.0 0.0 -0.49999988 0.0 1.0 0.0 0.0 0.0 0.0 1.0 -0.49999952 0.0 0.0 0.0 1.0 1.0 0.0 0.0 -0.49999988 0.0 1.0 0.0 0.0 0.0 0.0 1.0 -0.49999952 0.0 0.0 0.0 1.0 1.0 0.0 0.0 -0.49999988 0.0 1.0 0.0 0.0 0.0 0.0 1.0 -0.49999952 0.0 0.0 0.0 1.0 1.0 0.0 0.0 -0.49999988 0.0 1.0 0.0 0.0 0.0 0.0 1.0 -0.49999952 0.0 0.0 0.0 1.0 1.0 0.0 0.0 -0.49999988 0.0 1.0 0.0 0.0 0.0 0.0 1.0 -0.49999952 0.0 0.0 0.0 1.0 1.0 0.0 0.0 -0.49999988 0.0 1.0 0.0 0.0 0.0 0.0 1.0 -0.49999952 0.0 0.0 0.0 1.0 1.0 0.0 0.0 -0.49999988 0.0 1.0 0.0 0.0 0.0 0.0 1.0 -0.49999952 0.0 0.0 0.0 1.0 1.0 0.0 0.0 -0.49999988 0.0 1.0 0.0 0.0 0.0 0.0 1.0 -0.49999952 0.0 0.0 0.0 1.0 1.0 0.0 0.0 -0.49999988 0.0 1.0 0.0 0.0 0.0 0.0 1.0 -0.49999952 0.0 0.0 0.0 1.0 1.0 0.0 0.0 -0.49999988 0.0 1.0 0.0 0.0 0.0 0.0 1.0 -0.49999952 0.0 0.0 0.0 1.0 1.0 0.0 0.0 -0.49999988 0.0 1.0 0.0 0.0 0.0 0.0 1.0 -0.49999952 0.0 0.0 0.0 1.0 1.0 0.0 0.0 -0.49999988 0.0 1.0 0.0 0.0 0.0 0.0 1.0 -0.49999952 0.0 0.0 0.0 1.0 1.0 0.0 0.0 -0.49999988 0.0 1.0 0.0 0.0 0.0 0.0 1.0 -0.49999952 0.0 0.0 0.0 1.0 1.0 0.0 0.0 -0.49999988 0.0 1.0 0.0 0.0 0.0 0.0 1.0 -0.49999952 0.0 0.0 0.0 1.0 1.0 0.0 0.0 -0.49999988 0.0 1.0 0.0 0.0 0.0 0.0 1.0 -0.49999952 0.0 0.0 0.0 1.0 1.0 0.0 0.0 -0.49999988 0.0 1.0 0.0 0.0 0.0 0.0 1.0 -0.49999952 0.0 0.0 0.0 1.0 1.0 0.0 0.0 -0.49999988 0.0 1.0 0.0 0.0 0.0 0.0 1.0 -0.49999952 0.0 0.0 0.0 1.0 1.0 0.0 0.0 -0.49999988 0.0 1.0 0.0 0.0 0.0 0.0 1.0 -0.49999952 0.0 0.0 0.0 1.0 </float_array>
          <technique_common>
            <accessor count="25" source="#Body-local-anim-outSource-local-array" stride="16">
              <param type="float4x4"/>
            </accessor>
          </technique_common>
        </source>
        <sampler id="Body-local-anim-localSampler">
          <input semantic="INPUT" source="#Body-local-anim-inSource-TIME"/>
          <input semantic="OUTPUT" source="#Body-local-anim-outSource-local"/>
          <input semantic="INTERPOLATION" source="#Body-local-anim-interpolation"/>
        </sampler>
        <channel source="#Body-local-anim-localSampler" target="Body-local/matrix"/>
      </animation>
    </animation>
    <animation id="Neck-global-anim" name="Neck-global-anim">
      <animation>
        <source id="Neck-global-anim-inSource-TIME">
          <float_array count="25" id="Neck-global-anim-inSource-TIME-array">0.0 0.041666668 0.083333336 0.125 0.16666667 0.20833333 0.25 0.29166666 0.33333334 0.375 0.41666666 0.45833334 0.5 0.5416667 0.5833333 0.625 0.6666667 0.7083333 0.75 0.7916667 0.8333333 0.875 0.9166667 0.9583333 1.0 </float_array>
          <technique_common>
            <accessor count="25" source="#Neck-global-anim-inSource-TIME-array">
              <param name="TIME" type="float"/>
            </accessor>
          </technique_common>
        </source>
        <source id="Neck-global-anim-interpolation">
          <Name_array count="25" id="Neck-global-anim-interpolation-array">LINEAR LINEAR LINEAR LINEAR LINEAR LINEAR LINEAR LINEAR LINEAR LINEAR LINEAR LINEAR LINEAR LINEAR LINEAR LINEAR LINEAR LINEAR LINEAR LINEAR LINEAR LINEAR LINEAR LINEAR LINEAR </Name_array>
          <technique_common>
            <accessor count="25" source="#Neck-global-anim-interpolation-array">
              <param type="name"/>
            </accessor>
          </technique_common>
        </source>
        <source id="Neck-global-anim-outSource-global">
          <float_array count="400" id="Neck-global-anim-outSource-global-array">0.906695 0.3670848 0.20773283 -0.5 0.42087704 -0.75507045 -0.5027237 -0.08628986 -0.0276893 0.543247 -0.8391162 2.999241 0.0 0.0 0.0 1.0 0.906695 0.36976936 0.20291565 -0.5 0.420877 -0.7615787 -0.49280867 -0.08628986 -0.027689308 0.5322297 -0.84614706 2.999241 0.0 0.0 0.0 1.0 0.90669507 0.37744212 0.18825933 -0.5 0.42087698 -0.7803181 -0.4625649 -0.08628986 -0.027689308 0.4986393 -0.8663673 2.999241 0.0 0.0 0.0 1.0 0.9066953 0.3845343 0.17331344 -0.5 0.42087704 -0.7978572 -0.43160963 -0.08628986 -0.027689315 0.46428192 -0.8852548 2.999241 0.0 0.0 0.0 1.0 0.9066951 0.38676727 0.16827103 -0.5 0.42087692 -0.803432 -0.42114115 -0.08628986 -0.027689293 0.452668 -0.8912492 2.999241 0.0 0.0 0.0 1.0 0.906695 0.38578284 0.17051566 -0.5 0.4208768 -0.80097103 -0.42580268 -0.08628986 -0.02768927 0.45783928 -0.88860357 2.999241 0.0 0.0 0.0 1.0 0.90669507 0.38275185 0.17721479 -0.5 0.4208769 -0.7934267 -0.43970066 -0.08628986 -0.027689293 0.47326005 -0.8804875 2.999241 0.0 0.0 0.0 1.0 0.9066951 0.37744203 0.18825927 -0.5 0.4208769 -0.78031814 -0.4625649 -0.08628986 -0.0276893 0.4986393 -0.8663672 2.999241 0.0 0.0 0.0 1.0 0.9066951 0.3718136 0.19914486 -0.5 0.42087686 -0.7665509 -0.48503858 -0.08628986 -0.027689293 0.52359754 -0.85151565 2.999241 0.0 0.0 0.0 1.0 0.906695 0.3682856 0.20559609 -0.5 0.42087686 -0.75797915 -0.49832746 -0.08628986 -0.027689286 0.53836167 -0.8422588 2.999241 0.0 0.0 0.0 1.0 0.9066952 0.36708468 0.20773274 -0.5 0.42087692 -0.7550706 -0.50272375 -0.08628986 -0.027689293 0.54324704 -0.8391163 2.999241 0.0 0.0 0.0 1.0 0.90669537 0.36499673 0.21138003 -0.5 0.42087698 -0.7500242 -0.51022226 -0.08628986 -0.027689315 0.55158097 -0.8336619 2.999241 0.0 0.0 0.0 1.0 0.9066952 0.35851607 0.22219437 -0.5 0.42087695 -0.7344399 -0.5324105 -0.08628986 -0.027689293 0.57625043 -0.8168041 2.999241 0.0 0.0 0.0 1.0 0.90669495 0.34700608 0.23977244 -0.5 0.42087686 -0.70701486 -0.56832427 -0.08628986 -0.027689308 0.6162115 -0.7870937 2.999241 0.0 0.0 0.0 1.0 0.906695 0.33463514 0.2567556 -0.5 0.42087692 -0.6778356 -0.60282785 -0.08628986 -0.027689293 0.6546435 -0.75543046 2.999241 0.0 0.0 0.0 1.0 0.906695 0.3268119 0.26664227 -0.5 0.42087698 -0.65951586 -0.62281734 -0.08628986 -0.0276893 0.67692894 -0.7355274 2.999241 0.0 0.0 0.0 1.0 0.90669495 0.3241389 0.2698853 -0.5 0.42087695 -0.65327746 -0.62935764 -0.08628986 -0.0276893 0.68422395 -0.7287461 2.999241 0.0 0.0 0.0 1.0 0.906695 0.32564646 0.26806438 -0.5 0.42087698 -0.65679455 -0.6256863 -0.08628986 -0.027689315 0.6801288 -0.73256946 2.999241 0.0 0.0 0.0 1.0 0.90669507 0.3301075 0.2625513 -0.5 0.42087698 -0.6672217 -0.614555 -0.08628986 -0.027689293 0.6677158 -0.7439013 2.999241 0.0 0.0 0.0 1.0 0.9066951 0.33733457 0.25319862 -0.5 0.42087704 -0.68417966 -0.59561825 -0.08628986 -0.027689286 0.64660954 -0.7623186 2.999241 0.0 0.0 0.0 1.0 0.90669495 0.34700608 0.23977244 -0.5 0.42087686 -0.70701486 -0.56832427 -0.08628986 -0.027689308 0.6162115 -0.7870937 2.999241 0.0 0.0 0.0 1.0 0.9066952 0.35614374 0.22597739 -0.5 0.420877 -0.72876245 -0.5401558 -0.08628986 -0.027689308 0.5848653 -0.8106579 2.999241 0.0 0.0 0.0 1.0 0.90669507 0.36233574 0.21590948 -0.5 0.42087692 -0.7436113 -0.51952386 -0.08628986 -0.0276893 0.561921 -0.82672745 2.999241 0.0 0.0 0.0 1.0 0.9066951 0.3659146 0.20978686 -0.5 0.4208769 -0.752241 -0.50694776 -0.08628986 -0.027689308 0.54794145 -0.83605826 2.999241 0.0 0.0 0.0 1.0 0.9066952 0.36708468 0.20773274 -0.5 0.42087692 -0.7550706 -0.50272375 -0.08628986 -0.027689293 0.54324704 -0.8391163 2.999241 0.0 0.0 0.0 1.0 </float_array>
          <technique_common>
            <accessor count="25" source="#Neck-global-anim-outSource-global-array" stride="16">
              <param type="float4x4"/>
            </accessor>
          </technique_common>
        </source>
        <sampler id="Neck-global-anim-globalSampler">
          <input semantic="INPUT" source="#Neck-global-anim-inSource-TIME"/>
          <input semantic="OUTPUT" source="#Neck-global-anim-outSource-global"/>
          <input semantic="INTERPOLATION" source="#Neck-global-anim-interpolation"/>
        </sampler>
        <channel source="#Neck-global-anim-globalSampler" target="Neck-global/matrix"/>
      </animation>
    </animation>
    <animation id="Neck-local-anim" name="Neck-local-anim">
      <animation>
        <source id="Neck-local-anim-inSource-TIME">
          <float_array count="25" id="Neck-local-anim-inSource-TIME-array">0.0 0.041666668 0.083333336 0.125 0.16666667 0.20833333 0.25 0.29166666 0.33333334 0.375 0.41666666 0.45833334 0.5 0.5416667 0.5833333 0.625 0.6666667 0.7083333 0.75 0.7916667 0.8333333 0.875 0.9166667 0.9583333 1.0 </float_array>
          <technique_common>
            <accessor count="25" source="#Neck-local-anim-inSource-TIME-array">
              <param name="TIME" type="float"/>
            </accessor>
          </technique_common>
        </source>
        <source id="Neck-local-anim-interpolation">
          <Name_array count="25" id="Neck-local-anim-interpolation-array">LINEAR LINEAR LINEAR LINEAR LINEAR LINEAR LINEAR LINEAR LINEAR LINEAR LINEAR LINEAR LINEAR LINEAR LINEAR LINEAR LINEAR LINEAR LINEAR LINEAR LINEAR LINEAR LINEAR LINEAR LINEAR </Name_array>
          <technique_common>
            <accessor count="25" source="#Neck-local-anim-interpolation-array">
              <param type="name"/>
            </accessor>
          </technique_common>
        </source>
        <source id="Neck-local-anim-outSource-local">
          <float_array count="400" id="Neck-local-anim-outSource-local-array">1.0 0.0 0.0 -0.027223349 0.0 1.0 0.0 3.9670324 0.0 0.0 1.0 1.7881393E-7 0.0 0.0 0.0 1.0 1.0 0.0 0.0 -0.027223349 0.0 1.0 0.0 3.9670324 0.0 0.0 1.0 1.7881393E-7 0.0 0.0 0.0 1.0 1.0 0.0 0.0 -0.027223349 0.0 1.0 0.0 3.9670324 0.0 0.0 1.0 1.7881393E-7 0.0 0.0 0.0 1.0 1.0 0.0 0.0 -0.027223349 0.0 1.0 0.0 3.9670324 0.0 0.0 1.0 1.7881393E-7 0.0 0.0 0.0 1.0 1.0 0.0 0.0 -0.027223349 0.0 1.0 0.0 3.9670324 0.0 0.0 1.0 1.7881393E-7 0.0 0.0 0.0 1.0 1.0 0.0 0.0 -0.027223349 0.0 1.0 0.0 3.9670324 0.0 0.0 1.0 1.7881393E-7 0.0 0.0 0.0 1.0 1.0 0.0 0.0 -0.027223349 0.0 1.0 0.0 3.9670324 0.0 0.0 1.0 1.7881393E-7 0.0 0.0 0.0 1.0 1.0 0.0 0.0 -0.027223349 0.0 1.0 0.0 3.9670324 0.0 0.0 1.0 1.7881393E-7 0.0 0.0 0.0 1.0 1.0 0.0 0.0 -0.027223349 0.0 1.0 0.0 3.9670324 0.0 0.0 1.0 1.7881393E-7 0.0 0.0 0.0 1.0 1.0 0.0 0.0 -0.027223349 0.0 1.0 0.0 3.9670324 0.0 0.0 1.0 1.7881393E-7 0.0 0.0 0.0 1.0 1.0 0.0 0.0 -0.027223349 0.0 1.0 0.0 3.9670324 0.0 0.0 1.0 1.7881393E-7 0.0 0.0 0.0 1.0 1.0 0.0 0.0 -0.027223349 0.0 1.0 0.0 3.9670324 0.0 0.0 1.0 1.7881393E-7 0.0 0.0 0.0 1.0 1.0 0.0 0.0 -0.027223349 0.0 1.0 0.0 3.9670324 0.0 0.0 1.0 1.7881393E-7 0.0 0.0 0.0 1.0 1.0 0.0 0.0 -0.027223349 0.0 1.0 0.0 3.9670324 0.0 0.0 1.0 1.7881393E-7 0.0 0.0 0.0 1.0 1.0 0.0 0.0 -0.027223349 0.0 1.0 0.0 3.9670324 0.0 0.0 1.0 1.7881393E-7 0.0 0.0 0.0 1.0 1.0 0.0 0.0 -0.027223349 0.0 1.0 0.0 3.9670324 0.0 0.0 1.0 1.7881393E-7 0.0 0.0 0.0 1.0 1.0 0.0 0.0 -0.027223349 0.0 1.0 0.0 3.9670324 0.0 0.0 1.0 1.7881393E-7 0.0 0.0 0.0 1.0 1.0 0.0 0.0 -0.027223349 0.0 1.0 0.0 3.9670324 0.0 0.0 1.0 1.7881393E-7 0.0 0.0 0.0 1.0 1.0 0.0 0.0 -0.027223349 0.0 1.0 0.0 3.9670324 0.0 0.0 1.0 1.7881393E-7 0.0 0.0 0.0 1.0 1.0 0.0 0.0 -0.027223349 0.0 1.0 0.0 3.9670324 0.0 0.0 1.0 1.7881393E-7 0.0 0.0 0.0 1.0 1.0 0.0 0.0 -0.027223349 0.0 1.0 0.0 3.9670324 0.0 0.0 1.0 1.7881393E-7 0.0 0.0 0.0 1.0 1.0 0.0 0.0 -0.027223349 0.0 1.0 0.0 3.9670324 0.0 0.0 1.0 1.7881393E-7 0.0 0.0 0.0 1.0 1.0 0.0 0.0 -0.027223349 0.0 1.0 0.0 3.9670324 0.0 0.0 1.0 1.7881393E-7 0.0 0.0 0.0 1.0 1.0 0.0 0.0 -0.027223349 0.0 1.0 0.0 3.9670324 0.0 0.0 1.0 1.7881393E-7 0.0 0.0 0.0 1.0 1.0 0.0 0.0 -0.027223349 0.0 1.0 0.0 3.9670324 0.0 0.0 1.0 1.7881393E-7 0.0 0.0 0.0 1.0 </float_array>
          <technique_common>
            <accessor count="25" source="#Neck-local-anim-outSource-local-array" stride="16">
              <param type="float4x4"/>
            </accessor>
          </technique_common>
        </source>
        <sampler id="Neck-local-anim-localSampler">
          <input semantic="INPUT" source="#Neck-local-anim-inSource-TIME"/>
          <input semantic="OUTPUT" source="#Neck-local-anim-outSource-local"/>
          <input semantic="INTERPOLATION" source="#Neck-local-anim-interpolation"/>
        </sampler>
        <channel source="#Neck-local-anim-localSampler" target="Neck-local/matrix"/>
      </animation>
    </animation>
    <animation id="Head-global-anim" name="Head-global-anim">
      <animation>
        <source id="Head-global-anim-inSource-TIME">
          <float_array count="25" id="Head-global-anim-inSource-TIME-array">0.0 0.041666668 0.083333336 0.125 0.16666667 0.20833333 0.25 0.29166666 0.33333334 0.375 0.41666666 0.45833334 0.5 0.5416667 0.5833333 0.625 0.6666667 0.7083333 0.75 0.7916667 0.8333333 0.875 0.9166667 0.9583333 1.0 </float_array>
          <technique_common>
            <accessor count="25" source="#Head-global-anim-inSource-TIME-array">
              <param name="TIME" type="float"/>
            </accessor>
          </technique_common>
        </source>
        <source id="Head-global-anim-interpolation">
          <Name_array count="25" id="Head-global-anim-interpolation-array">LINEAR LINEAR LINEAR LINEAR LINEAR LINEAR LINEAR LINEAR LINEAR LINEAR LINEAR LINEAR LINEAR LINEAR LINEAR LINEAR LINEAR LINEAR LINEAR LINEAR LINEAR LINEAR LINEAR LINEAR LINEAR </Name_array>
          <technique_common>
            <accessor count="25" source="#Head-global-anim-interpolation-array">
              <param type="name"/>
            </accessor>
          </technique_common>
        </source>
        <source id="Head-global-anim-outSource-global">
          <float_array count="400" id="Head-global-anim-outSource-global-array">1.0 0.0 0.0 0.0 0.0 0.99624527 0.08657523 7.925565 0.0 -0.08657523 0.99624527 0.99971247 0.0 0.0 0.0 1.0 1.0000002 0.0 0.0 0.0 0.0 0.9976652 0.06829731 7.925565 0.0 -0.06829731 0.9976652 0.99971247 0.0 0.0 0.0 1.0 1.0000001 0.0 0.0 0.0 0.0 0.99991095 0.013350355 7.925565 0.0 -0.013350355 0.99991095 0.99971247 0.0 0.0 0.0 1.0 1.0 0.0 0.0 0.0 0.0 0.9969349 -0.078235425 7.925565 0.0 0.078235425 0.9969349 0.99971247 0.0 0.0 0.0 1.0 1.0 0.0 0.0 0.0 0.0 0.9855879 -0.16916429 7.925565 0.0 0.16916429 0.9855879 0.99971247 0.0 0.0 0.0 1.0 1.0000001 0.0 0.0 0.0 0.0 0.9747983 -0.2230883 7.925565 0.0 0.2230883 0.9747983 0.99971247 0.0 0.0 0.0 1.0 1.0 0.0 0.0 0.0 0.0 0.9705447 -0.24092098 7.925565 0.0 0.24092098 0.9705447 0.99971247 0.0 0.0 0.0 1.0 1.0 0.0 0.0 0.0 0.0 0.9747982 -0.22308826 7.925565 0.0 0.22308826 0.9747982 0.99971247 0.0 0.0 0.0 1.0 1.0000001 0.0 0.0 0.0 0.0 0.985588 -0.16916431 7.925565 0.0 0.16916431 0.985588 0.99971247 0.0 0.0 0.0 1.0 1.0 0.0 0.0 0.0 0.0 0.9969349 -0.07823543 7.925565 0.0 0.07823543 0.9969349 0.99971247 0.0 0.0 0.0 1.0 1.0 0.0 0.0 0.0 0.0 0.99991083 0.01335033 7.925565 0.0 -0.01335033 0.99991083 0.99971247 0.0 0.0 0.0 1.0 1.0000001 0.0 0.0 0.0 0.0 0.9976651 0.06829731 7.925565 0.0 -0.06829731 0.9976651 0.99971247 0.0 0.0 0.0 1.0 1.0 0.0 0.0 0.0 0.0 0.99624527 0.08657523 7.925565 0.0 -0.08657523 0.99624527 0.99971247 0.0 0.0 0.0 1.0 1.0000001 0.0 0.0 0.0 0.0 0.99677324 0.08027089 7.925565 0.0 -0.08027089 0.99677324 0.99971247 0.0 0.0 0.0 1.0 1.0 0.0 0.0 0.0 0.0 0.99811697 0.06133953 7.925565 0.0 -0.06133953 0.99811697 0.99971247 0.0 0.0 0.0 1.0 1.0 0.0 0.0 0.0 0.0 0.9995577 0.029741572 7.925565 0.0 -0.029741572 0.9995577 0.99971247 0.0 0.0 0.0 1.0 1.0000001 0.0 0.0 0.0 0.0 0.9999984 -0.0018861361 7.925565 0.0 0.0018861361 0.9999984 0.99971247 0.0 0.0 0.0 1.0 1.0000001 0.0 0.0 0.0 0.0 0.99978244 -0.020863906 7.925565 0.0 0.020863906 0.99978244 0.99971247 0.0 0.0 0.0 1.0 0.99999994 0.0 0.0 0.0 0.0 0.9996303 -0.027188472 7.925565 0.0 0.027188472 0.9996303 0.99971247 0.0 0.0 0.0 1.0 1.0000001 0.0 0.0 0.0 0.0 0.99978244 -0.020863894 7.925565 0.0 0.020863894 0.99978244 0.99971247 0.0 0.0 0.0 1.0 1.0 0.0 0.0 0.0 0.0 0.9999983 -0.0018861379 7.925565 0.0 0.0018861379 0.9999983 0.99971247 0.0 0.0 0.0 1.0 1.0 0.0 0.0 0.0 0.0 0.9995577 0.029741582 7.925565 0.0 -0.029741582 0.9995577 0.99971247 0.0 0.0 0.0 1.0 1.0 0.0 0.0 0.0 0.0 0.99811697 0.06133953 7.925565 0.0 -0.06133953 0.99811697 0.99971247 0.0 0.0 0.0 1.0 1.0000001 0.0 0.0 0.0 0.0 0.99677324 0.0802709 7.925565 0.0 -0.0802709 0.99677324 0.99971247 0.0 0.0 0.0 1.0 1.0 0.0 0.0 0.0 0.0 0.99624527 0.08657523 7.925565 0.0 -0.08657523 0.99624527 0.99971247 0.0 0.0 0.0 1.0 </float_array>
          <technique_common>
            <accessor count="25" source="#Head-global-anim-outSource-global-array" stride="16">
              <param type="float4x4"/>
            </accessor>
          </technique_common>
        </source>
        <sampler id="Head-global-anim-globalSampler">
          <input semantic="INPUT" source="#Head-global-anim-inSource-TIME"/>
          <input semantic="OUTPUT" source="#Head-global-anim-outSource-global"/>
          <input semantic="INTERPOLATION" source="#Head-global-anim-interpolation"/>
        </sampler>
        <channel source="#Head-global-anim-globalSampler" target="Head-global/matrix"/>
      </animation>
    </animation>
    <animation id="Head-local-anim" name="Head-local-anim">
      <animation>
        <source id="Head-local-anim-inSource-TIME">
          <float_array count="25" id="Head-local-anim-inSource-TIME-array">0.0 0.041666668 0.083333336 0.125 0.16666667 0.20833333 0.25 0.29166666 0.33333334 0.375 0.41666666 0.45833334 0.5 0.5416667 0.5833333 0.625 0.6666667 0.7083333 0.75 0.7916667 0.8333333 0.875 0.9166667 0.9583333 1.0 </float_array>
          <technique_common>
            <accessor count="25" source="#Head-local-anim-inSource-TIME-array">
              <param name="TIME" type="float"/>
            </accessor>
          </technique_common>
        </source>
        <source id="Head-local-anim-interpolation">
          <Name_array count="25" id="Head-local-anim-interpolation-array">LINEAR LINEAR LINEAR LINEAR LINEAR LINEAR LINEAR LINEAR LINEAR LINEAR LINEAR LINEAR LINEAR LINEAR LINEAR LINEAR LINEAR LINEAR LINEAR LINEAR LINEAR LINEAR LINEAR LINEAR LINEAR </Name_array>
          <technique_common>
            <accessor count="25" source="#Head-local-anim-interpolation-array">
              <param type="name"/>
            </accessor>
          </technique_common>
        </source>
        <source id="Head-local-anim-outSource-local">
          <float_array count="400" id="Head-local-anim-outSource-local-array">1.0 0.0 0.0 -0.023423195 0.0 1.0 0.0 0.49999997 0.0 0.0 1.0 2.0 0.0 0.0 0.0 1.0 1.0 0.0 0.0 -0.023423195 0.0 1.0 0.0 0.49999997 0.0 0.0 1.0 2.0 0.0 0.0 0.0 1.0 1.0 0.0 0.0 -0.023423195 0.0 1.0 0.0 0.49999997 0.0 0.0 1.0 2.0 0.0 0.0 0.0 1.0 1.0 0.0 0.0 -0.023423195 0.0 1.0 0.0 0.49999997 0.0 0.0 1.0 2.0 0.0 0.0 0.0 1.0 1.0 0.0 0.0 -0.023423195 0.0 1.0 0.0 0.49999997 0.0 0.0 1.0 2.0 0.0 0.0 0.0 1.0 1.0 0.0 0.0 -0.023423195 0.0 1.0 0.0 0.49999997 0.0 0.0 1.0 2.0 0.0 0.0 0.0 1.0 1.0 0.0 0.0 -0.023423195 0.0 1.0 0.0 0.49999997 0.0 0.0 1.0 2.0 0.0 0.0 0.0 1.0 1.0 0.0 0.0 -0.023423195 0.0 1.0 0.0 0.49999997 0.0 0.0 1.0 2.0 0.0 0.0 0.0 1.0 1.0 0.0 0.0 -0.023423195 0.0 1.0 0.0 0.49999997 0.0 0.0 1.0 2.0 0.0 0.0 0.0 1.0 1.0 0.0 0.0 -0.023423195 0.0 1.0 0.0 0.49999997 0.0 0.0 1.0 2.0 0.0 0.0 0.0 1.0 1.0 0.0 0.0 -0.023423195 0.0 1.0 0.0 0.49999997 0.0 0.0 1.0 2.0 0.0 0.0 0.0 1.0 1.0 0.0 0.0 -0.023423195 0.0 1.0 0.0 0.49999997 0.0 0.0 1.0 2.0 0.0 0.0 0.0 1.0 1.0 0.0 0.0 -0.023423195 0.0 1.0 0.0 0.49999997 0.0 0.0 1.0 2.0 0.0 0.0 0.0 1.0 1.0 0.0 0.0 -0.023423195 0.0 1.0 0.0 0.49999997 0.0 0.0 1.0 2.0 0.0 0.0 0.0 1.0 1.0 0.0 0.0 -0.023423195 0.0 1.0 0.0 0.49999997 0.0 0.0 1.0 2.0 0.0 0.0 0.0 1.0 1.0 0.0 0.0 -0.023423195 0.0 1.0 0.0 0.49999997 0.0 0.0 1.0 2.0 0.0 0.0 0.0 1.0 1.0 0.0 0.0 -0.023423195 0.0 1.0 0.0 0.49999997 0.0 0.0 1.0 2.0 0.0 0.0 0.0 1.0 1.0 0.0 0.0 -0.023423195 0.0 1.0 0.0 0.49999997 0.0 0.0 1.0 2.0 0.0 0.0 0.0 1.0 1.0 0.0 0.0 -0.023423195 0.0 1.0 0.0 0.49999997 0.0 0.0 1.0 2.0 0.0 0.0 0.0 1.0 1.0 0.0 0.0 -0.023423195 0.0 1.0 0.0 0.49999997 0.0 0.0 1.0 2.0 0.0 0.0 0.0 1.0 1.0 0.0 0.0 -0.023423195 0.0 1.0 0.0 0.49999997 0.0 0.0 1.0 2.0 0.0 0.0 0.0 1.0 1.0 0.0 0.0 -0.023423195 0.0 1.0 0.0 0.49999997 0.0 0.0 1.0 2.0 0.0 0.0 0.0 1.0 1.0 0.0 0.0 -0.023423195 0.0 1.0 0.0 0.49999997 0.0 0.0 1.0 2.0 0.0 0.0 0.0 1.0 1.0 0.0 0.0 -0.023423195 0.0 1.0 0.0 0.49999997 0.0 0.0 1.0 2.0 0.0 0.0 0.0 1.0 1.0 0.0 0.0 -0.023423195 0.0 1.0 0.0 0.49999997 0.0 0.0 1.0 2.0 0.0 0.0 0.0 1.0 </float_array>
          <technique_common>
            <accessor count="25" source="#Head-local-anim-outSource-local-array" stride="16">
              <param type="float4x4"/>
            </accessor>
          </technique_common>
        </source>
        <sampler id="Head-local-anim-localSampler">
          <input semantic="INPUT" source="#Head-local-anim-inSource-TIME"/>
          <input semantic="OUTPUT" source="#Head-local-anim-outSource-local"/>
          <input semantic="INTERPOLATION" source="#Head-local-anim-interpolation"/>
        </sampler>
        <channel source="#Head-local-anim-localSampler" target="Head-local/matrix"/>
      </animation>
    </animation>
    <animation id="Right_Wing1-global-anim" name="Right_Wing1-global-anim">
      <animation>
        <source id="Right_Wing1-global-anim-inSource-TIME">
          <float_array count="25" id="Right_Wing1-global-anim-inSource-TIME-array">0.0 0.041666668 0.083333336 0.125 0.16666667 0.20833333 0.25 0.29166666 0.33333334 0.375 0.41666666 0.45833334 0.5 0.5416667 0.5833333 0.625 0.6666667 0.7083333 0.75 0.7916667 0.8333333 0.875 0.9166667 0.9583333 1.0 </float_array>
          <technique_common>
            <accessor count="25" source="#Right_Wing1-global-anim-inSource-TIME-array">
              <param name="TIME" type="float"/>
            </accessor>
          </technique_common>
        </source>
        <source id="Right_Wing1-global-anim-interpolation">
          <Name_array count="25" id="Right_Wing1-global-anim-interpolation-array">LINEAR LINEAR LINEAR LINEAR LINEAR LINEAR LINEAR LINEAR LINEAR LINEAR LINEAR LINEAR LINEAR LINEAR LINEAR LINEAR LINEAR LINEAR LINEAR LINEAR LINEAR LINEAR LINEAR LINEAR LINEAR </Name_array>
          <technique_common>
            <accessor count="25" source="#Right_Wing1-global-anim-interpolation-array">
              <param type="name"/>
            </accessor>
          </technique_common>
        </source>
        <source id="Right_Wing1-global-anim-outSource-global">
          <float_array count="400" id="Right_Wing1-global-anim-outSource-global-array">0.5404387 0.78917587 0.2917663 1.5 -0.24862972 0.4810747 -0.84068453 0.9499587 -0.8038093 0.38179672 0.45620394 2.0 0.0 0.0 0.0 1.0 0.52869827 0.7977265 0.2900181 1.5 -0.25894436 0.4769707 -0.83990884 0.9499587 -0.8083477 0.3689598 0.45874035 2.0 0.0 0.0 0.0 1.0 0.49264723 0.8222382 0.28499725 1.5 -0.28946152 0.46367937 -0.8373852 0.9499587 -0.8206773 0.33003965 0.46643656 2.0 0.0 0.0 0.0 1.0 0.45541772 0.84499395 0.28032103 1.5 -0.31928208 0.44894347 -0.834571 0.9499587 -0.83105576 0.29057696 0.47424826 2.0 0.0 0.0 0.0 1.0 0.44276142 0.8521795 0.27884087 1.5 -0.32905507 0.4437166 -0.8335695 0.9499587 -0.83407724 0.27731845 0.47687462 2.0 0.0 0.0 0.0 1.0 0.45578292 0.84464455 0.28078064 1.5 -0.3180963 0.4491883 -0.83489203 0.9499587 -0.8313103 0.2912142 0.4734106 2.0 0.0 0.0 0.0 1.0 0.4940151 0.8207476 0.28691962 1.5 -0.28466025 0.46449283 -0.8385793 0.9499587 -0.8215339 0.33259615 0.4631006 2.0 0.0 0.0 0.0 1.0 0.5309204 0.79496336 0.29352492 1.5 -0.25045502 0.47810048 -0.84183866 0.9499587 -0.80956525 0.37343448 0.4529358 2.0 0.0 0.0 0.0 1.0 0.5429102 0.78596115 0.29582736 1.5 -0.23889816 0.48225293 -0.84282863 0.9499587 -0.805094 0.38690758 0.44958463 2.0 0.0 0.0 0.0 1.0 0.5260032 0.79761904 0.29516912 1.5 -0.25029534 0.47687027 -0.8425837 0.9499587 -0.81281805 0.36932224 0.4504755 2.0 0.0 0.0 0.0 1.0 0.47381145 0.8303458 0.29330632 1.5 -0.2837444 0.45925176 -0.8417701 0.9499587 -0.8336617 0.3156163 0.45320472 2.0 0.0 0.0 0.0 1.0 0.41958874 0.85959524 0.29161826 1.5 -0.31596905 0.4394879 -0.8408412 0.9499587 -0.85094583 0.26066515 0.45600975 2.0 0.0 0.0 0.0 1.0 0.40110308 0.8685504 0.29109573 1.5 -0.32641467 0.4324376 -0.8405067 0.9499587 -0.855903 0.24211183 0.4569596 2.0 0.0 0.0 0.0 1.0 0.41895586 0.8592992 0.29339612 1.5 -0.31244752 0.43981928 -0.8419834 0.9499587 -0.8525567 0.26108295 0.45275068 2.0 0.0 0.0 0.0 1.0 0.47113872 0.82918143 0.30080935 1.5 -0.269563 0.4600668 -0.84597516 0.9499587 -0.83985937 0.31748462 0.44027197 2.0 0.0 0.0 0.0 1.0 0.52106875 0.7956314 0.30896348 1.5 -0.22536281 0.477396 -0.8492968 0.9499587 -0.82322496 0.3729131 0.4280618 2.0 0.0 0.0 0.0 1.0 0.53717005 0.783712 0.31183946 1.5 -0.21037298 0.48250905 -0.8502519 0.9499587 -0.816818 0.39112723 0.42406124 2.0 0.0 0.0 0.0 1.0 0.5258441 0.7923088 0.30941054 1.5 -0.2218189 0.4789139 -0.84937507 0.9499587 -0.8211483 0.37800568 0.42758304 2.0 0.0 0.0 0.0 1.0 0.49099457 0.8169869 0.30241802 1.5 -0.25576422 0.46703136 -0.84644336 0.9499587 -0.8327719 0.3382514 0.43826586 2.0 0.0 0.0 0.0 1.0 0.45490646 0.83994967 0.2958801 1.5 -0.2890554 0.45352685 -0.84306633 0.9499587 -0.8423227 0.29799056 0.4491042 2.0 0.0 0.0 0.0 1.0 0.44261706 0.8472125 0.2938047 1.5 -0.2999925 0.4486704 -0.8418429 0.9499587 -0.8450412 0.28447485 0.4527465 2.0 0.0 0.0 0.0 1.0 0.45521033 0.8405944 0.29357252 1.5 -0.29378632 0.45304918 -0.8416865 0.9499587 -0.84051967 0.2968968 0.45318776 2.0 0.0 0.0 0.0 1.0 0.4923846 0.81963646 0.2928368 1.5 -0.27478942 0.46562982 -0.84123695 0.9499587 -0.82586205 0.3337437 0.45449644 2.0 0.0 0.0 0.0 1.0 0.52859515 0.7970559 0.2920433 1.5 -0.25525445 0.47735852 -0.84081763 0.9499587 -0.80958784 0.36990672 0.45578146 2.0 0.0 0.0 0.0 1.0 0.5404387 0.78917587 0.2917663 1.5 -0.24862972 0.4810747 -0.84068453 0.9499587 -0.8038093 0.38179672 0.45620394 2.0 0.0 0.0 0.0 1.0 </float_array>
          <technique_common>
            <accessor count="25" source="#Right_Wing1-global-anim-outSource-global-array" stride="16">
              <param type="float4x4"/>
            </accessor>
          </technique_common>
        </source>
        <sampler id="Right_Wing1-global-anim-globalSampler">
          <input semantic="INPUT" source="#Right_Wing1-global-anim-inSource-TIME"/>
          <input semantic="OUTPUT" source="#Right_Wing1-global-anim-outSource-global"/>
          <input semantic="INTERPOLATION" source="#Right_Wing1-global-anim-interpolation"/>
        </sampler>
        <channel source="#Right_Wing1-global-anim-globalSampler" target="Right_Wing1-global/matrix"/>
      </animation>
    </animation>
    <animation id="Right_Wing1-local-anim" name="Right_Wing1-local-anim">
      <animation>
        <source id="Right_Wing1-local-anim-inSource-TIME">
          <float_array count="25" id="Right_Wing1-local-anim-inSource-TIME-array">0.0 0.041666668 0.083333336 0.125 0.16666667 0.20833333 0.25 0.29166666 0.33333334 0.375 0.41666666 0.45833334 0.5 0.5416667 0.5833333 0.625 0.6666667 0.7083333 0.75 0.7916667 0.8333333 0.875 0.9166667 0.9583333 1.0 </float_array>
          <technique_common>
            <accessor count="25" source="#Right_Wing1-local-anim-inSource-TIME-array">
              <param name="TIME" type="float"/>
            </accessor>
          </technique_common>
        </source>
        <source id="Right_Wing1-local-anim-interpolation">
          <Name_array count="25" id="Right_Wing1-local-anim-interpolation-array">LINEAR LINEAR LINEAR LINEAR LINEAR LINEAR LINEAR LINEAR LINEAR LINEAR LINEAR LINEAR LINEAR LINEAR LINEAR LINEAR LINEAR LINEAR LINEAR LINEAR LINEAR LINEAR LINEAR LINEAR LINEAR </Name_array>
          <technique_common>
            <accessor count="25" source="#Right_Wing1-local-anim-interpolation-array">
              <param type="name"/>
            </accessor>
          </technique_common>
        </source>
        <source id="Right_Wing1-local-anim-outSource-local">
          <float_array count="400" id="Right_Wing1-local-anim-outSource-local-array">1.0 0.0 0.0 3.585326 0.0 1.0 0.0 0.9785251 0.0 0.0 1.0 -2.4626446 0.0 0.0 0.0 1.0 1.0 0.0 0.0 3.585326 0.0 1.0 0.0 0.9785251 0.0 0.0 1.0 -2.4626446 0.0 0.0 0.0 1.0 1.0 0.0 0.0 3.585326 0.0 1.0 0.0 0.9785251 0.0 0.0 1.0 -2.4626446 0.0 0.0 0.0 1.0 1.0 0.0 0.0 3.585326 0.0 1.0 0.0 0.9785251 0.0 0.0 1.0 -2.4626446 0.0 0.0 0.0 1.0 1.0 0.0 0.0 3.585326 0.0 1.0 0.0 0.9785251 0.0 0.0 1.0 -2.4626446 0.0 0.0 0.0 1.0 1.0 0.0 0.0 3.585326 0.0 1.0 0.0 0.9785251 0.0 0.0 1.0 -2.4626446 0.0 0.0 0.0 1.0 1.0 0.0 0.0 3.585326 0.0 1.0 0.0 0.9785251 0.0 0.0 1.0 -2.4626446 0.0 0.0 0.0 1.0 1.0 0.0 0.0 3.585326 0.0 1.0 0.0 0.9785251 0.0 0.0 1.0 -2.4626446 0.0 0.0 0.0 1.0 1.0 0.0 0.0 3.585326 0.0 1.0 0.0 0.9785251 0.0 0.0 1.0 -2.4626446 0.0 0.0 0.0 1.0 1.0 0.0 0.0 3.585326 0.0 1.0 0.0 0.9785251 0.0 0.0 1.0 -2.4626446 0.0 0.0 0.0 1.0 1.0 0.0 0.0 3.585326 0.0 1.0 0.0 0.9785251 0.0 0.0 1.0 -2.4626446 0.0 0.0 0.0 1.0 1.0 0.0 0.0 3.585326 0.0 1.0 0.0 0.9785251 0.0 0.0 1.0 -2.4626446 0.0 0.0 0.0 1.0 1.0 0.0 0.0 3.585326 0.0 1.0 0.0 0.9785251 0.0 0.0 1.0 -2.4626446 0.0 0.0 0.0 1.0 1.0 0.0 0.0 3.585326 0.0 1.0 0.0 0.9785251 0.0 0.0 1.0 -2.4626446 0.0 0.0 0.0 1.0 1.0 0.0 0.0 3.585326 0.0 1.0 0.0 0.9785251 0.0 0.0 1.0 -2.4626446 0.0 0.0 0.0 1.0 1.0 0.0 0.0 3.585326 0.0 1.0 0.0 0.9785251 0.0 0.0 1.0 -2.4626446 0.0 0.0 0.0 1.0 1.0 0.0 0.0 3.585326 0.0 1.0 0.0 0.9785251 0.0 0.0 1.0 -2.4626446 0.0 0.0 0.0 1.0 1.0 0.0 0.0 3.585326 0.0 1.0 0.0 0.9785251 0.0 0.0 1.0 -2.4626446 0.0 0.0 0.0 1.0 1.0 0.0 0.0 3.585326 0.0 1.0 0.0 0.9785251 0.0 0.0 1.0 -2.4626446 0.0 0.0 0.0 1.0 1.0 0.0 0.0 3.585326 0.0 1.0 0.0 0.9785251 0.0 0.0 1.0 -2.4626446 0.0 0.0 0.0 1.0 1.0 0.0 0.0 3.585326 0.0 1.0 0.0 0.9785251 0.0 0.0 1.0 -2.4626446 0.0 0.0 0.0 1.0 1.0 0.0 0.0 3.585326 0.0 1.0 0.0 0.9785251 0.0 0.0 1.0 -2.4626446 0.0 0.0 0.0 1.0 1.0 0.0 0.0 3.585326 0.0 1.0 0.0 0.9785251 0.0 0.0 1.0 -2.4626446 0.0 0.0 0.0 1.0 1.0 0.0 0.0 3.585326 0.0 1.0 0.0 0.9785251 0.0 0.0 1.0 -2.4626446 0.0 0.0 0.0 1.0 1.0 0.0 0.0 3.585326 0.0 1.0 0.0 0.9785251 0.0 0.0 1.0 -2.4626446 0.0 0.0 0.0 1.0 </float_array>
          <technique_common>
            <accessor count="25" source="#Right_Wing1-local-anim-outSource-local-array" stride="16">
              <param type="float4x4"/>
            </accessor>
          </technique_common>
        </source>
        <sampler id="Right_Wing1-local-anim-localSampler">
          <input semantic="INPUT" source="#Right_Wing1-local-anim-inSource-TIME"/>
          <input semantic="OUTPUT" source="#Right_Wing1-local-anim-outSource-local"/>
          <input semantic="INTERPOLATION" source="#Right_Wing1-local-anim-interpolation"/>
        </sampler>
        <channel source="#Right_Wing1-local-anim-localSampler" target="Right_Wing1-local/matrix"/>
      </animation>
    </animation>
    <animation id="Right_Wing2-global-anim" name="Right_Wing2-global-anim">
      <animation>
        <source id="Right_Wing2-global-anim-inSource-TIME">
          <float_array count="25" id="Right_Wing2-global-anim-inSource-TIME-array">0.0 0.041666668 0.083333336 0.125 0.16666667 0.20833333 0.25 0.29166666 0.33333334 0.375 0.41666666 0.45833334 0.5 0.5416667 0.5833333 0.625 0.6666667 0.7083333 0.75 0.7916667 0.8333333 0.875 0.9166667 0.9583333 1.0 </float_array>
          <technique_common>
            <accessor count="25" source="#Right_Wing2-global-anim-inSource-TIME-array">
              <param name="TIME" type="float"/>
            </accessor>
          </technique_common>
        </source>
        <source id="Right_Wing2-global-anim-interpolation">
          <Name_array count="25" id="Right_Wing2-global-anim-interpolation-array">LINEAR LINEAR LINEAR LINEAR LINEAR LINEAR LINEAR LINEAR LINEAR LINEAR LINEAR LINEAR LINEAR LINEAR LINEAR LINEAR LINEAR LINEAR LINEAR LINEAR LINEAR LINEAR LINEAR LINEAR LINEAR </Name_array>
          <technique_common>
            <accessor count="25" source="#Right_Wing2-global-anim-interpolation-array">
              <param type="name"/>
            </accessor>
          </technique_common>
        </source>
        <source id="Right_Wing2-global-anim-outSource-global">
          <float_array count="400" id="Right_Wing2-global-anim-outSource-global-array">0.91263485 0.35369325 0.20493588 8.0 -0.32871562 0.9330126 -0.14640172 1.0 -0.24298906 0.06624569 0.9677643 1.0 0.0 0.0 0.0 1.0 0.9109428 0.3580287 0.2049359 8.0 -0.33314824 0.9314391 -0.14640172 1.0 -0.24330132 0.06508957 0.9677644 1.0 0.0 0.0 0.0 1.0 0.9057429 0.37098682 0.20493592 8.0 -0.3464012 0.92659205 -0.14640175 1.0 -0.2442051 0.061612282 0.9677644 1.0 0.0 0.0 0.0 1.0 0.9003586 0.38386935 0.20493592 8.0 -0.35958368 0.92155635 -0.14640176 1.0 -0.24505915 0.058122464 0.9677643 1.0 0.0 0.0 0.0 1.0 0.8985233 0.38814607 0.20493592 8.0 -0.3639615 0.9198362 -0.14640175 1.0 -0.24533273 0.056956585 0.96776444 1.0 0.0 0.0 0.0 1.0 0.9003142 0.38397354 0.20493594 8.0 -0.3596903 0.9215148 -0.14640175 1.0 -0.24506587 0.0580941 0.9677644 1.0 0.0 0.0 0.0 1.0 0.9055709 0.37140608 0.2049359 8.0 -0.3468302 0.9264314 -0.14640172 1.0 -0.24423356 0.061499182 0.96776426 1.0 0.0 0.0 0.0 1.0 0.9106522 0.35876673 0.20493591 8.0 -0.3339029 0.93116874 -0.14640172 1.0 -0.243354 0.06489238 0.96776426 1.0 0.0 0.0 0.0 1.0 0.91230685 0.3545383 0.20493592 8.0 -0.3295795 0.9327078 -0.14640172 1.0 -0.24305035 0.06602062 0.9677643 1.0 0.0 0.0 0.0 1.0 0.91329825 0.3545383 0.20047253 8.0 -0.33029142 0.932708 -0.14478843 1.0 -0.23831534 0.06602064 0.9689414 1.0 0.0 0.0 0.0 1.0 0.9161408 0.35453832 0.1870532 8.0 -0.33237994 0.93270797 -0.1399276 1.0 -0.22407568 0.06602063 0.9723331 1.0 0.0 0.0 0.0 1.0 0.918786 0.35453826 0.17359358 8.0 -0.33439678 0.9327077 -0.1350366 1.0 -0.20978773 0.06602062 0.97551537 1.0 0.0 0.0 0.0 1.0 0.9196241 0.3545383 0.16909888 8.0 -0.33505312 0.93270797 -0.1333999 1.0 -0.20501521 0.066020645 0.9765297 1.0 0.0 0.0 0.0 1.0 0.9203012 0.3545383 0.16537352 8.0 -0.33559057 0.93270785 -0.13204202 1.0 -0.20105912 0.06602064 0.9773518 1.0 0.0 0.0 0.0 1.0 0.92224246 0.35453838 0.15418106 8.0 -0.33717 0.932708 -0.1279554 1.0 -0.18917099 0.06602066 0.97972244 1.0 0.0 0.0 0.0 1.0 0.92404747 0.3545384 0.14296582 8.0 -0.3386996 0.93270797 -0.12384985 1.0 -0.17725486 0.06602066 0.98194826 1.0 0.0 0.0 0.0 1.0 0.92461866 0.35453835 0.13922276 8.0 -0.33919832 0.93270785 -0.12247727 1.0 -0.17327704 0.066020645 0.98265785 1.0 0.0 0.0 0.0 1.0 0.9232447 0.354485 0.14818826 8.0 -0.3379399 0.9327274 -0.12576355 1.0 -0.18280053 0.0660318 0.98093015 1.0 0.0 0.0 0.0 1.0 0.9186018 0.3543254 0.17499882 8.0 -0.33397394 0.9327855 -0.1355469 1.0 -0.21126404 0.06606855 0.97519374 1.0 0.0 0.0 0.0 1.0 0.9131802 0.35416675 0.20166284 8.0 -0.3297249 0.9328427 -0.14521062 1.0 -0.23954847 0.066110194 0.968631 1.0 0.0 0.0 0.0 1.0 0.9112008 0.35411412 0.21051438 8.0 -0.3282463 0.93286157 -0.14840387 1.0 -0.24893267 0.066125154 0.96626085 1.0 0.0 0.0 0.0 1.0 0.911382 0.3540616 0.20981759 8.0 -0.32830566 0.9328805 -0.14815378 1.0 -0.24819028 0.06614038 0.96645087 1.0 0.0 0.0 0.0 1.0 0.9119222 0.35390377 0.2077263 8.0 -0.3284825 0.9329372 -0.14740317 1.0 -0.24596208 0.06618577 0.96701723 1.0 0.0 0.0 0.0 1.0 0.91245747 0.35374585 0.20563371 8.0 -0.32865754 0.9329937 -0.14665213 1.0 -0.24373256 0.06623076 0.96757835 1.0 0.0 0.0 0.0 1.0 0.9126349 0.35369325 0.20493597 8.0 -0.32871556 0.9330127 -0.14640172 1.0 -0.24298915 0.066245675 0.96776444 1.0 0.0 0.0 0.0 1.0 </float_array>
          <technique_common>
            <accessor count="25" source="#Right_Wing2-global-anim-outSource-global-array" stride="16">
              <param type="float4x4"/>
            </accessor>
          </technique_common>
        </source>
        <sampler id="Right_Wing2-global-anim-globalSampler">
          <input semantic="INPUT" source="#Right_Wing2-global-anim-inSource-TIME"/>
          <input semantic="OUTPUT" source="#Right_Wing2-global-anim-outSource-global"/>
          <input semantic="INTERPOLATION" source="#Right_Wing2-global-anim-interpolation"/>
        </sampler>
        <channel source="#Right_Wing2-global-anim-globalSampler" target="Right_Wing2-global/matrix"/>
      </animation>
    </animation>
    <animation id="Right_Wing2-local-anim" name="Right_Wing2-local-anim">
      <animation>
        <source id="Right_Wing2-local-anim-inSource-TIME">
          <float_array count="25" id="Right_Wing2-local-anim-inSource-TIME-array">0.0 0.041666668 0.083333336 0.125 0.16666667 0.20833333 0.25 0.29166666 0.33333334 0.375 0.41666666 0.45833334 0.5 0.5416667 0.5833333 0.625 0.6666667 0.7083333 0.75 0.7916667 0.8333333 0.875 0.9166667 0.9583333 1.0 </float_array>
          <technique_common>
            <accessor count="25" source="#Right_Wing2-local-anim-inSource-TIME-array">
              <param name="TIME" type="float"/>
            </accessor>
          </technique_common>
        </source>
        <source id="Right_Wing2-local-anim-interpolation">
          <Name_array count="25" id="Right_Wing2-local-anim-interpolation-array">LINEAR LINEAR LINEAR LINEAR LINEAR LINEAR LINEAR LINEAR LINEAR LINEAR LINEAR LINEAR LINEAR LINEAR LINEAR LINEAR LINEAR LINEAR LINEAR LINEAR LINEAR LINEAR LINEAR LINEAR LINEAR </Name_array>
          <technique_common>
            <accessor count="25" source="#Right_Wing2-local-anim-interpolation-array">
              <param type="name"/>
            </accessor>
          </technique_common>
        </source>
        <source id="Right_Wing2-local-anim-outSource-local">
          <float_array count="400" id="Right_Wing2-local-anim-outSource-local-array">1.0 0.0 0.0 5.5 0.0 1.0 0.0 0.0 0.0 0.0 1.0 -4.0 0.0 0.0 0.0 1.0 1.0 0.0 0.0 5.5 0.0 1.0 0.0 0.0 0.0 0.0 1.0 -4.0 0.0 0.0 0.0 1.0 1.0 0.0 0.0 5.5 0.0 1.0 0.0 0.0 0.0 0.0 1.0 -4.0 0.0 0.0 0.0 1.0 1.0 0.0 0.0 5.5 0.0 1.0 0.0 0.0 0.0 0.0 1.0 -4.0 0.0 0.0 0.0 1.0 1.0 0.0 0.0 5.5 0.0 1.0 0.0 0.0 0.0 0.0 1.0 -4.0 0.0 0.0 0.0 1.0 1.0 0.0 0.0 5.5 0.0 1.0 0.0 0.0 0.0 0.0 1.0 -4.0 0.0 0.0 0.0 1.0 1.0 0.0 0.0 5.5 0.0 1.0 0.0 0.0 0.0 0.0 1.0 -4.0 0.0 0.0 0.0 1.0 1.0 0.0 0.0 5.5 0.0 1.0 0.0 0.0 0.0 0.0 1.0 -4.0 0.0 0.0 0.0 1.0 1.0 0.0 0.0 5.5 0.0 1.0 0.0 0.0 0.0 0.0 1.0 -4.0 0.0 0.0 0.0 1.0 1.0 0.0 0.0 5.5 0.0 1.0 0.0 0.0 0.0 0.0 1.0 -4.0 0.0 0.0 0.0 1.0 1.0 0.0 0.0 5.5 0.0 1.0 0.0 0.0 0.0 0.0 1.0 -4.0 0.0 0.0 0.0 1.0 1.0 0.0 0.0 5.5 0.0 1.0 0.0 0.0 0.0 0.0 1.0 -4.0 0.0 0.0 0.0 1.0 1.0 0.0 0.0 5.5 0.0 1.0 0.0 0.0 0.0 0.0 1.0 -4.0 0.0 0.0 0.0 1.0 1.0 0.0 0.0 5.5 0.0 1.0 0.0 0.0 0.0 0.0 1.0 -4.0 0.0 0.0 0.0 1.0 1.0 0.0 0.0 5.5 0.0 1.0 0.0 0.0 0.0 0.0 1.0 -4.0 0.0 0.0 0.0 1.0 1.0 0.0 0.0 5.5 0.0 1.0 0.0 0.0 0.0 0.0 1.0 -4.0 0.0 0.0 0.0 1.0 1.0 0.0 0.0 5.5 0.0 1.0 0.0 0.0 0.0 0.0 1.0 -4.0 0.0 0.0 0.0 1.0 1.0 0.0 0.0 5.5 0.0 1.0 0.0 0.0 0.0 0.0 1.0 -4.0 0.0 0.0 0.0 1.0 1.0 0.0 0.0 5.5 0.0 1.0 0.0 0.0 0.0 0.0 1.0 -4.0 0.0 0.0 0.0 1.0 1.0 0.0 0.0 5.5 0.0 1.0 0.0 0.0 0.0 0.0 1.0 -4.0 0.0 0.0 0.0 1.0 1.0 0.0 0.0 5.5 0.0 1.0 0.0 0.0 0.0 0.0 1.0 -4.0 0.0 0.0 0.0 1.0 1.0 0.0 0.0 5.5 0.0 1.0 0.0 0.0 0.0 0.0 1.0 -4.0 0.0 0.0 0.0 1.0 1.0 0.0 0.0 5.5 0.0 1.0 0.0 0.0 0.0 0.0 1.0 -4.0 0.0 0.0 0.0 1.0 1.0 0.0 0.0 5.5 0.0 1.0 0.0 0.0 0.0 0.0 1.0 -4.0 0.0 0.0 0.0 1.0 1.0 0.0 0.0 5.5 0.0 1.0 0.0 0.0 0.0 0.0 1.0 -4.0 0.0 0.0 0.0 1.0 </float_array>
          <technique_common>
            <accessor count="25" source="#Right_Wing2-local-anim-outSource-local-array" stride="16">
              <param type="float4x4"/>
            </accessor>
          </technique_common>
        </source>
        <sampler id="Right_Wing2-local-anim-localSampler">
          <input semantic="INPUT" source="#Right_Wing2-local-anim-inSource-TIME"/>
          <input semantic="OUTPUT" source="#Right_Wing2-local-anim-outSource-local"/>
          <input semantic="INTERPOLATION" source="#Right_Wing2-local-anim-interpolation"/>
        </sampler>
        <channel source="#Right_Wing2-local-anim-localSampler" target="Right_Wing2-local/matrix"/>
      </animation>
    </animation>
    <animation id="Left_Wing1-global-anim" name="Left_Wing1-global-anim">
      <animation>
        <source id="Left_Wing1-global-anim-inSource-TIME">
          <float_array count="25" id="Left_Wing1-global-anim-inSource-TIME-array">0.0 0.041666668 0.083333336 0.125 0.16666667 0.20833333 0.25 0.29166666 0.33333334 0.375 0.41666666 0.45833334 0.5 0.5416667 0.5833333 0.625 0.6666667 0.7083333 0.75 0.7916667 0.8333333 0.875 0.9166667 0.9583333 1.0 </float_array>
          <technique_common>
            <accessor count="25" source="#Left_Wing1-global-anim-inSource-TIME-array">
              <param name="TIME" type="float"/>
            </accessor>
          </technique_common>
        </source>
        <source id="Left_Wing1-global-anim-interpolation">
          <Name_array count="25" id="Left_Wing1-global-anim-interpolation-array">LINEAR LINEAR LINEAR LINEAR LINEAR LINEAR LINEAR LINEAR LINEAR LINEAR LINEAR LINEAR LINEAR LINEAR LINEAR LINEAR LINEAR LINEAR LINEAR LINEAR LINEAR LINEAR LINEAR LINEAR LINEAR </Name_array>
          <technique_common>
            <accessor count="25" source="#Left_Wing1-global-anim-interpolation-array">
              <param type="name"/>
            </accessor>
          </technique_common>
        </source>
        <source id="Left_Wing1-global-anim-outSource-global">
          <float_array count="400" id="Left_Wing1-global-anim-outSource-global-array">0.16745463 -0.9811543 -0.09641233 -2.5 0.665553 0.18465021 -0.7231484 1.3330419 0.7273227 0.056927025 0.68393064 2.0 0.0 0.0 0.0 1.0 0.19622365 -0.9756669 -0.097828984 -2.5 0.656306 0.20480642 -0.72616583 1.3330419 0.7285319 0.07828516 0.6805239 2.0 0.0 0.0 0.0 1.0 0.28132367 -0.95408356 -0.102867216 -2.5 0.62492967 0.26350027 -0.73486775 1.3330419 0.7282307 0.14245087 0.670364 2.0 0.0 0.0 0.0 1.0 0.3640706 -0.9249649 -0.109054476 -2.5 0.58830655 0.31915957 -0.74298924 1.3330419 0.7220446 0.20634305 0.6603594 2.0 0.0 0.0 0.0 1.0 0.39101142 -0.9136236 -0.11136371 -2.5 0.5749836 0.33695823 -0.74555546 1.3330419 0.718682 0.22748846 0.6570731 2.0 0.0 0.0 0.0 1.0 0.36523286 -0.92484516 -0.106145084 -2.5 0.5963517 0.31999892 -0.73618317 1.3330419 0.71482164 0.20557842 0.66840696 2.0 0.0 0.0 0.0 1.0 0.28560418 -0.9538258 -0.09298852 -2.5 0.6563725 0.26538706 -0.70621884 1.3330419 0.6982876 0.14066392 0.7018606 2.0 0.0 0.0 0.0 1.0 0.20317438 -0.97556025 -0.08368057 -2.5 0.7097997 0.20561609 -0.6737258 1.3330419 0.67446613 0.07748741 0.73422825 2.0 0.0 0.0 0.0 1.0 0.17522037 -0.9811543 -0.08145088 -2.5 0.72604716 0.1846503 -0.66238964 1.3330419 0.6649463 0.056926966 0.7447187 2.0 0.0 0.0 0.0 1.0 0.19988793 -0.97623134 -0.083770335 -2.5 0.71040213 0.20327693 -0.6738008 1.3330419 0.6748139 0.075174004 0.73414934 2.0 0.0 0.0 0.0 1.0 0.27272487 -0.95758116 -0.093055665 -2.5 0.65953434 0.25650096 -0.70655614 1.3330419 0.70045376 0.13132203 0.7015119 2.0 0.0 0.0 0.0 1.0 0.34333125 -0.9332402 -0.105766 -2.5 0.60311234 0.305392 -0.73687935 1.3330419 0.7199855 0.18920493 0.6676993 2.0 0.0 0.0 0.0 1.0 0.36626583 -0.92389643 -0.11074579 -2.5 0.5831529 0.32065257 -0.7464011 1.3330419 0.72510827 0.20879951 0.656217 2.0 0.0 0.0 0.0 1.0 0.35233364 -0.92953813 -0.10871872 -2.5 0.59170413 0.31125697 -0.74364316 1.3330419 0.7250842 0.19768119 0.65967786 2.0 0.0 0.0 0.0 1.0 0.30997586 -0.94514465 -0.10303721 -2.5 0.61638176 0.28229225 -0.73510855 1.3330419 0.7238705 0.16435564 0.6700736 2.0 0.0 0.0 0.0 1.0 0.26685575 -0.95874447 -0.09796533 -2.5 0.6395497 0.25221506 -0.7261982 1.3330419 0.7209468 0.13113645 0.68046975 2.0 0.0 0.0 0.0 1.0 0.25233078 -0.962826 -0.09641227 -2.5 0.646927 0.24195445 -0.72314835 1.3330419 0.7195934 0.120100856 0.6839307 2.0 0.0 0.0 0.0 1.0 0.27735043 -0.9556658 -0.098891914 -2.5 0.6353264 0.2596419 -0.7272872 1.3330419 0.72071993 0.13888475 0.6791715 2.0 0.0 0.0 0.0 1.0 0.35102692 -0.9301976 -0.10729742 -2.5 0.59758055 0.3107665 -0.73913586 1.3330419 0.72088677 0.19533771 0.6649554 2.0 0.0 0.0 0.0 1.0 0.4222382 -0.8988888 -0.1171065 -2.5 0.55562437 0.35871395 -0.7500707 1.3330419 0.7162379 0.25164124 0.6509072 2.0 0.0 0.0 0.0 1.0 0.44534248 -0.8871907 -0.120676726 -2.5 0.5407522 0.37393284 -0.7534995 1.3330419 0.7136227 0.27030912 0.6462784 2.0 0.0 0.0 0.0 1.0 0.44174594 -0.88940465 -0.117557645 -2.5 0.54768217 0.371135 -0.74986863 1.3330419 0.7105664 0.2668672 0.65105855 2.0 0.0 0.0 0.0 1.0 0.43076566 -0.89593637 -0.10834625 -2.5 0.56823885 0.36253974 -0.73869455 1.3330419 0.7011031 0.25663766 0.6652756 2.0 0.0 0.0 0.0 1.0 0.41950488 -0.90229917 -0.09935787 -2.5 0.58843446 0.3536461 -0.7271035 1.3330419 0.6912023 0.24655785 0.6793002 2.0 0.0 0.0 0.0 1.0 0.4156902 -0.90438175 -0.0964123 -2.5 0.59508395 0.35061625 -0.7231483 1.3330419 0.68780583 0.24323225 0.68393075 2.0 0.0 0.0 0.0 1.0 </float_array>
          <technique_common>
            <accessor count="25" source="#Left_Wing1-global-anim-outSource-global-array" stride="16">
              <param type="float4x4"/>
            </accessor>
          </technique_common>
        </source>
        <sampler id="Left_Wing1-global-anim-globalSampler">
          <input semantic="INPUT" source="#Left_Wing1-global-anim-inSource-TIME"/>
          <input semantic="OUTPUT" source="#Left_Wing1-global-anim-outSource-global"/>
          <input semantic="INTERPOLATION" source="#Left_Wing1-global-anim-interpolation"/>
        </sampler>
        <channel source="#Left_Wing1-global-anim-globalSampler" target="Left_Wing1-global/matrix"/>
      </animation>
    </animation>
    <animation id="Left_Wing1-local-anim" name="Left_Wing1-local-anim">
      <animation>
        <source id="Left_Wing1-local-anim-inSource-TIME">
          <float_array count="25" id="Left_Wing1-local-anim-inSource-TIME-array">0.0 0.041666668 0.083333336 0.125 0.16666667 0.20833333 0.25 0.29166666 0.33333334 0.375 0.41666666 0.45833334 0.5 0.5416667 0.5833333 0.625 0.6666667 0.7083333 0.75 0.7916667 0.8333333 0.875 0.9166667 0.9583333 1.0 </float_array>
          <technique_common>
            <accessor count="25" source="#Left_Wing1-local-anim-inSource-TIME-array">
              <param name="TIME" type="float"/>
            </accessor>
          </technique_common>
        </source>
        <source id="Left_Wing1-local-anim-interpolation">
          <Name_array count="25" id="Left_Wing1-local-anim-interpolation-array">LINEAR LINEAR LINEAR LINEAR LINEAR LINEAR LINEAR LINEAR LINEAR LINEAR LINEAR LINEAR LINEAR LINEAR LINEAR LINEAR LINEAR LINEAR LINEAR LINEAR LINEAR LINEAR LINEAR LINEAR LINEAR </Name_array>
          <technique_common>
            <accessor count="25" source="#Left_Wing1-local-anim-interpolation-array">
              <param type="name"/>
            </accessor>
          </technique_common>
        </source>
        <source id="Left_Wing1-local-anim-outSource-local">
          <float_array count="400" id="Left_Wing1-local-anim-outSource-local-array">1.0 0.0 0.0 -3.585326 0.0 1.0 0.0 0.9785251 0.0 0.0 1.0 -2.4626446 0.0 0.0 0.0 1.0 1.0 0.0 0.0 -3.585326 0.0 1.0 0.0 0.9785251 0.0 0.0 1.0 -2.4626446 0.0 0.0 0.0 1.0 1.0 0.0 0.0 -3.585326 0.0 1.0 0.0 0.9785251 0.0 0.0 1.0 -2.4626446 0.0 0.0 0.0 1.0 1.0 0.0 0.0 -3.585326 0.0 1.0 0.0 0.9785251 0.0 0.0 1.0 -2.4626446 0.0 0.0 0.0 1.0 1.0 0.0 0.0 -3.585326 0.0 1.0 0.0 0.9785251 0.0 0.0 1.0 -2.4626446 0.0 0.0 0.0 1.0 1.0 0.0 0.0 -3.585326 0.0 1.0 0.0 0.9785251 0.0 0.0 1.0 -2.4626446 0.0 0.0 0.0 1.0 1.0 0.0 0.0 -3.585326 0.0 1.0 0.0 0.9785251 0.0 0.0 1.0 -2.4626446 0.0 0.0 0.0 1.0 1.0 0.0 0.0 -3.585326 0.0 1.0 0.0 0.9785251 0.0 0.0 1.0 -2.4626446 0.0 0.0 0.0 1.0 1.0 0.0 0.0 -3.585326 0.0 1.0 0.0 0.9785251 0.0 0.0 1.0 -2.4626446 0.0 0.0 0.0 1.0 1.0 0.0 0.0 -3.585326 0.0 1.0 0.0 0.9785251 0.0 0.0 1.0 -2.4626446 0.0 0.0 0.0 1.0 1.0 0.0 0.0 -3.585326 0.0 1.0 0.0 0.9785251 0.0 0.0 1.0 -2.4626446 0.0 0.0 0.0 1.0 1.0 0.0 0.0 -3.585326 0.0 1.0 0.0 0.9785251 0.0 0.0 1.0 -2.4626446 0.0 0.0 0.0 1.0 1.0 0.0 0.0 -3.585326 0.0 1.0 0.0 0.9785251 0.0 0.0 1.0 -2.4626446 0.0 0.0 0.0 1.0 1.0 0.0 0.0 -3.585326 0.0 1.0 0.0 0.9785251 0.0 0.0 1.0 -2.4626446 0.0 0.0 0.0 1.0 1.0 0.0 0.0 -3.585326 0.0 1.0 0.0 0.9785251 0.0 0.0 1.0 -2.4626446 0.0 0.0 0.0 1.0 1.0 0.0 0.0 -3.585326 0.0 1.0 0.0 0.9785251 0.0 0.0 1.0 -2.4626446 0.0 0.0 0.0 1.0 1.0 0.0 0.0 -3.585326 0.0 1.0 0.0 0.9785251 0.0 0.0 1.0 -2.4626446 0.0 0.0 0.0 1.0 1.0 0.0 0.0 -3.585326 0.0 1.0 0.0 0.9785251 0.0 0.0 1.0 -2.4626446 0.0 0.0 0.0 1.0 1.0 0.0 0.0 -3.585326 0.0 1.0 0.0 0.9785251 0.0 0.0 1.0 -2.4626446 0.0 0.0 0.0 1.0 1.0 0.0 0.0 -3.585326 0.0 1.0 0.0 0.9785251 0.0 0.0 1.0 -2.4626446 0.0 0.0 0.0 1.0 1.0 0.0 0.0 -3.585326 0.0 1.0 0.0 0.9785251 0.0 0.0 1.0 -2.4626446 0.0 0.0 0.0 1.0 1.0 0.0 0.0 -3.585326 0.0 1.0 0.0 0.9785251 0.0 0.0 1.0 -2.4626446 0.0 0.0 0.0 1.0 1.0 0.0 0.0 -3.585326 0.0 1.0 0.0 0.9785251 0.0 0.0 1.0 -2.4626446 0.0 0.0 0.0 1.0 1.0 0.0 0.0 -3.585326 0.0 1.0 0.0 0.9785251 0.0 0.0 1.0 -2.4626446 0.0 0.0 0.0 1.0 1.0 0.0 0.0 -3.585326 0.0 1.0 0.0 0.9785251 0.0 0.0 1.0 -2.4626446 0.0 0.0 0.0 1.0 </float_array>
          <technique_common>
            <accessor count="25" source="#Left_Wing1-local-anim-outSource-local-array" stride="16">
              <param type="float4x4"/>
            </accessor>
          </technique_common>
        </source>
        <sampler id="Left_Wing1-local-anim-localSampler">
          <input semantic="INPUT" source="#Left_Wing1-local-anim-inSource-TIME"/>
          <input semantic="OUTPUT" source="#Left_Wing1-local-anim-outSource-local"/>
          <input semantic="INTERPOLATION" source="#Left_Wing1-local-anim-interpolation"/>
        </sampler>
        <channel source="#Left_Wing1-local-anim-localSampler" target="Left_Wing1-local/matrix"/>
      </animation>
    </animation>
    <animation id="Left_Wing2-global-anim" name="Left_Wing2-global-anim">
      <animation>
        <source id="Left_Wing2-global-anim-inSource-TIME">
          <float_array count="25" id="Left_Wing2-global-anim-inSource-TIME-array">0.0 0.041666668 0.083333336 0.125 0.16666667 0.20833333 0.25 0.29166666 0.33333334 0.375 0.41666666 0.45833334 0.5 0.5416667 0.5833333 0.625 0.6666667 0.7083333 0.75 0.7916667 0.8333333 0.875 0.9166667 0.9583333 1.0 </float_array>
          <technique_common>
            <accessor count="25" source="#Left_Wing2-global-anim-inSource-TIME-array">
              <param name="TIME" type="float"/>
            </accessor>
          </technique_common>
        </source>
        <source id="Left_Wing2-global-anim-interpolation">
          <Name_array count="25" id="Left_Wing2-global-anim-interpolation-array">LINEAR LINEAR LINEAR LINEAR LINEAR LINEAR LINEAR LINEAR LINEAR LINEAR LINEAR LINEAR LINEAR LINEAR LINEAR LINEAR LINEAR LINEAR LINEAR LINEAR LINEAR LINEAR LINEAR LINEAR LINEAR </Name_array>
          <technique_common>
            <accessor count="25" source="#Left_Wing2-global-anim-interpolation-array">
              <param type="name"/>
            </accessor>
          </technique_common>
        </source>
        <source id="Left_Wing2-global-anim-outSource-global">
          <float_array count="400" id="Left_Wing2-global-anim-outSource-global-array">0.9250684 -0.16311453 -0.34299022 -8.0 0.1736482 0.9848078 -7.4505806E-9 1.0 0.3377794 -0.05955962 0.93933904 1.0 0.0 0.0 0.0 1.0 0.9231684 -0.17354563 -0.3429902 -8.0 0.18475291 0.98278517 -7.4505806E-9 1.0 0.33708563 -0.063368425 0.9393391 1.0 0.0 0.0 0.0 1.0 0.91676354 -0.20470089 -0.3429902 -8.0 0.21792015 0.9759667 3.7252903E-9 1.0 0.334747 -0.07474446 0.93933904 1.0 0.0 0.0 0.0 1.0 0.90930766 -0.23562147 -0.34299016 -8.0 0.25083753 0.9680293 1.4901161E-8 1.0 0.3320245 -0.08603481 0.9393391 1.0 0.0 0.0 0.0 1.0 0.90659016 -0.24587002 -0.34299016 -8.0 0.26174793 0.9651363 1.8626451E-8 1.0 0.33103222 -0.08977696 0.939339 1.0 0.0 0.0 0.0 1.0 0.9093078 -0.23562151 -0.34299022 -8.0 0.25083756 0.96802944 1.4901161E-8 1.0 0.33202457 -0.08603483 0.9393392 1.0 0.0 0.0 0.0 1.0 0.91676354 -0.20470089 -0.3429902 -8.0 0.21792015 0.9759667 3.7252903E-9 1.0 0.334747 -0.07474446 0.93933904 1.0 0.0 0.0 0.0 1.0 0.9231684 -0.17354563 -0.3429902 -8.0 0.18475291 0.98278517 -3.7252903E-9 1.0 0.33708563 -0.063368425 0.9393391 1.0 0.0 0.0 0.0 1.0 0.9250684 -0.16311453 -0.34299022 -8.0 0.1736482 0.9848078 -7.4505806E-9 1.0 0.3377794 -0.05955962 0.93933904 1.0 0.0 0.0 0.0 1.0 0.92364895 -0.16511674 -0.34584546 -8.0 0.17577027 0.9844311 -5.667675E-4 1.0 0.3405546 -0.060265854 0.9382914 1.0 0.0 0.0 0.0 1.0 0.91931206 -0.17110553 -0.35438457 -8.0 0.18212116 0.9832735 -0.0023063794 1.0 0.34885153 -0.062420636 0.93509704 1.0 0.0 0.0 0.0 1.0 0.9148574 -0.17706653 -0.36288238 -8.0 0.18844798 0.9820747 -0.0041047297 1.0 0.35710436 -0.0646292 0.93182606 1.0 0.0 0.0 0.0 1.0 0.91334647 -0.17904715 -0.36570546 -8.0 0.19055136 0.98166597 -0.0047171693 1.0 0.3598452 -0.06537726 0.9307188 1.0 0.0 0.0 0.0 1.0 0.91538996 -0.17861426 -0.36077476 -8.0 0.19010368 0.98175716 -0.0037054475 1.0 0.354855 -0.06519267 0.93264574 1.0 0.0 0.0 0.0 1.0 0.9213592 -0.17730932 -0.3459173 -8.0 0.18872769 0.98202926 -6.8495795E-4 1.0 0.33982238 -0.06465308 0.93826485 1.0 0.0 0.0 0.0 1.0 0.9307675 -0.17511445 -0.32094702 -8.0 0.18632558 0.98247874 0.004298443 1.0 0.31457087 -0.06380149 0.94708747 1.0 0.0 0.0 0.0 1.0 0.9394942 -0.17289607 -0.29573247 -8.0 0.183789 0.98292255 0.009215264 1.0 0.28908882 -0.06301006 0.95522636 1.0 0.0 0.0 0.0 1.0 0.94440055 -0.17155445 -0.2804942 -8.0 0.1822033 0.9831862 0.0121319 1.0 0.27369672 -0.062564336 0.9597792 1.0 0.0 0.0 0.0 1.0 0.9459806 -0.17110553 -0.27539742 -8.0 0.18166417 0.9832735 0.013098365 1.0 0.26854974 -0.062420636 0.9612413 1.0 0.0 0.0 0.0 1.0 0.9428401 -0.1697603 -0.28676492 -8.0 0.18039517 0.98353416 0.010875629 1.0 0.28019685 -0.061984986 0.9579393 1.0 0.0 0.0 0.0 1.0 0.93956095 -0.16842014 -0.2980938 -8.0 0.17909908 0.98379284 0.008668339 1.0 0.29180264 -0.06153276 0.9544972 1.0 0.0 0.0 0.0 1.0 0.93614376 -0.16708529 -0.30938247 -8.0 0.17777616 0.9840497 0.006476812 1.0 0.3033655 -0.06106405 0.9509157 1.0 0.0 0.0 0.0 1.0 0.9325889 -0.16575594 -0.32062918 -8.0 0.17642657 0.9843045 0.0043013636 1.0 0.3148837 -0.060578905 0.9471951 1.0 0.0 0.0 0.0 1.0 0.9288969 -0.16443229 -0.33183232 -8.0 0.17505053 0.9845572 0.0021423176 1.0 0.3263556 -0.06007741 0.94333607 1.0 0.0 0.0 0.0 1.0 0.9250684 -0.16311453 -0.34299022 -8.0 0.1736482 0.9848078 -7.4505806E-9 1.0 0.3377794 -0.05955962 0.93933904 1.0 0.0 0.0 0.0 1.0 </float_array>
          <technique_common>
            <accessor count="25" source="#Left_Wing2-global-anim-outSource-global-array" stride="16">
              <param type="float4x4"/>
            </accessor>
          </technique_common>
        </source>
        <sampler id="Left_Wing2-global-anim-globalSampler">
          <input semantic="INPUT" source="#Left_Wing2-global-anim-inSource-TIME"/>
          <input semantic="OUTPUT" source="#Left_Wing2-global-anim-outSource-global"/>
          <input semantic="INTERPOLATION" source="#Left_Wing2-global-anim-interpolation"/>
        </sampler>
        <channel source="#Left_Wing2-global-anim-globalSampler" target="Left_Wing2-global/matrix"/>
      </animation>
    </animation>
    <animation id="Left_Wing2-local-anim" name="Left_Wing2-local-anim">
      <animation>
        <source id="Left_Wing2-local-anim-inSource-TIME">
          <float_array count="25" id="Left_Wing2-local-anim-inSource-TIME-array">0.0 0.041666668 0.083333336 0.125 0.16666667 0.20833333 0.25 0.29166666 0.33333334 0.375 0.41666666 0.45833334 0.5 0.5416667 0.5833333 0.625 0.6666667 0.7083333 0.75 0.7916667 0.8333333 0.875 0.9166667 0.9583333 1.0 </float_array>
          <technique_common>
            <accessor count="25" source="#Left_Wing2-local-anim-inSource-TIME-array">
              <param name="TIME" type="float"/>
            </accessor>
          </technique_common>
        </source>
        <source id="Left_Wing2-local-anim-interpolation">
          <Name_array count="25" id="Left_Wing2-local-anim-interpolation-array">LINEAR LINEAR LINEAR LINEAR LINEAR LINEAR LINEAR LINEAR LINEAR LINEAR LINEAR LINEAR LINEAR LINEAR LINEAR LINEAR LINEAR LINEAR LINEAR LINEAR LINEAR LINEAR LINEAR LINEAR LINEAR </Name_array>
          <technique_common>
            <accessor count="25" source="#Left_Wing2-local-anim-interpolation-array">
              <param type="name"/>
            </accessor>
          </technique_common>
        </source>
        <source id="Left_Wing2-local-anim-outSource-local">
          <float_array count="400" id="Left_Wing2-local-anim-outSource-local-array">1.0 0.0 0.0 -5.5 0.0 1.0 0.0 0.0 0.0 0.0 1.0 -4.0 0.0 0.0 0.0 1.0 1.0 0.0 0.0 -5.5 0.0 1.0 0.0 0.0 0.0 0.0 1.0 -4.0 0.0 0.0 0.0 1.0 1.0 0.0 0.0 -5.5 0.0 1.0 0.0 0.0 0.0 0.0 1.0 -4.0 0.0 0.0 0.0 1.0 1.0 0.0 0.0 -5.5 0.0 1.0 0.0 0.0 0.0 0.0 1.0 -4.0 0.0 0.0 0.0 1.0 1.0 0.0 0.0 -5.5 0.0 1.0 0.0 0.0 0.0 0.0 1.0 -4.0 0.0 0.0 0.0 1.0 1.0 0.0 0.0 -5.5 0.0 1.0 0.0 0.0 0.0 0.0 1.0 -4.0 0.0 0.0 0.0 1.0 1.0 0.0 0.0 -5.5 0.0 1.0 0.0 0.0 0.0 0.0 1.0 -4.0 0.0 0.0 0.0 1.0 1.0 0.0 0.0 -5.5 0.0 1.0 0.0 0.0 0.0 0.0 1.0 -4.0 0.0 0.0 0.0 1.0 1.0 0.0 0.0 -5.5 0.0 1.0 0.0 0.0 0.0 0.0 1.0 -4.0 0.0 0.0 0.0 1.0 1.0 0.0 0.0 -5.5 0.0 1.0 0.0 0.0 0.0 0.0 1.0 -4.0 0.0 0.0 0.0 1.0 1.0 0.0 0.0 -5.5 0.0 1.0 0.0 0.0 0.0 0.0 1.0 -4.0 0.0 0.0 0.0 1.0 1.0 0.0 0.0 -5.5 0.0 1.0 0.0 0.0 0.0 0.0 1.0 -4.0 0.0 0.0 0.0 1.0 1.0 0.0 0.0 -5.5 0.0 1.0 0.0 0.0 0.0 0.0 1.0 -4.0 0.0 0.0 0.0 1.0 1.0 0.0 0.0 -5.5 0.0 1.0 0.0 0.0 0.0 0.0 1.0 -4.0 0.0 0.0 0.0 1.0 1.0 0.0 0.0 -5.5 0.0 1.0 0.0 0.0 0.0 0.0 1.0 -4.0 0.0 0.0 0.0 1.0 1.0 0.0 0.0 -5.5 0.0 1.0 0.0 0.0 0.0 0.0 1.0 -4.0 0.0 0.0 0.0 1.0 1.0 0.0 0.0 -5.5 0.0 1.0 0.0 0.0 0.0 0.0 1.0 -4.0 0.0 0.0 0.0 1.0 1.0 0.0 0.0 -5.5 0.0 1.0 0.0 0.0 0.0 0.0 1.0 -4.0 0.0 0.0 0.0 1.0 1.0 0.0 0.0 -5.5 0.0 1.0 0.0 0.0 0.0 0.0 1.0 -4.0 0.0 0.0 0.0 1.0 1.0 0.0 0.0 -5.5 0.0 1.0 0.0 0.0 0.0 0.0 1.0 -4.0 0.0 0.0 0.0 1.0 1.0 0.0 0.0 -5.5 0.0 1.0 0.0 0.0 0.0 0.0 1.0 -4.0 0.0 0.0 0.0 1.0 1.0 0.0 0.0 -5.5 0.0 1.0 0.0 0.0 0.0 0.0 1.0 -4.0 0.0 0.0 0.0 1.0 1.0 0.0 0.0 -5.5 0.0 1.0 0.0 0.0 0.0 0.0 1.0 -4.0 0.0 0.0 0.0 1.0 1.0 0.0 0.0 -5.5 0.0 1.0 0.0 0.0 0.0 0.0 1.0 -4.0 0.0 0.0 0.0 1.0 1.0 0.0 0.0 -5.5 0.0 1.0 0.0 0.0 0.0 0.0 1.0 -4.0 0.0 0.0 0.0 1.0 </float_array>
          <technique_common>
            <accessor count="25" source="#Left_Wing2-local-anim-outSource-local-array" stride="16">
              <param type="float4x4"/>
            </accessor>
          </technique_common>
        </source>
        <sampler id="Left_Wing2-local-anim-localSampler">
          <input semantic="INPUT" source="#Left_Wing2-local-anim-inSource-TIME"/>
          <input semantic="OUTPUT" source="#Left_Wing2-local-anim-outSource-local"/>
          <input semantic="INTERPOLATION" source="#Left_Wing2-local-anim-interpolation"/>
        </sampler>
        <channel source="#Left_Wing2-local-anim-localSampler" target="Left_Wing2-local/matrix"/>
      </animation>
    </animation>
    <animation id="Right_Claw-global-anim" name="Right_Claw-global-anim">
      <animation>
        <source id="Right_Claw-global-anim-inSource-TIME">
          <float_array count="25" id="Right_Claw-global-anim-inSource-TIME-array">0.0 0.041666668 0.083333336 0.125 0.16666667 0.20833333 0.25 0.29166666 0.33333334 0.375 0.41666666 0.45833334 0.5 0.5416667 0.5833333 0.625 0.6666667 0.7083333 0.75 0.7916667 0.8333333 0.875 0.9166667 0.9583333 1.0 </float_array>
          <technique_common>
            <accessor count="25" source="#Right_Claw-global-anim-inSource-TIME-array">
              <param name="TIME" type="float"/>
            </accessor>
          </technique_common>
        </source>
        <source id="Right_Claw-global-anim-interpolation">
          <Name_array count="25" id="Right_Claw-global-anim-interpolation-array">LINEAR LINEAR LINEAR LINEAR LINEAR LINEAR LINEAR LINEAR LINEAR LINEAR LINEAR LINEAR LINEAR LINEAR LINEAR LINEAR LINEAR LINEAR LINEAR LINEAR LINEAR LINEAR LINEAR LINEAR LINEAR </Name_array>
          <technique_common>
            <accessor count="25" source="#Right_Claw-global-anim-interpolation-array">
              <param type="name"/>
            </accessor>
          </technique_common>
        </source>
        <source id="Right_Claw-global-anim-outSource-global">
          <float_array count="400" id="Right_Claw-global-anim-outSource-global-array">1.0000001 0.0 0.0 1.0 0.0 0.06150064 -0.9981072 -4.5 0.0 0.9981072 0.06150064 -0.5 0.0 0.0 0.0 1.0 1.0 0.0 0.0 1.0 0.0 0.061500728 -0.9981071 -4.5 0.0 0.9981071 0.061500728 -0.5 0.0 0.0 0.0 1.0 1.0 0.0 0.0 1.0 0.0 0.06150052 -0.9981071 -4.5 0.0 0.9981071 0.06150052 -0.5 0.0 0.0 0.0 1.0 1.0000001 0.0 0.0 1.0 0.0 0.06150064 -0.9981072 -4.5 0.0 0.9981072 0.06150064 -0.5 0.0 0.0 0.0 1.0 1.0 0.0 0.0 1.0 0.0 0.061500728 -0.9981071 -4.5 0.0 0.9981071 0.061500728 -0.5 0.0 0.0 0.0 1.0 1.0 0.0 0.0 1.0 0.0 0.061500728 -0.9981071 -4.5 0.0 0.9981071 0.061500728 -0.5 0.0 0.0 0.0 1.0 1.0000001 0.0 0.0 1.0 0.0 0.06150064 -0.9981072 -4.5 0.0 0.9981072 0.06150064 -0.5 0.0 0.0 0.0 1.0 1.0 0.0 0.0 1.0 0.0 0.061500728 -0.9981071 -4.5 0.0 0.9981071 0.061500728 -0.5 0.0 0.0 0.0 1.0 1.0000001 0.0 0.0 1.0 0.0 0.06150064 -0.9981072 -4.5 0.0 0.9981072 0.06150064 -0.5 0.0 0.0 0.0 1.0 1.0000001 0.0 0.0 1.0 0.0 0.06150064 -0.9981072 -4.5 0.0 0.9981072 0.06150064 -0.5 0.0 0.0 0.0 1.0 1.0 0.0 0.0 1.0 0.0 0.061500728 -0.9981071 -4.5 0.0 0.9981071 0.061500728 -0.5 0.0 0.0 0.0 1.0 1.0 0.0 0.0 1.0 0.0 0.06150052 -0.9981071 -4.5 0.0 0.9981071 0.06150052 -0.5 0.0 0.0 0.0 1.0 1.0000001 0.0 0.0 1.0 0.0 0.06150064 -0.9981072 -4.5 0.0 0.9981072 0.06150064 -0.5 0.0 0.0 0.0 1.0 1.0000001 0.0 0.0 1.0 0.0 0.06150064 -0.9981072 -4.5 0.0 0.9981072 0.06150064 -0.5 0.0 0.0 0.0 1.0 1.0000001 0.0 0.0 1.0 0.0 0.06150064 -0.9981072 -4.5 0.0 0.9981072 0.06150064 -0.5 0.0 0.0 0.0 1.0 1.0000001 0.0 0.0 1.0 0.0 0.06150064 -0.9981072 -4.5 0.0 0.9981072 0.06150064 -0.5 0.0 0.0 0.0 1.0 1.0000001 0.0 0.0 1.0 0.0 0.06150064 -0.9981072 -4.5 0.0 0.9981072 0.06150064 -0.5 0.0 0.0 0.0 1.0 1.0000001 0.0 0.0 1.0 0.0 0.06150064 -0.9981072 -4.5 0.0 0.9981072 0.06150064 -0.5 0.0 0.0 0.0 1.0 1.0000001 0.0 0.0 1.0 0.0 0.06150064 -0.9981072 -4.5 0.0 0.9981072 0.06150064 -0.5 0.0 0.0 0.0 1.0 1.0000001 0.0 0.0 1.0 0.0 0.06150064 -0.9981072 -4.5 0.0 0.9981072 0.06150064 -0.5 0.0 0.0 0.0 1.0 1.0000001 0.0 0.0 1.0 0.0 0.06150064 -0.9981072 -4.5 0.0 0.9981072 0.06150064 -0.5 0.0 0.0 0.0 1.0 1.0000001 0.0 0.0 1.0 0.0 0.06150064 -0.9981072 -4.5 0.0 0.9981072 0.06150064 -0.5 0.0 0.0 0.0 1.0 1.0000001 0.0 0.0 1.0 0.0 0.06150064 -0.9981072 -4.5 0.0 0.9981072 0.06150064 -0.5 0.0 0.0 0.0 1.0 1.0000001 0.0 0.0 1.0 0.0 0.06150064 -0.9981072 -4.5 0.0 0.9981072 0.06150064 -0.5 0.0 0.0 0.0 1.0 1.0000001 0.0 0.0 1.0 0.0 0.06150064 -0.9981072 -4.5 0.0 0.9981072 0.06150064 -0.5 0.0 0.0 0.0 1.0 </float_array>
          <technique_common>
            <accessor count="25" source="#Right_Claw-global-anim-outSource-global-array" stride="16">
              <param type="float4x4"/>
            </accessor>
          </technique_common>
        </source>
        <sampler id="Right_Claw-global-anim-globalSampler">
          <input semantic="INPUT" source="#Right_Claw-global-anim-inSource-TIME"/>
          <input semantic="OUTPUT" source="#Right_Claw-global-anim-outSource-global"/>
          <input semantic="INTERPOLATION" source="#Right_Claw-global-anim-interpolation"/>
        </sampler>
        <channel source="#Right_Claw-global-anim-globalSampler" target="Right_Claw-global/matrix"/>
      </animation>
    </animation>
    <animation id="Right_Claw-local-anim" name="Right_Claw-local-anim">
      <animation>
        <source id="Right_Claw-local-anim-inSource-TIME">
          <float_array count="25" id="Right_Claw-local-anim-inSource-TIME-array">0.0 0.041666668 0.083333336 0.125 0.16666667 0.20833333 0.25 0.29166666 0.33333334 0.375 0.41666666 0.45833334 0.5 0.5416667 0.5833333 0.625 0.6666667 0.7083333 0.75 0.7916667 0.8333333 0.875 0.9166667 0.9583333 1.0 </float_array>
          <technique_common>
            <accessor count="25" source="#Right_Claw-local-anim-inSource-TIME-array">
              <param name="TIME" type="float"/>
            </accessor>
          </technique_common>
        </source>
        <source id="Right_Claw-local-anim-interpolation">
          <Name_array count="25" id="Right_Claw-local-anim-interpolation-array">LINEAR LINEAR LINEAR LINEAR LINEAR LINEAR LINEAR LINEAR LINEAR LINEAR LINEAR LINEAR LINEAR LINEAR LINEAR LINEAR LINEAR LINEAR LINEAR LINEAR LINEAR LINEAR LINEAR LINEAR LINEAR </Name_array>
          <technique_common>
            <accessor count="25" source="#Right_Claw-local-anim-interpolation-array">
              <param type="name"/>
            </accessor>
          </technique_common>
        </source>
        <source id="Right_Claw-local-anim-outSource-local">
          <float_array count="400" id="Right_Claw-local-anim-outSource-local-array">1.0 0.0 0.0 0.021904886 0.0 1.0 0.0 -1.9999999 0.0 0.0 1.0 0.5 0.0 0.0 0.0 1.0 1.0 0.0 0.0 0.021904886 0.0 1.0 0.0 -1.9999999 0.0 0.0 1.0 0.5 0.0 0.0 0.0 1.0 1.0 0.0 0.0 0.021904886 0.0 1.0 0.0 -1.9999999 0.0 0.0 1.0 0.5 0.0 0.0 0.0 1.0 1.0 0.0 0.0 0.021904886 0.0 1.0 0.0 -1.9999999 0.0 0.0 1.0 0.5 0.0 0.0 0.0 1.0 1.0 0.0 0.0 0.021904886 0.0 1.0 0.0 -1.9999999 0.0 0.0 1.0 0.5 0.0 0.0 0.0 1.0 1.0 0.0 0.0 0.021904886 0.0 1.0 0.0 -1.9999999 0.0 0.0 1.0 0.5 0.0 0.0 0.0 1.0 1.0 0.0 0.0 0.021904886 0.0 1.0 0.0 -1.9999999 0.0 0.0 1.0 0.5 0.0 0.0 0.0 1.0 1.0 0.0 0.0 0.021904886 0.0 1.0 0.0 -1.9999999 0.0 0.0 1.0 0.5 0.0 0.0 0.0 1.0 1.0 0.0 0.0 0.021904886 0.0 1.0 0.0 -1.9999999 0.0 0.0 1.0 0.5 0.0 0.0 0.0 1.0 1.0 0.0 0.0 0.021904886 0.0 1.0 0.0 -1.9999999 0.0 0.0 1.0 0.5 0.0 0.0 0.0 1.0 1.0 0.0 0.0 0.021904886 0.0 1.0 0.0 -1.9999999 0.0 0.0 1.0 0.5 0.0 0.0 0.0 1.0 1.0 0.0 0.0 0.021904886 0.0 1.0 0.0 -1.9999999 0.0 0.0 1.0 0.5 0.0 0.0 0.0 1.0 1.0 0.0 0.0 0.021904886 0.0 1.0 0.0 -1.9999999 0.0 0.0 1.0 0.5 0.0 0.0 0.0 1.0 1.0 0.0 0.0 0.021904886 0.0 1.0 0.0 -1.9999999 0.0 0.0 1.0 0.5 0.0 0.0 0.0 1.0 1.0 0.0 0.0 0.021904886 0.0 1.0 0.0 -1.9999999 0.0 0.0 1.0 0.5 0.0 0.0 0.0 1.0 1.0 0.0 0.0 0.021904886 0.0 1.0 0.0 -1.9999999 0.0 0.0 1.0 0.5 0.0 0.0 0.0 1.0 1.0 0.0 0.0 0.021904886 0.0 1.0 0.0 -1.9999999 0.0 0.0 1.0 0.5 0.0 0.0 0.0 1.0 1.0 0.0 0.0 0.021904886 0.0 1.0 0.0 -1.9999999 0.0 0.0 1.0 0.5 0.0 0.0 0.0 1.0 1.0 0.0 0.0 0.021904886 0.0 1.0 0.0 -1.9999999 0.0 0.0 1.0 0.5 0.0 0.0 0.0 1.0 1.0 0.0 0.0 0.021904886 0.0 1.0 0.0 -1.9999999 0.0 0.0 1.0 0.5 0.0 0.0 0.0 1.0 1.0 0.0 0.0 0.021904886 0.0 1.0 0.0 -1.9999999 0.0 0.0 1.0 0.5 0.0 0.0 0.0 1.0 1.0 0.0 0.0 0.021904886 0.0 1.0 0.0 -1.9999999 0.0 0.0 1.0 0.5 0.0 0.0 0.0 1.0 1.0 0.0 0.0 0.021904886 0.0 1.0 0.0 -1.9999999 0.0 0.0 1.0 0.5 0.0 0.0 0.0 1.0 1.0 0.0 0.0 0.021904886 0.0 1.0 0.0 -1.9999999 0.0 0.0 1.0 0.5 0.0 0.0 0.0 1.0 1.0 0.0 0.0 0.021904886 0.0 1.0 0.0 -1.9999999 0.0 0.0 1.0 0.5 0.0 0.0 0.0 1.0 </float_array>
          <technique_common>
            <accessor count="25" source="#Right_Claw-local-anim-outSource-local-array" stride="16">
              <param type="float4x4"/>
            </accessor>
          </technique_common>
        </source>
        <sampler id="Right_Claw-local-anim-localSampler">
          <input semantic="INPUT" source="#Right_Claw-local-anim-inSource-TIME"/>
          <input semantic="OUTPUT" source="#Right_Claw-local-anim-outSource-local"/>
          <input semantic="INTERPOLATION" source="#Right_Claw-local-anim-interpolation"/>
        </sampler>
        <channel source="#Right_Claw-local-anim-localSampler" target="Right_Claw-local/matrix"/>
      </animation>
    </animation>
    <animation id="Tail1-global-anim" name="Tail1-global-anim">
      <animation>
        <source id="Tail1-global-anim-inSource-TIME">
          <float_array count="25" id="Tail1-global-anim-inSource-TIME-array">0.0 0.041666668 0.083333336 0.125 0.16666667 0.20833333 0.25 0.29166666 0.33333334 0.375 0.41666666 0.45833334 0.5 0.5416667 0.5833333 0.625 0.6666667 0.7083333 0.75 0.7916667 0.8333333 0.875 0.9166667 0.9583333 1.0 </float_array>
          <technique_common>
            <accessor count="25" source="#Tail1-global-anim-inSource-TIME-array">
              <param name="TIME" type="float"/>
            </accessor>
          </technique_common>
        </source>
        <source id="Tail1-global-anim-interpolation">
          <Name_array count="25" id="Tail1-global-anim-interpolation-array">LINEAR LINEAR LINEAR LINEAR LINEAR LINEAR LINEAR LINEAR LINEAR LINEAR LINEAR LINEAR LINEAR LINEAR LINEAR LINEAR LINEAR LINEAR LINEAR LINEAR LINEAR LINEAR LINEAR LINEAR LINEAR </Name_array>
          <technique_common>
            <accessor count="25" source="#Tail1-global-anim-interpolation-array">
              <param type="name"/>
            </accessor>
          </technique_common>
        </source>
        <source id="Tail1-global-anim-outSource-global">
          <float_array count="400" id="Tail1-global-anim-outSource-global-array">1.0 0.0 0.0 -0.5 0.0 0.999598 0.028350879 0.0 0.0 -0.028350879 0.999598 -5.0 0.0 0.0 0.0 1.0 1.0 0.0 0.0 -0.5 0.0 0.9993591 0.035797767 0.0 0.0 -0.035797767 0.9993591 -5.0 0.0 0.0 0.0 1.0 1.0000002 0.0 0.0 -0.5 0.0 0.99830955 0.058124874 0.0 0.0 -0.058124874 0.99830955 -5.0 0.0 0.0 0.0 1.0 1.0 0.0 0.0 -0.5 0.0 0.99579984 0.09155757 0.0 0.0 -0.09155757 0.99579984 -5.0 0.0 0.0 0.0 1.0 1.0 0.0 0.0 -0.5 0.0 0.9935047 0.11379117 0.0 0.0 -0.11379117 0.9935047 -5.0 0.0 0.0 0.0 1.0 1.0000001 0.0 0.0 -0.5 0.0 0.99262947 0.121190295 0.0 0.0 -0.121190295 0.99262947 -5.0 0.0 0.0 0.0 1.0 1.0000001 0.0 0.0 -0.5 0.0 0.9934759 0.11404344 0.0 0.0 -0.11404344 0.9934759 -5.0 0.0 0.0 0.0 1.0 1.0000002 0.0 0.0 -0.5 0.0 0.9957065 0.092568904 0.0 0.0 -0.092568904 0.9957065 -5.0 0.0 0.0 0.0 1.0 1.0000001 0.0 0.0 -0.5 0.0 0.99818164 0.060279325 0.0 0.0 -0.060279325 0.99818164 -5.0 0.0 0.0 0.0 1.0 1.0 0.0 0.0 -0.5 0.0 0.9992503 0.038715716 0.0 0.0 -0.038715716 0.9992503 -5.0 0.0 0.0 0.0 1.0 0.99999994 0.0 0.0 -0.5 0.0 0.99950296 0.03152335 0.0 0.0 -0.03152335 0.99950296 -5.0 0.0 0.0 0.0 1.0 1.0 0.0 0.0 -0.5 0.0 0.9993384 0.03636871 0.0 0.0 -0.03636871 0.9993384 -5.0 0.0 0.0 0.0 1.0 1.0000001 0.0 0.0 -0.5 0.0 0.9987039 0.05089919 0.0 0.0 -0.05089919 0.9987039 -5.0 0.0 0.0 0.0 1.0 1.0 0.0 0.0 -0.5 0.0 0.99717665 0.07509121 0.0 0.0 -0.07509121 0.99717665 -5.0 0.0 0.0 0.0 1.0 1.0000001 0.0 0.0 -0.5 0.0 0.9950637 0.0992391 0.0 0.0 -0.0992391 0.9950637 -5.0 0.0 0.0 0.0 1.0 1.0000001 0.0 0.0 -0.5 0.0 0.99351513 0.11370079 0.0 0.0 -0.11370079 0.99351513 -5.0 0.0 0.0 0.0 1.0 1.0 0.0 0.0 -0.5 0.0 0.9929521 0.118516125 0.0 0.0 -0.118516125 0.9929521 -5.0 0.0 0.0 0.0 1.0 1.0 0.0 0.0 -0.5 0.0 0.99328315 0.11570931 0.0 0.0 -0.11570931 0.99328315 -5.0 0.0 0.0 0.0 1.0 1.0 0.0 0.0 -0.5 0.0 0.9942285 0.10728338 0.0 0.0 -0.10728338 0.9942285 -5.0 0.0 0.0 0.0 1.0 1.0 0.0 0.0 -0.5 0.0 0.9956452 0.09322335 0.0 0.0 -0.09322335 0.9956452 -5.0 0.0 0.0 0.0 1.0 1.0000001 0.0 0.0 -0.5 0.0 0.9972947 0.07350866 0.0 0.0 -0.07350866 0.9972947 -5.0 0.0 0.0 0.0 1.0 1.0000001 0.0 0.0 -0.5 0.0 0.9985537 0.05376518 0.0 0.0 -0.05376518 0.9985537 -5.0 0.0 0.0 0.0 1.0 1.0000002 0.0 0.0 -0.5 0.0 0.9992139 0.039649364 0.0 0.0 -0.039649364 0.9992139 -5.0 0.0 0.0 0.0 1.0 1.0 0.0 0.0 -0.5 0.0 0.99951386 0.031175895 0.0 0.0 -0.031175895 0.99951386 -5.0 0.0 0.0 0.0 1.0 1.0 0.0 0.0 -0.5 0.0 0.999598 0.028350882 0.0 0.0 -0.028350882 0.999598 -5.0 0.0 0.0 0.0 1.0 </float_array>
          <technique_common>
            <accessor count="25" source="#Tail1-global-anim-outSource-global-array" stride="16">
              <param type="float4x4"/>
            </accessor>
          </technique_common>
        </source>
        <sampler id="Tail1-global-anim-globalSampler">
          <input semantic="INPUT" source="#Tail1-global-anim-inSource-TIME"/>
          <input semantic="OUTPUT" source="#Tail1-global-anim-outSource-global"/>
          <input semantic="INTERPOLATION" source="#Tail1-global-anim-interpolation"/>
        </sampler>
        <channel source="#Tail1-global-anim-globalSampler" target="Tail1-global/matrix"/>
      </animation>
    </animation>
    <animation id="Tail1-local-anim" name="Tail1-local-anim">
      <animation>
        <source id="Tail1-local-anim-inSource-TIME">
          <float_array count="25" id="Tail1-local-anim-inSource-TIME-array">0.0 0.041666668 0.083333336 0.125 0.16666667 0.20833333 0.25 0.29166666 0.33333334 0.375 0.41666666 0.45833334 0.5 0.5416667 0.5833333 0.625 0.6666667 0.7083333 0.75 0.7916667 0.8333333 0.875 0.9166667 0.9583333 1.0 </float_array>
          <technique_common>
            <accessor count="25" source="#Tail1-local-anim-inSource-TIME-array">
              <param name="TIME" type="float"/>
            </accessor>
          </technique_common>
        </source>
        <source id="Tail1-local-anim-interpolation">
          <Name_array count="25" id="Tail1-local-anim-interpolation-array">LINEAR LINEAR LINEAR LINEAR LINEAR LINEAR LINEAR LINEAR LINEAR LINEAR LINEAR LINEAR LINEAR LINEAR LINEAR LINEAR LINEAR LINEAR LINEAR LINEAR LINEAR LINEAR LINEAR LINEAR LINEAR </Name_array>
          <technique_common>
            <accessor count="25" source="#Tail1-local-anim-interpolation-array">
              <param type="name"/>
            </accessor>
          </technique_common>
        </source>
        <source id="Tail1-local-anim-outSource-local">
          <float_array count="400" id="Tail1-local-anim-outSource-local-array">1.0 0.0 0.0 0.0 0.0 1.0 0.0 0.0 0.0 0.0 1.0 -2.5 0.0 0.0 0.0 1.0 1.0 0.0 0.0 0.0 0.0 1.0 0.0 0.0 0.0 0.0 1.0 -2.5 0.0 0.0 0.0 1.0 1.0 0.0 0.0 0.0 0.0 1.0 0.0 0.0 0.0 0.0 1.0 -2.5 0.0 0.0 0.0 1.0 1.0 0.0 0.0 0.0 0.0 1.0 0.0 0.0 0.0 0.0 1.0 -2.5 0.0 0.0 0.0 1.0 1.0 0.0 0.0 0.0 0.0 1.0 0.0 0.0 0.0 0.0 1.0 -2.5 0.0 0.0 0.0 1.0 1.0 0.0 0.0 0.0 0.0 1.0 0.0 0.0 0.0 0.0 1.0 -2.5 0.0 0.0 0.0 1.0 1.0 0.0 0.0 0.0 0.0 1.0 0.0 0.0 0.0 0.0 1.0 -2.5 0.0 0.0 0.0 1.0 1.0 0.0 0.0 0.0 0.0 1.0 0.0 0.0 0.0 0.0 1.0 -2.5 0.0 0.0 0.0 1.0 1.0 0.0 0.0 0.0 0.0 1.0 0.0 0.0 0.0 0.0 1.0 -2.5 0.0 0.0 0.0 1.0 1.0 0.0 0.0 0.0 0.0 1.0 0.0 0.0 0.0 0.0 1.0 -2.5 0.0 0.0 0.0 1.0 1.0 0.0 0.0 0.0 0.0 1.0 0.0 0.0 0.0 0.0 1.0 -2.5 0.0 0.0 0.0 1.0 1.0 0.0 0.0 0.0 0.0 1.0 0.0 0.0 0.0 0.0 1.0 -2.5 0.0 0.0 0.0 1.0 1.0 0.0 0.0 0.0 0.0 1.0 0.0 0.0 0.0 0.0 1.0 -2.5 0.0 0.0 0.0 1.0 1.0 0.0 0.0 0.0 0.0 1.0 0.0 0.0 0.0 0.0 1.0 -2.5 0.0 0.0 0.0 1.0 1.0 0.0 0.0 0.0 0.0 1.0 0.0 0.0 0.0 0.0 1.0 -2.5 0.0 0.0 0.0 1.0 1.0 0.0 0.0 0.0 0.0 1.0 0.0 0.0 0.0 0.0 1.0 -2.5 0.0 0.0 0.0 1.0 1.0 0.0 0.0 0.0 0.0 1.0 0.0 0.0 0.0 0.0 1.0 -2.5 0.0 0.0 0.0 1.0 1.0 0.0 0.0 0.0 0.0 1.0 0.0 0.0 0.0 0.0 1.0 -2.5 0.0 0.0 0.0 1.0 1.0 0.0 0.0 0.0 0.0 1.0 0.0 0.0 0.0 0.0 1.0 -2.5 0.0 0.0 0.0 1.0 1.0 0.0 0.0 0.0 0.0 1.0 0.0 0.0 0.0 0.0 1.0 -2.5 0.0 0.0 0.0 1.0 1.0 0.0 0.0 0.0 0.0 1.0 0.0 0.0 0.0 0.0 1.0 -2.5 0.0 0.0 0.0 1.0 1.0 0.0 0.0 0.0 0.0 1.0 0.0 0.0 0.0 0.0 1.0 -2.5 0.0 0.0 0.0 1.0 1.0 0.0 0.0 0.0 0.0 1.0 0.0 0.0 0.0 0.0 1.0 -2.5 0.0 0.0 0.0 1.0 1.0 0.0 0.0 0.0 0.0 1.0 0.0 0.0 0.0 0.0 1.0 -2.5 0.0 0.0 0.0 1.0 1.0 0.0 0.0 0.0 0.0 1.0 0.0 0.0 0.0 0.0 1.0 -2.5 0.0 0.0 0.0 1.0 </float_array>
          <technique_common>
            <accessor count="25" source="#Tail1-local-anim-outSource-local-array" stride="16">
              <param type="float4x4"/>
            </accessor>
          </technique_common>
        </source>
        <sampler id="Tail1-local-anim-localSampler">
          <input semantic="INPUT" source="#Tail1-local-anim-inSource-TIME"/>
          <input semantic="OUTPUT" source="#Tail1-local-anim-outSource-local"/>
          <input semantic="INTERPOLATION" source="#Tail1-local-anim-interpolation"/>
        </sampler>
        <channel source="#Tail1-local-anim-localSampler" target="Tail1-local/matrix"/>
      </animation>
    </animation>
    <animation id="Tail2-global-anim" name="Tail2-global-anim">
      <animation>
        <source id="Tail2-global-anim-inSource-TIME">
          <float_array count="25" id="Tail2-global-anim-inSource-TIME-array">0.0 0.041666668 0.083333336 0.125 0.16666667 0.20833333 0.25 0.29166666 0.33333334 0.375 0.41666666 0.45833334 0.5 0.5416667 0.5833333 0.625 0.6666667 0.7083333 0.75 0.7916667 0.8333333 0.875 0.9166667 0.9583333 1.0 </float_array>
          <technique_common>
            <accessor count="25" source="#Tail2-global-anim-inSource-TIME-array">
              <param name="TIME" type="float"/>
            </accessor>
          </technique_common>
        </source>
        <source id="Tail2-global-anim-interpolation">
          <Name_array count="25" id="Tail2-global-anim-interpolation-array">LINEAR LINEAR LINEAR LINEAR LINEAR LINEAR LINEAR LINEAR LINEAR LINEAR LINEAR LINEAR LINEAR LINEAR LINEAR LINEAR LINEAR LINEAR LINEAR LINEAR LINEAR LINEAR LINEAR LINEAR LINEAR </Name_array>
          <technique_common>
            <accessor count="25" source="#Tail2-global-anim-interpolation-array">
              <param type="name"/>
            </accessor>
          </technique_common>
        </source>
        <source id="Tail2-global-anim-outSource-global">
          <float_array count="400" id="Tail2-global-anim-outSource-global-array">1.0 0.0 0.0 0.0 0.0 0.9998841 -0.015223769 0.0 0.0 0.015223769 0.9998841 -6.0 0.0 0.0 0.0 1.0 1.0 0.0 0.0 0.0 0.0 0.9999342 -0.011469924 0.0 0.0 0.011469924 0.9999342 -6.0 0.0 0.0 0.0 1.0 1.0 0.0 0.0 0.0 0.0 1.0 -2.0763464E-4 0.0 0.0 2.0763464E-4 1.0 -6.0 0.0 0.0 0.0 1.0 1.0000002 0.0 0.0 0.0 0.0 0.9998279 0.018562207 0.0 0.0 -0.018562207 0.9998279 -6.0 0.0 0.0 0.0 1.0 1.0000001 0.0 0.0 0.0 0.0 0.99907726 0.042952232 0.0 0.0 -0.042952232 0.99907726 -6.0 0.0 0.0 0.0 1.0 1.0 0.0 0.0 0.0 0.0 0.998095 0.061697137 0.0 0.0 -0.061697137 0.998095 -6.0 0.0 0.0 0.0 1.0 1.0 0.0 0.0 0.0 0.0 0.99733675 0.072934054 0.0 0.0 -0.072934054 0.99733675 -6.0 0.0 0.0 0.0 1.0 1.0 0.0 0.0 0.0 0.0 0.9970559 0.076677725 0.0 0.0 -0.076677725 0.9970559 -6.0 0.0 0.0 0.0 1.0 1.0 0.0 0.0 0.0 0.0 0.9976861 0.067988984 0.0 0.0 -0.067988984 0.9976861 -6.0 0.0 0.0 0.0 1.0 1.0000001 0.0 0.0 0.0 0.0 0.99912214 0.041894432 0.0 0.0 -0.041894432 0.99912214 -6.0 0.0 0.0 0.0 1.0 1.0000002 0.0 0.0 0.0 0.0 0.99999887 -0.0016512683 0.0 0.0 0.0016512683 0.99999887 -6.0 0.0 0.0 0.0 1.0 1.0 0.0 0.0 0.0 0.0 0.99897826 -0.045193806 0.0 0.0 0.045193806 0.99897826 -6.0 0.0 0.0 0.0 1.0 1.0 0.0 0.0 0.0 0.0 0.99745613 -0.071283504 0.0 0.0 0.071283504 0.99745613 -6.0 0.0 0.0 0.0 1.0 1.0 0.0 0.0 0.0 0.0 0.9967972 -0.0799701 0.0 0.0 0.0799701 0.9967972 -6.0 0.0 0.0 0.0 1.0 1.0000001 0.0 0.0 0.0 0.0 0.99752027 -0.07038159 0.0 0.0 0.07038159 0.99752027 -6.0 0.0 0.0 0.0 1.0 1.0 0.0 0.0 0.0 0.0 0.99913514 -0.041580483 0.0 0.0 0.041580483 0.99913514 -6.0 0.0 0.0 0.0 1.0 1.0 0.0 0.0 0.0 0.0 0.999979 0.0064863856 0.0 0.0 -0.0064863856 0.999979 -6.0 0.0 0.0 0.0 1.0 1.0 0.0 0.0 0.0 0.0 0.99851173 0.054538257 0.0 0.0 -0.054538257 0.99851173 -6.0 0.0 0.0 0.0 1.0 1.0 0.0 0.0 0.0 0.0 0.9965232 0.083316006 0.0 0.0 -0.083316006 0.9965232 -6.0 0.0 0.0 0.0 1.0 1.0 0.0 0.0 0.0 0.0 0.995676 0.09289433 0.0 0.0 -0.09289433 0.995676 -6.0 0.0 0.0 0.0 1.0 1.0 0.0 0.0 0.0 0.0 0.99644315 0.08426818 0.0 0.0 -0.08426818 0.99644315 -6.0 0.0 0.0 0.0 1.0 1.0000001 0.0 0.0 0.0 0.0 0.998296 0.0583544 0.0 0.0 -0.0583544 0.998296 -6.0 0.0 0.0 0.0 1.0 1.0000001 0.0 0.0 0.0 0.0 0.9998116 0.01941532 0.0 0.0 -0.01941532 0.9998116 -6.0 0.0 0.0 0.0 1.0 1.0 0.0 0.0 0.0 0.0 0.9999785 -0.0065640947 0.0 0.0 0.0065640947 0.9999785 -6.0 0.0 0.0 0.0 1.0 1.0 0.0 0.0 0.0 0.0 0.9998841 -0.015223771 0.0 0.0 0.015223771 0.9998841 -6.0 0.0 0.0 0.0 1.0 </float_array>
          <technique_common>
            <accessor count="25" source="#Tail2-global-anim-outSource-global-array" stride="16">
              <param type="float4x4"/>
            </accessor>
          </technique_common>
        </source>
        <sampler id="Tail2-global-anim-globalSampler">
          <input semantic="INPUT" source="#Tail2-global-anim-inSource-TIME"/>
          <input semantic="OUTPUT" source="#Tail2-global-anim-outSource-global"/>
          <input semantic="INTERPOLATION" source="#Tail2-global-anim-interpolation"/>
        </sampler>
        <channel source="#Tail2-global-anim-globalSampler" target="Tail2-global/matrix"/>
      </animation>
    </animation>
    <animation id="Tail2-local-anim" name="Tail2-local-anim">
      <animation>
        <source id="Tail2-local-anim-inSource-TIME">
          <float_array count="25" id="Tail2-local-anim-inSource-TIME-array">0.0 0.041666668 0.083333336 0.125 0.16666667 0.20833333 0.25 0.29166666 0.33333334 0.375 0.41666666 0.45833334 0.5 0.5416667 0.5833333 0.625 0.6666667 0.7083333 0.75 0.7916667 0.8333333 0.875 0.9166667 0.9583333 1.0 </float_array>
          <technique_common>
            <accessor count="25" source="#Tail2-local-anim-inSource-TIME-array">
              <param name="TIME" type="float"/>
            </accessor>
          </technique_common>
        </source>
        <source id="Tail2-local-anim-interpolation">
          <Name_array count="25" id="Tail2-local-anim-interpolation-array">LINEAR LINEAR LINEAR LINEAR LINEAR LINEAR LINEAR LINEAR LINEAR LINEAR LINEAR LINEAR LINEAR LINEAR LINEAR LINEAR LINEAR LINEAR LINEAR LINEAR LINEAR LINEAR LINEAR LINEAR LINEAR </Name_array>
          <technique_common>
            <accessor count="25" source="#Tail2-local-anim-interpolation-array">
              <param type="name"/>
            </accessor>
          </technique_common>
        </source>
        <source id="Tail2-local-anim-outSource-local">
          <float_array count="400" id="Tail2-local-anim-outSource-local-array">1.0 0.0 0.0 0.0 0.0 1.0 0.0 -0.55198574 0.0 0.0 1.0 -2.5 0.0 0.0 0.0 1.0 1.0 0.0 0.0 0.0 0.0 1.0 0.0 -0.55198574 0.0 0.0 1.0 -2.5 0.0 0.0 0.0 1.0 1.0 0.0 0.0 0.0 0.0 1.0 0.0 -0.55198574 0.0 0.0 1.0 -2.5 0.0 0.0 0.0 1.0 1.0 0.0 0.0 0.0 0.0 1.0 0.0 -0.55198574 0.0 0.0 1.0 -2.5 0.0 0.0 0.0 1.0 1.0 0.0 0.0 0.0 0.0 1.0 0.0 -0.55198574 0.0 0.0 1.0 -2.5 0.0 0.0 0.0 1.0 1.0 0.0 0.0 0.0 0.0 1.0 0.0 -0.55198574 0.0 0.0 1.0 -2.5 0.0 0.0 0.0 1.0 1.0 0.0 0.0 0.0 0.0 1.0 0.0 -0.55198574 0.0 0.0 1.0 -2.5 0.0 0.0 0.0 1.0 1.0 0.0 0.0 0.0 0.0 1.0 0.0 -0.55198574 0.0 0.0 1.0 -2.5 0.0 0.0 0.0 1.0 1.0 0.0 0.0 0.0 0.0 1.0 0.0 -0.55198574 0.0 0.0 1.0 -2.5 0.0 0.0 0.0 1.0 1.0 0.0 0.0 0.0 0.0 1.0 0.0 -0.55198574 0.0 0.0 1.0 -2.5 0.0 0.0 0.0 1.0 1.0 0.0 0.0 0.0 0.0 1.0 0.0 -0.55198574 0.0 0.0 1.0 -2.5 0.0 0.0 0.0 1.0 1.0 0.0 0.0 0.0 0.0 1.0 0.0 -0.55198574 0.0 0.0 1.0 -2.5 0.0 0.0 0.0 1.0 1.0 0.0 0.0 0.0 0.0 1.0 0.0 -0.55198574 0.0 0.0 1.0 -2.5 0.0 0.0 0.0 1.0 1.0 0.0 0.0 0.0 0.0 1.0 0.0 -0.55198574 0.0 0.0 1.0 -2.5 0.0 0.0 0.0 1.0 1.0 0.0 0.0 0.0 0.0 1.0 0.0 -0.55198574 0.0 0.0 1.0 -2.5 0.0 0.0 0.0 1.0 1.0 0.0 0.0 0.0 0.0 1.0 0.0 -0.55198574 0.0 0.0 1.0 -2.5 0.0 0.0 0.0 1.0 1.0 0.0 0.0 0.0 0.0 1.0 0.0 -0.55198574 0.0 0.0 1.0 -2.5 0.0 0.0 0.0 1.0 1.0 0.0 0.0 0.0 0.0 1.0 0.0 -0.55198574 0.0 0.0 1.0 -2.5 0.0 0.0 0.0 1.0 1.0 0.0 0.0 0.0 0.0 1.0 0.0 -0.55198574 0.0 0.0 1.0 -2.5 0.0 0.0 0.0 1.0 1.0 0.0 0.0 0.0 0.0 1.0 0.0 -0.55198574 0.0 0.0 1.0 -2.5 0.0 0.0 0.0 1.0 1.0 0.0 0.0 0.0 0.0 1.0 0.0 -0.55198574 0.0 0.0 1.0 -2.5 0.0 0.0 0.0 1.0 1.0 0.0 0.0 0.0 0.0 1.0 0.0 -0.55198574 0.0 0.0 1.0 -2.5 0.0 0.0 0.0 1.0 1.0 0.0 0.0 0.0 0.0 1.0 0.0 -0.55198574 0.0 0.0 1.0 -2.5 0.0 0.0 0.0 1.0 1.0 0.0 0.0 0.0 0.0 1.0 0.0 -0.55198574 0.0 0.0 1.0 -2.5 0.0 0.0 0.0 1.0 1.0 0.0 0.0 0.0 0.0 1.0 0.0 -0.55198574 0.0 0.0 1.0 -2.5 0.0 0.0 0.0 1.0 </float_array>
          <technique_common>
            <accessor count="25" source="#Tail2-local-anim-outSource-local-array" stride="16">
              <param type="float4x4"/>
            </accessor>
          </technique_common>
        </source>
        <sampler id="Tail2-local-anim-localSampler">
          <input semantic="INPUT" source="#Tail2-local-anim-inSource-TIME"/>
          <input semantic="OUTPUT" source="#Tail2-local-anim-outSource-local"/>
          <input semantic="INTERPOLATION" source="#Tail2-local-anim-interpolation"/>
        </sampler>
        <channel source="#Tail2-local-anim-localSampler" target="Tail2-local/matrix"/>
      </animation>
    </animation>
    <animation id="Left_Claw-global-anim" name="Left_Claw-global-anim">
      <animation>
        <source id="Left_Claw-global-anim-inSource-TIME">
          <float_array count="25" id="Left_Claw-global-anim-inSource-TIME-array">0.0 0.041666668 0.083333336 0.125 0.16666667 0.20833333 0.25 0.29166666 0.33333334 0.375 0.41666666 0.45833334 0.5 0.5416667 0.5833333 0.625 0.6666667 0.7083333 0.75 0.7916667 0.8333333 0.875 0.9166667 0.9583333 1.0 </float_array>
          <technique_common>
            <accessor count="25" source="#Left_Claw-global-anim-inSource-TIME-array">
              <param name="TIME" type="float"/>
            </accessor>
          </technique_common>
        </source>
        <source id="Left_Claw-global-anim-interpolation">
          <Name_array count="25" id="Left_Claw-global-anim-interpolation-array">LINEAR LINEAR LINEAR LINEAR LINEAR LINEAR LINEAR LINEAR LINEAR LINEAR LINEAR LINEAR LINEAR LINEAR LINEAR LINEAR LINEAR LINEAR LINEAR LINEAR LINEAR LINEAR LINEAR LINEAR LINEAR </Name_array>
          <technique_common>
            <accessor count="25" source="#Left_Claw-global-anim-interpolation-array">
              <param type="name"/>
            </accessor>
          </technique_common>
        </source>
        <source id="Left_Claw-global-anim-outSource-global">
          <float_array count="400" id="Left_Claw-global-anim-outSource-global-array">0.99999994 0.0 0.0 -2.0 0.0 -0.18591589 -0.9825656 -4.5 0.0 0.9825656 -0.18591589 -0.5 0.0 0.0 0.0 1.0 1.0 0.0 0.0 -2.0 0.0 -0.18591595 -0.9825657 -4.5 0.0 0.9825657 -0.18591595 -0.5 0.0 0.0 0.0 1.0 1.0000001 0.0 0.0 -2.0 0.0 -0.18591586 -0.98256576 -4.5 0.0 0.98256576 -0.18591586 -0.5 0.0 0.0 0.0 1.0 1.0000002 0.0 0.0 -2.0 0.0 -0.18591598 -0.9825658 -4.5 0.0 0.9825658 -0.18591598 -0.5 0.0 0.0 0.0 1.0 1.0000001 0.0 0.0 -2.0 0.0 -0.18591586 -0.98256576 -4.5 0.0 0.98256576 -0.18591586 -0.5 0.0 0.0 0.0 1.0 1.0 0.0 0.0 -2.0 0.0 -0.1859158 -0.9825657 -4.5 0.0 0.9825657 -0.1859158 -0.5 0.0 0.0 0.0 1.0 1.0000002 0.0 0.0 -2.0 0.0 -0.18591598 -0.9825658 -4.5 0.0 0.9825658 -0.18591598 -0.5 0.0 0.0 0.0 1.0 1.0000001 0.0 0.0 -2.0 0.0 -0.18591586 -0.98256576 -4.5 0.0 0.98256576 -0.18591586 -0.5 0.0 0.0 0.0 1.0 1.0 0.0 0.0 -2.0 0.0 -0.18591595 -0.9825657 -4.5 0.0 0.9825657 -0.18591595 -0.5 0.0 0.0 0.0 1.0 1.0000002 0.0 0.0 -2.0 0.0 -0.18591598 -0.9825658 -4.5 0.0 0.9825658 -0.18591598 -0.5 0.0 0.0 0.0 1.0 1.0000001 0.0 0.0 -2.0 0.0 -0.18591586 -0.98256576 -4.5 0.0 0.98256576 -0.18591586 -0.5 0.0 0.0 0.0 1.0 1.0000002 0.0 0.0 -2.0 0.0 -0.18591598 -0.9825658 -4.5 0.0 0.9825658 -0.18591598 -0.5 0.0 0.0 0.0 1.0 1.0000002 0.0 0.0 -2.0 0.0 -0.18591598 -0.9825658 -4.5 0.0 0.9825658 -0.18591598 -0.5 0.0 0.0 0.0 1.0 1.0000002 0.0 0.0 -2.0 0.0 -0.18591598 -0.9825658 -4.5 0.0 0.9825658 -0.18591598 -0.5 0.0 0.0 0.0 1.0 1.0000002 0.0 0.0 -2.0 0.0 -0.18591598 -0.9825658 -4.5 0.0 0.9825658 -0.18591598 -0.5 0.0 0.0 0.0 1.0 1.0000002 0.0 0.0 -2.0 0.0 -0.18591598 -0.9825658 -4.5 0.0 0.9825658 -0.18591598 -0.5 0.0 0.0 0.0 1.0 1.0000001 0.0 0.0 -2.0 0.0 -0.18591586 -0.98256576 -4.5 0.0 0.98256576 -0.18591586 -0.5 0.0 0.0 0.0 1.0 1.0000002 0.0 0.0 -2.0 0.0 -0.18591598 -0.9825658 -4.5 0.0 0.9825658 -0.18591598 -0.5 0.0 0.0 0.0 1.0 1.0000002 0.0 0.0 -2.0 0.0 -0.18591598 -0.9825658 -4.5 0.0 0.9825658 -0.18591598 -0.5 0.0 0.0 0.0 1.0 1.0000001 0.0 0.0 -2.0 0.0 -0.18591586 -0.98256576 -4.5 0.0 0.98256576 -0.18591586 -0.5 0.0 0.0 0.0 1.0 1.0000002 0.0 0.0 -2.0 0.0 -0.18591598 -0.9825658 -4.5 0.0 0.9825658 -0.18591598 -0.5 0.0 0.0 0.0 1.0 1.0000002 0.0 0.0 -2.0 0.0 -0.18591598 -0.9825658 -4.5 0.0 0.9825658 -0.18591598 -0.5 0.0 0.0 0.0 1.0 1.0 0.0 0.0 -2.0 0.0 -0.18591595 -0.9825657 -4.5 0.0 0.9825657 -0.18591595 -0.5 0.0 0.0 0.0 1.0 1.0000001 0.0 0.0 -2.0 0.0 -0.18591607 -0.98256576 -4.5 0.0 0.98256576 -0.18591607 -0.5 0.0 0.0 0.0 1.0 0.99999994 0.0 0.0 -2.0 0.0 -0.18591589 -0.9825656 -4.5 0.0 0.9825656 -0.18591589 -0.5 0.0 0.0 0.0 1.0 </float_array>
          <technique_common>
            <accessor count="25" source="#Left_Claw-global-anim-outSource-global-array" stride="16">
              <param type="float4x4"/>
            </accessor>
          </technique_common>
        </source>
        <sampler id="Left_Claw-global-anim-globalSampler">
          <input semantic="INPUT" source="#Left_Claw-global-anim-inSource-TIME"/>
          <input semantic="OUTPUT" source="#Left_Claw-global-anim-outSource-global"/>
          <input semantic="INTERPOLATION" source="#Left_Claw-global-anim-interpolation"/>
        </sampler>
        <channel source="#Left_Claw-global-anim-globalSampler" target="Left_Claw-global/matrix"/>
      </animation>
    </animation>
    <animation id="Left_Claw-local-anim" name="Left_Claw-local-anim">
      <animation>
        <source id="Left_Claw-local-anim-inSource-TIME">
          <float_array count="25" id="Left_Claw-local-anim-inSource-TIME-array">0.0 0.041666668 0.083333336 0.125 0.16666667 0.20833333 0.25 0.29166666 0.33333334 0.375 0.41666666 0.45833334 0.5 0.5416667 0.5833333 0.625 0.6666667 0.7083333 0.75 0.7916667 0.8333333 0.875 0.9166667 0.9583333 1.0 </float_array>
          <technique_common>
            <accessor count="25" source="#Left_Claw-local-anim-inSource-TIME-array">
              <param name="TIME" type="float"/>
            </accessor>
          </technique_common>
        </source>
        <source id="Left_Claw-local-anim-interpolation">
          <Name_array count="25" id="Left_Claw-local-anim-interpolation-array">LINEAR LINEAR LINEAR LINEAR LINEAR LINEAR LINEAR LINEAR LINEAR LINEAR LINEAR LINEAR LINEAR LINEAR LINEAR LINEAR LINEAR LINEAR LINEAR LINEAR LINEAR LINEAR LINEAR LINEAR LINEAR </Name_array>
          <technique_common>
            <accessor count="25" source="#Left_Claw-local-anim-interpolation-array">
              <param type="name"/>
            </accessor>
          </technique_common>
        </source>
        <source id="Left_Claw-local-anim-outSource-local">
          <float_array count="400" id="Left_Claw-local-anim-outSource-local-array">1.0 0.0 0.0 0.034014434 0.0 1.0 0.0 -1.9999999 0.0 0.0 1.0 0.5 0.0 0.0 0.0 1.0 1.0 0.0 0.0 0.034014434 0.0 1.0 0.0 -1.9999999 0.0 0.0 1.0 0.5 0.0 0.0 0.0 1.0 1.0 0.0 0.0 0.034014434 0.0 1.0 0.0 -1.9999999 0.0 0.0 1.0 0.5 0.0 0.0 0.0 1.0 1.0 0.0 0.0 0.034014434 0.0 1.0 0.0 -1.9999999 0.0 0.0 1.0 0.5 0.0 0.0 0.0 1.0 1.0 0.0 0.0 0.034014434 0.0 1.0 0.0 -1.9999999 0.0 0.0 1.0 0.5 0.0 0.0 0.0 1.0 1.0 0.0 0.0 0.034014434 0.0 1.0 0.0 -1.9999999 0.0 0.0 1.0 0.5 0.0 0.0 0.0 1.0 1.0 0.0 0.0 0.034014434 0.0 1.0 0.0 -1.9999999 0.0 0.0 1.0 0.5 0.0 0.0 0.0 1.0 1.0 0.0 0.0 0.034014434 0.0 1.0 0.0 -1.9999999 0.0 0.0 1.0 0.5 0.0 0.0 0.0 1.0 1.0 0.0 0.0 0.034014434 0.0 1.0 0.0 -1.9999999 0.0 0.0 1.0 0.5 0.0 0.0 0.0 1.0 1.0 0.0 0.0 0.034014434 0.0 1.0 0.0 -1.9999999 0.0 0.0 1.0 0.5 0.0 0.0 0.0 1.0 1.0 0.0 0.0 0.034014434 0.0 1.0 0.0 -1.9999999 0.0 0.0 1.0 0.5 0.0 0.0 0.0 1.0 1.0 0.0 0.0 0.034014434 0.0 1.0 0.0 -1.9999999 0.0 0.0 1.0 0.5 0.0 0.0 0.0 1.0 1.0 0.0 0.0 0.034014434 0.0 1.0 0.0 -1.9999999 0.0 0.0 1.0 0.5 0.0 0.0 0.0 1.0 1.0 0.0 0.0 0.034014434 0.0 1.0 0.0 -1.9999999 0.0 0.0 1.0 0.5 0.0 0.0 0.0 1.0 1.0 0.0 0.0 0.034014434 0.0 1.0 0.0 -1.9999999 0.0 0.0 1.0 0.5 0.0 0.0 0.0 1.0 1.0 0.0 0.0 0.034014434 0.0 1.0 0.0 -1.9999999 0.0 0.0 1.0 0.5 0.0 0.0 0.0 1.0 1.0 0.0 0.0 0.034014434 0.0 1.0 0.0 -1.9999999 0.0 0.0 1.0 0.5 0.0 0.0 0.0 1.0 1.0 0.0 0.0 0.034014434 0.0 1.0 0.0 -1.9999999 0.0 0.0 1.0 0.5 0.0 0.0 0.0 1.0 1.0 0.0 0.0 0.034014434 0.0 1.0 0.0 -1.9999999 0.0 0.0 1.0 0.5 0.0 0.0 0.0 1.0 1.0 0.0 0.0 0.034014434 0.0 1.0 0.0 -1.9999999 0.0 0.0 1.0 0.5 0.0 0.0 0.0 1.0 1.0 0.0 0.0 0.034014434 0.0 1.0 0.0 -1.9999999 0.0 0.0 1.0 0.5 0.0 0.0 0.0 1.0 1.0 0.0 0.0 0.034014434 0.0 1.0 0.0 -1.9999999 0.0 0.0 1.0 0.5 0.0 0.0 0.0 1.0 1.0 0.0 0.0 0.034014434 0.0 1.0 0.0 -1.9999999 0.0 0.0 1.0 0.5 0.0 0.0 0.0 1.0 1.0 0.0 0.0 0.034014434 0.0 1.0 0.0 -1.9999999 0.0 0.0 1.0 0.5 0.0 0.0 0.0 1.0 1.0 0.0 0.0 0.034014434 0.0 1.0 0.0 -1.9999999 0.0 0.0 1.0 0.5 0.0 0.0 0.0 1.0 </float_array>
          <technique_common>
            <accessor count="25" source="#Left_Claw-local-anim-outSource-local-array" stride="16">
              <param type="float4x4"/>
            </accessor>
          </technique_common>
        </source>
        <sampler id="Left_Claw-local-anim-localSampler">
          <input semantic="INPUT" source="#Left_Claw-local-anim-inSource-TIME"/>
          <input semantic="OUTPUT" source="#Left_Claw-local-anim-outSource-local"/>
          <input semantic="INTERPOLATION" source="#Left_Claw-local-anim-interpolation"/>
        </sampler>
        <channel source="#Left_Claw-local-anim-localSampler" target="Left_Claw-local/matrix"/>
      </animation>
    </animation>
  </library_animations>
  <library_visual_scenes>
    <visual_scene id="DefaultScene">
      <node id="World-global" name="World-global" sid="World-global">
        <matrix sid="matrix">1.0 0.0 -8.742278E-8 0.0 0.0 1.0 0.0 0.0 -8.742278E-8 0.0 -1.0 0.0 0.0 0.0 0.0 1.0 </matrix>
        <node id="Controller-global" name="Controller-global" sid="Controller-global">
          <matrix sid="matrix">-1.0 0.0 3.8941437E-7 0.0 0.0 1.0 0.0 9.222222 -3.8941437E-7 0.0 -1.0 0.0 0.0 0.0 0.0 1.0 </matrix>
          <node id="Body-global" name="Body-global" sid="Body-global">
            <matrix sid="matrix">1.0 0.0 0.0 0.0 0.0 -0.0871557 -0.9961947 0.0 0.0 0.9961947 -0.0871557 0.0 0.0 0.0 0.0 1.0 </matrix>
            <node id="Body-local" name="Body-local" sid="Body-local">
              <matrix sid="matrix">1.0 0.0 0.0 -0.49999988 0.0 1.0 0.0 0.0 0.0 0.0 1.0 -0.49999952 0.0 0.0 0.0 1.0 </matrix>
              <instance_geometry url="#Body-Geom">
                <bind_material>
                  <technique_common>
                    <instance_material symbol="Body-Material" target="#Body-Material">
                      <bind_vertex_input input_semantic="TEXCOORD" input_set="0" semantic="Body-tex-bind"/>
                    </instance_material>
                  </technique_common>
                </bind_material>
              </instance_geometry>
            </node>
            <node id="Neck-global" name="Neck-global" sid="Neck-global">
              <matrix sid="matrix">0.906695 0.3670848 0.20773283 -0.5 0.42087704 -0.75507045 -0.5027237 -0.08628986 -0.0276893 0.543247 -0.8391162 2.999241 0.0 0.0 0.0 1.0 </matrix>
              <node id="Neck-local" name="Neck-local" sid="Neck-local">
                <matrix sid="matrix">1.0 0.0 0.0 -0.027223349 0.0 1.0 0.0 3.9670324 0.0 0.0 1.0 1.7881393E-7 0.0 0.0 0.0 1.0 </matrix>
                <instance_geometry url="#Neck-Geom">
                  <bind_material>
                    <technique_common>
                      <instance_material symbol="Neck-Material" target="#Neck-Material">
                        <bind_vertex_input input_semantic="TEXCOORD" input_set="0" semantic="Neck-tex-bind"/>
                      </instance_material>
                    </technique_common>
                  </bind_material>
                </instance_geometry>
              </node>
              <node id="Head-global" name="Head-global" sid="Head-global">
                <matrix sid="matrix">1.0 0.0 0.0 0.0 0.0 0.99624527 0.08657523 7.925565 0.0 -0.08657523 0.99624527 0.99971247 0.0 0.0 0.0 1.0 </matrix>
                <node id="Head-local" name="Head-local" sid="Head-local">
                  <matrix sid="matrix">1.0 0.0 0.0 -0.023423195 0.0 1.0 0.0 0.49999997 0.0 0.0 1.0 2.0 0.0 0.0 0.0 1.0 </matrix>
                  <instance_geometry url="#Head-Geom">
                    <bind_material>
                      <technique_common>
                        <instance_material symbol="Head-Material" target="#Head-Material">
                          <bind_vertex_input input_semantic="TEXCOORD" input_set="0" semantic="Head-tex-bind"/>
                        </instance_material>
                      </technique_common>
                    </bind_material>
                  </instance_geometry>
                </node>
              </node>
            </node>
            <node id="Right_Wing1-global" name="Right_Wing1-global" sid="Right_Wing1-global">
              <matrix sid="matrix">0.5404387 0.78917587 0.2917663 1.5 -0.24862972 0.4810747 -0.84068453 0.9499587 -0.8038093 0.38179672 0.45620394 2.0 0.0 0.0 0.0 1.0 </matrix>
              <node id="Right_Wing1-local" name="Right_Wing1-local" sid="Right_Wing1-local">
                <matrix sid="matrix">1.0 0.0 0.0 3.585326 0.0 1.0 0.0 0.9785251 0.0 0.0 1.0 -2.4626446 0.0 0.0 0.0 1.0 </matrix>
                <instance_geometry url="#Right_Wing1-Geom">
                  <bind_material>
                    <technique_common>
                      <instance_material symbol="Right_Wing1-Material" target="#Right_Wing1-Material">
                        <bind_vertex_input input_semantic="TEXCOORD" input_set="0" semantic="Right_Wing1-tex-bind"/>
                      </instance_material>
                    </technique_common>
                  </bind_material>
                </instance_geometry>
              </node>
              <node id="Right_Wing2-global" name="Right_Wing2-global" sid="Right_Wing2-global">
                <matrix sid="matrix">0.91263485 0.35369325 0.20493588 8.0 -0.32871562 0.9330126 -0.14640172 1.0 -0.24298906 0.06624569 0.9677643 1.0 0.0 0.0 0.0 1.0 </matrix>
                <node id="Right_Wing2-local" name="Right_Wing2-local" sid="Right_Wing2-local">
                  <matrix sid="matrix">1.0 0.0 0.0 5.5 0.0 1.0 0.0 0.0 0.0 0.0 1.0 -4.0 0.0 0.0 0.0 1.0 </matrix>
                  <instance_geometry url="#Right_Wing2-Geom">
                    <bind_material>
                      <technique_common>
                        <instance_material symbol="Right_Wing2-Material" target="#Right_Wing2-Material">
                          <bind_vertex_input input_semantic="TEXCOORD" input_set="0" semantic="Right_Wing2-tex-bind"/>
                        </instance_material>
                      </technique_common>
                    </bind_material>
                  </instance_geometry>
                </node>
              </node>
            </node>
            <node id="Left_Wing1-global" name="Left_Wing1-global" sid="Left_Wing1-global">
              <matrix sid="matrix">0.16745463 -0.9811543 -0.09641233 -2.5 0.665553 0.18465021 -0.7231484 1.3330419 0.7273227 0.056927025 0.68393064 2.0 0.0 0.0 0.0 1.0 </matrix>
              <node id="Left_Wing1-local" name="Left_Wing1-local" sid="Left_Wing1-local">
                <matrix sid="matrix">1.0 0.0 0.0 -3.585326 0.0 1.0 0.0 0.9785251 0.0 0.0 1.0 -2.4626446 0.0 0.0 0.0 1.0 </matrix>
                <instance_geometry url="#Left_Wing1-Geom">
                  <bind_material>
                    <technique_common>
                      <instance_material symbol="Left_Wing1-Material" target="#Left_Wing1-Material">
                        <bind_vertex_input input_semantic="TEXCOORD" input_set="0" semantic="Left_Wing1-tex-bind"/>
                      </instance_material>
                    </technique_common>
                  </bind_material>
                </instance_geometry>
              </node>
              <node id="Left_Wing2-global" name="Left_Wing2-global" sid="Left_Wing2-global">
                <matrix sid="matrix">0.9250684 -0.16311453 -0.34299022 -8.0 0.1736482 0.9848078 -7.4505806E-9 1.0 0.3377794 -0.05955962 0.93933904 1.0 0.0 0.0 0.0 1.0 </matrix>
                <node id="Left_Wing2-local" name="Left_Wing2-local" sid="Left_Wing2-local">
                  <matrix sid="matrix">1.0 0.0 0.0 -5.5 0.0 1.0 0.0 0.0 0.0 0.0 1.0 -4.0 0.0 0.0 0.0 1.0 </matrix>
                  <instance_geometry url="#Left_Wing2-Geom">
                    <bind_material>
                      <technique_common>
                        <instance_material symbol="Left_Wing2-Material" target="#Left_Wing2-Material">
                          <bind_vertex_input input_semantic="TEXCOORD" input_set="0" semantic="Left_Wing2-tex-bind"/>
                        </instance_material>
                      </technique_common>
                    </bind_material>
                  </instance_geometry>
                </node>
              </node>
            </node>
            <node id="Right_Claw-global" name="Right_Claw-global" sid="Right_Claw-global">
              <matrix sid="matrix">1.0000001 0.0 0.0 1.0 0.0 0.06150064 -0.9981072 -4.5 0.0 0.9981072 0.06150064 -0.5 0.0 0.0 0.0 1.0 </matrix>
              <node id="Right_Claw-local" name="Right_Claw-local" sid="Right_Claw-local">
                <matrix sid="matrix">1.0 0.0 0.0 0.021904886 0.0 1.0 0.0 -1.9999999 0.0 0.0 1.0 0.5 0.0 0.0 0.0 1.0 </matrix>
                <instance_geometry url="#RIght_Claw-Geom">
                  <bind_material>
                    <technique_common>
                      <instance_material symbol="RIght_Claw-Material" target="#RIght_Claw-Material">
                        <bind_vertex_input input_semantic="TEXCOORD" input_set="0" semantic="RIght_Claw-tex-bind"/>
                      </instance_material>
                    </technique_common>
                  </bind_material>
                </instance_geometry>
              </node>
            </node>
            <node id="Tail1-global" name="Tail1-global" sid="Tail1-global">
              <matrix sid="matrix">1.0 0.0 0.0 -0.5 0.0 0.999598 0.028350879 0.0 0.0 -0.028350879 0.999598 -5.0 0.0 0.0 0.0 1.0 </matrix>
              <node id="Tail1-local" name="Tail1-local" sid="Tail1-local">
                <matrix sid="matrix">1.0 0.0 0.0 0.0 0.0 1.0 0.0 0.0 0.0 0.0 1.0 -2.5 0.0 0.0 0.0 1.0 </matrix>
                <instance_geometry url="#Tail1-Geom">
                  <bind_material>
                    <technique_common>
                      <instance_material symbol="Tail1-Material" target="#Tail1-Material">
                        <bind_vertex_input input_semantic="TEXCOORD" input_set="0" semantic="Tail1-tex-bind"/>
                      </instance_material>
                    </technique_common>
                  </bind_material>
                </instance_geometry>
              </node>
              <node id="Tail2-global" name="Tail2-global" sid="Tail2-global">
                <matrix sid="matrix">1.0 0.0 0.0 0.0 0.0 0.9998841 -0.015223769 0.0 0.0 0.015223769 0.9998841 -6.0 0.0 0.0 0.0 1.0 </matrix>
                <node id="Tail2-local" name="Tail2-local" sid="Tail2-local">
                  <matrix sid="matrix">1.0 0.0 0.0 0.0 0.0 1.0 0.0 -0.55198574 0.0 0.0 1.0 -2.5 0.0 0.0 0.0 1.0 </matrix>
                  <instance_geometry url="#Tail2-Geom">
                    <bind_material>
                      <technique_common>
                        <instance_material symbol="Tail2-Material" target="#Tail2-Material">
                          <bind_vertex_input input_semantic="TEXCOORD" input_set="0" semantic="Tail2-tex-bind"/>
                        </instance_material>
                      </technique_common>
                    </bind_material>
                  </instance_geometry>
                </node>
              </node>
            </node>
            <node id="Left_Claw-global" name="Left_Claw-global" sid="Left_Claw-global">
              <matrix sid="matrix">0.99999994 0.0 0.0 -2.0 0.0 -0.18591589 -0.9825656 -4.5 0.0 0.9825656 -0.18591589 -0.5 0.0 0.0 0.0 1.0 </matrix>
              <node id="Left_Claw-local" name="Left_Claw-local" sid="Left_Claw-local">
                <matrix sid="matrix">1.0 0.0 0.0 0.034014434 0.0 1.0 0.0 -1.9999999 0.0 0.0 1.0 0.5 0.0 0.0 0.0 1.0 </matrix>
                <instance_geometry url="#Left_Claw-Geom">
                  <bind_material>
                    <technique_common>
                      <instance_material symbol="Left_Claw-Material" target="#Left_Claw-Material">
                        <bind_vertex_input input_semantic="TEXCOORD" input_set="0" semantic="Left_Claw-tex-bind"/>
                      </instance_material>
                    </technique_common>
                  </bind_material>
                </instance_geometry>
              </node>
            </node>
          </node>
        </node>
      </node>
    </visual_scene>
  </library_visual_scenes>
  <scene>
    <instance_visual_scene url="#DefaultScene"/>
  </scene>
</COLLADA>
