<?xml version="1.0" encoding="UTF-8"?>
<COLLADA xmlns="http://www.collada.org/2005/11/COLLADASchema" version="1.4.1">
  <asset>
    <created>2025-03-02T21:17:31Z</created>
    <modified>2025-03-02T21:17:31Z</modified>
    <revision>1.0</revision>
  </asset>
  <library_images>
    <image id="head-diffuse-tex" name="head-diffuse-tex">
      <init_from>Python Attack_res/Python Attack_head_diffuse.png</init_from>
    </image>
    <image id="head-emissive-tex" name="head-emissive-tex">
      <init_from>Python Attack_res/Python Attack_head_emissive.png</init_from>
    </image>
    <image id="jaw-diffuse-tex" name="jaw-diffuse-tex">
      <init_from>Python Attack_res/Python Attack_jaw_diffuse.png</init_from>
    </image>
    <image id="jaw-emissive-tex" name="jaw-emissive-tex">
      <init_from>Python Attack_res/Python Attack_jaw_emissive.png</init_from>
    </image>
    <image id="neck1-diffuse-tex" name="neck1-diffuse-tex">
      <init_from>Python Attack_res/Python Attack_neck1_diffuse.png</init_from>
    </image>
    <image id="neck1-emissive-tex" name="neck1-emissive-tex">
      <init_from>Python Attack_res/Python Attack_neck1_emissive.png</init_from>
    </image>
    <image id="neck2-diffuse-tex" name="neck2-diffuse-tex">
      <init_from>Python Attack_res/Python Attack_neck2_diffuse.png</init_from>
    </image>
    <image id="neck2-emissive-tex" name="neck2-emissive-tex">
      <init_from>Python Attack_res/Python Attack_neck2_emissive.png</init_from>
    </image>
    <image id="body-diffuse-tex" name="body-diffuse-tex">
      <init_from>Python Attack_res/Python Attack_body_diffuse.png</init_from>
    </image>
    <image id="body-emissive-tex" name="body-emissive-tex">
      <init_from>Python Attack_res/Python Attack_body_emissive.png</init_from>
    </image>
    <image id="tail1-diffuse-tex" name="tail1-diffuse-tex">
      <init_from>Python Attack_res/Python Attack_tail1_diffuse.png</init_from>
    </image>
    <image id="tail1-emissive-tex" name="tail1-emissive-tex">
      <init_from>Python Attack_res/Python Attack_tail1_emissive.png</init_from>
    </image>
    <image id="tail2-diffuse-tex" name="tail2-diffuse-tex">
      <init_from>Python Attack_res/Python Attack_tail2_diffuse.png</init_from>
    </image>
    <image id="tail2-emissive-tex" name="tail2-emissive-tex">
      <init_from>Python Attack_res/Python Attack_tail2_emissive.png</init_from>
    </image>
    <image id="tail3-diffuse-tex" name="tail3-diffuse-tex">
      <init_from>Python Attack_res/Python Attack_tail3_diffuse.png</init_from>
    </image>
    <image id="tail3-emissive-tex" name="tail3-emissive-tex">
      <init_from>Python Attack_res/Python Attack_tail3_emissive.png</init_from>
    </image>
    <image id="tail4-diffuse-tex" name="tail4-diffuse-tex">
      <init_from>Python Attack_res/Python Attack_tail4_diffuse.png</init_from>
    </image>
    <image id="tail4-emissive-tex" name="tail4-emissive-tex">
      <init_from>Python Attack_res/Python Attack_tail4_emissive.png</init_from>
    </image>
    <image id="tail5-diffuse-tex" name="tail5-diffuse-tex">
      <init_from>Python Attack_res/Python Attack_tail5_diffuse.png</init_from>
    </image>
    <image id="tail5-emissive-tex" name="tail5-emissive-tex">
      <init_from>Python Attack_res/Python Attack_tail5_emissive.png</init_from>
    </image>
    <image id="tail6-diffuse-tex" name="tail6-diffuse-tex">
      <init_from>Python Attack_res/Python Attack_tail6_diffuse.png</init_from>
    </image>
    <image id="tail6-emissive-tex" name="tail6-emissive-tex">
      <init_from>Python Attack_res/Python Attack_tail6_emissive.png</init_from>
    </image>
  </library_images>
  <library_effects>
    <effect id="head-Effect">
      <profile_COMMON>
        <newparam sid="head-diffuse-surface">
          <surface type="2D">
            <init_from>head-diffuse-tex</init_from>
            <format>A8R8G8B8</format>
          </surface>
        </newparam>
        <newparam sid="head-emissive-surface">
          <surface type="2D">
            <init_from>head-emissive-tex</init_from>
            <format>A8R8G8B8</format>
          </surface>
        </newparam>
        <newparam sid="head-diffuse-sampler">
          <sampler2D>
            <source>head-diffuse-surface</source>
            <wrap_s>CLAMP</wrap_s>
            <wrap_t>CLAMP</wrap_t>
            <minfilter>NONE</minfilter>
            <magfilter>NONE</magfilter>
            <mipfilter>NONE</mipfilter>
          </sampler2D>
        </newparam>
        <newparam sid="head-emissive-sampler">
          <sampler2D>
            <source>head-emissive-surface</source>
            <wrap_s>CLAMP</wrap_s>
            <wrap_t>CLAMP</wrap_t>
            <minfilter>NONE</minfilter>
            <magfilter>NONE</magfilter>
            <mipfilter>NONE</mipfilter>
          </sampler2D>
        </newparam>
        <technique sid="phong1">
          <phong>
            <emission>
              <texture texcoord="head-tex-bind" texture="head-emissive-sampler"/>
            </emission>
            <ambient>
              <color>1.0 1.0 1.0 1.0</color>
            </ambient>
            <diffuse>
              <texture texcoord="head-tex-bind" texture="head-diffuse-sampler"/>
            </diffuse>
            <specular>
              <color>0.0 0.0 0.0 1.0</color>
            </specular>
            <shininess>
              <float>5.0</float>
            </shininess>
            <reflective>
              <color>1.0 1.0 1.0 1.0</color>
            </reflective>
            <reflectivity>
              <float>0.2</float>
            </reflectivity>
            <transparent>
              <color>1.0 1.0 1.0 1.0</color>
            </transparent>
            <transparency>
              <float>1.0</float>
            </transparency>
          </phong>
        </technique>
      </profile_COMMON>
    </effect>
    <effect id="jaw-Effect">
      <profile_COMMON>
        <newparam sid="jaw-diffuse-surface">
          <surface type="2D">
            <init_from>jaw-diffuse-tex</init_from>
            <format>A8R8G8B8</format>
          </surface>
        </newparam>
        <newparam sid="jaw-emissive-surface">
          <surface type="2D">
            <init_from>jaw-emissive-tex</init_from>
            <format>A8R8G8B8</format>
          </surface>
        </newparam>
        <newparam sid="jaw-diffuse-sampler">
          <sampler2D>
            <source>jaw-diffuse-surface</source>
            <wrap_s>CLAMP</wrap_s>
            <wrap_t>CLAMP</wrap_t>
            <minfilter>NONE</minfilter>
            <magfilter>NONE</magfilter>
            <mipfilter>NONE</mipfilter>
          </sampler2D>
        </newparam>
        <newparam sid="jaw-emissive-sampler">
          <sampler2D>
            <source>jaw-emissive-surface</source>
            <wrap_s>CLAMP</wrap_s>
            <wrap_t>CLAMP</wrap_t>
            <minfilter>NONE</minfilter>
            <magfilter>NONE</magfilter>
            <mipfilter>NONE</mipfilter>
          </sampler2D>
        </newparam>
        <technique sid="phong1">
          <phong>
            <emission>
              <texture texcoord="jaw-tex-bind" texture="jaw-emissive-sampler"/>
            </emission>
            <ambient>
              <color>1.0 1.0 1.0 1.0</color>
            </ambient>
            <diffuse>
              <texture texcoord="jaw-tex-bind" texture="jaw-diffuse-sampler"/>
            </diffuse>
            <specular>
              <color>0.0 0.0 0.0 1.0</color>
            </specular>
            <shininess>
              <float>5.0</float>
            </shininess>
            <reflective>
              <color>1.0 1.0 1.0 1.0</color>
            </reflective>
            <reflectivity>
              <float>0.2</float>
            </reflectivity>
            <transparent>
              <color>1.0 1.0 1.0 1.0</color>
            </transparent>
            <transparency>
              <float>1.0</float>
            </transparency>
          </phong>
        </technique>
      </profile_COMMON>
    </effect>
    <effect id="neck1-Effect">
      <profile_COMMON>
        <newparam sid="neck1-diffuse-surface">
          <surface type="2D">
            <init_from>neck1-diffuse-tex</init_from>
            <format>A8R8G8B8</format>
          </surface>
        </newparam>
        <newparam sid="neck1-emissive-surface">
          <surface type="2D">
            <init_from>neck1-emissive-tex</init_from>
            <format>A8R8G8B8</format>
          </surface>
        </newparam>
        <newparam sid="neck1-diffuse-sampler">
          <sampler2D>
            <source>neck1-diffuse-surface</source>
            <wrap_s>CLAMP</wrap_s>
            <wrap_t>CLAMP</wrap_t>
            <minfilter>NONE</minfilter>
            <magfilter>NONE</magfilter>
            <mipfilter>NONE</mipfilter>
          </sampler2D>
        </newparam>
        <newparam sid="neck1-emissive-sampler">
          <sampler2D>
            <source>neck1-emissive-surface</source>
            <wrap_s>CLAMP</wrap_s>
            <wrap_t>CLAMP</wrap_t>
            <minfilter>NONE</minfilter>
            <magfilter>NONE</magfilter>
            <mipfilter>NONE</mipfilter>
          </sampler2D>
        </newparam>
        <technique sid="phong1">
          <phong>
            <emission>
              <texture texcoord="neck1-tex-bind" texture="neck1-emissive-sampler"/>
            </emission>
            <ambient>
              <color>1.0 1.0 1.0 1.0</color>
            </ambient>
            <diffuse>
              <texture texcoord="neck1-tex-bind" texture="neck1-diffuse-sampler"/>
            </diffuse>
            <specular>
              <color>0.0 0.0 0.0 1.0</color>
            </specular>
            <shininess>
              <float>5.0</float>
            </shininess>
            <reflective>
              <color>1.0 1.0 1.0 1.0</color>
            </reflective>
            <reflectivity>
              <float>0.2</float>
            </reflectivity>
            <transparent>
              <color>1.0 1.0 1.0 1.0</color>
            </transparent>
            <transparency>
              <float>1.0</float>
            </transparency>
          </phong>
        </technique>
      </profile_COMMON>
    </effect>
    <effect id="neck2-Effect">
      <profile_COMMON>
        <newparam sid="neck2-diffuse-surface">
          <surface type="2D">
            <init_from>neck2-diffuse-tex</init_from>
            <format>A8R8G8B8</format>
          </surface>
        </newparam>
        <newparam sid="neck2-emissive-surface">
          <surface type="2D">
            <init_from>neck2-emissive-tex</init_from>
            <format>A8R8G8B8</format>
          </surface>
        </newparam>
        <newparam sid="neck2-diffuse-sampler">
          <sampler2D>
            <source>neck2-diffuse-surface</source>
            <wrap_s>CLAMP</wrap_s>
            <wrap_t>CLAMP</wrap_t>
            <minfilter>NONE</minfilter>
            <magfilter>NONE</magfilter>
            <mipfilter>NONE</mipfilter>
          </sampler2D>
        </newparam>
        <newparam sid="neck2-emissive-sampler">
          <sampler2D>
            <source>neck2-emissive-surface</source>
            <wrap_s>CLAMP</wrap_s>
            <wrap_t>CLAMP</wrap_t>
            <minfilter>NONE</minfilter>
            <magfilter>NONE</magfilter>
            <mipfilter>NONE</mipfilter>
          </sampler2D>
        </newparam>
        <technique sid="phong1">
          <phong>
            <emission>
              <texture texcoord="neck2-tex-bind" texture="neck2-emissive-sampler"/>
            </emission>
            <ambient>
              <color>1.0 1.0 1.0 1.0</color>
            </ambient>
            <diffuse>
              <texture texcoord="neck2-tex-bind" texture="neck2-diffuse-sampler"/>
            </diffuse>
            <specular>
              <color>0.0 0.0 0.0 1.0</color>
            </specular>
            <shininess>
              <float>5.0</float>
            </shininess>
            <reflective>
              <color>1.0 1.0 1.0 1.0</color>
            </reflective>
            <reflectivity>
              <float>0.2</float>
            </reflectivity>
            <transparent>
              <color>1.0 1.0 1.0 1.0</color>
            </transparent>
            <transparency>
              <float>1.0</float>
            </transparency>
          </phong>
        </technique>
      </profile_COMMON>
    </effect>
    <effect id="body-Effect">
      <profile_COMMON>
        <newparam sid="body-diffuse-surface">
          <surface type="2D">
            <init_from>body-diffuse-tex</init_from>
            <format>A8R8G8B8</format>
          </surface>
        </newparam>
        <newparam sid="body-emissive-surface">
          <surface type="2D">
            <init_from>body-emissive-tex</init_from>
            <format>A8R8G8B8</format>
          </surface>
        </newparam>
        <newparam sid="body-diffuse-sampler">
          <sampler2D>
            <source>body-diffuse-surface</source>
            <wrap_s>CLAMP</wrap_s>
            <wrap_t>CLAMP</wrap_t>
            <minfilter>NONE</minfilter>
            <magfilter>NONE</magfilter>
            <mipfilter>NONE</mipfilter>
          </sampler2D>
        </newparam>
        <newparam sid="body-emissive-sampler">
          <sampler2D>
            <source>body-emissive-surface</source>
            <wrap_s>CLAMP</wrap_s>
            <wrap_t>CLAMP</wrap_t>
            <minfilter>NONE</minfilter>
            <magfilter>NONE</magfilter>
            <mipfilter>NONE</mipfilter>
          </sampler2D>
        </newparam>
        <technique sid="phong1">
          <phong>
            <emission>
              <texture texcoord="body-tex-bind" texture="body-emissive-sampler"/>
            </emission>
            <ambient>
              <color>1.0 1.0 1.0 1.0</color>
            </ambient>
            <diffuse>
              <texture texcoord="body-tex-bind" texture="body-diffuse-sampler"/>
            </diffuse>
            <specular>
              <color>0.0 0.0 0.0 1.0</color>
            </specular>
            <shininess>
              <float>5.0</float>
            </shininess>
            <reflective>
              <color>1.0 1.0 1.0 1.0</color>
            </reflective>
            <reflectivity>
              <float>0.2</float>
            </reflectivity>
            <transparent>
              <color>1.0 1.0 1.0 1.0</color>
            </transparent>
            <transparency>
              <float>1.0</float>
            </transparency>
          </phong>
        </technique>
      </profile_COMMON>
    </effect>
    <effect id="tail1-Effect">
      <profile_COMMON>
        <newparam sid="tail1-diffuse-surface">
          <surface type="2D">
            <init_from>tail1-diffuse-tex</init_from>
            <format>A8R8G8B8</format>
          </surface>
        </newparam>
        <newparam sid="tail1-emissive-surface">
          <surface type="2D">
            <init_from>tail1-emissive-tex</init_from>
            <format>A8R8G8B8</format>
          </surface>
        </newparam>
        <newparam sid="tail1-diffuse-sampler">
          <sampler2D>
            <source>tail1-diffuse-surface</source>
            <wrap_s>CLAMP</wrap_s>
            <wrap_t>CLAMP</wrap_t>
            <minfilter>NONE</minfilter>
            <magfilter>NONE</magfilter>
            <mipfilter>NONE</mipfilter>
          </sampler2D>
        </newparam>
        <newparam sid="tail1-emissive-sampler">
          <sampler2D>
            <source>tail1-emissive-surface</source>
            <wrap_s>CLAMP</wrap_s>
            <wrap_t>CLAMP</wrap_t>
            <minfilter>NONE</minfilter>
            <magfilter>NONE</magfilter>
            <mipfilter>NONE</mipfilter>
          </sampler2D>
        </newparam>
        <technique sid="phong1">
          <phong>
            <emission>
              <texture texcoord="tail1-tex-bind" texture="tail1-emissive-sampler"/>
            </emission>
            <ambient>
              <color>1.0 1.0 1.0 1.0</color>
            </ambient>
            <diffuse>
              <texture texcoord="tail1-tex-bind" texture="tail1-diffuse-sampler"/>
            </diffuse>
            <specular>
              <color>0.0 0.0 0.0 1.0</color>
            </specular>
            <shininess>
              <float>5.0</float>
            </shininess>
            <reflective>
              <color>1.0 1.0 1.0 1.0</color>
            </reflective>
            <reflectivity>
              <float>0.2</float>
            </reflectivity>
            <transparent>
              <color>1.0 1.0 1.0 1.0</color>
            </transparent>
            <transparency>
              <float>1.0</float>
            </transparency>
          </phong>
        </technique>
      </profile_COMMON>
    </effect>
    <effect id="tail2-Effect">
      <profile_COMMON>
        <newparam sid="tail2-diffuse-surface">
          <surface type="2D">
            <init_from>tail2-diffuse-tex</init_from>
            <format>A8R8G8B8</format>
          </surface>
        </newparam>
        <newparam sid="tail2-emissive-surface">
          <surface type="2D">
            <init_from>tail2-emissive-tex</init_from>
            <format>A8R8G8B8</format>
          </surface>
        </newparam>
        <newparam sid="tail2-diffuse-sampler">
          <sampler2D>
            <source>tail2-diffuse-surface</source>
            <wrap_s>CLAMP</wrap_s>
            <wrap_t>CLAMP</wrap_t>
            <minfilter>NONE</minfilter>
            <magfilter>NONE</magfilter>
            <mipfilter>NONE</mipfilter>
          </sampler2D>
        </newparam>
        <newparam sid="tail2-emissive-sampler">
          <sampler2D>
            <source>tail2-emissive-surface</source>
            <wrap_s>CLAMP</wrap_s>
            <wrap_t>CLAMP</wrap_t>
            <minfilter>NONE</minfilter>
            <magfilter>NONE</magfilter>
            <mipfilter>NONE</mipfilter>
          </sampler2D>
        </newparam>
        <technique sid="phong1">
          <phong>
            <emission>
              <texture texcoord="tail2-tex-bind" texture="tail2-emissive-sampler"/>
            </emission>
            <ambient>
              <color>1.0 1.0 1.0 1.0</color>
            </ambient>
            <diffuse>
              <texture texcoord="tail2-tex-bind" texture="tail2-diffuse-sampler"/>
            </diffuse>
            <specular>
              <color>0.0 0.0 0.0 1.0</color>
            </specular>
            <shininess>
              <float>5.0</float>
            </shininess>
            <reflective>
              <color>1.0 1.0 1.0 1.0</color>
            </reflective>
            <reflectivity>
              <float>0.2</float>
            </reflectivity>
            <transparent>
              <color>1.0 1.0 1.0 1.0</color>
            </transparent>
            <transparency>
              <float>1.0</float>
            </transparency>
          </phong>
        </technique>
      </profile_COMMON>
    </effect>
    <effect id="tail3-Effect">
      <profile_COMMON>
        <newparam sid="tail3-diffuse-surface">
          <surface type="2D">
            <init_from>tail3-diffuse-tex</init_from>
            <format>A8R8G8B8</format>
          </surface>
        </newparam>
        <newparam sid="tail3-emissive-surface">
          <surface type="2D">
            <init_from>tail3-emissive-tex</init_from>
            <format>A8R8G8B8</format>
          </surface>
        </newparam>
        <newparam sid="tail3-diffuse-sampler">
          <sampler2D>
            <source>tail3-diffuse-surface</source>
            <wrap_s>CLAMP</wrap_s>
            <wrap_t>CLAMP</wrap_t>
            <minfilter>NONE</minfilter>
            <magfilter>NONE</magfilter>
            <mipfilter>NONE</mipfilter>
          </sampler2D>
        </newparam>
        <newparam sid="tail3-emissive-sampler">
          <sampler2D>
            <source>tail3-emissive-surface</source>
            <wrap_s>CLAMP</wrap_s>
            <wrap_t>CLAMP</wrap_t>
            <minfilter>NONE</minfilter>
            <magfilter>NONE</magfilter>
            <mipfilter>NONE</mipfilter>
          </sampler2D>
        </newparam>
        <technique sid="phong1">
          <phong>
            <emission>
              <texture texcoord="tail3-tex-bind" texture="tail3-emissive-sampler"/>
            </emission>
            <ambient>
              <color>1.0 1.0 1.0 1.0</color>
            </ambient>
            <diffuse>
              <texture texcoord="tail3-tex-bind" texture="tail3-diffuse-sampler"/>
            </diffuse>
            <specular>
              <color>0.0 0.0 0.0 1.0</color>
            </specular>
            <shininess>
              <float>5.0</float>
            </shininess>
            <reflective>
              <color>1.0 1.0 1.0 1.0</color>
            </reflective>
            <reflectivity>
              <float>0.2</float>
            </reflectivity>
            <transparent>
              <color>1.0 1.0 1.0 1.0</color>
            </transparent>
            <transparency>
              <float>1.0</float>
            </transparency>
          </phong>
        </technique>
      </profile_COMMON>
    </effect>
    <effect id="tail4-Effect">
      <profile_COMMON>
        <newparam sid="tail4-diffuse-surface">
          <surface type="2D">
            <init_from>tail4-diffuse-tex</init_from>
            <format>A8R8G8B8</format>
          </surface>
        </newparam>
        <newparam sid="tail4-emissive-surface">
          <surface type="2D">
            <init_from>tail4-emissive-tex</init_from>
            <format>A8R8G8B8</format>
          </surface>
        </newparam>
        <newparam sid="tail4-diffuse-sampler">
          <sampler2D>
            <source>tail4-diffuse-surface</source>
            <wrap_s>CLAMP</wrap_s>
            <wrap_t>CLAMP</wrap_t>
            <minfilter>NONE</minfilter>
            <magfilter>NONE</magfilter>
            <mipfilter>NONE</mipfilter>
          </sampler2D>
        </newparam>
        <newparam sid="tail4-emissive-sampler">
          <sampler2D>
            <source>tail4-emissive-surface</source>
            <wrap_s>CLAMP</wrap_s>
            <wrap_t>CLAMP</wrap_t>
            <minfilter>NONE</minfilter>
            <magfilter>NONE</magfilter>
            <mipfilter>NONE</mipfilter>
          </sampler2D>
        </newparam>
        <technique sid="phong1">
          <phong>
            <emission>
              <texture texcoord="tail4-tex-bind" texture="tail4-emissive-sampler"/>
            </emission>
            <ambient>
              <color>1.0 1.0 1.0 1.0</color>
            </ambient>
            <diffuse>
              <texture texcoord="tail4-tex-bind" texture="tail4-diffuse-sampler"/>
            </diffuse>
            <specular>
              <color>0.0 0.0 0.0 1.0</color>
            </specular>
            <shininess>
              <float>5.0</float>
            </shininess>
            <reflective>
              <color>1.0 1.0 1.0 1.0</color>
            </reflective>
            <reflectivity>
              <float>0.2</float>
            </reflectivity>
            <transparent>
              <color>1.0 1.0 1.0 1.0</color>
            </transparent>
            <transparency>
              <float>1.0</float>
            </transparency>
          </phong>
        </technique>
      </profile_COMMON>
    </effect>
    <effect id="tail5-Effect">
      <profile_COMMON>
        <newparam sid="tail5-diffuse-surface">
          <surface type="2D">
            <init_from>tail5-diffuse-tex</init_from>
            <format>A8R8G8B8</format>
          </surface>
        </newparam>
        <newparam sid="tail5-emissive-surface">
          <surface type="2D">
            <init_from>tail5-emissive-tex</init_from>
            <format>A8R8G8B8</format>
          </surface>
        </newparam>
        <newparam sid="tail5-diffuse-sampler">
          <sampler2D>
            <source>tail5-diffuse-surface</source>
            <wrap_s>CLAMP</wrap_s>
            <wrap_t>CLAMP</wrap_t>
            <minfilter>NONE</minfilter>
            <magfilter>NONE</magfilter>
            <mipfilter>NONE</mipfilter>
          </sampler2D>
        </newparam>
        <newparam sid="tail5-emissive-sampler">
          <sampler2D>
            <source>tail5-emissive-surface</source>
            <wrap_s>CLAMP</wrap_s>
            <wrap_t>CLAMP</wrap_t>
            <minfilter>NONE</minfilter>
            <magfilter>NONE</magfilter>
            <mipfilter>NONE</mipfilter>
          </sampler2D>
        </newparam>
        <technique sid="phong1">
          <phong>
            <emission>
              <texture texcoord="tail5-tex-bind" texture="tail5-emissive-sampler"/>
            </emission>
            <ambient>
              <color>1.0 1.0 1.0 1.0</color>
            </ambient>
            <diffuse>
              <texture texcoord="tail5-tex-bind" texture="tail5-diffuse-sampler"/>
            </diffuse>
            <specular>
              <color>0.0 0.0 0.0 1.0</color>
            </specular>
            <shininess>
              <float>5.0</float>
            </shininess>
            <reflective>
              <color>1.0 1.0 1.0 1.0</color>
            </reflective>
            <reflectivity>
              <float>0.2</float>
            </reflectivity>
            <transparent>
              <color>1.0 1.0 1.0 1.0</color>
            </transparent>
            <transparency>
              <float>1.0</float>
            </transparency>
          </phong>
        </technique>
      </profile_COMMON>
    </effect>
    <effect id="tail6-Effect">
      <profile_COMMON>
        <newparam sid="tail6-diffuse-surface">
          <surface type="2D">
            <init_from>tail6-diffuse-tex</init_from>
            <format>A8R8G8B8</format>
          </surface>
        </newparam>
        <newparam sid="tail6-emissive-surface">
          <surface type="2D">
            <init_from>tail6-emissive-tex</init_from>
            <format>A8R8G8B8</format>
          </surface>
        </newparam>
        <newparam sid="tail6-diffuse-sampler">
          <sampler2D>
            <source>tail6-diffuse-surface</source>
            <wrap_s>CLAMP</wrap_s>
            <wrap_t>CLAMP</wrap_t>
            <minfilter>NONE</minfilter>
            <magfilter>NONE</magfilter>
            <mipfilter>NONE</mipfilter>
          </sampler2D>
        </newparam>
        <newparam sid="tail6-emissive-sampler">
          <sampler2D>
            <source>tail6-emissive-surface</source>
            <wrap_s>CLAMP</wrap_s>
            <wrap_t>CLAMP</wrap_t>
            <minfilter>NONE</minfilter>
            <magfilter>NONE</magfilter>
            <mipfilter>NONE</mipfilter>
          </sampler2D>
        </newparam>
        <technique sid="phong1">
          <phong>
            <emission>
              <texture texcoord="tail6-tex-bind" texture="tail6-emissive-sampler"/>
            </emission>
            <ambient>
              <color>1.0 1.0 1.0 1.0</color>
            </ambient>
            <diffuse>
              <texture texcoord="tail6-tex-bind" texture="tail6-diffuse-sampler"/>
            </diffuse>
            <specular>
              <color>0.0 0.0 0.0 1.0</color>
            </specular>
            <shininess>
              <float>5.0</float>
            </shininess>
            <reflective>
              <color>1.0 1.0 1.0 1.0</color>
            </reflective>
            <reflectivity>
              <float>0.2</float>
            </reflectivity>
            <transparent>
              <color>1.0 1.0 1.0 1.0</color>
            </transparent>
            <transparency>
              <float>1.0</float>
            </transparency>
          </phong>
        </technique>
      </profile_COMMON>
    </effect>
  </library_effects>
  <library_materials>
    <material id="head-Material">
      <instance_effect url="#head-Effect"/>
    </material>
    <material id="jaw-Material">
      <instance_effect url="#jaw-Effect"/>
    </material>
    <material id="neck1-Material">
      <instance_effect url="#neck1-Effect"/>
    </material>
    <material id="neck2-Material">
      <instance_effect url="#neck2-Effect"/>
    </material>
    <material id="body-Material">
      <instance_effect url="#body-Effect"/>
    </material>
    <material id="tail1-Material">
      <instance_effect url="#tail1-Effect"/>
    </material>
    <material id="tail2-Material">
      <instance_effect url="#tail2-Effect"/>
    </material>
    <material id="tail3-Material">
      <instance_effect url="#tail3-Effect"/>
    </material>
    <material id="tail4-Material">
      <instance_effect url="#tail4-Effect"/>
    </material>
    <material id="tail5-Material">
      <instance_effect url="#tail5-Effect"/>
    </material>
    <material id="tail6-Material">
      <instance_effect url="#tail6-Effect"/>
    </material>
  </library_materials>
  <library_geometries>
    <geometry id="head-Geom" name="head-Geom">
      <mesh>
        <source id="head-Pos">
          <float_array count="1104" id="head-Pos-array">-5.5 -1.0 2.5000002 -5.5 1.9999995 2.5000002 -5.5 1.9999995 -0.4999995 -5.5 -1.0 -0.4999995 -4.5 -2.0 -0.4999995 -4.5 1.9999995 -0.4999995 -4.5 1.9999995 -4.4999995 -4.5 -2.0 -4.4999995 -4.5 -2.0 -4.4999995 -4.5 0.99999976 -4.4999995 -4.5 0.99999976 -5.5 -4.5 -2.0 -5.5 -4.5 -2.0 2.5000002 -4.5 -1.0 2.5000002 -4.5 -1.0 -0.4999995 -4.5 -2.0 -0.4999995 -3.4999998 -2.0 4.500001 -3.4999998 1.9999995 4.500001 -3.4999998 1.9999995 2.5000002 -3.4999998 -2.0 2.5000002 -3.4999998 1.9999995 1.5000002 -3.4999998 2.9999998 1.5000002 -3.4999998 2.9999998 -4.4999995 -3.4999998 1.9999995 -4.4999995 -3.4999998 0.99999976 -4.4999995 -3.4999998 1.9999995 -4.4999995 -3.4999998 1.9999995 -5.5 -3.4999998 0.99999976 -5.5 -2.4999998 -2.0 7.4999995 -2.4999998 1.9999995 7.4999995 -2.4999998 1.9999995 4.500001 -2.4999998 -2.0 4.500001 -2.4999998 -2.0 -5.5 -2.4999998 1.9999995 -5.5 -2.4999998 1.9999995 -7.4999995 -2.4999998 -2.0 -7.4999995 -2.4999998 -2.9999998 0.50000036 -2.4999998 -2.0 0.50000036 -2.4999998 -2.0 -5.5 -2.4999998 -2.9999998 -5.5 -2.4999998 1.9999995 -4.4999995 -2.4999998 2.9999998 -4.4999995 -2.4999998 2.9999998 -5.5 -2.4999998 1.9999995 -5.5 -1.4999998 1.9999995 3.5 -1.4999998 2.9999998 3.5 -1.4999998 2.9999998 1.5000002 -1.4999998 1.9999995 1.5000002 0.50000036 -2.0 7.4999995 0.50000036 -1.0 7.4999995 0.50000036 -1.0 6.5000005 0.50000036 -2.0 6.5000005 1.5000002 -2.0 6.5000005 1.5000002 -1.0 6.5000005 1.5000002 -1.0 3.5 1.5000002 -2.0 3.5 2.5000002 -2.0 3.5 2.5000002 -1.0 3.5 2.5000002 -1.0 0.50000036 2.5000002 -2.0 0.50000036 -2.4999998 -2.0 0.50000036 -2.4999998 -1.0 0.50000036 -2.4999998 -1.0 3.5 -2.4999998 -2.0 3.5 -1.4999998 -2.0 3.5 -1.4999998 -1.0 3.5 -1.4999998 -1.0 6.5000005 -1.4999998 -2.0 6.5000005 -0.49999994 -2.0 6.5000005 -0.49999994 -1.0 6.5000005 -0.49999994 -1.0 7.4999995 -0.49999994 -2.0 7.4999995 1.5000002 1.9999995 1.5000002 1.5000002 2.9999998 1.5000002 1.5000002 2.9999998 3.5 1.5000002 1.9999995 3.5 2.5000002 -2.0 4.500001 2.5000002 1.9999995 4.500001 2.5000002 1.9999995 7.4999995 2.5000002 -2.0 7.4999995 2.5000002 -2.0 -7.4999995 2.5000002 1.9999995 -7.4999995 2.5000002 1.9999995 -5.5 2.5000002 -2.0 -5.5 2.5000002 -2.9999998 -5.5 2.5000002 -2.0 -5.5 2.5000002 -2.0 0.50000036 2.5000002 -2.9999998 0.50000036 2.5000002 1.9999995 -5.5 2.5000002 2.9999998 -5.5 2.5000002 2.9999998 -4.4999995 2.5000002 1.9999995 -4.4999995 3.5 -2.0 2.5000002 3.5 1.9999995 2.5000002 3.5 1.9999995 4.500001 3.5 -2.0 4.500001 3.5 1.9999995 -4.4999995 3.5 2.9999998 -4.4999995 3.5 2.9999998 1.5000002 3.5 1.9999995 1.5000002 3.5 0.99999976 -5.5 3.5 1.9999995 -5.5 3.5 1.9999995 -4.4999995 3.5 0.99999976 -4.4999995 4.5 -2.0 -4.4999995 4.5 1.9999995 -4.4999995 4.5 1.9999995 -0.4999995 4.5 -2.0 -0.4999995 4.5 -2.0 -5.5 4.5 0.99999976 -5.5 4.5 0.99999976 -4.4999995 4.5 -2.0 -4.4999995 4.5 -2.0 -0.4999995 4.5 -1.0 -0.4999995 4.5 -1.0 2.5000002 4.5 -2.0 2.5000002 5.5 -1.0 -0.4999995 5.5 1.9999995 -0.4999995 5.5 1.9999995 2.5000002 5.5 -1.0 2.5000002 -2.4999998 -2.9999998 -5.5 2.5000002 -2.9999998 -5.5 2.5000002 -2.9999998 0.50000036 -2.4999998 -2.9999998 0.50000036 -4.5 -2.0 -5.5 -2.4999998 -2.0 -5.5 -2.4999998 -2.0 2.5000002 -4.5 -2.0 2.5000002 2.5000002 -2.0 -5.5 4.5 -2.0 -5.5 4.5 -2.0 2.5000002 2.5000002 -2.0 2.5000002 -2.4999998 -2.0 -7.4999995 2.5000002 -2.0 -7.4999995 2.5000002 -2.0 -5.5 -2.4999998 -2.0 -5.5 -2.4999998 -2.0 3.5 -1.4999998 -2.0 3.5 -1.4999998 -2.0 7.4999995 -2.4999998 -2.0 7.4999995 1.5000002 -2.0 4.500001 2.5000002 -2.0 4.500001 2.5000002 -2.0 7.4999995 1.5000002 -2.0 7.4999995 -3.4999998 -2.0 2.5000002 -2.4999998 -2.0 2.5000002 -2.4999998 -2.0 4.500001 -3.4999998 -2.0 4.500001 2.5000002 -2.0 2.5000002 3.5 -2.0 2.5000002 3.5 -2.0 4.500001 2.5000002 -2.0 4.500001 1.5000002 -2.0 3.5 2.5000002 -2.0 3.5 2.5000002 -2.0 4.500001 1.5000002 -2.0 4.500001 -1.4999998 -2.0 6.5000005 -0.49999994 -2.0 6.5000005 -0.49999994 -2.0 7.4999995 -1.4999998 -2.0 7.4999995 0.50000036 -2.0 6.5000005 1.5000002 -2.0 6.5000005 1.5000002 -2.0 7.4999995 0.50000036 -2.0 7.4999995 -2.4999998 -1.0 0.50000036 2.5000002 -1.0 0.50000036 2.5000002 -1.0 3.5 -2.4999998 -1.0 3.5 -1.4999998 -1.0 3.5 1.5000002 -1.0 3.5 1.5000002 -1.0 6.5000005 -1.4999998 -1.0 6.5000005 -5.5 -1.0 -0.4999995 -4.5 -1.0 -0.4999995 -4.5 -1.0 2.5000002 -5.5 -1.0 2.5000002 4.5 -1.0 -0.4999995 5.5 -1.0 -0.4999995 5.5 -1.0 2.5000002 4.5 -1.0 2.5000002 -0.49999994 -1.0 6.5000005 0.50000036 -1.0 6.5000005 0.50000036 -1.0 7.4999995 -0.49999994 -1.0 7.4999995 -4.5 0.99999976 -4.4999995 -3.4999998 0.99999976 -4.4999995 -3.4999998 0.99999976 -5.5 -4.5 0.99999976 -5.5 3.5 0.99999976 -4.4999995 4.5 0.99999976 -4.4999995 4.5 0.99999976 -5.5 3.5 0.99999976 -5.5 -2.4999998 1.9999995 7.4999995 2.5000002 1.9999995 7.4999995 2.5000002 1.9999995 4.500001 -2.4999998 1.9999995 4.500001 -2.4999998 1.9999995 -5.5 2.5000002 1.9999995 -5.5 2.5000002 1.9999995 -7.4999995 -2.4999998 1.9999995 -7.4999995 -4.5 1.9999995 2.5000002 -3.4999998 1.9999995 2.5000002 -3.4999998 1.9999995 -4.4999995 -4.5 1.9999995 -4.4999995 3.5 1.9999995 2.5000002 4.5 1.9999995 2.5000002 4.5 1.9999995 -4.4999995 3.5 1.9999995 -4.4999995 -3.4999998 1.9999995 4.500001 3.5 1.9999995 4.500001 3.5 1.9999995 3.5 -3.4999998 1.9999995 3.5 -3.4999998 1.9999995 3.5 -1.4999998 1.9999995 3.5 -1.4999998 1.9999995 1.5000002 -3.4999998 1.9999995 1.5000002 1.5000002 1.9999995 3.5 3.5 1.9999995 3.5 3.5 1.9999995 1.5000002 1.5000002 1.9999995 1.5000002 -5.5 1.9999995 2.5000002 -4.5 1.9999995 2.5000002 -4.5 1.9999995 -0.4999995 -5.5 1.9999995 -0.4999995 4.5 1.9999995 2.5000002 5.5 1.9999995 2.5000002 5.5 1.9999995 -0.4999995 4.5 1.9999995 -0.4999995 -3.4999998 1.9999995 -4.4999995 -2.4999998 1.9999995 -4.4999995 -2.4999998 1.9999995 -5.5 -3.4999998 1.9999995 -5.5 2.5000002 1.9999995 -4.4999995 3.5 1.9999995 -4.4999995 3.5 1.9999995 -5.5 2.5000002 1.9999995 -5.5 -3.4999998 2.9999998 1.5000002 3.5 2.9999998 1.5000002 3.5 2.9999998 -4.4999995 -3.4999998 2.9999998 -4.4999995 -1.4999998 2.9999998 3.5 1.5000002 2.9999998 3.5 1.5000002 2.9999998 1.5000002 -1.4999998 2.9999998 1.5000002 -2.4999998 2.9999998 -4.4999995 2.5000002 2.9999998 -4.4999995 2.5000002 2.9999998 -5.5 -2.4999998 2.9999998 -5.5 -2.4999998 1.9999995 -7.4999995 2.5000002 1.9999995 -7.4999995 2.5000002 -2.0 -7.4999995 -2.4999998 -2.0 -7.4999995 -4.5 0.99999976 -5.5 -2.4999998 0.99999976 -5.5 -2.4999998 -2.0 -5.5 -4.5 -2.0 -5.5 2.5000002 0.99999976 -5.5 4.5 0.99999976 -5.5 4.5 -2.0 -5.5 2.5000002 -2.0 -5.5 -2.4999998 -2.0 -5.5 2.5000002 -2.0 -5.5 2.5000002 -2.9999998 -5.5 -2.4999998 -2.9999998 -5.5 -2.4999998 2.9999998 -5.5 2.5000002 2.9999998 -5.5 2.5000002 1.9999995 -5.5 -2.4999998 1.9999995 -5.5 -3.4999998 1.9999995 -5.5 -2.4999998 1.9999995 -5.5 -2.4999998 0.99999976 -5.5 -3.4999998 0.99999976 -5.5 2.5000002 1.9999995 -5.5 3.5 1.9999995 -5.5 3.5 0.99999976 -5.5 2.5000002 0.99999976 -5.5 -4.5 1.9999995 -4.4999995 -3.4999998 1.9999995 -4.4999995 -3.4999998 0.99999976 -4.4999995 -4.5 0.99999976 -4.4999995 3.5 1.9999995 -4.4999995 4.5 1.9999995 -4.4999995 4.5 0.99999976 -4.4999995 3.5 0.99999976 -4.4999995 -3.4999998 2.9999998 -4.4999995 -2.4999998 2.9999998 -4.4999995 -2.4999998 1.9999995 -4.4999995 -3.4999998 1.9999995 -4.4999995 2.5000002 2.9999998 -4.4999995 3.5 2.9999998 -4.4999995 3.5 1.9999995 -4.4999995 2.5000002 1.9999995 -4.4999995 -5.5 1.9999995 -0.4999995 -4.5 1.9999995 -0.4999995 -4.5 -1.0 -0.4999995 -5.5 -1.0 -0.4999995 4.5 1.9999995 -0.4999995 5.5 1.9999995 -0.4999995 5.5 -1.0 -0.4999995 4.5 -1.0 -0.4999995 -2.4999998 -1.0 3.5 -1.4999998 -1.0 3.5 -1.4999998 -2.0 3.5 -2.4999998 -2.0 3.5 1.5000002 -1.0 3.5 2.5000002 -1.0 3.5 2.5000002 -2.0 3.5 1.5000002 -2.0 3.5 -1.4999998 -1.0 6.5000005 -0.49999994 -1.0 6.5000005 -0.49999994 -2.0 6.5000005 -1.4999998 -2.0 6.5000005 0.50000036 -1.0 6.5000005 1.5000002 -1.0 6.5000005 1.5000002 -2.0 6.5000005 0.50000036 -2.0 6.5000005 -2.4999998 -2.9999998 0.50000036 2.5000002 -2.9999998 0.50000036 2.5000002 -1.0 0.50000036 -2.4999998 -1.0 0.50000036 -3.4999998 1.9999995 1.5000002 -1.4999998 1.9999995 1.5000002 -1.4999998 2.9999998 1.5000002 -3.4999998 2.9999998 1.5000002 1.5000002 1.9999995 1.5000002 3.5 1.9999995 1.5000002 3.5 2.9999998 1.5000002 1.5000002 2.9999998 1.5000002 -5.5 -1.0 2.5000002 -3.4999998 -1.0 2.5000002 -3.4999998 1.9999995 2.5000002 -5.5 1.9999995 2.5000002 3.5 -1.0 2.5000002 5.5 -1.0 2.5000002 5.5 1.9999995 2.5000002 3.5 1.9999995 2.5000002 -4.5 -2.0 2.5000002 -3.4999998 -2.0 2.5000002 -3.4999998 -1.0 2.5000002 -4.5 -1.0 2.5000002 3.5 -2.0 2.5000002 4.5 -2.0 2.5000002 4.5 -1.0 2.5000002 3.5 -1.0 2.5000002 -1.4999998 1.9999995 3.5 1.5000002 1.9999995 3.5 1.5000002 2.9999998 3.5 -1.4999998 2.9999998 3.5 -3.4999998 -2.0 4.500001 -2.4999998 -2.0 4.500001 -2.4999998 1.9999995 4.500001 -3.4999998 1.9999995 4.500001 2.5000002 -2.0 4.500001 3.5 -2.0 4.500001 3.5 1.9999995 4.500001 2.5000002 1.9999995 4.500001 -2.4999998 -1.0 7.4999995 2.5000002 -1.0 7.4999995 2.5000002 1.9999995 7.4999995 -2.4999998 1.9999995 7.4999995 -2.4999998 -2.0 7.4999995 -0.49999994 -2.0 7.4999995 -0.49999994 -1.0 7.4999995 -2.4999998 -1.0 7.4999995 0.50000036 -2.0 7.4999995 2.5000002 -2.0 7.4999995 2.5000002 -1.0 7.4999995 0.50000036 -1.0 7.4999995 </float_array>
          <technique_common>
            <accessor count="368" source="#head-Pos-array" stride="3">
              <param name="X" type="float"/>
              <param name="Y" type="float"/>
              <param name="Z" type="float"/>
            </accessor>
          </technique_common>
        </source>
        <source id="head-UV">
          <float_array count="736" id="head-UV-array">0.0 0.953125 0.046875 0.953125 0.046875 1.0 0.0 1.0 0.0 0.859375 0.0625 0.859375 0.0625 0.921875 0.0 0.921875 0.09375 0.953125 0.09375 1.0 0.078125 1.0 0.078125 0.953125 0.125 0.953125 0.140625 0.953125 0.140625 1.0 0.125 1.0 0.03125 0.765625 0.03125 0.828125 0.0 0.828125 0.0 0.765625 0.09375 0.828125 0.109375 0.828125 0.109375 0.921875 0.09375 0.921875 0.078125 0.984375 0.09375 0.984375 0.09375 1.0 0.078125 1.0 0.1875 0.859375 0.1875 0.921875 0.140625 0.921875 0.140625 0.859375 0.171875 0.765625 0.171875 0.828125 0.140625 0.828125 0.140625 0.765625 0.265625 0.90625 0.28125 0.90625 0.28125 1.0 0.265625 1.0 0.171875 0.984375 0.1875 0.984375 0.1875 1.0 0.171875 1.0 0.21875 0.96875 0.234375 0.96875 0.234375 1.0 0.21875 1.0 0.09375 0.78125 0.109375 0.78125 0.109375 0.796875 0.09375 0.796875 0.21875 0.875 0.234375 0.875 0.234375 0.921875 0.21875 0.921875 0.203125 0.78125 0.21875 0.78125 0.21875 0.828125 0.203125 0.828125 0.265625 0.875 0.28125 0.875 0.28125 0.828125 0.265625 0.828125 0.3125 1.0 0.328125 1.0 0.328125 0.953125 0.3125 0.953125 0.3125 1.0 0.328125 1.0 0.328125 0.984375 0.3125 0.984375 0.21875 1.0 0.234375 1.0 0.234375 0.96875 0.21875 0.96875 0.140625 0.859375 0.140625 0.921875 0.1875 0.921875 0.1875 0.859375 0.3125 0.859375 0.3125 0.921875 0.34375 0.921875 0.34375 0.859375 0.265625 1.0 0.28125 1.0 0.28125 0.90625 0.265625 0.90625 0.171875 1.0 0.1875 1.0 0.1875 0.984375 0.171875 0.984375 0.3125 0.765625 0.3125 0.828125 0.34375 0.828125 0.34375 0.765625 0.375 0.921875 0.390625 0.921875 0.390625 0.828125 0.375 0.828125 0.078125 1.0 0.09375 1.0 0.09375 0.984375 0.078125 0.984375 0.421875 0.921875 0.484375 0.921875 0.484375 0.859375 0.421875 0.859375 0.078125 0.953125 0.078125 1.0 0.09375 1.0 0.09375 0.953125 0.125 1.0 0.140625 1.0 0.140625 0.953125 0.125 0.953125 0.0 1.0 0.046875 1.0 0.046875 0.953125 0.0 0.953125 0.0 0.734375 0.078125 0.734375 0.078125 0.640625 0.0 0.640625 0.109375 0.734375 0.140625 0.734375 0.140625 0.609375 0.109375 0.609375 0.171875 0.734375 0.203125 0.734375 0.203125 0.609375 0.171875 0.609375 0.0 0.65625 0.0 0.734375 0.03125 0.734375 0.03125 0.65625 0.421875 0.828125 0.4375 0.828125 0.4375 0.765625 0.421875 0.765625 0.3125 1.0 0.328125 1.0 0.328125 0.953125 0.3125 0.953125 0.3125 1.0 0.328125 1.0 0.328125 0.96875 0.3125 0.96875 0.3125 1.0 0.328125 1.0 0.328125 0.96875 0.3125 0.96875 0.3125 1.0 0.328125 1.0 0.328125 0.984375 0.3125 0.984375 0.3125 1.0 0.328125 1.0 0.328125 0.984375 0.3125 0.984375 0.3125 1.0 0.328125 1.0 0.328125 0.984375 0.3125 0.984375 0.0 0.53125 0.0 0.609375 0.046875 0.609375 0.046875 0.53125 0.359375 1.0 0.40625 1.0 0.40625 0.953125 0.359375 0.953125 0.0 1.0 0.015625 1.0 0.015625 0.953125 0.0 0.953125 0.0 1.0 0.015625 1.0 0.015625 0.953125 0.0 0.953125 0.3125 1.0 0.328125 1.0 0.328125 0.984375 0.3125 0.984375 0.078125 0.984375 0.09375 0.984375 0.09375 1.0 0.078125 1.0 0.078125 0.984375 0.09375 0.984375 0.09375 1.0 0.078125 1.0 0.15625 0.5 0.15625 0.578125 0.109375 0.578125 0.109375 0.5 0.21875 0.5 0.21875 0.578125 0.1875 0.578125 0.1875 0.5 0.265625 0.625 0.28125 0.625 0.28125 0.734375 0.265625 0.734375 0.265625 0.625 0.28125 0.625 0.28125 0.734375 0.265625 0.734375 0.328125 0.625 0.328125 0.734375 0.3125 0.734375 0.3125 0.625 0.3125 0.890625 0.34375 0.890625 0.34375 0.921875 0.3125 0.921875 0.3125 0.890625 0.34375 0.890625 0.34375 0.921875 0.3125 0.921875 0.03125 0.953125 0.046875 0.953125 0.046875 1.0 0.03125 1.0 0.03125 0.953125 0.046875 0.953125 0.046875 1.0 0.03125 1.0 0.078125 0.984375 0.09375 0.984375 0.09375 1.0 0.078125 1.0 0.078125 0.984375 0.09375 0.984375 0.09375 1.0 0.078125 1.0 0.453125 0.625 0.453125 0.734375 0.359375 0.734375 0.359375 0.625 0.46875 0.953125 0.46875 1.0 0.4375 1.0 0.4375 0.953125 0.28125 0.515625 0.28125 0.59375 0.265625 0.59375 0.265625 0.515625 0.421875 0.515625 0.421875 0.59375 0.359375 0.59375 0.359375 0.515625 0.109375 0.6875 0.140625 0.6875 0.140625 0.734375 0.109375 0.734375 0.109375 0.6875 0.140625 0.6875 0.140625 0.734375 0.109375 0.734375 0.28125 0.921875 0.28125 1.0 0.265625 1.0 0.265625 0.921875 0.390625 0.640625 0.390625 0.71875 0.375 0.71875 0.375 0.640625 0.078125 0.984375 0.09375 0.984375 0.09375 1.0 0.078125 1.0 0.078125 0.984375 0.09375 0.984375 0.09375 1.0 0.078125 1.0 0.078125 0.984375 0.09375 0.984375 0.09375 1.0 0.078125 1.0 0.078125 0.984375 0.09375 0.984375 0.09375 1.0 0.078125 1.0 0.125 0.984375 0.140625 0.984375 0.140625 1.0 0.125 1.0 0.125 0.984375 0.140625 0.984375 0.140625 1.0 0.125 1.0 0.46875 0.78125 0.484375 0.78125 0.484375 0.828125 0.46875 0.828125 0.3125 0.546875 0.328125 0.546875 0.328125 0.59375 0.3125 0.59375 0.3125 0.984375 0.328125 0.984375 0.328125 1.0 0.3125 1.0 0.3125 0.984375 0.328125 0.984375 0.328125 1.0 0.3125 1.0 0.3125 0.984375 0.328125 0.984375 0.328125 1.0 0.3125 1.0 0.3125 0.984375 0.328125 0.984375 0.328125 1.0 0.3125 1.0 0.0 0.65625 0.0 0.734375 0.03125 0.734375 0.03125 0.65625 0.125 0.96875 0.125 1.0 0.140625 1.0 0.140625 0.96875 0.125 0.96875 0.125 1.0 0.140625 1.0 0.140625 0.96875 0.453125 0.59375 0.484375 0.59375 0.484375 0.546875 0.453125 0.546875 0.53125 1.0 0.5625 1.0 0.5625 0.953125 0.53125 0.953125 0.078125 1.0 0.09375 1.0 0.09375 0.984375 0.078125 0.984375 0.078125 1.0 0.09375 1.0 0.09375 0.984375 0.078125 0.984375 0.4375 0.953125 0.4375 1.0 0.453125 1.0 0.453125 0.953125 0.484375 0.734375 0.5 0.734375 0.5 0.671875 0.484375 0.671875 0.484375 0.734375 0.5 0.734375 0.5 0.671875 0.484375 0.671875 0.59375 0.921875 0.59375 1.0 0.640625 1.0 0.640625 0.921875 0.3125 0.96875 0.3125 1.0 0.328125 1.0 0.328125 0.96875 0.3125 0.96875 0.3125 1.0 0.328125 1.0 0.328125 0.96875 </float_array>
          <technique_common>
            <accessor count="368" source="#head-UV-array" stride="2">
              <param name="S" type="float"/>
              <param name="T" type="float"/>
            </accessor>
          </technique_common>
        </source>
        <source id="head-Normal">
          <float_array count="18" id="head-Normal-array">-1.0 0.0 0.0 1.0 0.0 0.0 0.0 -1.0 0.0 0.0 1.0 0.0 0.0 0.0 -1.0 0.0 0.0 1.0</float_array>
          <technique_common>
            <accessor count="6" source="#head-Normal-array" stride="3">
              <param name="X" type="float"/>
              <param name="Y" type="float"/>
              <param name="Z" type="float"/>
            </accessor>
          </technique_common>
        </source>
        <vertices id="head-Vertices">
          <input semantic="POSITION" source="#head-Pos"/>
        </vertices>
        <polylist count="92" material="head-Material">
          <input offset="0" semantic="VERTEX" source="#head-Vertices"/>
          <input offset="1" semantic="TEXCOORD" set="0" source="#head-UV"/>
          <input offset="2" semantic="NORMAL" source="#head-Normal"/>
          <vcount>4 4 4 4 4 4 4 4 4 4 4 4 4 4 4 4 4 4 4 4 4 4 4 4 4 4 4 4 4 4 4 4 4 4 4 4 4 4 4 4 4 4 4 4 4 4 4 4 4 4 4 4 4 4 4 4 4 4 4 4 4 4 4 4 4 4 4 4 4 4 4 4 4 4 4 4 4 4 4 4 4 4 4 4 4 4 4 4 4 4 4 4 </vcount>
          <p>0 0 0 1 1 0 2 2 0 3 3 0 4 4 0 5 5 0 6 6 0 7 7 0 8 8 0 9 9 0 10 10 0 11 11 0 12 12 0 13 13 0 14 14 0 15 15 0 16 16 0 17 17 0 18 18 0 19 19 0 20 20 0 21 21 0 22 22 0 23 23 0 24 24 0 25 25 0 26 26 0 27 27 0 28 28 0 29 29 0 30 30 0 31 31 0 32 32 0 33 33 0 34 34 0 35 35 0 36 36 0 37 37 0 38 38 0 39 39 0 40 40 0 41 41 0 42 42 0 43 43 0 44 44 0 45 45 0 46 46 0 47 47 0 48 48 0 49 49 0 50 50 0 51 51 0 52 52 0 53 53 0 54 54 0 55 55 0 56 56 0 57 57 0 58 58 0 59 59 0 60 60 1 61 61 1 62 62 1 63 63 1 64 64 1 65 65 1 66 66 1 67 67 1 68 68 1 69 69 1 70 70 1 71 71 1 72 72 1 73 73 1 74 74 1 75 75 1 76 76 1 77 77 1 78 78 1 79 79 1 80 80 1 81 81 1 82 82 1 83 83 1 84 84 1 85 85 1 86 86 1 87 87 1 88 88 1 89 89 1 90 90 1 91 91 1 92 92 1 93 93 1 94 94 1 95 95 1 96 96 1 97 97 1 98 98 1 99 99 1 100 100 1 101 101 1 102 102 1 103 103 1 104 104 1 105 105 1 106 106 1 107 107 1 108 108 1 109 109 1 110 110 1 111 111 1 112 112 1 113 113 1 114 114 1 115 115 1 116 116 1 117 117 1 118 118 1 119 119 1 120 120 2 121 121 2 122 122 2 123 123 2 124 124 2 125 125 2 126 126 2 127 127 2 128 128 2 129 129 2 130 130 2 131 131 2 132 132 2 133 133 2 134 134 2 135 135 2 136 136 2 137 137 2 138 138 2 139 139 2 140 140 2 141 141 2 142 142 2 143 143 2 144 144 2 145 145 2 146 146 2 147 147 2 148 148 2 149 149 2 150 150 2 151 151 2 152 152 2 153 153 2 154 154 2 155 155 2 156 156 2 157 157 2 158 158 2 159 159 2 160 160 2 161 161 2 162 162 2 163 163 2 164 164 2 165 165 2 166 166 2 167 167 2 168 168 2 169 169 2 170 170 2 171 171 2 172 172 2 173 173 2 174 174 2 175 175 2 176 176 2 177 177 2 178 178 2 179 179 2 180 180 2 181 181 2 182 182 2 183 183 2 184 184 3 185 185 3 186 186 3 187 187 3 188 188 3 189 189 3 190 190 3 191 191 3 192 192 3 193 193 3 194 194 3 195 195 3 196 196 3 197 197 3 198 198 3 199 199 3 200 200 3 201 201 3 202 202 3 203 203 3 204 204 3 205 205 3 206 206 3 207 207 3 208 208 3 209 209 3 210 210 3 211 211 3 212 212 3 213 213 3 214 214 3 215 215 3 216 216 3 217 217 3 218 218 3 219 219 3 220 220 3 221 221 3 222 222 3 223 223 3 224 224 3 225 225 3 226 226 3 227 227 3 228 228 3 229 229 3 230 230 3 231 231 3 232 232 3 233 233 3 234 234 3 235 235 3 236 236 3 237 237 3 238 238 3 239 239 3 240 240 3 241 241 3 242 242 3 243 243 3 244 244 3 245 245 3 246 246 3 247 247 3 248 248 4 249 249 4 250 250 4 251 251 4 252 252 4 253 253 4 254 254 4 255 255 4 256 256 4 257 257 4 258 258 4 259 259 4 260 260 4 261 261 4 262 262 4 263 263 4 264 264 4 265 265 4 266 266 4 267 267 4 268 268 4 269 269 4 270 270 4 271 271 4 272 272 4 273 273 4 274 274 4 275 275 4 276 276 4 277 277 4 278 278 4 279 279 4 280 280 4 281 281 4 282 282 4 283 283 4 284 284 4 285 285 4 286 286 4 287 287 4 288 288 4 289 289 4 290 290 4 291 291 4 292 292 4 293 293 4 294 294 4 295 295 4 296 296 4 297 297 4 298 298 4 299 299 4 300 300 4 301 301 4 302 302 4 303 303 4 304 304 4 305 305 4 306 306 4 307 307 4 308 308 4 309 309 4 310 310 4 311 311 4 312 312 4 313 313 4 314 314 4 315 315 4 316 316 5 317 317 5 318 318 5 319 319 5 320 320 5 321 321 5 322 322 5 323 323 5 324 324 5 325 325 5 326 326 5 327 327 5 328 328 5 329 329 5 330 330 5 331 331 5 332 332 5 333 333 5 334 334 5 335 335 5 336 336 5 337 337 5 338 338 5 339 339 5 340 340 5 341 341 5 342 342 5 343 343 5 344 344 5 345 345 5 346 346 5 347 347 5 348 348 5 349 349 5 350 350 5 351 351 5 352 352 5 353 353 5 354 354 5 355 355 5 356 356 5 357 357 5 358 358 5 359 359 5 360 360 5 361 361 5 362 362 5 363 363 5 364 364 5 365 365 5 366 366 5 367 367 5 </p>
        </polylist>
      </mesh>
    </geometry>
    <geometry id="jaw-Geom" name="jaw-Geom">
      <mesh>
        <source id="jaw-Pos">
          <float_array count="144" id="jaw-Pos-array">-2.9999998 -1.0 0.5000001 -2.9999998 1.0 0.5000001 -2.9999998 1.0 -3.4999998 -2.9999998 -1.0 -3.4999998 -2.0 -1.0 3.4999998 -2.0 1.0 3.4999998 -2.0 1.0 0.5000001 -2.0 -1.0 0.5000001 1.9999996 -1.0 0.5000001 1.9999996 1.0 0.5000001 1.9999996 1.0 3.4999998 1.9999996 -1.0 3.4999998 2.9999998 -1.0 -3.4999998 2.9999998 1.0 -3.4999998 2.9999998 1.0 0.5000001 2.9999998 -1.0 0.5000001 -2.9999998 -1.0 -3.4999998 2.9999998 -1.0 -3.4999998 2.9999998 -1.0 0.5000001 -2.9999998 -1.0 0.5000001 -2.0 -1.0 0.5000001 1.9999996 -1.0 0.5000001 1.9999996 -1.0 3.4999998 -2.0 -1.0 3.4999998 -2.9999998 1.0 0.5000001 2.9999998 1.0 0.5000001 2.9999998 1.0 -3.4999998 -2.9999998 1.0 -3.4999998 -2.0 1.0 3.4999998 1.9999996 1.0 3.4999998 1.9999996 1.0 0.5000001 -2.0 1.0 0.5000001 -2.9999998 1.0 -3.4999998 2.9999998 1.0 -3.4999998 2.9999998 -1.0 -3.4999998 -2.9999998 -1.0 -3.4999998 -2.9999998 -1.0 0.5000001 -2.0 -1.0 0.5000001 -2.0 1.0 0.5000001 -2.9999998 1.0 0.5000001 1.9999996 -1.0 0.5000001 2.9999998 -1.0 0.5000001 2.9999998 1.0 0.5000001 1.9999996 1.0 0.5000001 -2.0 -1.0 3.4999998 1.9999996 -1.0 3.4999998 1.9999996 1.0 3.4999998 -2.0 1.0 3.4999998 </float_array>
          <technique_common>
            <accessor count="48" source="#jaw-Pos-array" stride="3">
              <param name="X" type="float"/>
              <param name="Y" type="float"/>
              <param name="Z" type="float"/>
            </accessor>
          </technique_common>
        </source>
        <source id="jaw-UV">
          <float_array count="96" id="jaw-UV-array">0.0 0.875 0.0625 0.875 0.0625 1.0 0.0 1.0 0.0 0.875 0.0625 0.875 0.0625 0.96875 0.0 0.96875 0.0 0.96875 0.0625 0.96875 0.0625 0.875 0.0 0.875 0.0 1.0 0.0625 1.0 0.0625 0.875 0.0 0.875 0.28125 0.8125 0.28125 1.0 0.40625 1.0 0.40625 0.8125 0.3125 0.875 0.3125 1.0 0.40625 1.0 0.40625 0.875 0.125 0.53125 0.125 0.71875 0.0 0.71875 0.0 0.53125 0.21875 0.875 0.21875 1.0 0.125 1.0 0.125 0.875 0.34375 0.53125 0.34375 0.71875 0.28125 0.71875 0.28125 0.53125 0.1875 1.0 0.21875 1.0 0.21875 0.9375 0.1875 0.9375 0.1875 1.0 0.21875 1.0 0.21875 0.9375 0.1875 0.9375 0.40625 0.59375 0.40625 0.71875 0.46875 0.71875 0.46875 0.59375 </float_array>
          <technique_common>
            <accessor count="48" source="#jaw-UV-array" stride="2">
              <param name="S" type="float"/>
              <param name="T" type="float"/>
            </accessor>
          </technique_common>
        </source>
        <source id="jaw-Normal">
          <float_array count="18" id="jaw-Normal-array">-1.0 0.0 0.0 1.0 0.0 0.0 0.0 -1.0 0.0 0.0 1.0 0.0 0.0 0.0 -1.0 0.0 0.0 1.0</float_array>
          <technique_common>
            <accessor count="6" source="#jaw-Normal-array" stride="3">
              <param name="X" type="float"/>
              <param name="Y" type="float"/>
              <param name="Z" type="float"/>
            </accessor>
          </technique_common>
        </source>
        <vertices id="jaw-Vertices">
          <input semantic="POSITION" source="#jaw-Pos"/>
        </vertices>
        <polylist count="12" material="jaw-Material">
          <input offset="0" semantic="VERTEX" source="#jaw-Vertices"/>
          <input offset="1" semantic="TEXCOORD" set="0" source="#jaw-UV"/>
          <input offset="2" semantic="NORMAL" source="#jaw-Normal"/>
          <vcount>4 4 4 4 4 4 4 4 4 4 4 4 </vcount>
          <p>0 0 0 1 1 0 2 2 0 3 3 0 4 4 0 5 5 0 6 6 0 7 7 0 8 8 1 9 9 1 10 10 1 11 11 1 12 12 1 13 13 1 14 14 1 15 15 1 16 16 2 17 17 2 18 18 2 19 19 2 20 20 2 21 21 2 22 22 2 23 23 2 24 24 3 25 25 3 26 26 3 27 27 3 28 28 3 29 29 3 30 30 3 31 31 3 32 32 4 33 33 4 34 34 4 35 35 4 36 36 5 37 37 5 38 38 5 39 39 5 40 40 5 41 41 5 42 42 5 43 43 5 44 44 5 45 45 5 46 46 5 47 47 5 </p>
        </polylist>
      </mesh>
    </geometry>
    <geometry id="neck1-Geom" name="neck1-Geom">
      <mesh>
        <source id="neck1-Pos">
          <float_array count="228" id="neck1-Pos-array">-3.4999995 -2.5 3.5 -3.4999995 2.5 3.5 -3.4999995 2.5 -5.5 -3.4999995 -2.5 -5.5 -2.4999998 -2.5 7.4999995 -2.4999998 2.5 7.4999995 -2.4999998 2.5 3.5 -2.4999998 -2.5 3.5 -2.4999998 -2.5 -5.5 -2.4999998 1.5 -5.5 -2.4999998 1.5 -7.4999995 -2.4999998 -2.5 -7.4999995 2.4999998 -2.5 3.5 2.4999998 2.5 3.5 2.4999998 2.5 7.4999995 2.4999998 -2.5 7.4999995 2.4999998 -2.5 -7.4999995 2.4999998 1.5 -7.4999995 2.4999998 1.5 -5.5 2.4999998 -2.5 -5.5 3.4999995 -2.5 -5.5 3.4999995 2.5 -5.5 3.4999995 2.5 3.5 3.4999995 -2.5 3.5 -2.4999998 -2.5 -7.4999995 2.4999998 -2.5 -7.4999995 2.4999998 -2.5 7.4999995 -2.4999998 -2.5 7.4999995 -3.4999995 -2.5 -5.5 -2.4999998 -2.5 -5.5 -2.4999998 -2.5 3.5 -3.4999995 -2.5 3.5 2.4999998 -2.5 -5.5 3.4999995 -2.5 -5.5 3.4999995 -2.5 3.5 2.4999998 -2.5 3.5 -2.4999998 1.5 -5.5 2.4999998 1.5 -5.5 2.4999998 1.5 -7.4999995 -2.4999998 1.5 -7.4999995 -3.4999995 2.5 3.5 3.4999995 2.5 3.5 3.4999995 2.5 -5.5 -3.4999995 2.5 -5.5 -2.4999998 2.5 7.4999995 2.4999998 2.5 7.4999995 2.4999998 2.5 3.5 -2.4999998 2.5 3.5 -2.4999998 1.5 -7.4999995 2.4999998 1.5 -7.4999995 2.4999998 -2.5 -7.4999995 -2.4999998 -2.5 -7.4999995 -3.4999995 2.5 -5.5 3.4999995 2.5 -5.5 3.4999995 1.5 -5.5 -3.4999995 1.5 -5.5 -3.4999995 1.5 -5.5 -2.4999998 1.5 -5.5 -2.4999998 -2.5 -5.5 -3.4999995 -2.5 -5.5 2.4999998 1.5 -5.5 3.4999995 1.5 -5.5 3.4999995 -2.5 -5.5 2.4999998 -2.5 -5.5 -3.4999995 -2.5 3.5 -2.4999998 -2.5 3.5 -2.4999998 2.5 3.5 -3.4999995 2.5 3.5 2.4999998 -2.5 3.5 3.4999995 -2.5 3.5 3.4999995 2.5 3.5 2.4999998 2.5 3.5 -2.4999998 -2.5 7.4999995 2.4999998 -2.5 7.4999995 2.4999998 2.5 7.4999995 -2.4999998 2.5 7.4999995 </float_array>
          <technique_common>
            <accessor count="76" source="#neck1-Pos-array" stride="3">
              <param name="X" type="float"/>
              <param name="Y" type="float"/>
              <param name="Z" type="float"/>
            </accessor>
          </technique_common>
        </source>
        <source id="neck1-UV">
          <float_array count="152" id="neck1-UV-array">0.0 0.859375 0.078125 0.859375 0.078125 1.0 0.0 1.0 0.171875 0.921875 0.171875 1.0 0.109375 1.0 0.109375 0.921875 0.03125 0.765625 0.03125 0.828125 0.0 0.828125 0.0 0.765625 0.109375 0.8125 0.109375 0.890625 0.171875 0.890625 0.171875 0.8125 0.0 0.765625 0.0 0.828125 0.03125 0.828125 0.03125 0.765625 0.0 1.0 0.078125 1.0 0.078125 0.859375 0.0 0.859375 0.265625 1.0 0.34375 1.0 0.34375 0.765625 0.265625 0.765625 0.0 1.0 0.015625 1.0 0.015625 0.859375 0.0 0.859375 0.0 1.0 0.015625 1.0 0.015625 0.859375 0.0 0.859375 0.234375 0.921875 0.234375 1.0 0.203125 1.0 0.203125 0.921875 0.375 0.859375 0.484375 0.859375 0.484375 1.0 0.375 1.0 0.0625 0.65625 0.0625 0.734375 0.0 0.734375 0.0 0.65625 0.0625 0.546875 0.0625 0.625 0.0 0.625 0.0 0.546875 0.21875 0.78125 0.21875 0.890625 0.203125 0.890625 0.203125 0.78125 0.0625 0.765625 0.078125 0.765625 0.078125 0.828125 0.0625 0.828125 0.0625 0.765625 0.078125 0.765625 0.078125 0.828125 0.0625 0.828125 0.09375 0.734375 0.109375 0.734375 0.109375 0.65625 0.09375 0.65625 0.09375 0.734375 0.109375 0.734375 0.109375 0.65625 0.09375 0.65625 0.140625 0.734375 0.21875 0.734375 0.21875 0.65625 0.140625 0.65625 </float_array>
          <technique_common>
            <accessor count="76" source="#neck1-UV-array" stride="2">
              <param name="S" type="float"/>
              <param name="T" type="float"/>
            </accessor>
          </technique_common>
        </source>
        <source id="neck1-Normal">
          <float_array count="18" id="neck1-Normal-array">-1.0 0.0 0.0 1.0 0.0 0.0 0.0 -1.0 0.0 0.0 1.0 0.0 0.0 0.0 -1.0 0.0 0.0 1.0</float_array>
          <technique_common>
            <accessor count="6" source="#neck1-Normal-array" stride="3">
              <param name="X" type="float"/>
              <param name="Y" type="float"/>
              <param name="Z" type="float"/>
            </accessor>
          </technique_common>
        </source>
        <vertices id="neck1-Vertices">
          <input semantic="POSITION" source="#neck1-Pos"/>
        </vertices>
        <polylist count="19" material="neck1-Material">
          <input offset="0" semantic="VERTEX" source="#neck1-Vertices"/>
          <input offset="1" semantic="TEXCOORD" set="0" source="#neck1-UV"/>
          <input offset="2" semantic="NORMAL" source="#neck1-Normal"/>
          <vcount>4 4 4 4 4 4 4 4 4 4 4 4 4 4 4 4 4 4 4 </vcount>
          <p>0 0 0 1 1 0 2 2 0 3 3 0 4 4 0 5 5 0 6 6 0 7 7 0 8 8 0 9 9 0 10 10 0 11 11 0 12 12 1 13 13 1 14 14 1 15 15 1 16 16 1 17 17 1 18 18 1 19 19 1 20 20 1 21 21 1 22 22 1 23 23 1 24 24 2 25 25 2 26 26 2 27 27 2 28 28 2 29 29 2 30 30 2 31 31 2 32 32 2 33 33 2 34 34 2 35 35 2 36 36 3 37 37 3 38 38 3 39 39 3 40 40 3 41 41 3 42 42 3 43 43 3 44 44 3 45 45 3 46 46 3 47 47 3 48 48 4 49 49 4 50 50 4 51 51 4 52 52 4 53 53 4 54 54 4 55 55 4 56 56 4 57 57 4 58 58 4 59 59 4 60 60 4 61 61 4 62 62 4 63 63 4 64 64 5 65 65 5 66 66 5 67 67 5 68 68 5 69 69 5 70 70 5 71 71 5 72 72 5 73 73 5 74 74 5 75 75 5 </p>
        </polylist>
      </mesh>
    </geometry>
    <geometry id="neck2-Geom" name="neck2-Geom">
      <mesh>
        <source id="neck2-Pos">
          <float_array count="228" id="neck2-Pos-array">-4.0 -2.5 3.5 -4.0 2.5 3.5 -4.0 2.5 -5.5 -4.0 -2.5 -5.5 -3.0 -2.5 7.4999995 -3.0 2.5 7.4999995 -3.0 2.5 3.5 -3.0 -2.5 3.5 -3.0 -2.5 -5.5 -3.0 1.5 -5.5 -3.0 1.5 -7.4999995 -3.0 -2.5 -7.4999995 3.0 -2.5 3.5 3.0 2.5 3.5 3.0 2.5 7.4999995 3.0 -2.5 7.4999995 3.0 -2.5 -7.4999995 3.0 1.5 -7.4999995 3.0 1.5 -5.5 3.0 -2.5 -5.5 4.0 -2.5 -5.5 4.0 2.5 -5.5 4.0 2.5 3.5 4.0 -2.5 3.5 -3.0 -2.5 -7.4999995 3.0 -2.5 -7.4999995 3.0 -2.5 7.4999995 -3.0 -2.5 7.4999995 -4.0 -2.5 -5.5 -3.0 -2.5 -5.5 -3.0 -2.5 3.5 -4.0 -2.5 3.5 3.0 -2.5 -5.5 4.0 -2.5 -5.5 4.0 -2.5 3.5 3.0 -2.5 3.5 -3.0 1.5 -5.5 3.0 1.5 -5.5 3.0 1.5 -7.4999995 -3.0 1.5 -7.4999995 -4.0 2.5 3.5 4.0 2.5 3.5 4.0 2.5 -5.5 -4.0 2.5 -5.5 -3.0 2.5 7.4999995 3.0 2.5 7.4999995 3.0 2.5 3.5 -3.0 2.5 3.5 -3.0 1.5 -7.4999995 3.0 1.5 -7.4999995 3.0 -2.5 -7.4999995 -3.0 -2.5 -7.4999995 -4.0 2.5 -5.5 4.0 2.5 -5.5 4.0 1.5 -5.5 -4.0 1.5 -5.5 -4.0 1.5 -5.5 -3.0 1.5 -5.5 -3.0 -2.5 -5.5 -4.0 -2.5 -5.5 3.0 1.5 -5.5 4.0 1.5 -5.5 4.0 -2.5 -5.5 3.0 -2.5 -5.5 -4.0 -2.5 3.5 -3.0 -2.5 3.5 -3.0 2.5 3.5 -4.0 2.5 3.5 3.0 -2.5 3.5 4.0 -2.5 3.5 4.0 2.5 3.5 3.0 2.5 3.5 -3.0 -2.5 7.4999995 3.0 -2.5 7.4999995 3.0 2.5 7.4999995 -3.0 2.5 7.4999995 </float_array>
          <technique_common>
            <accessor count="76" source="#neck2-Pos-array" stride="3">
              <param name="X" type="float"/>
              <param name="Y" type="float"/>
              <param name="Z" type="float"/>
            </accessor>
          </technique_common>
        </source>
        <source id="neck2-UV">
          <float_array count="152" id="neck2-UV-array">0.0 0.859375 0.078125 0.859375 0.078125 1.0 0.0 1.0 0.171875 0.921875 0.171875 1.0 0.109375 1.0 0.109375 0.921875 0.03125 0.765625 0.03125 0.828125 0.0 0.828125 0.0 0.765625 0.109375 0.8125 0.109375 0.890625 0.171875 0.890625 0.171875 0.8125 0.0 0.765625 0.0 0.828125 0.03125 0.828125 0.03125 0.765625 0.0 1.0 0.078125 1.0 0.078125 0.859375 0.0 0.859375 0.265625 1.0 0.359375 1.0 0.359375 0.765625 0.265625 0.765625 0.0 1.0 0.015625 1.0 0.015625 0.859375 0.0 0.859375 0.0 1.0 0.015625 1.0 0.015625 0.859375 0.0 0.859375 0.234375 0.796875 0.234375 0.890625 0.203125 0.890625 0.203125 0.796875 0.0 0.59375 0.125 0.59375 0.125 0.734375 0.0 0.734375 0.453125 0.90625 0.453125 1.0 0.390625 1.0 0.390625 0.90625 0.453125 0.78125 0.453125 0.875 0.390625 0.875 0.390625 0.78125 0.171875 0.609375 0.171875 0.734375 0.15625 0.734375 0.15625 0.609375 0.0625 0.765625 0.078125 0.765625 0.078125 0.828125 0.0625 0.828125 0.0625 0.765625 0.078125 0.765625 0.078125 0.828125 0.0625 0.828125 0.203125 1.0 0.21875 1.0 0.21875 0.921875 0.203125 0.921875 0.203125 1.0 0.21875 1.0 0.21875 0.921875 0.203125 0.921875 0.265625 0.640625 0.265625 0.734375 0.34375 0.734375 0.34375 0.640625 </float_array>
          <technique_common>
            <accessor count="76" source="#neck2-UV-array" stride="2">
              <param name="S" type="float"/>
              <param name="T" type="float"/>
            </accessor>
          </technique_common>
        </source>
        <source id="neck2-Normal">
          <float_array count="18" id="neck2-Normal-array">-1.0 0.0 0.0 1.0 0.0 0.0 0.0 -1.0 0.0 0.0 1.0 0.0 0.0 0.0 -1.0 0.0 0.0 1.0</float_array>
          <technique_common>
            <accessor count="6" source="#neck2-Normal-array" stride="3">
              <param name="X" type="float"/>
              <param name="Y" type="float"/>
              <param name="Z" type="float"/>
            </accessor>
          </technique_common>
        </source>
        <vertices id="neck2-Vertices">
          <input semantic="POSITION" source="#neck2-Pos"/>
        </vertices>
        <polylist count="19" material="neck2-Material">
          <input offset="0" semantic="VERTEX" source="#neck2-Vertices"/>
          <input offset="1" semantic="TEXCOORD" set="0" source="#neck2-UV"/>
          <input offset="2" semantic="NORMAL" source="#neck2-Normal"/>
          <vcount>4 4 4 4 4 4 4 4 4 4 4 4 4 4 4 4 4 4 4 </vcount>
          <p>0 0 0 1 1 0 2 2 0 3 3 0 4 4 0 5 5 0 6 6 0 7 7 0 8 8 0 9 9 0 10 10 0 11 11 0 12 12 1 13 13 1 14 14 1 15 15 1 16 16 1 17 17 1 18 18 1 19 19 1 20 20 1 21 21 1 22 22 1 23 23 1 24 24 2 25 25 2 26 26 2 27 27 2 28 28 2 29 29 2 30 30 2 31 31 2 32 32 2 33 33 2 34 34 2 35 35 2 36 36 3 37 37 3 38 38 3 39 39 3 40 40 3 41 41 3 42 42 3 43 43 3 44 44 3 45 45 3 46 46 3 47 47 3 48 48 4 49 49 4 50 50 4 51 51 4 52 52 4 53 53 4 54 54 4 55 55 4 56 56 4 57 57 4 58 58 4 59 59 4 60 60 4 61 61 4 62 62 4 63 63 4 64 64 5 65 65 5 66 66 5 67 67 5 68 68 5 69 69 5 70 70 5 71 71 5 72 72 5 73 73 5 74 74 5 75 75 5 </p>
        </polylist>
      </mesh>
    </geometry>
    <geometry id="body-Geom" name="body-Geom">
      <mesh>
        <source id="body-Pos">
          <float_array count="240" id="body-Pos-array">-4.5 -2.9999998 3.5 -4.5 2.9999998 3.5 -4.5 2.9999998 -5.5 -4.5 -2.9999998 -5.5 -3.5 -2.9999998 7.4999995 -3.5 1.9999995 7.4999995 -3.5 1.9999995 3.5 -3.5 -2.9999998 3.5 -3.5 -2.9999998 -5.5 -3.5 1.9999995 -5.5 -3.5 1.9999995 -7.4999995 -3.5 -2.9999998 -7.4999995 3.5 -2.9999998 3.5 3.5 1.9999995 3.5 3.5 1.9999995 7.4999995 3.5 -2.9999998 7.4999995 3.5 -2.9999998 -7.4999995 3.5 1.9999995 -7.4999995 3.5 1.9999995 -5.5 3.5 -2.9999998 -5.5 4.5 -2.9999998 -5.5 4.5 2.9999998 -5.5 4.5 2.9999998 3.5 4.5 -2.9999998 3.5 -3.5 -2.9999998 -7.4999995 3.5 -2.9999998 -7.4999995 3.5 -2.9999998 7.4999995 -3.5 -2.9999998 7.4999995 -4.5 -2.9999998 -5.5 -3.5 -2.9999998 -5.5 -3.5 -2.9999998 3.5 -4.5 -2.9999998 3.5 3.5 -2.9999998 -5.5 4.5 -2.9999998 -5.5 4.5 -2.9999998 3.5 3.5 -2.9999998 3.5 -3.5 1.9999995 7.4999995 3.5 1.9999995 7.4999995 3.5 1.9999995 3.5 -3.5 1.9999995 3.5 -3.5 1.9999995 -5.5 3.5 1.9999995 -5.5 3.5 1.9999995 -7.4999995 -3.5 1.9999995 -7.4999995 -4.5 2.9999998 3.5 4.5 2.9999998 3.5 4.5 2.9999998 -5.5 -4.5 2.9999998 -5.5 -3.5 1.9999995 -7.4999995 3.5 1.9999995 -7.4999995 3.5 -2.9999998 -7.4999995 -3.5 -2.9999998 -7.4999995 -4.5 2.9999998 -5.5 4.5 2.9999998 -5.5 4.5 1.9999995 -5.5 -4.5 1.9999995 -5.5 -4.5 1.9999995 -5.5 -3.5 1.9999995 -5.5 -3.5 -2.9999998 -5.5 -4.5 -2.9999998 -5.5 3.5 1.9999995 -5.5 4.5 1.9999995 -5.5 4.5 -2.9999998 -5.5 3.5 -2.9999998 -5.5 -4.5 1.9999995 3.5 4.5 1.9999995 3.5 4.5 2.9999998 3.5 -4.5 2.9999998 3.5 -4.5 -2.9999998 3.5 -3.5 -2.9999998 3.5 -3.5 1.9999995 3.5 -4.5 1.9999995 3.5 3.5 -2.9999998 3.5 4.5 -2.9999998 3.5 4.5 1.9999995 3.5 3.5 1.9999995 3.5 -3.5 -2.9999998 7.4999995 3.5 -2.9999998 7.4999995 3.5 1.9999995 7.4999995 -3.5 1.9999995 7.4999995 </float_array>
          <technique_common>
            <accessor count="80" source="#body-Pos-array" stride="3">
              <param name="X" type="float"/>
              <param name="Y" type="float"/>
              <param name="Z" type="float"/>
            </accessor>
          </technique_common>
        </source>
        <source id="body-UV">
          <float_array count="160" id="body-UV-array">0.0 0.859375 0.09375 0.859375 0.09375 1.0 0.0 1.0 0.1875 0.921875 0.1875 1.0 0.125 1.0 0.125 0.921875 0.15625 0.8125 0.15625 0.890625 0.125 0.890625 0.125 0.8125 0.265625 0.921875 0.265625 1.0 0.328125 1.0 0.328125 0.921875 0.125 0.921875 0.125 1.0 0.15625 1.0 0.15625 0.921875 0.0 1.0 0.09375 1.0 0.09375 0.859375 0.0 0.859375 0.359375 1.0 0.46875 1.0 0.46875 0.765625 0.359375 0.765625 0.0 1.0 0.015625 1.0 0.015625 0.859375 0.0 0.859375 0.0 1.0 0.015625 1.0 0.015625 0.859375 0.0 0.859375 0.328125 0.78125 0.328125 0.890625 0.265625 0.890625 0.265625 0.78125 0.21875 0.78125 0.21875 0.890625 0.1875 0.890625 0.1875 0.78125 0.0 0.59375 0.140625 0.59375 0.140625 0.734375 0.0 0.734375 0.34375 0.625 0.34375 0.734375 0.265625 0.734375 0.265625 0.625 0.1875 0.59375 0.1875 0.734375 0.171875 0.734375 0.171875 0.59375 0.21875 0.921875 0.234375 0.921875 0.234375 1.0 0.21875 1.0 0.21875 0.921875 0.234375 0.921875 0.234375 1.0 0.21875 1.0 0.21875 0.59375 0.21875 0.734375 0.234375 0.734375 0.234375 0.59375 0.265625 0.59375 0.28125 0.59375 0.28125 0.515625 0.265625 0.515625 0.265625 0.59375 0.28125 0.59375 0.28125 0.515625 0.265625 0.515625 0.375 0.625 0.375 0.734375 0.453125 0.734375 0.453125 0.625 </float_array>
          <technique_common>
            <accessor count="80" source="#body-UV-array" stride="2">
              <param name="S" type="float"/>
              <param name="T" type="float"/>
            </accessor>
          </technique_common>
        </source>
        <source id="body-Normal">
          <float_array count="18" id="body-Normal-array">-1.0 0.0 0.0 1.0 0.0 0.0 0.0 -1.0 0.0 0.0 1.0 0.0 0.0 0.0 -1.0 0.0 0.0 1.0</float_array>
          <technique_common>
            <accessor count="6" source="#body-Normal-array" stride="3">
              <param name="X" type="float"/>
              <param name="Y" type="float"/>
              <param name="Z" type="float"/>
            </accessor>
          </technique_common>
        </source>
        <vertices id="body-Vertices">
          <input semantic="POSITION" source="#body-Pos"/>
        </vertices>
        <polylist count="20" material="body-Material">
          <input offset="0" semantic="VERTEX" source="#body-Vertices"/>
          <input offset="1" semantic="TEXCOORD" set="0" source="#body-UV"/>
          <input offset="2" semantic="NORMAL" source="#body-Normal"/>
          <vcount>4 4 4 4 4 4 4 4 4 4 4 4 4 4 4 4 4 4 4 4 </vcount>
          <p>0 0 0 1 1 0 2 2 0 3 3 0 4 4 0 5 5 0 6 6 0 7 7 0 8 8 0 9 9 0 10 10 0 11 11 0 12 12 1 13 13 1 14 14 1 15 15 1 16 16 1 17 17 1 18 18 1 19 19 1 20 20 1 21 21 1 22 22 1 23 23 1 24 24 2 25 25 2 26 26 2 27 27 2 28 28 2 29 29 2 30 30 2 31 31 2 32 32 2 33 33 2 34 34 2 35 35 2 36 36 3 37 37 3 38 38 3 39 39 3 40 40 3 41 41 3 42 42 3 43 43 3 44 44 3 45 45 3 46 46 3 47 47 3 48 48 4 49 49 4 50 50 4 51 51 4 52 52 4 53 53 4 54 54 4 55 55 4 56 56 4 57 57 4 58 58 4 59 59 4 60 60 4 61 61 4 62 62 4 63 63 4 64 64 5 65 65 5 66 66 5 67 67 5 68 68 5 69 69 5 70 70 5 71 71 5 72 72 5 73 73 5 74 74 5 75 75 5 76 76 5 77 77 5 78 78 5 79 79 5 </p>
        </polylist>
      </mesh>
    </geometry>
    <geometry id="tail1-Geom" name="tail1-Geom">
      <mesh>
        <source id="tail1-Pos">
          <float_array count="240" id="tail1-Pos-array">-4.5 -2.9999998 5.5000005 -4.5 2.9999998 5.5000005 -4.5 2.9999998 -5.5 -4.5 -2.9999998 -5.5 -3.5 -2.9999998 -5.5 -3.5 1.9999995 -5.5 -3.5 1.9999995 -7.4999995 -3.5 -2.9999998 -7.4999995 -3.5 -2.9999998 7.4999995 -3.5 1.9999995 7.4999995 -3.5 1.9999995 5.5000005 -3.5 -2.9999998 5.5000005 3.5 -2.9999998 -7.4999995 3.5 1.9999995 -7.4999995 3.5 1.9999995 -5.5 3.5 -2.9999998 -5.5 3.5 -2.9999998 5.5000005 3.5 1.9999995 5.5000005 3.5 1.9999995 7.4999995 3.5 -2.9999998 7.4999995 4.5 -2.9999998 -5.5 4.5 2.9999998 -5.5 4.5 2.9999998 5.5000005 4.5 -2.9999998 5.5000005 -3.5 -2.9999998 -7.4999995 3.5 -2.9999998 -7.4999995 3.5 -2.9999998 7.4999995 -3.5 -2.9999998 7.4999995 -4.5 -2.9999998 -5.5 -3.5 -2.9999998 -5.5 -3.5 -2.9999998 5.5000005 -4.5 -2.9999998 5.5000005 3.5 -2.9999998 -5.5 4.5 -2.9999998 -5.5 4.5 -2.9999998 5.5000005 3.5 -2.9999998 5.5000005 -3.5 1.9999995 -5.5 3.5 1.9999995 -5.5 3.5 1.9999995 -7.4999995 -3.5 1.9999995 -7.4999995 -3.5 1.9999995 7.4999995 3.5 1.9999995 7.4999995 3.5 1.9999995 5.5000005 -3.5 1.9999995 5.5000005 -4.5 2.9999998 5.5000005 4.5 2.9999998 5.5000005 4.5 2.9999998 -5.5 -4.5 2.9999998 -5.5 -3.5 1.9999995 -7.4999995 3.5 1.9999995 -7.4999995 3.5 -2.9999998 -7.4999995 -3.5 -2.9999998 -7.4999995 -4.5 2.9999998 -5.5 4.5 2.9999998 -5.5 4.5 1.9999995 -5.5 -4.5 1.9999995 -5.5 -4.5 1.9999995 -5.5 -3.5 1.9999995 -5.5 -3.5 -2.9999998 -5.5 -4.5 -2.9999998 -5.5 3.5 1.9999995 -5.5 4.5 1.9999995 -5.5 4.5 -2.9999998 -5.5 3.5 -2.9999998 -5.5 -4.5 1.9999995 5.5000005 4.5 1.9999995 5.5000005 4.5 2.9999998 5.5000005 -4.5 2.9999998 5.5000005 -4.5 -2.9999998 5.5000005 -3.5 -2.9999998 5.5000005 -3.5 1.9999995 5.5000005 -4.5 1.9999995 5.5000005 3.5 -2.9999998 5.5000005 4.5 -2.9999998 5.5000005 4.5 1.9999995 5.5000005 3.5 1.9999995 5.5000005 -3.5 -2.9999998 7.4999995 3.5 -2.9999998 7.4999995 3.5 1.9999995 7.4999995 -3.5 1.9999995 7.4999995 </float_array>
          <technique_common>
            <accessor count="80" source="#tail1-Pos-array" stride="3">
              <param name="X" type="float"/>
              <param name="Y" type="float"/>
              <param name="Z" type="float"/>
            </accessor>
          </technique_common>
        </source>
        <source id="tail1-UV">
          <float_array count="160" id="tail1-UV-array">0.0 0.828125 0.09375 0.828125 0.09375 1.0 0.0 1.0 0.15625 0.921875 0.15625 1.0 0.125 1.0 0.125 0.921875 0.21875 0.921875 0.21875 1.0 0.1875 1.0 0.1875 0.921875 0.125 0.8125 0.125 0.890625 0.15625 0.890625 0.15625 0.8125 0.1875 0.8125 0.1875 0.890625 0.21875 0.890625 0.21875 0.8125 0.0 1.0 0.09375 1.0 0.09375 0.828125 0.0 0.828125 0.265625 1.0 0.375 1.0 0.375 0.765625 0.265625 0.765625 0.0 1.0 0.015625 1.0 0.015625 0.828125 0.0 0.828125 0.0 1.0 0.015625 1.0 0.015625 0.828125 0.0 0.828125 0.4375 0.890625 0.4375 1.0 0.40625 1.0 0.40625 0.890625 0.5 0.890625 0.5 1.0 0.46875 1.0 0.46875 0.890625 0.0 0.5625 0.140625 0.5625 0.140625 0.734375 0.0 0.734375 0.34375 0.625 0.34375 0.734375 0.265625 0.734375 0.265625 0.625 0.09375 0.828125 0.09375 0.96875 0.078125 0.96875 0.078125 0.828125 0.40625 0.78125 0.421875 0.78125 0.421875 0.859375 0.40625 0.859375 0.453125 0.78125 0.46875 0.78125 0.46875 0.859375 0.453125 0.859375 0.171875 0.59375 0.171875 0.734375 0.1875 0.734375 0.1875 0.59375 0.21875 0.734375 0.234375 0.734375 0.234375 0.65625 0.21875 0.65625 0.21875 0.734375 0.234375 0.734375 0.234375 0.65625 0.21875 0.65625 0.375 0.625 0.375 0.734375 0.453125 0.734375 0.453125 0.625 </float_array>
          <technique_common>
            <accessor count="80" source="#tail1-UV-array" stride="2">
              <param name="S" type="float"/>
              <param name="T" type="float"/>
            </accessor>
          </technique_common>
        </source>
        <source id="tail1-Normal">
          <float_array count="18" id="tail1-Normal-array">-1.0 0.0 0.0 1.0 0.0 0.0 0.0 -1.0 0.0 0.0 1.0 0.0 0.0 0.0 -1.0 0.0 0.0 1.0</float_array>
          <technique_common>
            <accessor count="6" source="#tail1-Normal-array" stride="3">
              <param name="X" type="float"/>
              <param name="Y" type="float"/>
              <param name="Z" type="float"/>
            </accessor>
          </technique_common>
        </source>
        <vertices id="tail1-Vertices">
          <input semantic="POSITION" source="#tail1-Pos"/>
        </vertices>
        <polylist count="20" material="tail1-Material">
          <input offset="0" semantic="VERTEX" source="#tail1-Vertices"/>
          <input offset="1" semantic="TEXCOORD" set="0" source="#tail1-UV"/>
          <input offset="2" semantic="NORMAL" source="#tail1-Normal"/>
          <vcount>4 4 4 4 4 4 4 4 4 4 4 4 4 4 4 4 4 4 4 4 </vcount>
          <p>0 0 0 1 1 0 2 2 0 3 3 0 4 4 0 5 5 0 6 6 0 7 7 0 8 8 0 9 9 0 10 10 0 11 11 0 12 12 1 13 13 1 14 14 1 15 15 1 16 16 1 17 17 1 18 18 1 19 19 1 20 20 1 21 21 1 22 22 1 23 23 1 24 24 2 25 25 2 26 26 2 27 27 2 28 28 2 29 29 2 30 30 2 31 31 2 32 32 2 33 33 2 34 34 2 35 35 2 36 36 3 37 37 3 38 38 3 39 39 3 40 40 3 41 41 3 42 42 3 43 43 3 44 44 3 45 45 3 46 46 3 47 47 3 48 48 4 49 49 4 50 50 4 51 51 4 52 52 4 53 53 4 54 54 4 55 55 4 56 56 4 57 57 4 58 58 4 59 59 4 60 60 4 61 61 4 62 62 4 63 63 4 64 64 5 65 65 5 66 66 5 67 67 5 68 68 5 69 69 5 70 70 5 71 71 5 72 72 5 73 73 5 74 74 5 75 75 5 76 76 5 77 77 5 78 78 5 79 79 5 </p>
        </polylist>
      </mesh>
    </geometry>
    <geometry id="tail2-Geom" name="tail2-Geom">
      <mesh>
        <source id="tail2-Pos">
          <float_array count="240" id="tail2-Pos-array">-4.0 -2.9999998 5.5000005 -4.0 2.9999998 5.5000005 -4.0 2.9999998 -5.5 -4.0 -2.9999998 -5.5 -3.0 -2.9999998 -5.5 -3.0 1.9999995 -5.5 -3.0 1.9999995 -7.4999995 -3.0 -2.9999998 -7.4999995 -3.0 -2.9999998 7.4999995 -3.0 1.9999995 7.4999995 -3.0 1.9999995 5.5000005 -3.0 -2.9999998 5.5000005 3.0 -2.9999998 -7.4999995 3.0 1.9999995 -7.4999995 3.0 1.9999995 -5.5 3.0 -2.9999998 -5.5 3.0 -2.9999998 5.5000005 3.0 1.9999995 5.5000005 3.0 1.9999995 7.4999995 3.0 -2.9999998 7.4999995 4.0 -2.9999998 -5.5 4.0 2.9999998 -5.5 4.0 2.9999998 5.5000005 4.0 -2.9999998 5.5000005 -3.0 -2.9999998 -7.4999995 3.0 -2.9999998 -7.4999995 3.0 -2.9999998 7.4999995 -3.0 -2.9999998 7.4999995 -4.0 -2.9999998 -5.5 -3.0 -2.9999998 -5.5 -3.0 -2.9999998 5.5000005 -4.0 -2.9999998 5.5000005 3.0 -2.9999998 -5.5 4.0 -2.9999998 -5.5 4.0 -2.9999998 5.5000005 3.0 -2.9999998 5.5000005 -3.0 1.9999995 -5.5 3.0 1.9999995 -5.5 3.0 1.9999995 -7.4999995 -3.0 1.9999995 -7.4999995 -3.0 1.9999995 7.4999995 3.0 1.9999995 7.4999995 3.0 1.9999995 5.5000005 -3.0 1.9999995 5.5000005 -4.0 2.9999998 5.5000005 4.0 2.9999998 5.5000005 4.0 2.9999998 -5.5 -4.0 2.9999998 -5.5 -3.0 1.9999995 -7.4999995 3.0 1.9999995 -7.4999995 3.0 -2.9999998 -7.4999995 -3.0 -2.9999998 -7.4999995 -4.0 2.9999998 -5.5 4.0 2.9999998 -5.5 4.0 1.9999995 -5.5 -4.0 1.9999995 -5.5 -4.0 1.9999995 -5.5 -3.0 1.9999995 -5.5 -3.0 -2.9999998 -5.5 -4.0 -2.9999998 -5.5 3.0 1.9999995 -5.5 4.0 1.9999995 -5.5 4.0 -2.9999998 -5.5 3.0 -2.9999998 -5.5 -4.0 1.9999995 5.5000005 4.0 1.9999995 5.5000005 4.0 2.9999998 5.5000005 -4.0 2.9999998 5.5000005 -4.0 -2.9999998 5.5000005 -3.0 -2.9999998 5.5000005 -3.0 1.9999995 5.5000005 -4.0 1.9999995 5.5000005 3.0 -2.9999998 5.5000005 4.0 -2.9999998 5.5000005 4.0 1.9999995 5.5000005 3.0 1.9999995 5.5000005 -3.0 -2.9999998 7.4999995 3.0 -2.9999998 7.4999995 3.0 1.9999995 7.4999995 -3.0 1.9999995 7.4999995 </float_array>
          <technique_common>
            <accessor count="80" source="#tail2-Pos-array" stride="3">
              <param name="X" type="float"/>
              <param name="Y" type="float"/>
              <param name="Z" type="float"/>
            </accessor>
          </technique_common>
        </source>
        <source id="tail2-UV">
          <float_array count="160" id="tail2-UV-array">0.0 0.828125 0.09375 0.828125 0.09375 1.0 0.0 1.0 0.15625 0.921875 0.15625 1.0 0.125 1.0 0.125 0.921875 0.21875 0.921875 0.21875 1.0 0.1875 1.0 0.1875 0.921875 0.125 0.8125 0.125 0.890625 0.15625 0.890625 0.15625 0.8125 0.1875 0.8125 0.1875 0.890625 0.21875 0.890625 0.21875 0.8125 0.265625 1.0 0.359375 1.0 0.359375 0.828125 0.265625 0.828125 0.390625 1.0 0.484375 1.0 0.484375 0.765625 0.390625 0.765625 0.0 1.0 0.015625 1.0 0.015625 0.828125 0.0 0.828125 0.0 1.0 0.015625 1.0 0.015625 0.828125 0.0 0.828125 0.03125 0.640625 0.03125 0.734375 0.0 0.734375 0.0 0.640625 0.03125 0.515625 0.03125 0.609375 0.0 0.609375 0.0 0.515625 0.0625 0.5625 0.1875 0.5625 0.1875 0.734375 0.0625 0.734375 0.34375 0.640625 0.34375 0.734375 0.265625 0.734375 0.265625 0.640625 0.234375 0.609375 0.234375 0.734375 0.21875 0.734375 0.21875 0.609375 0.265625 0.53125 0.28125 0.53125 0.28125 0.609375 0.265625 0.609375 0.265625 0.53125 0.28125 0.53125 0.28125 0.609375 0.265625 0.609375 0.375 0.609375 0.375 0.734375 0.390625 0.734375 0.390625 0.609375 0.3125 0.609375 0.328125 0.609375 0.328125 0.53125 0.3125 0.53125 0.3125 0.609375 0.328125 0.609375 0.328125 0.53125 0.3125 0.53125 0.421875 0.640625 0.421875 0.734375 0.5 0.734375 0.5 0.640625 </float_array>
          <technique_common>
            <accessor count="80" source="#tail2-UV-array" stride="2">
              <param name="S" type="float"/>
              <param name="T" type="float"/>
            </accessor>
          </technique_common>
        </source>
        <source id="tail2-Normal">
          <float_array count="18" id="tail2-Normal-array">-1.0 0.0 0.0 1.0 0.0 0.0 0.0 -1.0 0.0 0.0 1.0 0.0 0.0 0.0 -1.0 0.0 0.0 1.0</float_array>
          <technique_common>
            <accessor count="6" source="#tail2-Normal-array" stride="3">
              <param name="X" type="float"/>
              <param name="Y" type="float"/>
              <param name="Z" type="float"/>
            </accessor>
          </technique_common>
        </source>
        <vertices id="tail2-Vertices">
          <input semantic="POSITION" source="#tail2-Pos"/>
        </vertices>
        <polylist count="20" material="tail2-Material">
          <input offset="0" semantic="VERTEX" source="#tail2-Vertices"/>
          <input offset="1" semantic="TEXCOORD" set="0" source="#tail2-UV"/>
          <input offset="2" semantic="NORMAL" source="#tail2-Normal"/>
          <vcount>4 4 4 4 4 4 4 4 4 4 4 4 4 4 4 4 4 4 4 4 </vcount>
          <p>0 0 0 1 1 0 2 2 0 3 3 0 4 4 0 5 5 0 6 6 0 7 7 0 8 8 0 9 9 0 10 10 0 11 11 0 12 12 1 13 13 1 14 14 1 15 15 1 16 16 1 17 17 1 18 18 1 19 19 1 20 20 1 21 21 1 22 22 1 23 23 1 24 24 2 25 25 2 26 26 2 27 27 2 28 28 2 29 29 2 30 30 2 31 31 2 32 32 2 33 33 2 34 34 2 35 35 2 36 36 3 37 37 3 38 38 3 39 39 3 40 40 3 41 41 3 42 42 3 43 43 3 44 44 3 45 45 3 46 46 3 47 47 3 48 48 4 49 49 4 50 50 4 51 51 4 52 52 4 53 53 4 54 54 4 55 55 4 56 56 4 57 57 4 58 58 4 59 59 4 60 60 4 61 61 4 62 62 4 63 63 4 64 64 5 65 65 5 66 66 5 67 67 5 68 68 5 69 69 5 70 70 5 71 71 5 72 72 5 73 73 5 74 74 5 75 75 5 76 76 5 77 77 5 78 78 5 79 79 5 </p>
        </polylist>
      </mesh>
    </geometry>
    <geometry id="tail3-Geom" name="tail3-Geom">
      <mesh>
        <source id="tail3-Pos">
          <float_array count="216" id="tail3-Pos-array">-3.4999995 -2.5 5.5000005 -3.4999995 2.5 5.5000005 -3.4999995 2.5 -5.5 -3.4999995 -2.5 -5.5 -2.4999998 -2.5 -5.5 -2.4999998 2.5 -5.5 -2.4999998 2.5 -7.4999995 -2.4999998 -2.5 -7.4999995 -2.4999998 -2.5 7.4999995 -2.4999998 2.5 7.4999995 -2.4999998 2.5 5.5000005 -2.4999998 -2.5 5.5000005 2.4999998 -2.5 -7.4999995 2.4999998 2.5 -7.4999995 2.4999998 2.5 -5.5 2.4999998 -2.5 -5.5 2.4999998 -2.5 5.5000005 2.4999998 2.5 5.5000005 2.4999998 2.5 7.4999995 2.4999998 -2.5 7.4999995 3.4999995 -2.5 -5.5 3.4999995 2.5 -5.5 3.4999995 2.5 5.5000005 3.4999995 -2.5 5.5000005 -3.4999995 -2.5 -5.5 3.4999995 -2.5 -5.5 3.4999995 -2.5 5.5000005 -3.4999995 -2.5 5.5000005 -2.4999998 -2.5 -7.4999995 2.4999998 -2.5 -7.4999995 2.4999998 -2.5 -5.5 -2.4999998 -2.5 -5.5 -2.4999998 -2.5 5.5000005 2.4999998 -2.5 5.5000005 2.4999998 -2.5 7.4999995 -2.4999998 -2.5 7.4999995 -3.4999995 2.5 5.5000005 3.4999995 2.5 5.5000005 3.4999995 2.5 -5.5 -3.4999995 2.5 -5.5 -2.4999998 2.5 -5.5 2.4999998 2.5 -5.5 2.4999998 2.5 -7.4999995 -2.4999998 2.5 -7.4999995 -2.4999998 2.5 7.4999995 2.4999998 2.5 7.4999995 2.4999998 2.5 5.5000005 -2.4999998 2.5 5.5000005 -2.4999998 2.5 -7.4999995 2.4999998 2.5 -7.4999995 2.4999998 -2.5 -7.4999995 -2.4999998 -2.5 -7.4999995 -3.4999995 2.5 -5.5 -2.4999998 2.5 -5.5 -2.4999998 -2.5 -5.5 -3.4999995 -2.5 -5.5 2.4999998 2.5 -5.5 3.4999995 2.5 -5.5 3.4999995 -2.5 -5.5 2.4999998 -2.5 -5.5 -3.4999995 -2.5 5.5000005 -2.4999998 -2.5 5.5000005 -2.4999998 2.5 5.5000005 -3.4999995 2.5 5.5000005 2.4999998 -2.5 5.5000005 3.4999995 -2.5 5.5000005 3.4999995 2.5 5.5000005 2.4999998 2.5 5.5000005 -2.4999998 -2.5 7.4999995 2.4999998 -2.5 7.4999995 2.4999998 2.5 7.4999995 -2.4999998 2.5 7.4999995 </float_array>
          <technique_common>
            <accessor count="72" source="#tail3-Pos-array" stride="3">
              <param name="X" type="float"/>
              <param name="Y" type="float"/>
              <param name="Z" type="float"/>
            </accessor>
          </technique_common>
        </source>
        <source id="tail3-UV">
          <float_array count="144" id="tail3-UV-array">0.0 0.828125 0.078125 0.828125 0.078125 1.0 0.0 1.0 0.140625 0.921875 0.140625 1.0 0.109375 1.0 0.109375 0.921875 0.203125 0.921875 0.203125 1.0 0.171875 1.0 0.171875 0.921875 0.109375 0.8125 0.109375 0.890625 0.140625 0.890625 0.140625 0.8125 0.171875 0.8125 0.171875 0.890625 0.203125 0.890625 0.203125 0.8125 0.265625 1.0 0.34375 1.0 0.34375 0.828125 0.265625 0.828125 0.375 1.0 0.484375 1.0 0.484375 0.828125 0.375 0.828125 0.0 0.65625 0.0 0.734375 0.03125 0.734375 0.03125 0.65625 0.0 0.65625 0.0 0.734375 0.03125 0.734375 0.03125 0.65625 0.0625 0.5625 0.171875 0.5625 0.171875 0.734375 0.0625 0.734375 0.03125 0.546875 0.03125 0.625 0.0 0.625 0.0 0.546875 0.234375 0.65625 0.234375 0.734375 0.203125 0.734375 0.203125 0.65625 0.265625 0.65625 0.34375 0.65625 0.34375 0.734375 0.265625 0.734375 0.375 0.65625 0.390625 0.65625 0.390625 0.734375 0.375 0.734375 0.375 0.65625 0.390625 0.65625 0.390625 0.734375 0.375 0.734375 0.265625 0.734375 0.28125 0.734375 0.28125 0.65625 0.265625 0.65625 0.265625 0.734375 0.28125 0.734375 0.28125 0.65625 0.265625 0.65625 0.421875 0.734375 0.5 0.734375 0.5 0.65625 0.421875 0.65625 </float_array>
          <technique_common>
            <accessor count="72" source="#tail3-UV-array" stride="2">
              <param name="S" type="float"/>
              <param name="T" type="float"/>
            </accessor>
          </technique_common>
        </source>
        <source id="tail3-Normal">
          <float_array count="18" id="tail3-Normal-array">-1.0 0.0 0.0 1.0 0.0 0.0 0.0 -1.0 0.0 0.0 1.0 0.0 0.0 0.0 -1.0 0.0 0.0 1.0</float_array>
          <technique_common>
            <accessor count="6" source="#tail3-Normal-array" stride="3">
              <param name="X" type="float"/>
              <param name="Y" type="float"/>
              <param name="Z" type="float"/>
            </accessor>
          </technique_common>
        </source>
        <vertices id="tail3-Vertices">
          <input semantic="POSITION" source="#tail3-Pos"/>
        </vertices>
        <polylist count="18" material="tail3-Material">
          <input offset="0" semantic="VERTEX" source="#tail3-Vertices"/>
          <input offset="1" semantic="TEXCOORD" set="0" source="#tail3-UV"/>
          <input offset="2" semantic="NORMAL" source="#tail3-Normal"/>
          <vcount>4 4 4 4 4 4 4 4 4 4 4 4 4 4 4 4 4 4 </vcount>
          <p>0 0 0 1 1 0 2 2 0 3 3 0 4 4 0 5 5 0 6 6 0 7 7 0 8 8 0 9 9 0 10 10 0 11 11 0 12 12 1 13 13 1 14 14 1 15 15 1 16 16 1 17 17 1 18 18 1 19 19 1 20 20 1 21 21 1 22 22 1 23 23 1 24 24 2 25 25 2 26 26 2 27 27 2 28 28 2 29 29 2 30 30 2 31 31 2 32 32 2 33 33 2 34 34 2 35 35 2 36 36 3 37 37 3 38 38 3 39 39 3 40 40 3 41 41 3 42 42 3 43 43 3 44 44 3 45 45 3 46 46 3 47 47 3 48 48 4 49 49 4 50 50 4 51 51 4 52 52 4 53 53 4 54 54 4 55 55 4 56 56 4 57 57 4 58 58 4 59 59 4 60 60 5 61 61 5 62 62 5 63 63 5 64 64 5 65 65 5 66 66 5 67 67 5 68 68 5 69 69 5 70 70 5 71 71 5 </p>
        </polylist>
      </mesh>
    </geometry>
    <geometry id="tail4-Geom" name="tail4-Geom">
      <mesh>
        <source id="tail4-Pos">
          <float_array count="216" id="tail4-Pos-array">-2.9999998 -2.0 5.5000005 -2.9999998 2.0 5.5000005 -2.9999998 2.0 -5.5 -2.9999998 -2.0 -5.5 -2.0 -2.0 -5.5 -2.0 2.0 -5.5 -2.0 2.0 -7.4999995 -2.0 -2.0 -7.4999995 -2.0 -2.0 7.4999995 -2.0 2.0 7.4999995 -2.0 2.0 5.5000005 -2.0 -2.0 5.5000005 1.9999995 -2.0 -7.4999995 1.9999995 2.0 -7.4999995 1.9999995 2.0 -5.5 1.9999995 -2.0 -5.5 1.9999995 -2.0 5.5000005 1.9999995 2.0 5.5000005 1.9999995 2.0 7.4999995 1.9999995 -2.0 7.4999995 2.9999998 -2.0 -5.5 2.9999998 2.0 -5.5 2.9999998 2.0 5.5000005 2.9999998 -2.0 5.5000005 -2.9999998 -2.0 -5.5 2.9999998 -2.0 -5.5 2.9999998 -2.0 5.5000005 -2.9999998 -2.0 5.5000005 -2.0 -2.0 -7.4999995 1.9999995 -2.0 -7.4999995 1.9999995 -2.0 -5.5 -2.0 -2.0 -5.5 -2.0 -2.0 5.5000005 1.9999995 -2.0 5.5000005 1.9999995 -2.0 7.4999995 -2.0 -2.0 7.4999995 -2.9999998 2.0 5.5000005 2.9999998 2.0 5.5000005 2.9999998 2.0 -5.5 -2.9999998 2.0 -5.5 -2.0 2.0 -5.5 1.9999995 2.0 -5.5 1.9999995 2.0 -7.4999995 -2.0 2.0 -7.4999995 -2.0 2.0 7.4999995 1.9999995 2.0 7.4999995 1.9999995 2.0 5.5000005 -2.0 2.0 5.5000005 -2.0 2.0 -7.4999995 1.9999995 2.0 -7.4999995 1.9999995 -2.0 -7.4999995 -2.0 -2.0 -7.4999995 -2.9999998 2.0 -5.5 -2.0 2.0 -5.5 -2.0 -2.0 -5.5 -2.9999998 -2.0 -5.5 1.9999995 2.0 -5.5 2.9999998 2.0 -5.5 2.9999998 -2.0 -5.5 1.9999995 -2.0 -5.5 -2.9999998 -2.0 5.5000005 -2.0 -2.0 5.5000005 -2.0 2.0 5.5000005 -2.9999998 2.0 5.5000005 1.9999995 -2.0 5.5000005 2.9999998 -2.0 5.5000005 2.9999998 2.0 5.5000005 1.9999995 2.0 5.5000005 -2.0 -2.0 7.4999995 1.9999995 -2.0 7.4999995 1.9999995 2.0 7.4999995 -2.0 2.0 7.4999995 </float_array>
          <technique_common>
            <accessor count="72" source="#tail4-Pos-array" stride="3">
              <param name="X" type="float"/>
              <param name="Y" type="float"/>
              <param name="Z" type="float"/>
            </accessor>
          </technique_common>
        </source>
        <source id="tail4-UV">
          <float_array count="144" id="tail4-UV-array">0.0 0.828125 0.0625 0.828125 0.0625 1.0 0.0 1.0 0.125 0.9375 0.125 1.0 0.09375 1.0 0.09375 0.9375 0.1875 0.9375 0.1875 1.0 0.15625 1.0 0.15625 0.9375 0.09375 0.84375 0.09375 0.90625 0.125 0.90625 0.125 0.84375 0.15625 0.84375 0.15625 0.90625 0.1875 0.90625 0.1875 0.84375 0.265625 1.0 0.328125 1.0 0.328125 0.828125 0.265625 0.828125 0.359375 1.0 0.453125 1.0 0.453125 0.828125 0.359375 0.828125 0.0 0.671875 0.0 0.734375 0.03125 0.734375 0.03125 0.671875 0.0 0.671875 0.0 0.734375 0.03125 0.734375 0.03125 0.671875 0.0625 0.5625 0.15625 0.5625 0.15625 0.734375 0.0625 0.734375 0.125 0.609375 0.125 0.671875 0.09375 0.671875 0.09375 0.609375 0.125 0.609375 0.125 0.671875 0.09375 0.671875 0.09375 0.609375 0.265625 0.671875 0.328125 0.671875 0.328125 0.734375 0.265625 0.734375 0.21875 0.9375 0.234375 0.9375 0.234375 1.0 0.21875 1.0 0.21875 0.9375 0.234375 0.9375 0.234375 1.0 0.21875 1.0 0.265625 0.734375 0.28125 0.734375 0.28125 0.671875 0.265625 0.671875 0.265625 0.734375 0.28125 0.734375 0.28125 0.671875 0.265625 0.671875 0.359375 0.734375 0.421875 0.734375 0.421875 0.671875 0.359375 0.671875 </float_array>
          <technique_common>
            <accessor count="72" source="#tail4-UV-array" stride="2">
              <param name="S" type="float"/>
              <param name="T" type="float"/>
            </accessor>
          </technique_common>
        </source>
        <source id="tail4-Normal">
          <float_array count="18" id="tail4-Normal-array">-1.0 0.0 0.0 1.0 0.0 0.0 0.0 -1.0 0.0 0.0 1.0 0.0 0.0 0.0 -1.0 0.0 0.0 1.0</float_array>
          <technique_common>
            <accessor count="6" source="#tail4-Normal-array" stride="3">
              <param name="X" type="float"/>
              <param name="Y" type="float"/>
              <param name="Z" type="float"/>
            </accessor>
          </technique_common>
        </source>
        <vertices id="tail4-Vertices">
          <input semantic="POSITION" source="#tail4-Pos"/>
        </vertices>
        <polylist count="18" material="tail4-Material">
          <input offset="0" semantic="VERTEX" source="#tail4-Vertices"/>
          <input offset="1" semantic="TEXCOORD" set="0" source="#tail4-UV"/>
          <input offset="2" semantic="NORMAL" source="#tail4-Normal"/>
          <vcount>4 4 4 4 4 4 4 4 4 4 4 4 4 4 4 4 4 4 </vcount>
          <p>0 0 0 1 1 0 2 2 0 3 3 0 4 4 0 5 5 0 6 6 0 7 7 0 8 8 0 9 9 0 10 10 0 11 11 0 12 12 1 13 13 1 14 14 1 15 15 1 16 16 1 17 17 1 18 18 1 19 19 1 20 20 1 21 21 1 22 22 1 23 23 1 24 24 2 25 25 2 26 26 2 27 27 2 28 28 2 29 29 2 30 30 2 31 31 2 32 32 2 33 33 2 34 34 2 35 35 2 36 36 3 37 37 3 38 38 3 39 39 3 40 40 3 41 41 3 42 42 3 43 43 3 44 44 3 45 45 3 46 46 3 47 47 3 48 48 4 49 49 4 50 50 4 51 51 4 52 52 4 53 53 4 54 54 4 55 55 4 56 56 4 57 57 4 58 58 4 59 59 4 60 60 5 61 61 5 62 62 5 63 63 5 64 64 5 65 65 5 66 66 5 67 67 5 68 68 5 69 69 5 70 70 5 71 71 5 </p>
        </polylist>
      </mesh>
    </geometry>
    <geometry id="tail5-Geom" name="tail5-Geom">
      <mesh>
        <source id="tail5-Pos">
          <float_array count="216" id="tail5-Pos-array">-2.5 -1.4999999 5.5000005 -2.5 1.4999999 5.5000005 -2.5 1.4999999 -2.4999998 -2.5 -1.4999999 -2.4999998 -1.4999999 -1.4999999 -2.4999998 -1.4999999 1.4999999 -2.4999998 -1.4999999 1.4999999 -7.4999995 -1.4999999 -1.4999999 -7.4999995 -1.4999999 -1.4999999 7.4999995 -1.4999999 1.4999999 7.4999995 -1.4999999 1.4999999 5.5000005 -1.4999999 -1.4999999 5.5000005 1.5 -1.4999999 -7.4999995 1.5 1.4999999 -7.4999995 1.5 1.4999999 -2.4999998 1.5 -1.4999999 -2.4999998 1.5 -1.4999999 5.5000005 1.5 1.4999999 5.5000005 1.5 1.4999999 7.4999995 1.5 -1.4999999 7.4999995 2.5 -1.4999999 -2.4999998 2.5 1.4999999 -2.4999998 2.5 1.4999999 5.5000005 2.5 -1.4999999 5.5000005 -1.4999999 -1.4999999 -7.4999995 1.5 -1.4999999 -7.4999995 1.5 -1.4999999 7.4999995 -1.4999999 -1.4999999 7.4999995 -2.5 -1.4999999 -2.4999998 -1.4999999 -1.4999999 -2.4999998 -1.4999999 -1.4999999 5.5000005 -2.5 -1.4999999 5.5000005 1.5 -1.4999999 -2.4999998 2.5 -1.4999999 -2.4999998 2.5 -1.4999999 5.5000005 1.5 -1.4999999 5.5000005 -1.4999999 1.4999999 7.4999995 1.5 1.4999999 7.4999995 1.5 1.4999999 -7.4999995 -1.4999999 1.4999999 -7.4999995 -2.5 1.4999999 5.5000005 -1.4999999 1.4999999 5.5000005 -1.4999999 1.4999999 -2.4999998 -2.5 1.4999999 -2.4999998 1.5 1.4999999 5.5000005 2.5 1.4999999 5.5000005 2.5 1.4999999 -2.4999998 1.5 1.4999999 -2.4999998 -1.4999999 1.4999999 -7.4999995 1.5 1.4999999 -7.4999995 1.5 -1.4999999 -7.4999995 -1.4999999 -1.4999999 -7.4999995 -2.5 1.4999999 -2.4999998 -1.4999999 1.4999999 -2.4999998 -1.4999999 -1.4999999 -2.4999998 -2.5 -1.4999999 -2.4999998 1.5 1.4999999 -2.4999998 2.5 1.4999999 -2.4999998 2.5 -1.4999999 -2.4999998 1.5 -1.4999999 -2.4999998 -2.5 -1.4999999 5.5000005 -1.4999999 -1.4999999 5.5000005 -1.4999999 1.4999999 5.5000005 -2.5 1.4999999 5.5000005 1.5 -1.4999999 5.5000005 2.5 -1.4999999 5.5000005 2.5 1.4999999 5.5000005 1.5 1.4999999 5.5000005 -1.4999999 -1.4999999 7.4999995 1.5 -1.4999999 7.4999995 1.5 1.4999999 7.4999995 -1.4999999 1.4999999 7.4999995 </float_array>
          <technique_common>
            <accessor count="72" source="#tail5-Pos-array" stride="3">
              <param name="X" type="float"/>
              <param name="Y" type="float"/>
              <param name="Z" type="float"/>
            </accessor>
          </technique_common>
        </source>
        <source id="tail5-UV">
          <float_array count="144" id="tail5-UV-array">0.0 0.75 0.046875 0.75 0.046875 1.0 0.0 1.0 0.0 0.53125 0.046875 0.53125 0.046875 0.6875 0.0 0.6875 0.109375 0.90625 0.109375 1.0 0.078125 1.0 0.078125 0.90625 0.078125 0.84375 0.125 0.84375 0.125 0.6875 0.078125 0.6875 0.140625 0.90625 0.140625 1.0 0.171875 1.0 0.171875 0.90625 0.0 1.0 0.046875 1.0 0.046875 0.75 0.0 0.75 0.265625 1.0 0.3125 1.0 0.3125 0.53125 0.265625 0.53125 0.0 1.0 0.015625 1.0 0.015625 0.75 0.0 0.75 0.0 1.0 0.015625 1.0 0.015625 0.75 0.0 0.75 0.34375 0.53125 0.390625 0.53125 0.390625 1.0 0.34375 1.0 0.03125 0.75 0.046875 0.75 0.046875 1.0 0.03125 1.0 0.03125 0.75 0.046875 0.75 0.046875 1.0 0.03125 1.0 0.078125 0.53125 0.125 0.53125 0.125 0.625 0.078125 0.625 0.078125 0.53125 0.09375 0.53125 0.09375 0.625 0.078125 0.625 0.078125 0.53125 0.09375 0.53125 0.09375 0.625 0.078125 0.625 0.203125 1.0 0.21875 1.0 0.21875 0.90625 0.203125 0.90625 0.203125 1.0 0.21875 1.0 0.21875 0.90625 0.203125 0.90625 0.078125 0.625 0.125 0.625 0.125 0.53125 0.078125 0.53125 </float_array>
          <technique_common>
            <accessor count="72" source="#tail5-UV-array" stride="2">
              <param name="S" type="float"/>
              <param name="T" type="float"/>
            </accessor>
          </technique_common>
        </source>
        <source id="tail5-Normal">
          <float_array count="18" id="tail5-Normal-array">-1.0 0.0 0.0 1.0 0.0 0.0 0.0 -1.0 0.0 0.0 1.0 0.0 0.0 0.0 -1.0 0.0 0.0 1.0</float_array>
          <technique_common>
            <accessor count="6" source="#tail5-Normal-array" stride="3">
              <param name="X" type="float"/>
              <param name="Y" type="float"/>
              <param name="Z" type="float"/>
            </accessor>
          </technique_common>
        </source>
        <vertices id="tail5-Vertices">
          <input semantic="POSITION" source="#tail5-Pos"/>
        </vertices>
        <polylist count="18" material="tail5-Material">
          <input offset="0" semantic="VERTEX" source="#tail5-Vertices"/>
          <input offset="1" semantic="TEXCOORD" set="0" source="#tail5-UV"/>
          <input offset="2" semantic="NORMAL" source="#tail5-Normal"/>
          <vcount>4 4 4 4 4 4 4 4 4 4 4 4 4 4 4 4 4 4 </vcount>
          <p>0 0 0 1 1 0 2 2 0 3 3 0 4 4 0 5 5 0 6 6 0 7 7 0 8 8 0 9 9 0 10 10 0 11 11 0 12 12 1 13 13 1 14 14 1 15 15 1 16 16 1 17 17 1 18 18 1 19 19 1 20 20 1 21 21 1 22 22 1 23 23 1 24 24 2 25 25 2 26 26 2 27 27 2 28 28 2 29 29 2 30 30 2 31 31 2 32 32 2 33 33 2 34 34 2 35 35 2 36 36 3 37 37 3 38 38 3 39 39 3 40 40 3 41 41 3 42 42 3 43 43 3 44 44 3 45 45 3 46 46 3 47 47 3 48 48 4 49 49 4 50 50 4 51 51 4 52 52 4 53 53 4 54 54 4 55 55 4 56 56 4 57 57 4 58 58 4 59 59 4 60 60 5 61 61 5 62 62 5 63 63 5 64 64 5 65 65 5 66 66 5 67 67 5 68 68 5 69 69 5 70 70 5 71 71 5 </p>
        </polylist>
      </mesh>
    </geometry>
    <geometry id="tail6-Geom" name="tail6-Geom">
      <mesh>
        <source id="tail6-Pos">
          <float_array count="216" id="tail6-Pos-array">-2.0 -1.0 5.5000005 -2.0 1.0 5.5000005 -2.0 1.0 0.50000036 -2.0 -1.0 0.50000036 -1.0 -1.0 0.50000036 -1.0 1.0 0.50000036 -1.0 1.0 -7.4999995 -1.0 -1.0 -7.4999995 -1.0 -1.0 7.4999995 -1.0 1.0 7.4999995 -1.0 1.0 5.5000005 -1.0 -1.0 5.5000005 1.0000001 -1.0 -7.4999995 1.0000001 1.0 -7.4999995 1.0000001 1.0 0.50000036 1.0000001 -1.0 0.50000036 1.0000001 -1.0 5.5000005 1.0000001 1.0 5.5000005 1.0000001 1.0 7.4999995 1.0000001 -1.0 7.4999995 2.0 -1.0 0.50000036 2.0 1.0 0.50000036 2.0 1.0 5.5000005 2.0 -1.0 5.5000005 -1.0 -1.0 -7.4999995 1.0000001 -1.0 -7.4999995 1.0000001 -1.0 7.4999995 -1.0 -1.0 7.4999995 -2.0 -1.0 0.50000036 -1.0 -1.0 0.50000036 -1.0 -1.0 5.5000005 -2.0 -1.0 5.5000005 1.0000001 -1.0 0.50000036 2.0 -1.0 0.50000036 2.0 -1.0 5.5000005 1.0000001 -1.0 5.5000005 -1.0 1.0 7.4999995 1.0000001 1.0 7.4999995 1.0000001 1.0 -7.4999995 -1.0 1.0 -7.4999995 -2.0 1.0 5.5000005 -1.0 1.0 5.5000005 -1.0 1.0 0.50000036 -2.0 1.0 0.50000036 1.0000001 1.0 5.5000005 2.0 1.0 5.5000005 2.0 1.0 0.50000036 1.0000001 1.0 0.50000036 -1.0 1.0 -7.4999995 1.0000001 1.0 -7.4999995 1.0000001 -1.0 -7.4999995 -1.0 -1.0 -7.4999995 -2.0 1.0 0.50000036 -1.0 1.0 0.50000036 -1.0 -1.0 0.50000036 -2.0 -1.0 0.50000036 1.0000001 1.0 0.50000036 2.0 1.0 0.50000036 2.0 -1.0 0.50000036 1.0000001 -1.0 0.50000036 -2.0 -1.0 5.5000005 -1.0 -1.0 5.5000005 -1.0 1.0 5.5000005 -2.0 1.0 5.5000005 1.0000001 -1.0 5.5000005 2.0 -1.0 5.5000005 2.0 1.0 5.5000005 1.0000001 1.0 5.5000005 -1.0 -1.0 7.4999995 1.0000001 -1.0 7.4999995 1.0000001 1.0 7.4999995 -1.0 1.0 7.4999995 </float_array>
          <technique_common>
            <accessor count="72" source="#tail6-Pos-array" stride="3">
              <param name="X" type="float"/>
              <param name="Y" type="float"/>
              <param name="Z" type="float"/>
            </accessor>
          </technique_common>
        </source>
        <source id="tail6-UV">
          <float_array count="144" id="tail6-UV-array">0.0 0.84375 0.03125 0.84375 0.03125 1.0 0.0 1.0 0.0 0.53125 0.03125 0.53125 0.03125 0.78125 0.0 0.78125 0.0625 0.9375 0.09375 0.9375 0.09375 1.0 0.0625 1.0 0.0625 0.875 0.09375 0.875 0.09375 0.625 0.0625 0.625 0.0625 1.0 0.09375 1.0 0.09375 0.9375 0.0625 0.9375 0.125 0.875 0.15625 0.875 0.15625 0.71875 0.125 0.71875 0.265625 1.0 0.296875 1.0 0.296875 0.53125 0.265625 0.53125 0.0 1.0 0.015625 1.0 0.015625 0.84375 0.0 0.84375 0.0 1.0 0.015625 1.0 0.015625 0.84375 0.0 0.84375 0.328125 0.53125 0.359375 0.53125 0.359375 1.0 0.328125 1.0 0.015625 0.84375 0.03125 0.84375 0.03125 1.0 0.015625 1.0 0.1875 0.71875 0.203125 0.71875 0.203125 0.875 0.1875 0.875 0.125 0.9375 0.15625 0.9375 0.15625 1.0 0.125 1.0 0.1875 0.9375 0.203125 0.9375 0.203125 1.0 0.1875 1.0 0.125 0.59375 0.140625 0.59375 0.140625 0.65625 0.125 0.65625 0.125 0.65625 0.140625 0.65625 0.140625 0.59375 0.125 0.59375 0.1875 1.0 0.203125 1.0 0.203125 0.9375 0.1875 0.9375 0.125 1.0 0.15625 1.0 0.15625 0.9375 0.125 0.9375 </float_array>
          <technique_common>
            <accessor count="72" source="#tail6-UV-array" stride="2">
              <param name="S" type="float"/>
              <param name="T" type="float"/>
            </accessor>
          </technique_common>
        </source>
        <source id="tail6-Normal">
          <float_array count="18" id="tail6-Normal-array">-1.0 0.0 0.0 1.0 0.0 0.0 0.0 -1.0 0.0 0.0 1.0 0.0 0.0 0.0 -1.0 0.0 0.0 1.0</float_array>
          <technique_common>
            <accessor count="6" source="#tail6-Normal-array" stride="3">
              <param name="X" type="float"/>
              <param name="Y" type="float"/>
              <param name="Z" type="float"/>
            </accessor>
          </technique_common>
        </source>
        <vertices id="tail6-Vertices">
          <input semantic="POSITION" source="#tail6-Pos"/>
        </vertices>
        <polylist count="18" material="tail6-Material">
          <input offset="0" semantic="VERTEX" source="#tail6-Vertices"/>
          <input offset="1" semantic="TEXCOORD" set="0" source="#tail6-UV"/>
          <input offset="2" semantic="NORMAL" source="#tail6-Normal"/>
          <vcount>4 4 4 4 4 4 4 4 4 4 4 4 4 4 4 4 4 4 </vcount>
          <p>0 0 0 1 1 0 2 2 0 3 3 0 4 4 0 5 5 0 6 6 0 7 7 0 8 8 0 9 9 0 10 10 0 11 11 0 12 12 1 13 13 1 14 14 1 15 15 1 16 16 1 17 17 1 18 18 1 19 19 1 20 20 1 21 21 1 22 22 1 23 23 1 24 24 2 25 25 2 26 26 2 27 27 2 28 28 2 29 29 2 30 30 2 31 31 2 32 32 2 33 33 2 34 34 2 35 35 2 36 36 3 37 37 3 38 38 3 39 39 3 40 40 3 41 41 3 42 42 3 43 43 3 44 44 3 45 45 3 46 46 3 47 47 3 48 48 4 49 49 4 50 50 4 51 51 4 52 52 4 53 53 4 54 54 4 55 55 4 56 56 4 57 57 4 58 58 4 59 59 4 60 60 5 61 61 5 62 62 5 63 63 5 64 64 5 65 65 5 66 66 5 67 67 5 68 68 5 69 69 5 70 70 5 71 71 5 </p>
        </polylist>
      </mesh>
    </geometry>
  </library_geometries>
  <library_animations>
    <animation id="controller-global-anim" name="controller-global-anim">
      <animation>
        <source id="controller-global-anim-inSource-TIME">
          <float_array count="55" id="controller-global-anim-inSource-TIME-array">0.0 0.041666668 0.083333336 0.125 0.16666667 0.20833333 0.25 0.29166666 0.33333334 0.375 0.41666666 0.45833334 0.5 0.5416667 0.5833333 0.625 0.6666667 0.7083333 0.75 0.7916667 0.8333333 0.875 0.9166667 0.9583333 1.0 1.0416666 1.0833334 1.125 1.1666666 1.2083334 1.25 1.2916666 1.3333334 1.375 1.4166666 1.4583334 1.5 1.5416666 1.5833334 1.625 1.6666666 1.7083334 1.75 1.7916666 1.8333334 1.875 1.9166666 1.9583334 2.0 2.0416667 2.0833333 2.125 2.1666667 2.2083333 2.25 </float_array>
          <technique_common>
            <accessor count="55" source="#controller-global-anim-inSource-TIME-array">
              <param name="TIME" type="float"/>
            </accessor>
          </technique_common>
        </source>
        <source id="controller-global-anim-interpolation">
          <Name_array count="55" id="controller-global-anim-interpolation-array">LINEAR LINEAR LINEAR LINEAR LINEAR LINEAR LINEAR LINEAR LINEAR LINEAR LINEAR LINEAR LINEAR LINEAR LINEAR LINEAR LINEAR LINEAR LINEAR LINEAR LINEAR LINEAR LINEAR LINEAR LINEAR LINEAR LINEAR LINEAR LINEAR LINEAR LINEAR LINEAR LINEAR LINEAR LINEAR LINEAR LINEAR LINEAR LINEAR LINEAR LINEAR LINEAR LINEAR LINEAR LINEAR LINEAR LINEAR LINEAR LINEAR LINEAR LINEAR LINEAR LINEAR LINEAR LINEAR </Name_array>
          <technique_common>
            <accessor count="55" source="#controller-global-anim-interpolation-array">
              <param type="name"/>
            </accessor>
          </technique_common>
        </source>
        <source id="controller-global-anim-outSource-global">
          <float_array count="880" id="controller-global-anim-outSource-global-array">1.0 0.0 0.0 0.0 0.0 1.0 0.0 0.0 0.0 0.0 1.0 0.0 0.0 0.0 0.0 1.0 1.0 0.0 0.0 0.0 0.0 1.0 0.0 0.0 0.0 0.0 1.0 0.0 0.0 0.0 0.0 1.0 1.0 0.0 0.0 0.0 0.0 1.0 0.0 0.0 0.0 0.0 1.0 0.0 0.0 0.0 0.0 1.0 1.0 0.0 0.0 0.0 0.0 1.0 0.0 0.0 0.0 0.0 1.0 0.0 0.0 0.0 0.0 1.0 1.0 0.0 0.0 0.0 0.0 1.0 0.0 0.0 0.0 0.0 1.0 0.0 0.0 0.0 0.0 1.0 1.0 0.0 0.0 0.0 0.0 1.0 0.0 0.0 0.0 0.0 1.0 0.0 0.0 0.0 0.0 1.0 1.0 0.0 0.0 0.0 0.0 1.0 0.0 0.0 0.0 0.0 1.0 0.0 0.0 0.0 0.0 1.0 1.0 0.0 0.0 0.0 0.0 1.0 0.0 0.0 0.0 0.0 1.0 0.0 0.0 0.0 0.0 1.0 1.0 0.0 0.0 0.0 0.0 1.0 0.0 0.0 0.0 0.0 1.0 0.0 0.0 0.0 0.0 1.0 1.0 0.0 0.0 0.0 0.0 1.0 0.0 0.0 0.0 0.0 1.0 0.0 0.0 0.0 0.0 1.0 1.0 0.0 0.0 0.0 0.0 1.0 0.0 0.0 0.0 0.0 1.0 0.0 0.0 0.0 0.0 1.0 1.0 0.0 0.0 0.0 0.0 1.0 0.0 0.0 0.0 0.0 1.0 0.0 0.0 0.0 0.0 1.0 1.0 0.0 0.0 0.0 0.0 1.0 0.0 0.0 0.0 0.0 1.0 0.0 0.0 0.0 0.0 1.0 1.0 0.0 0.0 0.0 0.0 1.0 0.0 0.0 0.0 0.0 1.0 0.0 0.0 0.0 0.0 1.0 1.0 0.0 0.0 0.0 0.0 1.0 0.0 0.0 0.0 0.0 1.0 0.0 0.0 0.0 0.0 1.0 1.0 0.0 0.0 0.0 0.0 1.0 0.0 0.0 0.0 0.0 1.0 0.0 0.0 0.0 0.0 1.0 1.0 0.0 0.0 0.0 0.0 1.0 0.0 0.0 0.0 0.0 1.0 0.0 0.0 0.0 0.0 1.0 1.0 0.0 0.0 0.0 0.0 1.0 0.0 0.0 0.0 0.0 1.0 0.0 0.0 0.0 0.0 1.0 1.0 0.0 0.0 0.0 0.0 1.0 0.0 0.0 0.0 0.0 1.0 0.0 0.0 0.0 0.0 1.0 1.0 0.0 0.0 0.0 0.0 1.0 0.0 0.0 0.0 0.0 1.0 0.0 0.0 0.0 0.0 1.0 1.0 0.0 0.0 0.0 0.0 1.0 0.0 0.0 0.0 0.0 1.0 0.0 0.0 0.0 0.0 1.0 1.0 0.0 0.0 0.0 0.0 1.0 0.0 0.0 0.0 0.0 1.0 0.0 0.0 0.0 0.0 1.0 1.0 0.0 0.0 0.0 0.0 1.0 0.0 0.0 0.0 0.0 1.0 0.0 0.0 0.0 0.0 1.0 1.0 0.0 0.0 0.0 0.0 1.0 0.0 0.0 0.0 0.0 1.0 0.0 0.0 0.0 0.0 1.0 1.0 0.0 0.0 0.0 0.0 1.0 0.0 0.0 0.0 0.0 1.0 0.0 0.0 0.0 0.0 1.0 1.0 0.0 0.0 0.0 0.0 1.0 0.0 0.0 0.0 0.0 1.0 0.0 0.0 0.0 0.0 1.0 1.0 0.0 0.0 0.0 0.0 1.0 0.0 0.0 0.0 0.0 1.0 0.0 0.0 0.0 0.0 1.0 1.0 0.0 0.0 0.0 0.0 1.0 0.0 0.0 0.0 0.0 1.0 0.0 0.0 0.0 0.0 1.0 1.0 0.0 0.0 0.0 0.0 1.0 0.0 0.0 0.0 0.0 1.0 0.0 0.0 0.0 0.0 1.0 1.0 0.0 0.0 0.0 0.0 1.0 0.0 0.0 0.0 0.0 1.0 0.0 0.0 0.0 0.0 1.0 1.0 0.0 0.0 0.0 0.0 1.0 0.0 0.0 0.0 0.0 1.0 0.0 0.0 0.0 0.0 1.0 1.0 0.0 0.0 0.0 0.0 1.0 0.0 0.0 0.0 0.0 1.0 0.0 0.0 0.0 0.0 1.0 1.0 0.0 0.0 0.0 0.0 1.0 0.0 0.0 0.0 0.0 1.0 0.0 0.0 0.0 0.0 1.0 1.0 0.0 0.0 0.0 0.0 1.0 0.0 0.0 0.0 0.0 1.0 0.0 0.0 0.0 0.0 1.0 1.0 0.0 0.0 0.0 0.0 1.0 0.0 0.0 0.0 0.0 1.0 0.0 0.0 0.0 0.0 1.0 1.0 0.0 0.0 0.0 0.0 1.0 0.0 0.0 0.0 0.0 1.0 0.0 0.0 0.0 0.0 1.0 1.0 0.0 0.0 0.0 0.0 1.0 0.0 0.0 0.0 0.0 1.0 0.0 0.0 0.0 0.0 1.0 1.0 0.0 0.0 0.0 0.0 1.0 0.0 0.0 0.0 0.0 1.0 0.0 0.0 0.0 0.0 1.0 1.0 0.0 0.0 0.0 0.0 1.0 0.0 0.0 0.0 0.0 1.0 0.0 0.0 0.0 0.0 1.0 1.0 0.0 0.0 0.0 0.0 1.0 0.0 0.0 0.0 0.0 1.0 0.0 0.0 0.0 0.0 1.0 1.0 0.0 0.0 0.0 0.0 1.0 0.0 0.0 0.0 0.0 1.0 0.0 0.0 0.0 0.0 1.0 1.0 0.0 0.0 0.0 0.0 1.0 0.0 0.0 0.0 0.0 1.0 0.0 0.0 0.0 0.0 1.0 1.0 0.0 0.0 0.0 0.0 1.0 0.0 0.0 0.0 0.0 1.0 0.0 0.0 0.0 0.0 1.0 1.0 0.0 0.0 0.0 0.0 1.0 0.0 0.0 0.0 0.0 1.0 0.0 0.0 0.0 0.0 1.0 1.0 0.0 0.0 0.0 0.0 1.0 0.0 0.0 0.0 0.0 1.0 0.0 0.0 0.0 0.0 1.0 1.0 0.0 0.0 0.0 0.0 1.0 0.0 0.0 0.0 0.0 1.0 0.0 0.0 0.0 0.0 1.0 1.0 0.0 0.0 0.0 0.0 1.0 0.0 0.0 0.0 0.0 1.0 0.0 0.0 0.0 0.0 1.0 1.0 0.0 0.0 0.0 0.0 1.0 0.0 0.0 0.0 0.0 1.0 0.0 0.0 0.0 0.0 1.0 1.0 0.0 0.0 0.0 0.0 1.0 0.0 0.0 0.0 0.0 1.0 0.0 0.0 0.0 0.0 1.0 1.0 0.0 0.0 0.0 0.0 1.0 0.0 0.0 0.0 0.0 1.0 0.0 0.0 0.0 0.0 1.0 1.0 0.0 0.0 0.0 0.0 1.0 0.0 0.0 0.0 0.0 1.0 0.0 0.0 0.0 0.0 1.0 1.0 0.0 0.0 0.0 0.0 1.0 0.0 0.0 0.0 0.0 1.0 0.0 0.0 0.0 0.0 1.0 1.0 0.0 0.0 0.0 0.0 1.0 0.0 0.0 0.0 0.0 1.0 0.0 0.0 0.0 0.0 1.0 1.0 0.0 0.0 0.0 0.0 1.0 0.0 0.0 0.0 0.0 1.0 0.0 0.0 0.0 0.0 1.0 1.0 0.0 0.0 0.0 0.0 1.0 0.0 0.0 0.0 0.0 1.0 0.0 0.0 0.0 0.0 1.0 </float_array>
          <technique_common>
            <accessor count="55" source="#controller-global-anim-outSource-global-array" stride="16">
              <param type="float4x4"/>
            </accessor>
          </technique_common>
        </source>
        <sampler id="controller-global-anim-globalSampler">
          <input semantic="INPUT" source="#controller-global-anim-inSource-TIME"/>
          <input semantic="OUTPUT" source="#controller-global-anim-outSource-global"/>
          <input semantic="INTERPOLATION" source="#controller-global-anim-interpolation"/>
        </sampler>
        <channel source="#controller-global-anim-globalSampler" target="controller-global/matrix"/>
      </animation>
    </animation>
    <animation id="controller-local-anim" name="controller-local-anim">
      <animation>
        <source id="controller-local-anim-inSource-TIME">
          <float_array count="55" id="controller-local-anim-inSource-TIME-array">0.0 0.041666668 0.083333336 0.125 0.16666667 0.20833333 0.25 0.29166666 0.33333334 0.375 0.41666666 0.45833334 0.5 0.5416667 0.5833333 0.625 0.6666667 0.7083333 0.75 0.7916667 0.8333333 0.875 0.9166667 0.9583333 1.0 1.0416666 1.0833334 1.125 1.1666666 1.2083334 1.25 1.2916666 1.3333334 1.375 1.4166666 1.4583334 1.5 1.5416666 1.5833334 1.625 1.6666666 1.7083334 1.75 1.7916666 1.8333334 1.875 1.9166666 1.9583334 2.0 2.0416667 2.0833333 2.125 2.1666667 2.2083333 2.25 </float_array>
          <technique_common>
            <accessor count="55" source="#controller-local-anim-inSource-TIME-array">
              <param name="TIME" type="float"/>
            </accessor>
          </technique_common>
        </source>
        <source id="controller-local-anim-interpolation">
          <Name_array count="55" id="controller-local-anim-interpolation-array">LINEAR LINEAR LINEAR LINEAR LINEAR LINEAR LINEAR LINEAR LINEAR LINEAR LINEAR LINEAR LINEAR LINEAR LINEAR LINEAR LINEAR LINEAR LINEAR LINEAR LINEAR LINEAR LINEAR LINEAR LINEAR LINEAR LINEAR LINEAR LINEAR LINEAR LINEAR LINEAR LINEAR LINEAR LINEAR LINEAR LINEAR LINEAR LINEAR LINEAR LINEAR LINEAR LINEAR LINEAR LINEAR LINEAR LINEAR LINEAR LINEAR LINEAR LINEAR LINEAR LINEAR LINEAR LINEAR </Name_array>
          <technique_common>
            <accessor count="55" source="#controller-local-anim-interpolation-array">
              <param type="name"/>
            </accessor>
          </technique_common>
        </source>
        <source id="controller-local-anim-outSource-local">
          <float_array count="880" id="controller-local-anim-outSource-local-array">1.0 0.0 0.0 0.0 0.0 1.0 0.0 0.0 0.0 0.0 1.0 0.0 0.0 0.0 0.0 1.0 1.0 0.0 0.0 0.0 0.0 1.0 0.0 0.0 0.0 0.0 1.0 0.0 0.0 0.0 0.0 1.0 1.0 0.0 0.0 0.0 0.0 1.0 0.0 0.0 0.0 0.0 1.0 0.0 0.0 0.0 0.0 1.0 1.0 0.0 0.0 0.0 0.0 1.0 0.0 0.0 0.0 0.0 1.0 0.0 0.0 0.0 0.0 1.0 1.0 0.0 0.0 0.0 0.0 1.0 0.0 0.0 0.0 0.0 1.0 0.0 0.0 0.0 0.0 1.0 1.0 0.0 0.0 0.0 0.0 1.0 0.0 0.0 0.0 0.0 1.0 0.0 0.0 0.0 0.0 1.0 1.0 0.0 0.0 0.0 0.0 1.0 0.0 0.0 0.0 0.0 1.0 0.0 0.0 0.0 0.0 1.0 1.0 0.0 0.0 0.0 0.0 1.0 0.0 0.0 0.0 0.0 1.0 0.0 0.0 0.0 0.0 1.0 1.0 0.0 0.0 0.0 0.0 1.0 0.0 0.0 0.0 0.0 1.0 0.0 0.0 0.0 0.0 1.0 1.0 0.0 0.0 0.0 0.0 1.0 0.0 0.0 0.0 0.0 1.0 0.0 0.0 0.0 0.0 1.0 1.0 0.0 0.0 0.0 0.0 1.0 0.0 0.0 0.0 0.0 1.0 0.0 0.0 0.0 0.0 1.0 1.0 0.0 0.0 0.0 0.0 1.0 0.0 0.0 0.0 0.0 1.0 0.0 0.0 0.0 0.0 1.0 1.0 0.0 0.0 0.0 0.0 1.0 0.0 0.0 0.0 0.0 1.0 0.0 0.0 0.0 0.0 1.0 1.0 0.0 0.0 0.0 0.0 1.0 0.0 0.0 0.0 0.0 1.0 0.0 0.0 0.0 0.0 1.0 1.0 0.0 0.0 0.0 0.0 1.0 0.0 0.0 0.0 0.0 1.0 0.0 0.0 0.0 0.0 1.0 1.0 0.0 0.0 0.0 0.0 1.0 0.0 0.0 0.0 0.0 1.0 0.0 0.0 0.0 0.0 1.0 1.0 0.0 0.0 0.0 0.0 1.0 0.0 0.0 0.0 0.0 1.0 0.0 0.0 0.0 0.0 1.0 1.0 0.0 0.0 0.0 0.0 1.0 0.0 0.0 0.0 0.0 1.0 0.0 0.0 0.0 0.0 1.0 1.0 0.0 0.0 0.0 0.0 1.0 0.0 0.0 0.0 0.0 1.0 0.0 0.0 0.0 0.0 1.0 1.0 0.0 0.0 0.0 0.0 1.0 0.0 0.0 0.0 0.0 1.0 0.0 0.0 0.0 0.0 1.0 1.0 0.0 0.0 0.0 0.0 1.0 0.0 0.0 0.0 0.0 1.0 0.0 0.0 0.0 0.0 1.0 1.0 0.0 0.0 0.0 0.0 1.0 0.0 0.0 0.0 0.0 1.0 0.0 0.0 0.0 0.0 1.0 1.0 0.0 0.0 0.0 0.0 1.0 0.0 0.0 0.0 0.0 1.0 0.0 0.0 0.0 0.0 1.0 1.0 0.0 0.0 0.0 0.0 1.0 0.0 0.0 0.0 0.0 1.0 0.0 0.0 0.0 0.0 1.0 1.0 0.0 0.0 0.0 0.0 1.0 0.0 0.0 0.0 0.0 1.0 0.0 0.0 0.0 0.0 1.0 1.0 0.0 0.0 0.0 0.0 1.0 0.0 0.0 0.0 0.0 1.0 0.0 0.0 0.0 0.0 1.0 1.0 0.0 0.0 0.0 0.0 1.0 0.0 0.0 0.0 0.0 1.0 0.0 0.0 0.0 0.0 1.0 1.0 0.0 0.0 0.0 0.0 1.0 0.0 0.0 0.0 0.0 1.0 0.0 0.0 0.0 0.0 1.0 1.0 0.0 0.0 0.0 0.0 1.0 0.0 0.0 0.0 0.0 1.0 0.0 0.0 0.0 0.0 1.0 1.0 0.0 0.0 0.0 0.0 1.0 0.0 0.0 0.0 0.0 1.0 0.0 0.0 0.0 0.0 1.0 1.0 0.0 0.0 0.0 0.0 1.0 0.0 0.0 0.0 0.0 1.0 0.0 0.0 0.0 0.0 1.0 1.0 0.0 0.0 0.0 0.0 1.0 0.0 0.0 0.0 0.0 1.0 0.0 0.0 0.0 0.0 1.0 1.0 0.0 0.0 0.0 0.0 1.0 0.0 0.0 0.0 0.0 1.0 0.0 0.0 0.0 0.0 1.0 1.0 0.0 0.0 0.0 0.0 1.0 0.0 0.0 0.0 0.0 1.0 0.0 0.0 0.0 0.0 1.0 1.0 0.0 0.0 0.0 0.0 1.0 0.0 0.0 0.0 0.0 1.0 0.0 0.0 0.0 0.0 1.0 1.0 0.0 0.0 0.0 0.0 1.0 0.0 0.0 0.0 0.0 1.0 0.0 0.0 0.0 0.0 1.0 1.0 0.0 0.0 0.0 0.0 1.0 0.0 0.0 0.0 0.0 1.0 0.0 0.0 0.0 0.0 1.0 1.0 0.0 0.0 0.0 0.0 1.0 0.0 0.0 0.0 0.0 1.0 0.0 0.0 0.0 0.0 1.0 1.0 0.0 0.0 0.0 0.0 1.0 0.0 0.0 0.0 0.0 1.0 0.0 0.0 0.0 0.0 1.0 1.0 0.0 0.0 0.0 0.0 1.0 0.0 0.0 0.0 0.0 1.0 0.0 0.0 0.0 0.0 1.0 1.0 0.0 0.0 0.0 0.0 1.0 0.0 0.0 0.0 0.0 1.0 0.0 0.0 0.0 0.0 1.0 1.0 0.0 0.0 0.0 0.0 1.0 0.0 0.0 0.0 0.0 1.0 0.0 0.0 0.0 0.0 1.0 1.0 0.0 0.0 0.0 0.0 1.0 0.0 0.0 0.0 0.0 1.0 0.0 0.0 0.0 0.0 1.0 1.0 0.0 0.0 0.0 0.0 1.0 0.0 0.0 0.0 0.0 1.0 0.0 0.0 0.0 0.0 1.0 1.0 0.0 0.0 0.0 0.0 1.0 0.0 0.0 0.0 0.0 1.0 0.0 0.0 0.0 0.0 1.0 1.0 0.0 0.0 0.0 0.0 1.0 0.0 0.0 0.0 0.0 1.0 0.0 0.0 0.0 0.0 1.0 1.0 0.0 0.0 0.0 0.0 1.0 0.0 0.0 0.0 0.0 1.0 0.0 0.0 0.0 0.0 1.0 1.0 0.0 0.0 0.0 0.0 1.0 0.0 0.0 0.0 0.0 1.0 0.0 0.0 0.0 0.0 1.0 1.0 0.0 0.0 0.0 0.0 1.0 0.0 0.0 0.0 0.0 1.0 0.0 0.0 0.0 0.0 1.0 1.0 0.0 0.0 0.0 0.0 1.0 0.0 0.0 0.0 0.0 1.0 0.0 0.0 0.0 0.0 1.0 1.0 0.0 0.0 0.0 0.0 1.0 0.0 0.0 0.0 0.0 1.0 0.0 0.0 0.0 0.0 1.0 1.0 0.0 0.0 0.0 0.0 1.0 0.0 0.0 0.0 0.0 1.0 0.0 0.0 0.0 0.0 1.0 1.0 0.0 0.0 0.0 0.0 1.0 0.0 0.0 0.0 0.0 1.0 0.0 0.0 0.0 0.0 1.0 1.0 0.0 0.0 0.0 0.0 1.0 0.0 0.0 0.0 0.0 1.0 0.0 0.0 0.0 0.0 1.0 1.0 0.0 0.0 0.0 0.0 1.0 0.0 0.0 0.0 0.0 1.0 0.0 0.0 0.0 0.0 1.0 </float_array>
          <technique_common>
            <accessor count="55" source="#controller-local-anim-outSource-local-array" stride="16">
              <param type="float4x4"/>
            </accessor>
          </technique_common>
        </source>
        <sampler id="controller-local-anim-localSampler">
          <input semantic="INPUT" source="#controller-local-anim-inSource-TIME"/>
          <input semantic="OUTPUT" source="#controller-local-anim-outSource-local"/>
          <input semantic="INTERPOLATION" source="#controller-local-anim-interpolation"/>
        </sampler>
        <channel source="#controller-local-anim-localSampler" target="controller-local/matrix"/>
      </animation>
    </animation>
    <animation id="head-global-anim" name="head-global-anim">
      <animation>
        <source id="head-global-anim-inSource-TIME">
          <float_array count="55" id="head-global-anim-inSource-TIME-array">0.0 0.041666668 0.083333336 0.125 0.16666667 0.20833333 0.25 0.29166666 0.33333334 0.375 0.41666666 0.45833334 0.5 0.5416667 0.5833333 0.625 0.6666667 0.7083333 0.75 0.7916667 0.8333333 0.875 0.9166667 0.9583333 1.0 1.0416666 1.0833334 1.125 1.1666666 1.2083334 1.25 1.2916666 1.3333334 1.375 1.4166666 1.4583334 1.5 1.5416666 1.5833334 1.625 1.6666666 1.7083334 1.75 1.7916666 1.8333334 1.875 1.9166666 1.9583334 2.0 2.0416667 2.0833333 2.125 2.1666667 2.2083333 2.25 </float_array>
          <technique_common>
            <accessor count="55" source="#head-global-anim-inSource-TIME-array">
              <param name="TIME" type="float"/>
            </accessor>
          </technique_common>
        </source>
        <source id="head-global-anim-interpolation">
          <Name_array count="55" id="head-global-anim-interpolation-array">LINEAR LINEAR LINEAR LINEAR LINEAR LINEAR LINEAR LINEAR LINEAR LINEAR LINEAR LINEAR LINEAR LINEAR LINEAR LINEAR LINEAR LINEAR LINEAR LINEAR LINEAR LINEAR LINEAR LINEAR LINEAR LINEAR LINEAR LINEAR LINEAR LINEAR LINEAR LINEAR LINEAR LINEAR LINEAR LINEAR LINEAR LINEAR LINEAR LINEAR LINEAR LINEAR LINEAR LINEAR LINEAR LINEAR LINEAR LINEAR LINEAR LINEAR LINEAR LINEAR LINEAR LINEAR LINEAR </Name_array>
          <technique_common>
            <accessor count="55" source="#head-global-anim-interpolation-array">
              <param type="name"/>
            </accessor>
          </technique_common>
        </source>
        <source id="head-global-anim-outSource-global">
          <float_array count="880" id="head-global-anim-outSource-global-array">1.0 0.0 0.0 0.0 0.0 1.0 0.0 3.138434 0.0 0.0 1.0 0.0 0.0 0.0 0.0 1.0 1.0 0.0 0.0 0.0 0.0 1.0 0.0 3.578436 0.0 0.0 1.0 -0.20674782 0.0 0.0 0.0 1.0 1.0 0.0 0.0 0.0 0.0 1.0 0.0 4.018438 0.0 0.0 1.0 -0.41349563 0.0 0.0 0.0 1.0 1.0 0.0 0.0 0.0 0.0 1.0 0.0 4.45844 0.0 0.0 1.0 -0.6202435 0.0 0.0 0.0 1.0 1.0 0.0 0.0 0.0 0.0 1.0 0.0 4.898442 0.0 0.0 1.0 -0.82699126 0.0 0.0 0.0 1.0 1.0 0.0 0.0 0.0 0.0 1.0 0.0 5.3384438 0.0 0.0 1.0 -1.0337391 0.0 0.0 0.0 1.0 1.0 0.0 0.0 0.0 0.0 1.0 0.0 5.7784457 0.0 0.0 1.0 -1.240487 0.0 0.0 0.0 1.0 1.0 0.0 0.0 0.0 0.0 1.0 0.0 6.2184477 0.0 0.0 1.0 -1.4472347 0.0 0.0 0.0 1.0 1.0 0.0 0.0 0.0 0.0 1.0 0.0 6.6584496 0.0 0.0 1.0 -1.6539825 0.0 0.0 0.0 1.0 1.0 0.0 0.0 0.0 0.0 1.0 0.0 7.0984516 0.0 0.0 1.0 -1.8607303 0.0 0.0 0.0 1.0 1.0 0.0 0.0 0.0 0.0 1.0 0.0 7.5384536 0.0 0.0 1.0 -2.0674782 0.0 0.0 0.0 1.0 1.0 0.0 0.0 0.0 0.0 1.0 0.0 7.9784555 0.0 0.0 1.0 -2.274226 0.0 0.0 0.0 1.0 1.0 0.0 0.0 0.0 0.0 1.0 0.0 8.418457 0.0 0.0 1.0 -2.480974 0.0 0.0 0.0 1.0 1.0 0.0 0.0 0.0 0.0 1.0 0.0 8.858459 0.0 0.0 1.0 -2.6877215 0.0 0.0 0.0 1.0 1.0 0.0 0.0 0.0 0.0 1.0 0.0 9.298462 0.0 0.0 1.0 -2.8944695 0.0 0.0 0.0 1.0 1.0 0.0 0.0 0.0 0.0 1.0 0.0 9.738463 0.0 0.0 1.0 -3.1012173 0.0 0.0 0.0 1.0 1.0 0.0 0.0 0.0 0.0 1.0 0.0 10.178465 0.0 0.0 1.0 -3.307965 0.0 0.0 0.0 1.0 1.0 0.0 0.0 0.0 0.0 1.0 0.0 10.618467 0.0 0.0 1.0 -3.514713 0.0 0.0 0.0 1.0 1.0 0.0 0.0 0.0 0.0 1.0 0.0 11.05847 0.0 0.0 1.0 -3.7214606 0.0 0.0 0.0 1.0 1.0 0.0 0.0 0.0 0.0 1.0 0.0 11.49847 0.0 0.0 1.0 -3.9282086 0.0 0.0 0.0 1.0 1.0 0.0 0.0 0.0 0.0 1.0 0.0 11.938473 0.0 0.0 1.0 -4.1349564 0.0 0.0 0.0 1.0 1.0 0.0 0.0 0.0 0.0 1.0 0.0 12.065845 0.0 0.0 1.0 -4.539378 0.0 0.0 0.0 1.0 1.0 0.0 0.0 0.0 0.0 1.0 0.0 12.193216 0.0 0.0 1.0 -4.9437995 0.0 0.0 0.0 1.0 1.0 0.0 0.0 0.0 0.0 1.0 0.0 12.320588 0.0 0.0 1.0 -5.348221 0.0 0.0 0.0 1.0 1.0 0.0 0.0 0.0 0.0 1.0 0.0 12.44796 0.0 0.0 1.0 -5.7526426 0.0 0.0 0.0 1.0 1.0 0.0 0.0 0.0 0.0 1.0 0.0 12.575332 0.0 0.0 1.0 -6.1570644 0.0 0.0 0.0 1.0 1.0 0.0 0.0 0.0 0.0 1.0 0.0 12.702703 0.0 0.0 1.0 -6.561486 0.0 0.0 0.0 1.0 1.0 0.0 0.0 0.0 0.0 1.0 0.0 12.830074 0.0 0.0 1.0 -6.965907 0.0 0.0 0.0 1.0 1.0 0.0 0.0 0.0 0.0 1.0 0.0 12.957446 0.0 0.0 1.0 -7.370329 0.0 0.0 0.0 1.0 1.0 0.0 0.0 0.0 0.0 1.0 0.0 13.084818 0.0 0.0 1.0 -7.7747507 0.0 0.0 0.0 1.0 1.0 0.0 0.0 0.0 0.0 1.0 0.0 13.21219 0.0 0.0 1.0 -8.1791725 0.0 0.0 0.0 1.0 1.0 0.0 0.0 0.0 0.0 1.0 0.0 13.339561 0.0 0.0 1.0 -8.583593 0.0 0.0 0.0 1.0 1.0 0.0 0.0 0.0 0.0 1.0 0.0 13.466933 0.0 0.0 1.0 -8.988015 0.0 0.0 0.0 1.0 1.0 0.0 0.0 0.0 0.0 1.0 0.0 12.997456 0.0 0.0 1.0 -6.6079297 0.0 0.0 0.0 1.0 1.0 0.0 0.0 0.0 0.0 1.0 0.0 12.527979 0.0 0.0 1.0 -4.227844 0.0 0.0 0.0 1.0 1.0 0.0 0.0 0.0 0.0 1.0 0.0 12.058501 0.0 0.0 1.0 -1.8477588 0.0 0.0 0.0 1.0 1.0 0.0 0.0 0.0 0.0 1.0 0.0 11.589025 0.0 0.0 1.0 0.5323267 0.0 0.0 0.0 1.0 1.0 0.0 0.0 0.0 0.0 1.0 0.0 11.119547 0.0 0.0 1.0 2.9124117 0.0 0.0 0.0 1.0 1.0 0.0 0.0 0.0 0.0 1.0 0.0 10.65007 0.0 0.0 1.0 5.2924976 0.0 0.0 0.0 1.0 1.0 0.0 0.0 0.0 0.0 1.0 0.0 10.180593 0.0 0.0 1.0 7.6725817 0.0 0.0 0.0 1.0 1.0 0.0 0.0 0.0 0.0 1.0 0.0 9.711115 0.0 0.0 1.0 10.052669 0.0 0.0 0.0 1.0 1.0 0.0 0.0 0.0 0.0 1.0 0.0 9.241638 0.0 0.0 1.0 12.432754 0.0 0.0 0.0 1.0 1.0 0.0 0.0 0.0 0.0 1.0 0.0 8.7721615 0.0 0.0 1.0 14.812839 0.0 0.0 0.0 1.0 1.0 0.0 0.0 0.0 0.0 1.0 0.0 8.302684 0.0 0.0 1.0 13.578436 0.0 0.0 0.0 1.0 1.0 0.0 0.0 0.0 0.0 1.0 0.0 7.8332067 0.0 0.0 1.0 12.344032 0.0 0.0 0.0 1.0 1.0 0.0 0.0 0.0 0.0 1.0 0.0 7.3637295 0.0 0.0 1.0 11.10963 0.0 0.0 0.0 1.0 1.0 0.0 0.0 0.0 0.0 1.0 0.0 6.8942523 0.0 0.0 1.0 9.875226 0.0 0.0 0.0 1.0 1.0 0.0 0.0 0.0 0.0 1.0 0.0 6.424775 0.0 0.0 1.0 8.640823 0.0 0.0 0.0 1.0 1.0 0.0 0.0 0.0 0.0 1.0 0.0 5.9552975 0.0 0.0 1.0 7.4064198 0.0 0.0 0.0 1.0 1.0 0.0 0.0 0.0 0.0 1.0 0.0 5.485821 0.0 0.0 1.0 6.172017 0.0 0.0 0.0 1.0 1.0 0.0 0.0 0.0 0.0 1.0 0.0 5.016343 0.0 0.0 1.0 4.9376125 0.0 0.0 0.0 1.0 1.0 0.0 0.0 0.0 0.0 1.0 0.0 4.5468664 0.0 0.0 1.0 3.7032099 0.0 0.0 0.0 1.0 1.0 0.0 0.0 0.0 0.0 1.0 0.0 4.077389 0.0 0.0 1.0 2.4688072 0.0 0.0 0.0 1.0 1.0 0.0 0.0 0.0 0.0 1.0 0.0 3.607912 0.0 0.0 1.0 1.2344027 0.0 0.0 0.0 1.0 1.0 0.0 0.0 0.0 0.0 1.0 0.0 3.1384344 0.0 0.0 1.0 0.0 0.0 0.0 0.0 1.0 </float_array>
          <technique_common>
            <accessor count="55" source="#head-global-anim-outSource-global-array" stride="16">
              <param type="float4x4"/>
            </accessor>
          </technique_common>
        </source>
        <sampler id="head-global-anim-globalSampler">
          <input semantic="INPUT" source="#head-global-anim-inSource-TIME"/>
          <input semantic="OUTPUT" source="#head-global-anim-outSource-global"/>
          <input semantic="INTERPOLATION" source="#head-global-anim-interpolation"/>
        </sampler>
        <channel source="#head-global-anim-globalSampler" target="head-global/matrix"/>
      </animation>
    </animation>
    <animation id="head-local-anim" name="head-local-anim">
      <animation>
        <source id="head-local-anim-inSource-TIME">
          <float_array count="55" id="head-local-anim-inSource-TIME-array">0.0 0.041666668 0.083333336 0.125 0.16666667 0.20833333 0.25 0.29166666 0.33333334 0.375 0.41666666 0.45833334 0.5 0.5416667 0.5833333 0.625 0.6666667 0.7083333 0.75 0.7916667 0.8333333 0.875 0.9166667 0.9583333 1.0 1.0416666 1.0833334 1.125 1.1666666 1.2083334 1.25 1.2916666 1.3333334 1.375 1.4166666 1.4583334 1.5 1.5416666 1.5833334 1.625 1.6666666 1.7083334 1.75 1.7916666 1.8333334 1.875 1.9166666 1.9583334 2.0 2.0416667 2.0833333 2.125 2.1666667 2.2083333 2.25 </float_array>
          <technique_common>
            <accessor count="55" source="#head-local-anim-inSource-TIME-array">
              <param name="TIME" type="float"/>
            </accessor>
          </technique_common>
        </source>
        <source id="head-local-anim-interpolation">
          <Name_array count="55" id="head-local-anim-interpolation-array">LINEAR LINEAR LINEAR LINEAR LINEAR LINEAR LINEAR LINEAR LINEAR LINEAR LINEAR LINEAR LINEAR LINEAR LINEAR LINEAR LINEAR LINEAR LINEAR LINEAR LINEAR LINEAR LINEAR LINEAR LINEAR LINEAR LINEAR LINEAR LINEAR LINEAR LINEAR LINEAR LINEAR LINEAR LINEAR LINEAR LINEAR LINEAR LINEAR LINEAR LINEAR LINEAR LINEAR LINEAR LINEAR LINEAR LINEAR LINEAR LINEAR LINEAR LINEAR LINEAR LINEAR LINEAR LINEAR </Name_array>
          <technique_common>
            <accessor count="55" source="#head-local-anim-interpolation-array">
              <param type="name"/>
            </accessor>
          </technique_common>
        </source>
        <source id="head-local-anim-outSource-local">
          <float_array count="880" id="head-local-anim-outSource-local-array">1.0 0.0 0.0 0.0 0.0 1.0 0.0 0.0 0.0 0.0 1.0 7.5 0.0 0.0 0.0 1.0 1.0 0.0 0.0 0.0 0.0 1.0 0.0 0.0 0.0 0.0 1.0 7.5 0.0 0.0 0.0 1.0 1.0 0.0 0.0 0.0 0.0 1.0 0.0 0.0 0.0 0.0 1.0 7.5 0.0 0.0 0.0 1.0 1.0 0.0 0.0 0.0 0.0 1.0 0.0 0.0 0.0 0.0 1.0 7.5 0.0 0.0 0.0 1.0 1.0 0.0 0.0 0.0 0.0 1.0 0.0 0.0 0.0 0.0 1.0 7.5 0.0 0.0 0.0 1.0 1.0 0.0 0.0 0.0 0.0 1.0 0.0 0.0 0.0 0.0 1.0 7.5 0.0 0.0 0.0 1.0 1.0 0.0 0.0 0.0 0.0 1.0 0.0 0.0 0.0 0.0 1.0 7.5 0.0 0.0 0.0 1.0 1.0 0.0 0.0 0.0 0.0 1.0 0.0 0.0 0.0 0.0 1.0 7.5 0.0 0.0 0.0 1.0 1.0 0.0 0.0 0.0 0.0 1.0 0.0 0.0 0.0 0.0 1.0 7.5 0.0 0.0 0.0 1.0 1.0 0.0 0.0 0.0 0.0 1.0 0.0 0.0 0.0 0.0 1.0 7.5 0.0 0.0 0.0 1.0 1.0 0.0 0.0 0.0 0.0 1.0 0.0 0.0 0.0 0.0 1.0 7.5 0.0 0.0 0.0 1.0 1.0 0.0 0.0 0.0 0.0 1.0 0.0 0.0 0.0 0.0 1.0 7.5 0.0 0.0 0.0 1.0 1.0 0.0 0.0 0.0 0.0 1.0 0.0 0.0 0.0 0.0 1.0 7.5 0.0 0.0 0.0 1.0 1.0 0.0 0.0 0.0 0.0 1.0 0.0 0.0 0.0 0.0 1.0 7.5 0.0 0.0 0.0 1.0 1.0 0.0 0.0 0.0 0.0 1.0 0.0 0.0 0.0 0.0 1.0 7.5 0.0 0.0 0.0 1.0 1.0 0.0 0.0 0.0 0.0 1.0 0.0 0.0 0.0 0.0 1.0 7.5 0.0 0.0 0.0 1.0 1.0 0.0 0.0 0.0 0.0 1.0 0.0 0.0 0.0 0.0 1.0 7.5 0.0 0.0 0.0 1.0 1.0 0.0 0.0 0.0 0.0 1.0 0.0 0.0 0.0 0.0 1.0 7.5 0.0 0.0 0.0 1.0 1.0 0.0 0.0 0.0 0.0 1.0 0.0 0.0 0.0 0.0 1.0 7.5 0.0 0.0 0.0 1.0 1.0 0.0 0.0 0.0 0.0 1.0 0.0 0.0 0.0 0.0 1.0 7.5 0.0 0.0 0.0 1.0 1.0 0.0 0.0 0.0 0.0 1.0 0.0 0.0 0.0 0.0 1.0 7.5 0.0 0.0 0.0 1.0 1.0 0.0 0.0 0.0 0.0 1.0 0.0 0.0 0.0 0.0 1.0 7.5 0.0 0.0 0.0 1.0 1.0 0.0 0.0 0.0 0.0 1.0 0.0 0.0 0.0 0.0 1.0 7.5 0.0 0.0 0.0 1.0 1.0 0.0 0.0 0.0 0.0 1.0 0.0 0.0 0.0 0.0 1.0 7.5 0.0 0.0 0.0 1.0 1.0 0.0 0.0 0.0 0.0 1.0 0.0 0.0 0.0 0.0 1.0 7.5 0.0 0.0 0.0 1.0 1.0 0.0 0.0 0.0 0.0 1.0 0.0 0.0 0.0 0.0 1.0 7.5 0.0 0.0 0.0 1.0 1.0 0.0 0.0 0.0 0.0 1.0 0.0 0.0 0.0 0.0 1.0 7.5 0.0 0.0 0.0 1.0 1.0 0.0 0.0 0.0 0.0 1.0 0.0 0.0 0.0 0.0 1.0 7.5 0.0 0.0 0.0 1.0 1.0 0.0 0.0 0.0 0.0 1.0 0.0 0.0 0.0 0.0 1.0 7.5 0.0 0.0 0.0 1.0 1.0 0.0 0.0 0.0 0.0 1.0 0.0 0.0 0.0 0.0 1.0 7.5 0.0 0.0 0.0 1.0 1.0 0.0 0.0 0.0 0.0 1.0 0.0 0.0 0.0 0.0 1.0 7.5 0.0 0.0 0.0 1.0 1.0 0.0 0.0 0.0 0.0 1.0 0.0 0.0 0.0 0.0 1.0 7.5 0.0 0.0 0.0 1.0 1.0 0.0 0.0 0.0 0.0 1.0 0.0 0.0 0.0 0.0 1.0 7.5 0.0 0.0 0.0 1.0 1.0 0.0 0.0 0.0 0.0 1.0 0.0 0.0 0.0 0.0 1.0 7.5 0.0 0.0 0.0 1.0 1.0 0.0 0.0 0.0 0.0 1.0 0.0 0.0 0.0 0.0 1.0 7.5 0.0 0.0 0.0 1.0 1.0 0.0 0.0 0.0 0.0 1.0 0.0 0.0 0.0 0.0 1.0 7.5 0.0 0.0 0.0 1.0 1.0 0.0 0.0 0.0 0.0 1.0 0.0 0.0 0.0 0.0 1.0 7.5 0.0 0.0 0.0 1.0 1.0 0.0 0.0 0.0 0.0 1.0 0.0 0.0 0.0 0.0 1.0 7.5 0.0 0.0 0.0 1.0 1.0 0.0 0.0 0.0 0.0 1.0 0.0 0.0 0.0 0.0 1.0 7.5 0.0 0.0 0.0 1.0 1.0 0.0 0.0 0.0 0.0 1.0 0.0 0.0 0.0 0.0 1.0 7.5 0.0 0.0 0.0 1.0 1.0 0.0 0.0 0.0 0.0 1.0 0.0 0.0 0.0 0.0 1.0 7.5 0.0 0.0 0.0 1.0 1.0 0.0 0.0 0.0 0.0 1.0 0.0 0.0 0.0 0.0 1.0 7.5 0.0 0.0 0.0 1.0 1.0 0.0 0.0 0.0 0.0 1.0 0.0 0.0 0.0 0.0 1.0 7.5 0.0 0.0 0.0 1.0 1.0 0.0 0.0 0.0 0.0 1.0 0.0 0.0 0.0 0.0 1.0 7.5 0.0 0.0 0.0 1.0 1.0 0.0 0.0 0.0 0.0 1.0 0.0 0.0 0.0 0.0 1.0 7.5 0.0 0.0 0.0 1.0 1.0 0.0 0.0 0.0 0.0 1.0 0.0 0.0 0.0 0.0 1.0 7.5 0.0 0.0 0.0 1.0 1.0 0.0 0.0 0.0 0.0 1.0 0.0 0.0 0.0 0.0 1.0 7.5 0.0 0.0 0.0 1.0 1.0 0.0 0.0 0.0 0.0 1.0 0.0 0.0 0.0 0.0 1.0 7.5 0.0 0.0 0.0 1.0 1.0 0.0 0.0 0.0 0.0 1.0 0.0 0.0 0.0 0.0 1.0 7.5 0.0 0.0 0.0 1.0 1.0 0.0 0.0 0.0 0.0 1.0 0.0 0.0 0.0 0.0 1.0 7.5 0.0 0.0 0.0 1.0 1.0 0.0 0.0 0.0 0.0 1.0 0.0 0.0 0.0 0.0 1.0 7.5 0.0 0.0 0.0 1.0 1.0 0.0 0.0 0.0 0.0 1.0 0.0 0.0 0.0 0.0 1.0 7.5 0.0 0.0 0.0 1.0 1.0 0.0 0.0 0.0 0.0 1.0 0.0 0.0 0.0 0.0 1.0 7.5 0.0 0.0 0.0 1.0 1.0 0.0 0.0 0.0 0.0 1.0 0.0 0.0 0.0 0.0 1.0 7.5 0.0 0.0 0.0 1.0 1.0 0.0 0.0 0.0 0.0 1.0 0.0 0.0 0.0 0.0 1.0 7.5 0.0 0.0 0.0 1.0 </float_array>
          <technique_common>
            <accessor count="55" source="#head-local-anim-outSource-local-array" stride="16">
              <param type="float4x4"/>
            </accessor>
          </technique_common>
        </source>
        <sampler id="head-local-anim-localSampler">
          <input semantic="INPUT" source="#head-local-anim-inSource-TIME"/>
          <input semantic="OUTPUT" source="#head-local-anim-outSource-local"/>
          <input semantic="INTERPOLATION" source="#head-local-anim-interpolation"/>
        </sampler>
        <channel source="#head-local-anim-localSampler" target="head-local/matrix"/>
      </animation>
    </animation>
    <animation id="jaw-global-anim" name="jaw-global-anim">
      <animation>
        <source id="jaw-global-anim-inSource-TIME">
          <float_array count="55" id="jaw-global-anim-inSource-TIME-array">0.0 0.041666668 0.083333336 0.125 0.16666667 0.20833333 0.25 0.29166666 0.33333334 0.375 0.41666666 0.45833334 0.5 0.5416667 0.5833333 0.625 0.6666667 0.7083333 0.75 0.7916667 0.8333333 0.875 0.9166667 0.9583333 1.0 1.0416666 1.0833334 1.125 1.1666666 1.2083334 1.25 1.2916666 1.3333334 1.375 1.4166666 1.4583334 1.5 1.5416666 1.5833334 1.625 1.6666666 1.7083334 1.75 1.7916666 1.8333334 1.875 1.9166666 1.9583334 2.0 2.0416667 2.0833333 2.125 2.1666667 2.2083333 2.25 </float_array>
          <technique_common>
            <accessor count="55" source="#jaw-global-anim-inSource-TIME-array">
              <param name="TIME" type="float"/>
            </accessor>
          </technique_common>
        </source>
        <source id="jaw-global-anim-interpolation">
          <Name_array count="55" id="jaw-global-anim-interpolation-array">LINEAR LINEAR LINEAR LINEAR LINEAR LINEAR LINEAR LINEAR LINEAR LINEAR LINEAR LINEAR LINEAR LINEAR LINEAR LINEAR LINEAR LINEAR LINEAR LINEAR LINEAR LINEAR LINEAR LINEAR LINEAR LINEAR LINEAR LINEAR LINEAR LINEAR LINEAR LINEAR LINEAR LINEAR LINEAR LINEAR LINEAR LINEAR LINEAR LINEAR LINEAR LINEAR LINEAR LINEAR LINEAR LINEAR LINEAR LINEAR LINEAR LINEAR LINEAR LINEAR LINEAR LINEAR LINEAR </Name_array>
          <technique_common>
            <accessor count="55" source="#jaw-global-anim-interpolation-array">
              <param type="name"/>
            </accessor>
          </technique_common>
        </source>
        <source id="jaw-global-anim-outSource-global">
          <float_array count="880" id="jaw-global-anim-outSource-global-array">1.0 0.0 0.0 0.0 0.0 1.0 0.0 -1.165127 0.0 0.0 1.0 7.680046 0.0 0.0 0.0 1.0 1.0000002 0.0 0.0 0.0 0.0 0.98938614 -0.14531179 -1.165127 0.0 0.14531179 0.98938614 7.680046 0.0 0.0 0.0 1.0 1.0 0.0 0.0 0.0 0.0 0.9577689 -0.28753883 -1.165127 0.0 0.28753883 0.9577689 7.680046 0.0 0.0 0.0 1.0 1.0000001 0.0 0.0 0.0 0.0 0.9058205 -0.42366207 -1.165127 0.0 0.42366207 0.9058205 7.680046 0.0 0.0 0.0 1.0 1.0 0.0 0.0 0.0 0.0 0.83464277 -0.5507916 -1.165127 0.0 0.5507916 0.83464277 7.680046 0.0 0.0 0.0 1.0 1.0 0.0 0.0 0.0 0.0 0.89308053 -0.44989693 -1.165127 0.0 0.44989693 0.89308053 7.680046 0.0 0.0 0.0 1.0 1.0000002 0.0 0.0 0.0 0.0 0.93937725 -0.34288606 -1.165127 0.0 0.34288606 0.93937725 7.680046 0.0 0.0 0.0 1.0 1.0000002 0.0 0.0 0.0 0.0 0.9729032 -0.23121367 -1.165127 0.0 0.23121367 0.9729032 7.680046 0.0 0.0 0.0 1.0 1.0000001 0.0 0.0 0.0 0.0 0.99320275 -0.11639807 -1.165127 0.0 0.11639807 0.99320275 7.680046 0.0 0.0 0.0 1.0 1.0 0.0 0.0 0.0 0.0 1.0 0.0 -1.165127 0.0 0.0 1.0 7.680046 0.0 0.0 0.0 1.0 1.0 0.0 0.0 0.0 0.0 0.99956465 -0.029505063 -1.165127 0.0 0.029505063 0.99956465 7.680046 0.0 0.0 0.0 1.0 1.0 0.0 0.0 0.0 0.0 0.99825895 -0.058984436 -1.165127 0.0 0.058984436 0.99825895 7.680046 0.0 0.0 0.0 1.0 1.0 0.0 0.0 0.0 0.0 0.996084 -0.08841245 -1.165127 0.0 0.08841245 0.996084 7.680046 0.0 0.0 0.0 1.0 1.0 0.0 0.0 0.0 0.0 0.99304163 -0.117763475 -1.165127 0.0 0.117763475 0.99304163 7.680046 0.0 0.0 0.0 1.0 1.0 0.0 0.0 0.0 0.0 0.9891347 -0.14701198 -1.165127 0.0 0.14701198 0.9891347 7.680046 0.0 0.0 0.0 1.0 1.0 0.0 0.0 0.0 0.0 0.98436654 -0.17613244 -1.165127 0.0 0.17613244 0.98436654 7.680046 0.0 0.0 0.0 1.0 1.0 0.0 0.0 0.0 0.0 0.97874117 -0.20509954 -1.165127 0.0 0.20509954 0.97874117 7.680046 0.0 0.0 0.0 1.0 1.0000001 0.0 0.0 0.0 0.0 0.9722637 -0.2338881 -1.165127 0.0 0.2338881 0.9722637 7.680046 0.0 0.0 0.0 1.0 1.0000001 0.0 0.0 0.0 0.0 0.9649395 -0.26247302 -1.165127 0.0 0.26247302 0.9649395 7.680046 0.0 0.0 0.0 1.0 1.0000001 0.0 0.0 0.0 0.0 0.9567751 -0.29082933 -1.165127 0.0 0.29082933 0.9567751 7.680046 0.0 0.0 0.0 1.0 1.0000001 0.0 0.0 0.0 0.0 0.9477776 -0.31893238 -1.165127 0.0 0.31893238 0.9477776 7.680046 0.0 0.0 0.0 1.0 1.0000002 0.0 0.0 0.0 0.0 0.9379549 -0.3467578 -1.165127 0.0 0.3467578 0.9379549 7.680046 0.0 0.0 0.0 1.0 1.0000001 0.0 0.0 0.0 0.0 0.9273154 -0.3742812 -1.165127 0.0 0.3742812 0.9273154 7.680046 0.0 0.0 0.0 1.0 1.0000002 0.0 0.0 0.0 0.0 0.9158685 -0.4014788 -1.165127 0.0 0.4014788 0.9158685 7.680046 0.0 0.0 0.0 1.0 1.0000001 0.0 0.0 0.0 0.0 0.90362406 -0.4283268 -1.165127 0.0 0.4283268 0.90362406 7.680046 0.0 0.0 0.0 1.0 1.0 0.0 0.0 0.0 0.0 0.8905927 -0.45480168 -1.165127 0.0 0.45480168 0.8905927 7.680046 0.0 0.0 0.0 1.0 1.0 0.0 0.0 0.0 0.0 0.87678605 -0.4808807 -1.165127 0.0 0.4808807 0.87678605 7.680046 0.0 0.0 0.0 1.0 1.0 0.0 0.0 0.0 0.0 0.8622159 -0.506541 -1.165127 0.0 0.506541 0.8622159 7.680046 0.0 0.0 0.0 1.0 1.0 0.0 0.0 0.0 0.0 0.846895 -0.5317602 -1.165127 0.0 0.5317602 0.846895 7.680046 0.0 0.0 0.0 1.0 1.0000001 0.0 0.0 0.0 0.0 0.8308368 -0.55651647 -1.165127 0.0 0.55651647 0.8308368 7.680046 0.0 0.0 0.0 1.0 1.0 0.0 0.0 0.0 0.0 0.81405485 -0.5807879 -1.165127 0.0 0.5807879 0.81405485 7.680046 0.0 0.0 0.0 1.0 1.0000001 0.0 0.0 0.0 0.0 0.79656434 -0.6045539 -1.165127 0.0 0.6045539 0.79656434 7.680046 0.0 0.0 0.0 1.0 1.0 0.0 0.0 0.0 0.0 0.77838004 -0.6277933 -1.165127 0.0 0.6277933 0.77838004 7.680046 0.0 0.0 0.0 1.0 1.0 0.0 0.0 0.0 0.0 0.75951815 -0.6504861 -1.165127 0.0 0.6504861 0.75951815 7.680046 0.0 0.0 0.0 1.0 1.0 0.0 0.0 0.0 0.0 0.73999476 -0.67261255 -1.165127 0.0 0.67261255 0.73999476 7.680046 0.0 0.0 0.0 1.0 1.0 0.0 0.0 0.0 0.0 0.73999476 -0.6726126 -1.165127 0.0 0.6726126 0.73999476 7.680046 0.0 0.0 0.0 1.0 1.0000001 0.0 0.0 0.0 0.0 0.7399949 -0.67261267 -1.165127 0.0 0.67261267 0.7399949 7.680046 0.0 0.0 0.0 1.0 1.0 0.0 0.0 0.0 0.0 0.73999476 -0.67261255 -1.165127 0.0 0.67261255 0.73999476 7.680046 0.0 0.0 0.0 1.0 1.0 0.0 0.0 0.0 0.0 0.73999476 -0.6726126 -1.165127 0.0 0.6726126 0.73999476 7.680046 0.0 0.0 0.0 1.0 1.0 0.0 0.0 0.0 0.0 0.73999476 -0.67261255 -1.165127 0.0 0.67261255 0.73999476 7.680046 0.0 0.0 0.0 1.0 1.0 0.0 0.0 0.0 0.0 0.8814737 -0.47223315 -1.165127 0.0 0.47223315 0.8814737 7.680046 0.0 0.0 0.0 1.0 1.0 0.0 0.0 0.0 0.0 0.96991587 -0.24344026 -1.165127 0.0 0.24344026 0.96991587 7.680046 0.0 0.0 0.0 1.0 1.0 0.0 0.0 0.0 0.0 1.0 0.0 -1.165127 0.0 0.0 1.0 7.680046 0.0 0.0 0.0 1.0 1.0 0.0 0.0 0.0 0.0 1.0 0.0 -1.165127 0.0 0.0 1.0 7.680046 0.0 0.0 0.0 1.0 1.0 0.0 0.0 0.0 0.0 1.0 0.0 -1.165127 0.0 0.0 1.0 7.680046 0.0 0.0 0.0 1.0 1.0 0.0 0.0 0.0 0.0 1.0 0.0 -1.165127 0.0 0.0 1.0 7.680046 0.0 0.0 0.0 1.0 1.0 0.0 0.0 0.0 0.0 1.0 0.0 -1.165127 0.0 0.0 1.0 7.680046 0.0 0.0 0.0 1.0 1.0 0.0 0.0 0.0 0.0 1.0 0.0 -1.165127 0.0 0.0 1.0 7.680046 0.0 0.0 0.0 1.0 1.0 0.0 0.0 0.0 0.0 1.0 0.0 -1.165127 0.0 0.0 1.0 7.680046 0.0 0.0 0.0 1.0 1.0 0.0 0.0 0.0 0.0 1.0 0.0 -1.165127 0.0 0.0 1.0 7.680046 0.0 0.0 0.0 1.0 1.0 0.0 0.0 0.0 0.0 1.0 0.0 -1.165127 0.0 0.0 1.0 7.680046 0.0 0.0 0.0 1.0 1.0 0.0 0.0 0.0 0.0 1.0 0.0 -1.165127 0.0 0.0 1.0 7.680046 0.0 0.0 0.0 1.0 1.0 0.0 0.0 0.0 0.0 1.0 0.0 -1.165127 0.0 0.0 1.0 7.680046 0.0 0.0 0.0 1.0 1.0 0.0 0.0 0.0 0.0 1.0 0.0 -1.165127 0.0 0.0 1.0 7.680046 0.0 0.0 0.0 1.0 1.0 0.0 0.0 0.0 0.0 1.0 0.0 -1.165127 0.0 0.0 1.0 7.680046 0.0 0.0 0.0 1.0 </float_array>
          <technique_common>
            <accessor count="55" source="#jaw-global-anim-outSource-global-array" stride="16">
              <param type="float4x4"/>
            </accessor>
          </technique_common>
        </source>
        <sampler id="jaw-global-anim-globalSampler">
          <input semantic="INPUT" source="#jaw-global-anim-inSource-TIME"/>
          <input semantic="OUTPUT" source="#jaw-global-anim-outSource-global"/>
          <input semantic="INTERPOLATION" source="#jaw-global-anim-interpolation"/>
        </sampler>
        <channel source="#jaw-global-anim-globalSampler" target="jaw-global/matrix"/>
      </animation>
    </animation>
    <animation id="jaw-local-anim" name="jaw-local-anim">
      <animation>
        <source id="jaw-local-anim-inSource-TIME">
          <float_array count="55" id="jaw-local-anim-inSource-TIME-array">0.0 0.041666668 0.083333336 0.125 0.16666667 0.20833333 0.25 0.29166666 0.33333334 0.375 0.41666666 0.45833334 0.5 0.5416667 0.5833333 0.625 0.6666667 0.7083333 0.75 0.7916667 0.8333333 0.875 0.9166667 0.9583333 1.0 1.0416666 1.0833334 1.125 1.1666666 1.2083334 1.25 1.2916666 1.3333334 1.375 1.4166666 1.4583334 1.5 1.5416666 1.5833334 1.625 1.6666666 1.7083334 1.75 1.7916666 1.8333334 1.875 1.9166666 1.9583334 2.0 2.0416667 2.0833333 2.125 2.1666667 2.2083333 2.25 </float_array>
          <technique_common>
            <accessor count="55" source="#jaw-local-anim-inSource-TIME-array">
              <param name="TIME" type="float"/>
            </accessor>
          </technique_common>
        </source>
        <source id="jaw-local-anim-interpolation">
          <Name_array count="55" id="jaw-local-anim-interpolation-array">LINEAR LINEAR LINEAR LINEAR LINEAR LINEAR LINEAR LINEAR LINEAR LINEAR LINEAR LINEAR LINEAR LINEAR LINEAR LINEAR LINEAR LINEAR LINEAR LINEAR LINEAR LINEAR LINEAR LINEAR LINEAR LINEAR LINEAR LINEAR LINEAR LINEAR LINEAR LINEAR LINEAR LINEAR LINEAR LINEAR LINEAR LINEAR LINEAR LINEAR LINEAR LINEAR LINEAR LINEAR LINEAR LINEAR LINEAR LINEAR LINEAR LINEAR LINEAR LINEAR LINEAR LINEAR LINEAR </Name_array>
          <technique_common>
            <accessor count="55" source="#jaw-local-anim-interpolation-array">
              <param type="name"/>
            </accessor>
          </technique_common>
        </source>
        <source id="jaw-local-anim-outSource-local">
          <float_array count="880" id="jaw-local-anim-outSource-local-array">1.0 0.0 0.0 0.0 0.0 1.0 0.0 -1.0 0.0 0.0 1.0 3.5 0.0 0.0 0.0 1.0 1.0 0.0 0.0 0.0 0.0 1.0 0.0 -1.0 0.0 0.0 1.0 3.5 0.0 0.0 0.0 1.0 1.0 0.0 0.0 0.0 0.0 1.0 0.0 -1.0 0.0 0.0 1.0 3.5 0.0 0.0 0.0 1.0 1.0 0.0 0.0 0.0 0.0 1.0 0.0 -1.0 0.0 0.0 1.0 3.5 0.0 0.0 0.0 1.0 1.0 0.0 0.0 0.0 0.0 1.0 0.0 -1.0 0.0 0.0 1.0 3.5 0.0 0.0 0.0 1.0 1.0 0.0 0.0 0.0 0.0 1.0 0.0 -1.0 0.0 0.0 1.0 3.5 0.0 0.0 0.0 1.0 1.0 0.0 0.0 0.0 0.0 1.0 0.0 -1.0 0.0 0.0 1.0 3.5 0.0 0.0 0.0 1.0 1.0 0.0 0.0 0.0 0.0 1.0 0.0 -1.0 0.0 0.0 1.0 3.5 0.0 0.0 0.0 1.0 1.0 0.0 0.0 0.0 0.0 1.0 0.0 -1.0 0.0 0.0 1.0 3.5 0.0 0.0 0.0 1.0 1.0 0.0 0.0 0.0 0.0 1.0 0.0 -1.0 0.0 0.0 1.0 3.5 0.0 0.0 0.0 1.0 1.0 0.0 0.0 0.0 0.0 1.0 0.0 -1.0 0.0 0.0 1.0 3.5 0.0 0.0 0.0 1.0 1.0 0.0 0.0 0.0 0.0 1.0 0.0 -1.0 0.0 0.0 1.0 3.5 0.0 0.0 0.0 1.0 1.0 0.0 0.0 0.0 0.0 1.0 0.0 -1.0 0.0 0.0 1.0 3.5 0.0 0.0 0.0 1.0 1.0 0.0 0.0 0.0 0.0 1.0 0.0 -1.0 0.0 0.0 1.0 3.5 0.0 0.0 0.0 1.0 1.0 0.0 0.0 0.0 0.0 1.0 0.0 -1.0 0.0 0.0 1.0 3.5 0.0 0.0 0.0 1.0 1.0 0.0 0.0 0.0 0.0 1.0 0.0 -1.0 0.0 0.0 1.0 3.5 0.0 0.0 0.0 1.0 1.0 0.0 0.0 0.0 0.0 1.0 0.0 -1.0 0.0 0.0 1.0 3.5 0.0 0.0 0.0 1.0 1.0 0.0 0.0 0.0 0.0 1.0 0.0 -1.0 0.0 0.0 1.0 3.5 0.0 0.0 0.0 1.0 1.0 0.0 0.0 0.0 0.0 1.0 0.0 -1.0 0.0 0.0 1.0 3.5 0.0 0.0 0.0 1.0 1.0 0.0 0.0 0.0 0.0 1.0 0.0 -1.0 0.0 0.0 1.0 3.5 0.0 0.0 0.0 1.0 1.0 0.0 0.0 0.0 0.0 1.0 0.0 -1.0 0.0 0.0 1.0 3.5 0.0 0.0 0.0 1.0 1.0 0.0 0.0 0.0 0.0 1.0 0.0 -1.0 0.0 0.0 1.0 3.5 0.0 0.0 0.0 1.0 1.0 0.0 0.0 0.0 0.0 1.0 0.0 -1.0 0.0 0.0 1.0 3.5 0.0 0.0 0.0 1.0 1.0 0.0 0.0 0.0 0.0 1.0 0.0 -1.0 0.0 0.0 1.0 3.5 0.0 0.0 0.0 1.0 1.0 0.0 0.0 0.0 0.0 1.0 0.0 -1.0 0.0 0.0 1.0 3.5 0.0 0.0 0.0 1.0 1.0 0.0 0.0 0.0 0.0 1.0 0.0 -1.0 0.0 0.0 1.0 3.5 0.0 0.0 0.0 1.0 1.0 0.0 0.0 0.0 0.0 1.0 0.0 -1.0 0.0 0.0 1.0 3.5 0.0 0.0 0.0 1.0 1.0 0.0 0.0 0.0 0.0 1.0 0.0 -1.0 0.0 0.0 1.0 3.5 0.0 0.0 0.0 1.0 1.0 0.0 0.0 0.0 0.0 1.0 0.0 -1.0 0.0 0.0 1.0 3.5 0.0 0.0 0.0 1.0 1.0 0.0 0.0 0.0 0.0 1.0 0.0 -1.0 0.0 0.0 1.0 3.5 0.0 0.0 0.0 1.0 1.0 0.0 0.0 0.0 0.0 1.0 0.0 -1.0 0.0 0.0 1.0 3.5 0.0 0.0 0.0 1.0 1.0 0.0 0.0 0.0 0.0 1.0 0.0 -1.0 0.0 0.0 1.0 3.5 0.0 0.0 0.0 1.0 1.0 0.0 0.0 0.0 0.0 1.0 0.0 -1.0 0.0 0.0 1.0 3.5 0.0 0.0 0.0 1.0 1.0 0.0 0.0 0.0 0.0 1.0 0.0 -1.0 0.0 0.0 1.0 3.5 0.0 0.0 0.0 1.0 1.0 0.0 0.0 0.0 0.0 1.0 0.0 -1.0 0.0 0.0 1.0 3.5 0.0 0.0 0.0 1.0 1.0 0.0 0.0 0.0 0.0 1.0 0.0 -1.0 0.0 0.0 1.0 3.5 0.0 0.0 0.0 1.0 1.0 0.0 0.0 0.0 0.0 1.0 0.0 -1.0 0.0 0.0 1.0 3.5 0.0 0.0 0.0 1.0 1.0 0.0 0.0 0.0 0.0 1.0 0.0 -1.0 0.0 0.0 1.0 3.5 0.0 0.0 0.0 1.0 1.0 0.0 0.0 0.0 0.0 1.0 0.0 -1.0 0.0 0.0 1.0 3.5 0.0 0.0 0.0 1.0 1.0 0.0 0.0 0.0 0.0 1.0 0.0 -1.0 0.0 0.0 1.0 3.5 0.0 0.0 0.0 1.0 1.0 0.0 0.0 0.0 0.0 1.0 0.0 -1.0 0.0 0.0 1.0 3.5 0.0 0.0 0.0 1.0 1.0 0.0 0.0 0.0 0.0 1.0 0.0 -1.0 0.0 0.0 1.0 3.5 0.0 0.0 0.0 1.0 1.0 0.0 0.0 0.0 0.0 1.0 0.0 -1.0 0.0 0.0 1.0 3.5 0.0 0.0 0.0 1.0 1.0 0.0 0.0 0.0 0.0 1.0 0.0 -1.0 0.0 0.0 1.0 3.5 0.0 0.0 0.0 1.0 1.0 0.0 0.0 0.0 0.0 1.0 0.0 -1.0 0.0 0.0 1.0 3.5 0.0 0.0 0.0 1.0 1.0 0.0 0.0 0.0 0.0 1.0 0.0 -1.0 0.0 0.0 1.0 3.5 0.0 0.0 0.0 1.0 1.0 0.0 0.0 0.0 0.0 1.0 0.0 -1.0 0.0 0.0 1.0 3.5 0.0 0.0 0.0 1.0 1.0 0.0 0.0 0.0 0.0 1.0 0.0 -1.0 0.0 0.0 1.0 3.5 0.0 0.0 0.0 1.0 1.0 0.0 0.0 0.0 0.0 1.0 0.0 -1.0 0.0 0.0 1.0 3.5 0.0 0.0 0.0 1.0 1.0 0.0 0.0 0.0 0.0 1.0 0.0 -1.0 0.0 0.0 1.0 3.5 0.0 0.0 0.0 1.0 1.0 0.0 0.0 0.0 0.0 1.0 0.0 -1.0 0.0 0.0 1.0 3.5 0.0 0.0 0.0 1.0 1.0 0.0 0.0 0.0 0.0 1.0 0.0 -1.0 0.0 0.0 1.0 3.5 0.0 0.0 0.0 1.0 1.0 0.0 0.0 0.0 0.0 1.0 0.0 -1.0 0.0 0.0 1.0 3.5 0.0 0.0 0.0 1.0 1.0 0.0 0.0 0.0 0.0 1.0 0.0 -1.0 0.0 0.0 1.0 3.5 0.0 0.0 0.0 1.0 1.0 0.0 0.0 0.0 0.0 1.0 0.0 -1.0 0.0 0.0 1.0 3.5 0.0 0.0 0.0 1.0 </float_array>
          <technique_common>
            <accessor count="55" source="#jaw-local-anim-outSource-local-array" stride="16">
              <param type="float4x4"/>
            </accessor>
          </technique_common>
        </source>
        <sampler id="jaw-local-anim-localSampler">
          <input semantic="INPUT" source="#jaw-local-anim-inSource-TIME"/>
          <input semantic="OUTPUT" source="#jaw-local-anim-outSource-local"/>
          <input semantic="INTERPOLATION" source="#jaw-local-anim-interpolation"/>
        </sampler>
        <channel source="#jaw-local-anim-localSampler" target="jaw-local/matrix"/>
      </animation>
    </animation>
    <animation id="neck1-global-anim" name="neck1-global-anim">
      <animation>
        <source id="neck1-global-anim-inSource-TIME">
          <float_array count="55" id="neck1-global-anim-inSource-TIME-array">0.0 0.041666668 0.083333336 0.125 0.16666667 0.20833333 0.25 0.29166666 0.33333334 0.375 0.41666666 0.45833334 0.5 0.5416667 0.5833333 0.625 0.6666667 0.7083333 0.75 0.7916667 0.8333333 0.875 0.9166667 0.9583333 1.0 1.0416666 1.0833334 1.125 1.1666666 1.2083334 1.25 1.2916666 1.3333334 1.375 1.4166666 1.4583334 1.5 1.5416666 1.5833334 1.625 1.6666666 1.7083334 1.75 1.7916666 1.8333334 1.875 1.9166666 1.9583334 2.0 2.0416667 2.0833333 2.125 2.1666667 2.2083333 2.25 </float_array>
          <technique_common>
            <accessor count="55" source="#neck1-global-anim-inSource-TIME-array">
              <param name="TIME" type="float"/>
            </accessor>
          </technique_common>
        </source>
        <source id="neck1-global-anim-interpolation">
          <Name_array count="55" id="neck1-global-anim-interpolation-array">LINEAR LINEAR LINEAR LINEAR LINEAR LINEAR LINEAR LINEAR LINEAR LINEAR LINEAR LINEAR LINEAR LINEAR LINEAR LINEAR LINEAR LINEAR LINEAR LINEAR LINEAR LINEAR LINEAR LINEAR LINEAR LINEAR LINEAR LINEAR LINEAR LINEAR LINEAR LINEAR LINEAR LINEAR LINEAR LINEAR LINEAR LINEAR LINEAR LINEAR LINEAR LINEAR LINEAR LINEAR LINEAR LINEAR LINEAR LINEAR LINEAR LINEAR LINEAR LINEAR LINEAR LINEAR LINEAR </Name_array>
          <technique_common>
            <accessor count="55" source="#neck1-global-anim-interpolation-array">
              <param type="name"/>
            </accessor>
          </technique_common>
        </source>
        <source id="neck1-global-anim-outSource-global">
          <float_array count="880" id="neck1-global-anim-outSource-global-array">0.88423795 0.07243125 -0.46138588 0.0 1.1175871E-8 0.98790085 0.15508687 0.0 0.46703663 -0.13713372 0.8735394 0.0 0.0 0.0 0.0 1.0 0.8842381 0.07705478 -0.46063635 0.0 7.4505806E-9 0.98629594 0.16498661 0.0 0.4670367 -0.14588743 0.8721203 0.0 0.0 0.0 0.0 1.0 0.884238 0.08167056 -0.45984042 0.0 1.4901161E-8 0.98459166 0.17486972 0.0 0.46703672 -0.15462646 0.8706133 0.0 0.0 0.0 0.0 1.0 0.884238 0.08627811 -0.45899817 0.0 1.1175871E-8 0.9827883 0.18473522 0.0 0.46703663 -0.16334991 0.8690188 0.0 0.0 0.0 0.0 1.0 0.88423806 0.09087701 -0.45810992 0.0 1.1175871E-8 0.98088634 0.19458218 0.0 0.46703672 -0.17205696 0.8673369 0.0 0.0 0.0 0.0 1.0 0.88423795 0.095466726 -0.45717537 0.0 7.4505806E-9 0.9788855 0.20440952 0.0 0.4670366 -0.18074666 0.8655677 0.0 0.0 0.0 0.0 1.0 0.8842381 0.10004689 -0.45619512 0.0 1.8626451E-8 0.97678643 0.21421638 0.0 0.46703678 -0.18941826 0.86371166 0.0 0.0 0.0 0.0 1.0 0.884238 0.10461694 -0.45516872 0.0 1.4901161E-8 0.9745888 0.2240016 0.0 0.46703666 -0.19807072 0.8617685 0.0 0.0 0.0 0.0 1.0 0.884238 0.1091765 -0.45409665 0.0 1.1175871E-8 0.9722934 0.23376432 0.0 0.4670367 -0.2067033 0.8597387 0.0 0.0 0.0 0.0 1.0 0.8842382 0.11372508 -0.45297894 0.0 7.4505806E-9 0.96990025 0.24350357 0.0 0.46703675 -0.2153151 0.8576226 0.0 0.0 0.0 0.0 1.0 0.88423795 0.1182622 -0.45181555 0.0 1.4901161E-8 0.96740913 0.25321826 0.0 0.46703666 -0.2239052 0.8554199 0.0 0.0 0.0 0.0 1.0 0.88423795 0.12278743 -0.45060676 0.0 1.4901161E-8 0.96482104 0.26290753 0.0 0.4670366 -0.23247282 0.8531314 0.0 0.0 0.0 0.0 1.0 0.8842379 0.12730032 -0.4493527 0.0 2.2351742E-8 0.9621358 0.27257034 0.0 0.46703663 -0.24101706 0.850757 0.0 0.0 0.0 0.0 1.0 0.88423806 0.13180043 -0.44805354 0.0 1.4901161E-8 0.95935404 0.28220576 0.0 0.46703672 -0.24953705 0.84829724 0.0 0.0 0.0 0.0 1.0 0.8842382 0.13628727 -0.4467092 0.0 7.4505806E-9 0.9564757 0.2918128 0.0 0.46703675 -0.258032 0.8457521 0.0 0.0 0.0 0.0 1.0 0.8842381 0.14076038 -0.44531992 0.0 1.4901161E-8 0.95350105 0.30139047 0.0 0.46703675 -0.2665009 0.8431218 0.0 0.0 0.0 0.0 1.0 0.884238 0.14521933 -0.44388577 0.0 1.4901161E-8 0.9504303 0.31093776 0.0 0.46703663 -0.274943 0.84040654 0.0 0.0 0.0 0.0 1.0 0.8842382 0.14966372 -0.44240716 0.0 2.2351742E-8 0.9472644 0.3204539 0.0 0.46703675 -0.28335753 0.8376071 0.0 0.0 0.0 0.0 1.0 0.8842381 0.154093 -0.44088393 0.0 1.4901161E-8 0.94400287 0.32993773 0.0 0.46703672 -0.2917435 0.8347232 0.0 0.0 0.0 0.0 1.0 0.88423806 0.15850681 -0.4393164 0.0 2.2351742E-8 0.94064647 0.3393884 0.0 0.46703672 -0.30010012 0.83175534 0.0 0.0 0.0 0.0 1.0 0.884238 0.16290465 -0.4377046 0.0 2.2351742E-8 0.9371954 0.34880486 0.0 0.46703663 -0.30842653 0.82870376 0.0 0.0 0.0 0.0 1.0 0.88423806 0.17086336 -0.43465963 0.0 2.2351742E-8 0.9306756 0.36584577 0.0 0.4670367 -0.3234947 0.8229387 0.0 0.0 0.0 0.0 1.0 0.88423795 0.17876518 -0.43146983 0.0 7.4505806E-9 0.9238458 0.3827648 0.0 0.46703663 -0.33845517 0.81689954 0.0 0.0 0.0 0.0 1.0 0.884238 0.1866075 -0.42813653 0.0 1.4901161E-8 0.91670865 0.39955646 0.0 0.46703666 -0.35330302 0.8105886 0.0 0.0 0.0 0.0 1.0 0.88423806 0.19438767 -0.42466068 0.0 2.2351742E-8 0.9092663 0.4162151 0.0 0.46703666 -0.3680332 0.80400777 0.0 0.0 0.0 0.0 1.0 0.88423795 0.20210317 -0.42104343 0.0 2.9802322E-8 0.9015211 0.43273517 0.0 0.4670367 -0.38264087 0.79715914 0.0 0.0 0.0 0.0 1.0 0.88423806 0.20975143 -0.41728604 0.0 2.2351742E-8 0.89347595 0.44911128 0.0 0.46703672 -0.39712125 0.7900454 0.0 0.0 0.0 0.0 1.0 0.88423795 0.21732974 -0.41338965 0.0 2.9802322E-8 0.88513315 0.4653377 0.0 0.46703663 -0.41146928 0.78266835 0.0 0.0 0.0 0.0 1.0 0.884238 0.22483578 -0.40935576 0.0 2.2351742E-8 0.87649596 0.4814093 0.0 0.46703666 -0.4256804 0.775031 0.0 0.0 0.0 0.0 1.0 0.884238 0.23226696 -0.40518555 0.0 2.9802322E-8 0.8675669 0.49732065 0.0 0.4670367 -0.43974984 0.76713556 0.0 0.0 0.0 0.0 1.0 0.88423806 0.2396208 -0.4008804 0.0 2.2351742E-8 0.85834897 0.5130665 0.0 0.46703666 -0.45367286 0.75898474 0.0 0.0 0.0 0.0 1.0 0.88423795 0.24689491 -0.39644188 0.0 4.4703484E-8 0.84884524 0.52864146 0.0 0.46703666 -0.46744484 0.75058115 0.0 0.0 0.0 0.0 1.0 0.884238 0.2540868 -0.39187136 0.0 4.4703484E-8 0.83905905 0.54404044 0.0 0.4670367 -0.48106122 0.74192786 0.0 0.0 0.0 0.0 1.0 0.88423806 0.24427332 -0.39806268 0.0 2.9802322E-8 0.8523156 0.52302814 0.0 0.46703675 -0.46248135 0.7536498 0.0 0.0 0.0 0.0 1.0 0.884238 0.23430896 -0.40400812 0.0 2.2351742E-8 0.86504585 0.50169295 0.0 0.4670367 -0.44361594 0.76490635 0.0 0.0 0.0 0.0 1.0 0.884238 0.22420007 -0.4097043 0.0 3.7252903E-8 0.8772422 0.48004815 0.0 0.4670367 -0.42447683 0.77569085 0.0 0.0 0.0 0.0 1.0 0.884238 0.21395275 -0.41514757 0.0 2.2351742E-8 0.8888971 0.45810702 0.0 0.4670367 -0.40507564 0.78599656 0.0 0.0 0.0 0.0 1.0 0.8842381 0.2035734 -0.42033464 0.0 3.7252903E-8 0.9000035 0.4358832 0.0 0.46703678 -0.38542446 0.7958172 0.0 0.0 0.0 0.0 1.0 0.884238 0.19306833 -0.42526212 0.0 2.9802322E-8 0.91055405 0.41339016 0.0 0.4670367 -0.36553526 0.80514646 0.0 0.0 0.0 0.0 1.0 0.88423795 0.18244413 -0.4299272 0.0 2.9802322E-8 0.92054266 0.39064202 0.0 0.4670367 -0.3454205 0.81397873 0.0 0.0 0.0 0.0 1.0 0.88423795 0.17170732 -0.4343269 0.0 2.9802322E-8 0.9299631 0.3676528 0.0 0.46703666 -0.32509258 0.82230866 0.0 0.0 0.0 0.0 1.0 0.88423806 0.16086453 -0.4384586 0.0 3.7252903E-8 0.93880975 0.3444367 0.0 0.46703675 -0.304564 0.8301312 0.0 0.0 0.0 0.0 1.0 0.88423806 0.14992242 -0.4423195 0.0 2.9802322E-8 0.9470767 0.32100785 0.0 0.46703672 -0.28384733 0.83744115 0.0 0.0 0.0 0.0 1.0 0.884238 0.14360148 -0.44441184 0.0 2.2351742E-8 0.9515566 0.3074737 0.0 0.4670367 -0.27187994 0.84140253 0.0 0.0 0.0 0.0 1.0 0.884238 0.13725132 -0.44641387 0.0 2.2351742E-8 0.9558433 0.293877 0.0 0.46703666 -0.25985724 0.84519297 0.0 0.0 0.0 0.0 1.0 0.8842381 0.1308733 -0.44832522 0.0 2.2351742E-8 0.9599358 0.2802207 0.0 0.46703672 -0.24778177 0.8488117 0.0 0.0 0.0 0.0 1.0 0.88423795 0.12446866 -0.45014533 0.0 2.9802322E-8 0.9638329 0.2665073 0.0 0.4670367 -0.23565587 0.85225767 0.0 0.0 0.0 0.0 1.0 0.884238 0.11803873 -0.451874 0.0 1.4901161E-8 0.96753436 0.2527398 0.0 0.46703663 -0.22348213 0.8555306 0.0 0.0 0.0 0.0 1.0 0.8842381 0.11158483 -0.45351088 0.0 1.8626451E-8 0.9710392 0.23892096 0.0 0.46703672 -0.211263 0.8586297 0.0 0.0 0.0 0.0 1.0 0.88423806 0.10510822 -0.45505548 0.0 1.4901161E-8 0.9743465 0.2250535 0.0 0.46703666 -0.19900085 0.86155415 0.0 0.0 0.0 0.0 1.0 0.884238 0.09861027 -0.4565077 0.0 1.8626451E-8 0.97745585 0.21114032 0.0 0.4670367 -0.1866983 0.8643035 0.0 0.0 0.0 0.0 1.0 0.8842381 0.09209227 -0.45786718 0.0 1.4901161E-8 0.98036665 0.19718426 0.0 0.46703675 -0.17435783 0.8668774 0.0 0.0 0.0 0.0 1.0 0.88423795 0.08555552 -0.45913342 0.0 1.1175871E-8 0.9830779 0.18318807 0.0 0.46703663 -0.16198184 0.8692748 0.0 0.0 0.0 0.0 1.0 0.8842381 0.079001434 -0.46030653 0.0 7.4505806E-9 0.98558974 0.16915469 0.0 0.46703672 -0.14957301 0.87149584 0.0 0.0 0.0 0.0 1.0 0.88423795 0.07243125 -0.46138588 0.0 1.1175871E-8 0.98790085 0.15508687 0.0 0.46703663 -0.13713372 0.8735394 0.0 0.0 0.0 0.0 1.0 </float_array>
          <technique_common>
            <accessor count="55" source="#neck1-global-anim-outSource-global-array" stride="16">
              <param type="float4x4"/>
            </accessor>
          </technique_common>
        </source>
        <sampler id="neck1-global-anim-globalSampler">
          <input semantic="INPUT" source="#neck1-global-anim-inSource-TIME"/>
          <input semantic="OUTPUT" source="#neck1-global-anim-outSource-global"/>
          <input semantic="INTERPOLATION" source="#neck1-global-anim-interpolation"/>
        </sampler>
        <channel source="#neck1-global-anim-globalSampler" target="neck1-global/matrix"/>
      </animation>
    </animation>
    <animation id="neck1-local-anim" name="neck1-local-anim">
      <animation>
        <source id="neck1-local-anim-inSource-TIME">
          <float_array count="55" id="neck1-local-anim-inSource-TIME-array">0.0 0.041666668 0.083333336 0.125 0.16666667 0.20833333 0.25 0.29166666 0.33333334 0.375 0.41666666 0.45833334 0.5 0.5416667 0.5833333 0.625 0.6666667 0.7083333 0.75 0.7916667 0.8333333 0.875 0.9166667 0.9583333 1.0 1.0416666 1.0833334 1.125 1.1666666 1.2083334 1.25 1.2916666 1.3333334 1.375 1.4166666 1.4583334 1.5 1.5416666 1.5833334 1.625 1.6666666 1.7083334 1.75 1.7916666 1.8333334 1.875 1.9166666 1.9583334 2.0 2.0416667 2.0833333 2.125 2.1666667 2.2083333 2.25 </float_array>
          <technique_common>
            <accessor count="55" source="#neck1-local-anim-inSource-TIME-array">
              <param name="TIME" type="float"/>
            </accessor>
          </technique_common>
        </source>
        <source id="neck1-local-anim-interpolation">
          <Name_array count="55" id="neck1-local-anim-interpolation-array">LINEAR LINEAR LINEAR LINEAR LINEAR LINEAR LINEAR LINEAR LINEAR LINEAR LINEAR LINEAR LINEAR LINEAR LINEAR LINEAR LINEAR LINEAR LINEAR LINEAR LINEAR LINEAR LINEAR LINEAR LINEAR LINEAR LINEAR LINEAR LINEAR LINEAR LINEAR LINEAR LINEAR LINEAR LINEAR LINEAR LINEAR LINEAR LINEAR LINEAR LINEAR LINEAR LINEAR LINEAR LINEAR LINEAR LINEAR LINEAR LINEAR LINEAR LINEAR LINEAR LINEAR LINEAR LINEAR </Name_array>
          <technique_common>
            <accessor count="55" source="#neck1-local-anim-interpolation-array">
              <param type="name"/>
            </accessor>
          </technique_common>
        </source>
        <source id="neck1-local-anim-outSource-local">
          <float_array count="880" id="neck1-local-anim-outSource-local-array">1.0 0.0 0.0 0.0 0.0 1.0 0.0 0.49999997 0.0 0.0 1.0 -7.5004683 0.0 0.0 0.0 1.0 1.0 0.0 0.0 0.0 0.0 1.0 0.0 0.49999997 0.0 0.0 1.0 -7.5004683 0.0 0.0 0.0 1.0 1.0 0.0 0.0 0.0 0.0 1.0 0.0 0.49999997 0.0 0.0 1.0 -7.5004683 0.0 0.0 0.0 1.0 1.0 0.0 0.0 0.0 0.0 1.0 0.0 0.49999997 0.0 0.0 1.0 -7.5004683 0.0 0.0 0.0 1.0 1.0 0.0 0.0 0.0 0.0 1.0 0.0 0.49999997 0.0 0.0 1.0 -7.5004683 0.0 0.0 0.0 1.0 1.0 0.0 0.0 0.0 0.0 1.0 0.0 0.49999997 0.0 0.0 1.0 -7.5004683 0.0 0.0 0.0 1.0 1.0 0.0 0.0 0.0 0.0 1.0 0.0 0.49999997 0.0 0.0 1.0 -7.5004683 0.0 0.0 0.0 1.0 1.0 0.0 0.0 0.0 0.0 1.0 0.0 0.49999997 0.0 0.0 1.0 -7.5004683 0.0 0.0 0.0 1.0 1.0 0.0 0.0 0.0 0.0 1.0 0.0 0.49999997 0.0 0.0 1.0 -7.5004683 0.0 0.0 0.0 1.0 1.0 0.0 0.0 0.0 0.0 1.0 0.0 0.49999997 0.0 0.0 1.0 -7.5004683 0.0 0.0 0.0 1.0 1.0 0.0 0.0 0.0 0.0 1.0 0.0 0.49999997 0.0 0.0 1.0 -7.5004683 0.0 0.0 0.0 1.0 1.0 0.0 0.0 0.0 0.0 1.0 0.0 0.49999997 0.0 0.0 1.0 -7.5004683 0.0 0.0 0.0 1.0 1.0 0.0 0.0 0.0 0.0 1.0 0.0 0.49999997 0.0 0.0 1.0 -7.5004683 0.0 0.0 0.0 1.0 1.0 0.0 0.0 0.0 0.0 1.0 0.0 0.49999997 0.0 0.0 1.0 -7.5004683 0.0 0.0 0.0 1.0 1.0 0.0 0.0 0.0 0.0 1.0 0.0 0.49999997 0.0 0.0 1.0 -7.5004683 0.0 0.0 0.0 1.0 1.0 0.0 0.0 0.0 0.0 1.0 0.0 0.49999997 0.0 0.0 1.0 -7.5004683 0.0 0.0 0.0 1.0 1.0 0.0 0.0 0.0 0.0 1.0 0.0 0.49999997 0.0 0.0 1.0 -7.5004683 0.0 0.0 0.0 1.0 1.0 0.0 0.0 0.0 0.0 1.0 0.0 0.49999997 0.0 0.0 1.0 -7.5004683 0.0 0.0 0.0 1.0 1.0 0.0 0.0 0.0 0.0 1.0 0.0 0.49999997 0.0 0.0 1.0 -7.5004683 0.0 0.0 0.0 1.0 1.0 0.0 0.0 0.0 0.0 1.0 0.0 0.49999997 0.0 0.0 1.0 -7.5004683 0.0 0.0 0.0 1.0 1.0 0.0 0.0 0.0 0.0 1.0 0.0 0.49999997 0.0 0.0 1.0 -7.5004683 0.0 0.0 0.0 1.0 1.0 0.0 0.0 0.0 0.0 1.0 0.0 0.49999997 0.0 0.0 1.0 -7.5004683 0.0 0.0 0.0 1.0 1.0 0.0 0.0 0.0 0.0 1.0 0.0 0.49999997 0.0 0.0 1.0 -7.5004683 0.0 0.0 0.0 1.0 1.0 0.0 0.0 0.0 0.0 1.0 0.0 0.49999997 0.0 0.0 1.0 -7.5004683 0.0 0.0 0.0 1.0 1.0 0.0 0.0 0.0 0.0 1.0 0.0 0.49999997 0.0 0.0 1.0 -7.5004683 0.0 0.0 0.0 1.0 1.0 0.0 0.0 0.0 0.0 1.0 0.0 0.49999997 0.0 0.0 1.0 -7.5004683 0.0 0.0 0.0 1.0 1.0 0.0 0.0 0.0 0.0 1.0 0.0 0.49999997 0.0 0.0 1.0 -7.5004683 0.0 0.0 0.0 1.0 1.0 0.0 0.0 0.0 0.0 1.0 0.0 0.49999997 0.0 0.0 1.0 -7.5004683 0.0 0.0 0.0 1.0 1.0 0.0 0.0 0.0 0.0 1.0 0.0 0.49999997 0.0 0.0 1.0 -7.5004683 0.0 0.0 0.0 1.0 1.0 0.0 0.0 0.0 0.0 1.0 0.0 0.49999997 0.0 0.0 1.0 -7.5004683 0.0 0.0 0.0 1.0 1.0 0.0 0.0 0.0 0.0 1.0 0.0 0.49999997 0.0 0.0 1.0 -7.5004683 0.0 0.0 0.0 1.0 1.0 0.0 0.0 0.0 0.0 1.0 0.0 0.49999997 0.0 0.0 1.0 -7.5004683 0.0 0.0 0.0 1.0 1.0 0.0 0.0 0.0 0.0 1.0 0.0 0.49999997 0.0 0.0 1.0 -7.5004683 0.0 0.0 0.0 1.0 1.0 0.0 0.0 0.0 0.0 1.0 0.0 0.49999997 0.0 0.0 1.0 -7.5004683 0.0 0.0 0.0 1.0 1.0 0.0 0.0 0.0 0.0 1.0 0.0 0.49999997 0.0 0.0 1.0 -7.5004683 0.0 0.0 0.0 1.0 1.0 0.0 0.0 0.0 0.0 1.0 0.0 0.49999997 0.0 0.0 1.0 -7.5004683 0.0 0.0 0.0 1.0 1.0 0.0 0.0 0.0 0.0 1.0 0.0 0.49999997 0.0 0.0 1.0 -7.5004683 0.0 0.0 0.0 1.0 1.0 0.0 0.0 0.0 0.0 1.0 0.0 0.49999997 0.0 0.0 1.0 -7.5004683 0.0 0.0 0.0 1.0 1.0 0.0 0.0 0.0 0.0 1.0 0.0 0.49999997 0.0 0.0 1.0 -7.5004683 0.0 0.0 0.0 1.0 1.0 0.0 0.0 0.0 0.0 1.0 0.0 0.49999997 0.0 0.0 1.0 -7.5004683 0.0 0.0 0.0 1.0 1.0 0.0 0.0 0.0 0.0 1.0 0.0 0.49999997 0.0 0.0 1.0 -7.5004683 0.0 0.0 0.0 1.0 1.0 0.0 0.0 0.0 0.0 1.0 0.0 0.49999997 0.0 0.0 1.0 -7.5004683 0.0 0.0 0.0 1.0 1.0 0.0 0.0 0.0 0.0 1.0 0.0 0.49999997 0.0 0.0 1.0 -7.5004683 0.0 0.0 0.0 1.0 1.0 0.0 0.0 0.0 0.0 1.0 0.0 0.49999997 0.0 0.0 1.0 -7.5004683 0.0 0.0 0.0 1.0 1.0 0.0 0.0 0.0 0.0 1.0 0.0 0.49999997 0.0 0.0 1.0 -7.5004683 0.0 0.0 0.0 1.0 1.0 0.0 0.0 0.0 0.0 1.0 0.0 0.49999997 0.0 0.0 1.0 -7.5004683 0.0 0.0 0.0 1.0 1.0 0.0 0.0 0.0 0.0 1.0 0.0 0.49999997 0.0 0.0 1.0 -7.5004683 0.0 0.0 0.0 1.0 1.0 0.0 0.0 0.0 0.0 1.0 0.0 0.49999997 0.0 0.0 1.0 -7.5004683 0.0 0.0 0.0 1.0 1.0 0.0 0.0 0.0 0.0 1.0 0.0 0.49999997 0.0 0.0 1.0 -7.5004683 0.0 0.0 0.0 1.0 1.0 0.0 0.0 0.0 0.0 1.0 0.0 0.49999997 0.0 0.0 1.0 -7.5004683 0.0 0.0 0.0 1.0 1.0 0.0 0.0 0.0 0.0 1.0 0.0 0.49999997 0.0 0.0 1.0 -7.5004683 0.0 0.0 0.0 1.0 1.0 0.0 0.0 0.0 0.0 1.0 0.0 0.49999997 0.0 0.0 1.0 -7.5004683 0.0 0.0 0.0 1.0 1.0 0.0 0.0 0.0 0.0 1.0 0.0 0.49999997 0.0 0.0 1.0 -7.5004683 0.0 0.0 0.0 1.0 1.0 0.0 0.0 0.0 0.0 1.0 0.0 0.49999997 0.0 0.0 1.0 -7.5004683 0.0 0.0 0.0 1.0 1.0 0.0 0.0 0.0 0.0 1.0 0.0 0.49999997 0.0 0.0 1.0 -7.5004683 0.0 0.0 0.0 1.0 </float_array>
          <technique_common>
            <accessor count="55" source="#neck1-local-anim-outSource-local-array" stride="16">
              <param type="float4x4"/>
            </accessor>
          </technique_common>
        </source>
        <sampler id="neck1-local-anim-localSampler">
          <input semantic="INPUT" source="#neck1-local-anim-inSource-TIME"/>
          <input semantic="OUTPUT" source="#neck1-local-anim-outSource-local"/>
          <input semantic="INTERPOLATION" source="#neck1-local-anim-interpolation"/>
        </sampler>
        <channel source="#neck1-local-anim-localSampler" target="neck1-local/matrix"/>
      </animation>
    </animation>
    <animation id="neck2-global-anim" name="neck2-global-anim">
      <animation>
        <source id="neck2-global-anim-inSource-TIME">
          <float_array count="55" id="neck2-global-anim-inSource-TIME-array">0.0 0.041666668 0.083333336 0.125 0.16666667 0.20833333 0.25 0.29166666 0.33333334 0.375 0.41666666 0.45833334 0.5 0.5416667 0.5833333 0.625 0.6666667 0.7083333 0.75 0.7916667 0.8333333 0.875 0.9166667 0.9583333 1.0 1.0416666 1.0833334 1.125 1.1666666 1.2083334 1.25 1.2916666 1.3333334 1.375 1.4166666 1.4583334 1.5 1.5416666 1.5833334 1.625 1.6666666 1.7083334 1.75 1.7916666 1.8333334 1.875 1.9166666 1.9583334 2.0 2.0416667 2.0833333 2.125 2.1666667 2.2083333 2.25 </float_array>
          <technique_common>
            <accessor count="55" source="#neck2-global-anim-inSource-TIME-array">
              <param name="TIME" type="float"/>
            </accessor>
          </technique_common>
        </source>
        <source id="neck2-global-anim-interpolation">
          <Name_array count="55" id="neck2-global-anim-interpolation-array">LINEAR LINEAR LINEAR LINEAR LINEAR LINEAR LINEAR LINEAR LINEAR LINEAR LINEAR LINEAR LINEAR LINEAR LINEAR LINEAR LINEAR LINEAR LINEAR LINEAR LINEAR LINEAR LINEAR LINEAR LINEAR LINEAR LINEAR LINEAR LINEAR LINEAR LINEAR LINEAR LINEAR LINEAR LINEAR LINEAR LINEAR LINEAR LINEAR LINEAR LINEAR LINEAR LINEAR LINEAR LINEAR LINEAR LINEAR LINEAR LINEAR LINEAR LINEAR LINEAR LINEAR LINEAR LINEAR </Name_array>
          <technique_common>
            <accessor count="55" source="#neck2-global-anim-interpolation-array">
              <param type="name"/>
            </accessor>
          </technique_common>
        </source>
        <source id="neck2-global-anim-outSource-global">
          <float_array count="880" id="neck2-global-anim-outSource-global-array">0.87437 -0.06094139 -0.48141795 0.0 1.8626451E-9 0.99208283 -0.12558506 0.0 0.48525983 0.10980782 0.8674475 -15.0 0.0 0.0 0.0 1.0 0.87437004 -0.05863239 -0.48170462 0.0 3.7252903E-9 0.99267364 -0.120826796 0.0 0.4852598 0.105647326 0.867964 -15.0 0.0 0.0 0.0 1.0 0.87437016 -0.056322053 -0.48198032 0.0 -1.8626451E-9 0.9932417 -0.116065755 0.0 0.48525995 0.10148442 0.8684607 -15.0 0.0 0.0 0.0 1.0 0.87437 -0.054010395 -0.4822448 0.0 0.0 0.9937867 -0.11130201 0.0 0.4852599 0.09731913 0.86893725 -15.0 0.0 0.0 0.0 1.0 0.87437 -0.051697508 -0.4824982 0.0 -1.8626451E-9 0.9943089 -0.10653572 0.0 0.48525986 0.09315163 0.8693938 -15.0 0.0 0.0 0.0 1.0 0.87437004 -0.04938343 -0.48274052 0.0 -1.8626451E-9 0.9948083 -0.10176699 0.0 0.4852599 0.088982 0.86983055 -15.0 0.0 0.0 0.0 1.0 0.87437004 -0.04706823 -0.48297185 0.0 -3.7252903E-9 0.9952849 -0.096995935 0.0 0.48525995 0.08481033 0.87024724 -15.0 0.0 0.0 0.0 1.0 0.8743701 -0.04475193 -0.4831919 0.0 0.0 0.99573857 -0.09222261 0.0 0.4852599 0.08063669 0.8706439 -15.0 0.0 0.0 0.0 1.0 0.87437004 -0.04243461 -0.48340094 0.0 -3.7252903E-9 0.9961692 -0.08744719 0.0 0.4852599 0.0764612 0.87102044 -15.0 0.0 0.0 0.0 1.0 0.8743701 -0.040116318 -0.48359886 0.0 0.0 0.9965771 -0.08266976 0.0 0.48525992 0.07228396 0.8713771 -15.0 0.0 0.0 0.0 1.0 0.8743701 -0.037797097 -0.48378566 0.0 -3.7252903E-9 0.9969621 -0.077890426 0.0 0.48525992 0.06810506 0.8717137 -15.0 0.0 0.0 0.0 1.0 0.87437004 -0.03547701 -0.4839613 0.0 -3.7252903E-9 0.99732405 -0.0731093 0.0 0.48525992 0.06392458 0.8720302 -15.0 0.0 0.0 0.0 1.0 0.8743701 -0.033156097 -0.48412582 0.0 0.0 0.9976631 -0.06832649 0.0 0.48525986 0.05974263 0.8723267 -15.0 0.0 0.0 0.0 1.0 0.87437016 -0.030834438 -0.4842793 0.0 -3.7252903E-9 0.99797934 -0.06354212 0.0 0.48525992 0.055559326 0.8726032 -15.0 0.0 0.0 0.0 1.0 0.8743701 -0.028512063 -0.4844216 0.0 -3.7252903E-9 0.9982725 -0.05875628 0.0 0.48525995 0.05137473 0.8728595 -15.0 0.0 0.0 0.0 1.0 0.87437 -0.026189027 -0.48455265 0.0 -3.7252903E-9 0.9985426 -0.05396908 0.0 0.48525986 0.04718895 0.87309563 -15.0 0.0 0.0 0.0 1.0 0.8743701 -0.0238654 -0.48467276 0.0 -3.7252903E-9 0.9987901 -0.04918066 0.0 0.48525998 0.043002095 0.87331206 -15.0 0.0 0.0 0.0 1.0 0.8743701 -0.021541215 -0.48478156 0.0 -2.7939677E-9 0.9990143 -0.044391103 0.0 0.4852599 0.038814247 0.87350816 -15.0 0.0 0.0 0.0 1.0 0.8743699 -0.019216537 -0.4848792 0.0 -3.7252903E-9 0.99921554 -0.039600514 0.0 0.48525983 0.0346255 0.87368405 -15.0 0.0 0.0 0.0 1.0 0.87437004 -0.01689142 -0.48496586 0.0 -4.656613E-9 0.99939406 -0.03480903 0.0 0.48525995 0.030435972 0.87384015 -15.0 0.0 0.0 0.0 1.0 0.87437 -0.014565912 -0.48504117 0.0 -3.7252903E-9 0.9995494 -0.030016731 0.0 0.48525986 0.026245732 0.87397593 -15.0 0.0 0.0 0.0 1.0 0.8743384 -0.018628582 -0.48495936 0.0 0.0017405571 0.9993771 -0.03525067 0.0 0.4853139 0.029976912 0.8738261 -15.0 0.0 0.0 0.0 1.0 0.87429947 -0.022690699 -0.48485613 0.0 0.0034807594 0.9991741 -0.04048362 0.0 0.48537433 0.03370714 0.8736564 -15.0 0.0 0.0 0.0 1.0 0.87425387 -0.026752159 -0.48473182 0.0 0.0052205576 0.9989411 -0.045715462 0.0 0.48544142 0.03743634 0.87346756 -15.0 0.0 0.0 0.0 1.0 0.8742008 -0.030812811 -0.484586 0.0 0.00695989 0.9986772 -0.050945982 0.0 0.48551476 0.041164353 0.8732588 -15.0 0.0 0.0 0.0 1.0 0.8741408 -0.034872547 -0.484419 0.0 0.008698706 0.99838305 -0.056175057 0.0 0.4855947 0.044891093 0.87303066 -15.0 0.0 0.0 0.0 1.0 0.8740737 -0.038931243 -0.48423076 0.0 0.010436948 0.99805844 -0.06140253 0.0 0.48568112 0.048616447 0.872783 -15.0 0.0 0.0 0.0 1.0 0.87399966 -0.042988785 -0.48402137 0.0 0.0121745765 0.9977036 -0.06662824 0.0 0.4857741 0.0523403 0.872516 -15.0 0.0 0.0 0.0 1.0 0.87391853 -0.047045037 -0.48379064 0.0 0.01391153 0.9973184 -0.07185202 0.0 0.48587352 0.056062542 0.8722294 -15.0 0.0 0.0 0.0 1.0 0.8738303 -0.051099874 -0.48353872 0.0 0.015647752 0.99690276 -0.07707371 0.0 0.48597947 0.05978304 0.87192327 -15.0 0.0 0.0 0.0 1.0 0.87373495 -0.055153176 -0.48326555 0.0 0.017383194 0.9964566 -0.08229315 0.0 0.48609182 0.0635017 0.87159765 -15.0 0.0 0.0 0.0 1.0 0.87363255 -0.05920481 -0.48297095 0.0 0.019117808 0.99598014 -0.08751018 0.0 0.48621053 0.06721839 0.87125254 -15.0 0.0 0.0 0.0 1.0 0.87352306 -0.06325467 -0.4826554 0.0 0.020851526 0.9954734 -0.09272465 0.0 0.48633587 0.07093303 0.87088794 -15.0 0.0 0.0 0.0 1.0 0.8734777 -0.061967276 -0.4829044 0.0 0.02259253 0.9959575 -0.086937904 0.0 0.4863396 0.065028295 0.87134665 -15.0 0.0 0.0 0.0 1.0 0.8734347 -0.060678307 -0.4831461 0.0 0.024333727 0.9964051 -0.08114783 0.0 0.4863331 0.059120577 0.8717713 -15.0 0.0 0.0 0.0 1.0 0.8733938 -0.05938778 -0.48338017 0.0 0.026074989 0.9968158 -0.07535466 0.0 0.4863161 0.05321016 0.87216127 -15.0 0.0 0.0 0.0 1.0 0.8733553 -0.05809582 -0.48360676 0.0 0.027816243 0.99719006 -0.06955881 0.0 0.4862889 0.047297426 0.8725172 -15.0 0.0 0.0 0.0 1.0 0.8733191 -0.056802474 -0.48382598 0.0 0.029557386 0.9975276 -0.063760534 0.0 0.4862514 0.041382656 0.8728387 -15.0 0.0 0.0 0.0 1.0 0.87328494 -0.0555078 -0.4840375 0.0 0.031298317 0.9978281 -0.057960175 0.0 0.48620346 0.035466187 0.87312555 -15.0 0.0 0.0 0.0 1.0 0.8732534 -0.054211903 -0.48424163 0.0 0.033038955 0.99809235 -0.05215807 0.0 0.48614535 0.029548366 0.8733785 -15.0 0.0 0.0 0.0 1.0 0.87322384 -0.052914836 -0.48443815 0.0 0.03477919 0.9983195 -0.04635451 0.0 0.48607686 0.023629494 0.87359667 -15.0 0.0 0.0 0.0 1.0 0.87319654 -0.051616658 -0.48462707 0.0 0.03651892 0.9985099 -0.040549826 0.0 0.48599797 0.01770991 0.87378037 -15.0 0.0 0.0 0.0 1.0 0.8731716 -0.050317455 -0.48480853 0.0 0.038258065 0.9986636 -0.034744345 0.0 0.4859089 0.011789943 0.87392986 -15.0 0.0 0.0 0.0 1.0 0.87325567 -0.051215794 -0.4845631 0.0 0.035068948 0.9984878 -0.042335425 0.0 0.48599857 0.01997653 0.8737312 -15.0 0.0 0.0 0.0 1.0 0.87334263 -0.05211196 -0.4843108 0.0 0.031879276 0.99824405 -0.04992439 0.0 0.48606205 0.02816162 0.8734704 -15.0 0.0 0.0 0.0 1.0 0.87343264 -0.05300591 -0.48405182 0.0 0.02868928 0.99793273 -0.05751075 0.0 0.48609948 0.036344662 0.87314755 -15.0 0.0 0.0 0.0 1.0 0.8735252 -0.053897575 -0.48378596 0.0 0.025499158 0.99755335 -0.065093964 0.0 0.48611066 0.044525087 0.8727623 -15.0 0.0 0.0 0.0 1.0 0.87362075 -0.054786883 -0.48351336 0.0 0.02230914 0.99710625 -0.07267352 0.0 0.48609573 0.05270233 0.872315 -15.0 0.0 0.0 0.0 1.0 0.87371933 -0.0556738 -0.48323408 0.0 0.01911944 0.99659157 -0.08024893 0.0 0.48605475 0.06087587 0.87180567 -15.0 0.0 0.0 0.0 1.0 0.8738207 -0.05655825 -0.4829481 0.0 0.015930273 0.9960092 -0.08781965 0.0 0.48598757 0.06904513 0.8712343 -15.0 0.0 0.0 0.0 1.0 0.87392485 -0.05744017 -0.48265544 0.0 0.012741847 0.99535906 -0.09538519 0.0 0.4858943 0.077209555 0.87060076 -15.0 0.0 0.0 0.0 1.0 0.87403184 -0.058319498 -0.48235595 0.0 0.009554397 0.9946412 -0.102944985 0.0 0.48577482 0.08536857 0.86990523 -15.0 0.0 0.0 0.0 1.0 0.8741419 -0.059196196 -0.48204997 0.0 0.0063681286 0.9938561 -0.11049861 0.0 0.4856293 0.093521684 0.869148 -15.0 0.0 0.0 0.0 1.0 0.87425447 -0.060070172 -0.48173723 0.0 0.003183253 0.99300313 -0.11804546 0.0 0.48545757 0.101668276 0.8683286 -15.0 0.0 0.0 0.0 1.0 0.87437 -0.06094139 -0.48141795 0.0 1.8626451E-9 0.99208283 -0.12558506 0.0 0.48525983 0.10980782 0.8674475 -15.0 0.0 0.0 0.0 1.0 </float_array>
          <technique_common>
            <accessor count="55" source="#neck2-global-anim-outSource-global-array" stride="16">
              <param type="float4x4"/>
            </accessor>
          </technique_common>
        </source>
        <sampler id="neck2-global-anim-globalSampler">
          <input semantic="INPUT" source="#neck2-global-anim-inSource-TIME"/>
          <input semantic="OUTPUT" source="#neck2-global-anim-outSource-global"/>
          <input semantic="INTERPOLATION" source="#neck2-global-anim-interpolation"/>
        </sampler>
        <channel source="#neck2-global-anim-globalSampler" target="neck2-global/matrix"/>
      </animation>
    </animation>
    <animation id="neck2-local-anim" name="neck2-local-anim">
      <animation>
        <source id="neck2-local-anim-inSource-TIME">
          <float_array count="55" id="neck2-local-anim-inSource-TIME-array">0.0 0.041666668 0.083333336 0.125 0.16666667 0.20833333 0.25 0.29166666 0.33333334 0.375 0.41666666 0.45833334 0.5 0.5416667 0.5833333 0.625 0.6666667 0.7083333 0.75 0.7916667 0.8333333 0.875 0.9166667 0.9583333 1.0 1.0416666 1.0833334 1.125 1.1666666 1.2083334 1.25 1.2916666 1.3333334 1.375 1.4166666 1.4583334 1.5 1.5416666 1.5833334 1.625 1.6666666 1.7083334 1.75 1.7916666 1.8333334 1.875 1.9166666 1.9583334 2.0 2.0416667 2.0833333 2.125 2.1666667 2.2083333 2.25 </float_array>
          <technique_common>
            <accessor count="55" source="#neck2-local-anim-inSource-TIME-array">
              <param name="TIME" type="float"/>
            </accessor>
          </technique_common>
        </source>
        <source id="neck2-local-anim-interpolation">
          <Name_array count="55" id="neck2-local-anim-interpolation-array">LINEAR LINEAR LINEAR LINEAR LINEAR LINEAR LINEAR LINEAR LINEAR LINEAR LINEAR LINEAR LINEAR LINEAR LINEAR LINEAR LINEAR LINEAR LINEAR LINEAR LINEAR LINEAR LINEAR LINEAR LINEAR LINEAR LINEAR LINEAR LINEAR LINEAR LINEAR LINEAR LINEAR LINEAR LINEAR LINEAR LINEAR LINEAR LINEAR LINEAR LINEAR LINEAR LINEAR LINEAR LINEAR LINEAR LINEAR LINEAR LINEAR LINEAR LINEAR LINEAR LINEAR LINEAR LINEAR </Name_array>
          <technique_common>
            <accessor count="55" source="#neck2-local-anim-interpolation-array">
              <param type="name"/>
            </accessor>
          </technique_common>
        </source>
        <source id="neck2-local-anim-outSource-local">
          <float_array count="880" id="neck2-local-anim-outSource-local-array">1.0 0.0 0.0 0.0 0.0 1.0 0.0 0.49999997 0.0 0.0 1.0 -7.499998 0.0 0.0 0.0 1.0 1.0 0.0 0.0 0.0 0.0 1.0 0.0 0.49999997 0.0 0.0 1.0 -7.499998 0.0 0.0 0.0 1.0 1.0 0.0 0.0 0.0 0.0 1.0 0.0 0.49999997 0.0 0.0 1.0 -7.499998 0.0 0.0 0.0 1.0 1.0 0.0 0.0 0.0 0.0 1.0 0.0 0.49999997 0.0 0.0 1.0 -7.499998 0.0 0.0 0.0 1.0 1.0 0.0 0.0 0.0 0.0 1.0 0.0 0.49999997 0.0 0.0 1.0 -7.499998 0.0 0.0 0.0 1.0 1.0 0.0 0.0 0.0 0.0 1.0 0.0 0.49999997 0.0 0.0 1.0 -7.499998 0.0 0.0 0.0 1.0 1.0 0.0 0.0 0.0 0.0 1.0 0.0 0.49999997 0.0 0.0 1.0 -7.499998 0.0 0.0 0.0 1.0 1.0 0.0 0.0 0.0 0.0 1.0 0.0 0.49999997 0.0 0.0 1.0 -7.499998 0.0 0.0 0.0 1.0 1.0 0.0 0.0 0.0 0.0 1.0 0.0 0.49999997 0.0 0.0 1.0 -7.499998 0.0 0.0 0.0 1.0 1.0 0.0 0.0 0.0 0.0 1.0 0.0 0.49999997 0.0 0.0 1.0 -7.499998 0.0 0.0 0.0 1.0 1.0 0.0 0.0 0.0 0.0 1.0 0.0 0.49999997 0.0 0.0 1.0 -7.499998 0.0 0.0 0.0 1.0 1.0 0.0 0.0 0.0 0.0 1.0 0.0 0.49999997 0.0 0.0 1.0 -7.499998 0.0 0.0 0.0 1.0 1.0 0.0 0.0 0.0 0.0 1.0 0.0 0.49999997 0.0 0.0 1.0 -7.499998 0.0 0.0 0.0 1.0 1.0 0.0 0.0 0.0 0.0 1.0 0.0 0.49999997 0.0 0.0 1.0 -7.499998 0.0 0.0 0.0 1.0 1.0 0.0 0.0 0.0 0.0 1.0 0.0 0.49999997 0.0 0.0 1.0 -7.499998 0.0 0.0 0.0 1.0 1.0 0.0 0.0 0.0 0.0 1.0 0.0 0.49999997 0.0 0.0 1.0 -7.499998 0.0 0.0 0.0 1.0 1.0 0.0 0.0 0.0 0.0 1.0 0.0 0.49999997 0.0 0.0 1.0 -7.499998 0.0 0.0 0.0 1.0 1.0 0.0 0.0 0.0 0.0 1.0 0.0 0.49999997 0.0 0.0 1.0 -7.499998 0.0 0.0 0.0 1.0 1.0 0.0 0.0 0.0 0.0 1.0 0.0 0.49999997 0.0 0.0 1.0 -7.499998 0.0 0.0 0.0 1.0 1.0 0.0 0.0 0.0 0.0 1.0 0.0 0.49999997 0.0 0.0 1.0 -7.499998 0.0 0.0 0.0 1.0 1.0 0.0 0.0 0.0 0.0 1.0 0.0 0.49999997 0.0 0.0 1.0 -7.499998 0.0 0.0 0.0 1.0 1.0 0.0 0.0 0.0 0.0 1.0 0.0 0.49999997 0.0 0.0 1.0 -7.499998 0.0 0.0 0.0 1.0 1.0 0.0 0.0 0.0 0.0 1.0 0.0 0.49999997 0.0 0.0 1.0 -7.499998 0.0 0.0 0.0 1.0 1.0 0.0 0.0 0.0 0.0 1.0 0.0 0.49999997 0.0 0.0 1.0 -7.499998 0.0 0.0 0.0 1.0 1.0 0.0 0.0 0.0 0.0 1.0 0.0 0.49999997 0.0 0.0 1.0 -7.499998 0.0 0.0 0.0 1.0 1.0 0.0 0.0 0.0 0.0 1.0 0.0 0.49999997 0.0 0.0 1.0 -7.499998 0.0 0.0 0.0 1.0 1.0 0.0 0.0 0.0 0.0 1.0 0.0 0.49999997 0.0 0.0 1.0 -7.499998 0.0 0.0 0.0 1.0 1.0 0.0 0.0 0.0 0.0 1.0 0.0 0.49999997 0.0 0.0 1.0 -7.499998 0.0 0.0 0.0 1.0 1.0 0.0 0.0 0.0 0.0 1.0 0.0 0.49999997 0.0 0.0 1.0 -7.499998 0.0 0.0 0.0 1.0 1.0 0.0 0.0 0.0 0.0 1.0 0.0 0.49999997 0.0 0.0 1.0 -7.499998 0.0 0.0 0.0 1.0 1.0 0.0 0.0 0.0 0.0 1.0 0.0 0.49999997 0.0 0.0 1.0 -7.499998 0.0 0.0 0.0 1.0 1.0 0.0 0.0 0.0 0.0 1.0 0.0 0.49999997 0.0 0.0 1.0 -7.499998 0.0 0.0 0.0 1.0 1.0 0.0 0.0 0.0 0.0 1.0 0.0 0.49999997 0.0 0.0 1.0 -7.499998 0.0 0.0 0.0 1.0 1.0 0.0 0.0 0.0 0.0 1.0 0.0 0.49999997 0.0 0.0 1.0 -7.499998 0.0 0.0 0.0 1.0 1.0 0.0 0.0 0.0 0.0 1.0 0.0 0.49999997 0.0 0.0 1.0 -7.499998 0.0 0.0 0.0 1.0 1.0 0.0 0.0 0.0 0.0 1.0 0.0 0.49999997 0.0 0.0 1.0 -7.499998 0.0 0.0 0.0 1.0 1.0 0.0 0.0 0.0 0.0 1.0 0.0 0.49999997 0.0 0.0 1.0 -7.499998 0.0 0.0 0.0 1.0 1.0 0.0 0.0 0.0 0.0 1.0 0.0 0.49999997 0.0 0.0 1.0 -7.499998 0.0 0.0 0.0 1.0 1.0 0.0 0.0 0.0 0.0 1.0 0.0 0.49999997 0.0 0.0 1.0 -7.499998 0.0 0.0 0.0 1.0 1.0 0.0 0.0 0.0 0.0 1.0 0.0 0.49999997 0.0 0.0 1.0 -7.499998 0.0 0.0 0.0 1.0 1.0 0.0 0.0 0.0 0.0 1.0 0.0 0.49999997 0.0 0.0 1.0 -7.499998 0.0 0.0 0.0 1.0 1.0 0.0 0.0 0.0 0.0 1.0 0.0 0.49999997 0.0 0.0 1.0 -7.499998 0.0 0.0 0.0 1.0 1.0 0.0 0.0 0.0 0.0 1.0 0.0 0.49999997 0.0 0.0 1.0 -7.499998 0.0 0.0 0.0 1.0 1.0 0.0 0.0 0.0 0.0 1.0 0.0 0.49999997 0.0 0.0 1.0 -7.499998 0.0 0.0 0.0 1.0 1.0 0.0 0.0 0.0 0.0 1.0 0.0 0.49999997 0.0 0.0 1.0 -7.499998 0.0 0.0 0.0 1.0 1.0 0.0 0.0 0.0 0.0 1.0 0.0 0.49999997 0.0 0.0 1.0 -7.499998 0.0 0.0 0.0 1.0 1.0 0.0 0.0 0.0 0.0 1.0 0.0 0.49999997 0.0 0.0 1.0 -7.499998 0.0 0.0 0.0 1.0 1.0 0.0 0.0 0.0 0.0 1.0 0.0 0.49999997 0.0 0.0 1.0 -7.499998 0.0 0.0 0.0 1.0 1.0 0.0 0.0 0.0 0.0 1.0 0.0 0.49999997 0.0 0.0 1.0 -7.499998 0.0 0.0 0.0 1.0 1.0 0.0 0.0 0.0 0.0 1.0 0.0 0.49999997 0.0 0.0 1.0 -7.499998 0.0 0.0 0.0 1.0 1.0 0.0 0.0 0.0 0.0 1.0 0.0 0.49999997 0.0 0.0 1.0 -7.499998 0.0 0.0 0.0 1.0 1.0 0.0 0.0 0.0 0.0 1.0 0.0 0.49999997 0.0 0.0 1.0 -7.499998 0.0 0.0 0.0 1.0 1.0 0.0 0.0 0.0 0.0 1.0 0.0 0.49999997 0.0 0.0 1.0 -7.499998 0.0 0.0 0.0 1.0 1.0 0.0 0.0 0.0 0.0 1.0 0.0 0.49999997 0.0 0.0 1.0 -7.499998 0.0 0.0 0.0 1.0 1.0 0.0 0.0 0.0 0.0 1.0 0.0 0.49999997 0.0 0.0 1.0 -7.499998 0.0 0.0 0.0 1.0 </float_array>
          <technique_common>
            <accessor count="55" source="#neck2-local-anim-outSource-local-array" stride="16">
              <param type="float4x4"/>
            </accessor>
          </technique_common>
        </source>
        <sampler id="neck2-local-anim-localSampler">
          <input semantic="INPUT" source="#neck2-local-anim-inSource-TIME"/>
          <input semantic="OUTPUT" source="#neck2-local-anim-outSource-local"/>
          <input semantic="INTERPOLATION" source="#neck2-local-anim-interpolation"/>
        </sampler>
        <channel source="#neck2-local-anim-localSampler" target="neck2-local/matrix"/>
      </animation>
    </animation>
    <animation id="body-global-anim" name="body-global-anim">
      <animation>
        <source id="body-global-anim-inSource-TIME">
          <float_array count="55" id="body-global-anim-inSource-TIME-array">0.0 0.041666668 0.083333336 0.125 0.16666667 0.20833333 0.25 0.29166666 0.33333334 0.375 0.41666666 0.45833334 0.5 0.5416667 0.5833333 0.625 0.6666667 0.7083333 0.75 0.7916667 0.8333333 0.875 0.9166667 0.9583333 1.0 1.0416666 1.0833334 1.125 1.1666666 1.2083334 1.25 1.2916666 1.3333334 1.375 1.4166666 1.4583334 1.5 1.5416666 1.5833334 1.625 1.6666666 1.7083334 1.75 1.7916666 1.8333334 1.875 1.9166666 1.9583334 2.0 2.0416667 2.0833333 2.125 2.1666667 2.2083333 2.25 </float_array>
          <technique_common>
            <accessor count="55" source="#body-global-anim-inSource-TIME-array">
              <param name="TIME" type="float"/>
            </accessor>
          </technique_common>
        </source>
        <source id="body-global-anim-interpolation">
          <Name_array count="55" id="body-global-anim-interpolation-array">LINEAR LINEAR LINEAR LINEAR LINEAR LINEAR LINEAR LINEAR LINEAR LINEAR LINEAR LINEAR LINEAR LINEAR LINEAR LINEAR LINEAR LINEAR LINEAR LINEAR LINEAR LINEAR LINEAR LINEAR LINEAR LINEAR LINEAR LINEAR LINEAR LINEAR LINEAR LINEAR LINEAR LINEAR LINEAR LINEAR LINEAR LINEAR LINEAR LINEAR LINEAR LINEAR LINEAR LINEAR LINEAR LINEAR LINEAR LINEAR LINEAR LINEAR LINEAR LINEAR LINEAR LINEAR LINEAR </Name_array>
          <technique_common>
            <accessor count="55" source="#body-global-anim-interpolation-array">
              <param type="name"/>
            </accessor>
          </technique_common>
        </source>
        <source id="body-global-anim-outSource-global">
          <float_array count="880" id="body-global-anim-outSource-global-array">0.64598036 0.06602861 -0.76049304 0.0 -3.7252903E-9 0.99625206 0.08649802 0.0 0.76335406 -0.055876017 0.6435592 -15.0 0.0 0.0 0.0 1.0 0.6372746 0.07424451 -0.767052 0.0 -0.014450977 0.99632454 0.08443025 0.0 0.7705012 -0.042720605 0.6360053 -15.0 0.0 0.0 0.0 1.0 0.62837887 0.08231121 -0.7735408 0.0 -0.02892126 0.996171 0.08250701 0.0 0.7773699 -0.029473878 0.6283532 -15.0 0.0 0.0 0.0 1.0 0.6192955 0.090225935 -0.7799566 0.0 -0.043405905 0.9957905 0.0807289 0.0 0.78395724 -0.01614033 0.62060493 -15.0 0.0 0.0 0.0 1.0 0.6100284 0.09798602 -0.78629774 0.0 -0.05790002 0.99518406 0.0790966 0.0 0.7902613 -0.0027245171 0.61276394 -15.0 0.0 0.0 0.0 1.0 0.60058033 0.10558887 -0.7925622 0.0 -0.07239868 0.99435186 0.07761064 0.0 0.7962802 0.010769028 0.60483253 -15.0 0.0 0.0 0.0 1.0 0.59095454 0.11303179 -0.7987472 0.0 -0.0868969 0.9932936 0.07627149 0.0 0.8020114 0.02433566 0.5968133 -15.0 0.0 0.0 0.0 1.0 0.5811541 0.1203123 -0.804851 0.0 -0.101389766 0.99200976 0.07507962 0.0 0.807453 0.037970822 0.5887089 -15.0 0.0 0.0 0.0 1.0 0.57118255 0.12742792 -0.81087154 0.0 -0.11587233 0.99050105 0.07403546 0.0 0.8126033 0.051669814 0.5805223 -15.0 0.0 0.0 0.0 1.0 0.5610433 0.13437626 -0.8168069 0.0 -0.13033971 0.9887681 0.07313936 0.0 0.8174608 0.065428026 0.5722562 -15.0 0.0 0.0 0.0 1.0 0.55073994 0.14115494 -0.82265484 0.0 -0.14478698 0.9868112 0.07239161 0.0 0.8220234 0.07924075 0.5639137 -15.0 0.0 0.0 0.0 1.0 0.54027575 0.14776164 -0.82841367 0.0 -0.15920919 0.9846313 0.07179248 0.0 0.82628995 0.093103305 0.5554972 -15.0 0.0 0.0 0.0 1.0 0.529654 0.15419406 -0.8340807 0.0 -0.17360139 0.98222846 0.071342155 0.0 0.83025837 0.107010916 0.5470096 -15.0 0.0 0.0 0.0 1.0 0.5188792 0.16045012 -0.8396549 0.0 -0.18795879 0.9796044 0.071040794 0.0 0.8339281 0.120958924 0.5384543 -15.0 0.0 0.0 0.0 1.0 0.5079541 0.16652763 -0.84513384 0.0 -0.20227644 0.97675955 0.07088853 0.0 0.8372974 0.13494253 0.5298336 -15.0 0.0 0.0 0.0 1.0 0.49688303 0.17242457 -0.850516 0.0 -0.21654953 0.97369504 0.07088538 0.0 0.84036547 0.14895707 0.5211509 -15.0 0.0 0.0 0.0 1.0 0.48566917 0.1781388 -0.855799 0.0 -0.23077305 0.9704114 0.07103135 0.0 0.84313065 0.16299762 0.51240855 -15.0 0.0 0.0 0.0 1.0 0.4743171 0.1836685 -0.8609816 0.0 -0.24494228 0.96691054 0.071326375 0.0 0.8455925 0.17705946 0.5036104 -15.0 0.0 0.0 0.0 1.0 0.46282995 0.18901174 -0.8660618 0.0 -0.2590524 0.9631931 0.0717704 0.0 0.8477502 0.19113788 0.4947585 -15.0 0.0 0.0 0.0 1.0 0.45121214 0.19416678 -0.871038 0.0 -0.27309862 0.9592607 0.07236326 0.0 0.8496029 0.20522806 0.48585668 -15.0 0.0 0.0 0.0 1.0 0.4394673 0.19913176 -0.87590814 0.0 -0.28707606 0.9551141 0.07310472 0.0 0.8511497 0.21932513 0.47690737 -15.0 0.0 0.0 0.0 1.0 0.42759985 0.20390505 -0.88067114 0.0 -0.3009801 0.9507557 0.073994525 0.0 0.85239077 0.23342437 0.46791422 -15.0 0.0 0.0 0.0 1.0 0.4156131 0.20848496 -0.8853248 0.0 -0.31480587 0.9461858 0.07503245 0.0 0.85332483 0.24752095 0.45887947 -15.0 0.0 0.0 0.0 1.0 0.40351182 0.21287 -0.88986784 0.0 -0.32854873 0.9414068 0.07621803 0.0 0.8539521 0.26161003 0.44980693 -15.0 0.0 0.0 0.0 1.0 0.39129993 0.2170587 -0.8942988 0.0 -0.34220403 0.9364202 0.07755095 0.0 0.85427237 0.27568692 0.44069937 -15.0 0.0 0.0 0.0 1.0 0.37898132 0.22104952 -0.89861584 0.0 -0.35576704 0.9312272 0.07903073 0.0 0.8542851 0.2897467 0.43155983 -15.0 0.0 0.0 0.0 1.0 0.36656043 0.22484125 -0.90281785 0.0 -0.3692333 0.9258301 0.08065688 0.0 0.8539909 0.30378473 0.4223915 -15.0 0.0 0.0 0.0 1.0 0.3540415 0.22843242 -0.906903 0.0 -0.38259798 0.9202305 0.08242878 0.0 0.85338926 0.31779608 0.4131976 -15.0 0.0 0.0 0.0 1.0 0.34142885 0.231822 -0.91087043 0.0 -0.3958568 0.9144306 0.084345885 0.0 0.852481 0.33177614 0.4039813 -15.0 0.0 0.0 0.0 1.0 0.3287265 0.23500873 -0.9147184 0.0 -0.40900517 0.9084319 0.08640759 0.0 0.8512659 0.3457201 0.39474544 -15.0 0.0 0.0 0.0 1.0 0.3159392 0.23799162 -0.91844594 0.0 -0.42203856 0.90223706 0.08861309 0.0 0.8497449 0.35962316 0.38549358 -15.0 0.0 0.0 0.0 1.0 0.3030705 0.24076934 -0.92205113 0.0 -0.43495238 0.8958472 0.09096168 0.0 0.84791785 0.37348056 0.3762281 -15.0 0.0 0.0 0.0 1.0 0.29012573 0.24334139 -0.9255335 0.0 -0.44774258 0.8892656 0.09345259 0.0 0.8457859 0.38728768 0.36695313 -15.0 0.0 0.0 0.0 1.0 0.2842788 0.23252113 -0.93011796 0.0 -0.426925 0.89935195 0.09434566 0.0 0.85844076 0.37027013 0.35493582 -15.0 0.0 0.0 0.0 1.0 0.27814096 0.22181097 -0.93457896 0.0 -0.4058815 0.9089812 0.09494087 0.0 0.87057346 0.3529213 0.34285378 -15.0 0.0 0.0 0.0 1.0 0.2717157 0.21121776 -0.938913 0.0 -0.38462555 0.91814643 0.095237814 0.0 0.88217556 0.3352523 0.33071458 -15.0 0.0 0.0 0.0 1.0 0.26500762 0.20074856 -0.94311774 0.0 -0.36317134 0.9268424 0.09523635 0.0 0.89324 0.31727493 0.3185264 -15.0 0.0 0.0 0.0 1.0 0.25802094 0.19041008 -0.9471901 0.0 -0.34153253 0.9350629 0.09493642 0.0 0.9037592 0.29900065 0.306297 -15.0 0.0 0.0 0.0 1.0 0.2507603 0.18020907 -0.9511277 0.0 -0.31972337 0.9428029 0.094338246 0.0 0.9137265 0.2804415 0.29403457 -15.0 0.0 0.0 0.0 1.0 0.24323031 0.17015222 -0.9549278 0.0 -0.29775804 0.95005715 0.09344219 0.0 0.9231354 0.2616095 0.2817469 -15.0 0.0 0.0 0.0 1.0 0.23543599 0.16024604 -0.9585883 0.0 -0.2756509 0.95682144 0.092248894 0.0 0.9319801 0.24251696 0.2694421 -15.0 0.0 0.0 0.0 1.0 0.22738227 0.15049694 -0.9621061 0.0 -0.25341612 0.9630904 0.09075906 0.0 0.9402541 0.22317618 0.25712803 -15.0 0.0 0.0 0.0 1.0 0.21907449 0.14091136 -0.96547943 0.0 -0.23106845 0.96886075 0.088973716 0.0 0.94795245 0.20359994 0.24481279 -15.0 0.0 0.0 0.0 1.0 0.25832435 0.13958816 -0.95592034 0.0 -0.21248184 0.9734844 0.08473264 0.0 0.9424012 0.18122719 0.2811347 -15.0 0.0 0.0 0.0 1.0 0.29714754 0.13734335 -0.94490224 0.0 -0.19364998 0.9777036 0.08121314 0.0 0.9349883 0.15884802 0.31711873 -15.0 0.0 0.0 0.0 1.0 0.33546907 0.1341813 -0.9324463 0.0 -0.17460929 0.98151 0.07842197 0.0 0.925728 0.13650563 0.35269547 -15.0 0.0 0.0 0.0 1.0 0.37321463 0.13010813 -0.9185767 0.0 -0.15539663 0.9848964 0.076364584 0.0 0.9146383 0.11424332 0.387796 -15.0 0.0 0.0 0.0 1.0 0.410311 0.12513164 -0.9033199 0.0 -0.13604909 0.9878557 0.075044915 0.0 0.90174025 0.09210409 0.4223521 -15.0 0.0 0.0 0.0 1.0 0.44668692 0.11926158 -0.8867062 0.0 -0.11660421 0.99038315 0.07446557 0.0 0.8870595 0.07013087 0.45629752 -15.0 0.0 0.0 0.0 1.0 0.48227158 0.11250918 -0.8687669 0.0 -0.097099505 0.9924729 0.0746276 0.0 0.8706238 0.04836606 0.48956606 -15.0 0.0 0.0 0.0 1.0 0.5169964 0.10488759 -0.84953713 0.0 -0.07757275 0.9941215 0.07553075 0.0 0.8524654 0.026851809 0.52209365 -15.0 0.0 0.0 0.0 1.0 0.55079395 0.096411556 -0.8290542 0.0 -0.058061764 0.9953256 0.07717327 0.0 0.83261925 0.005629778 0.55381715 -15.0 0.0 0.0 0.0 1.0 0.5835993 0.08709743 -0.8073575 0.0 -0.038604237 0.9960831 0.07955196 0.0 0.8111238 -0.015259042 0.5846756 -15.0 0.0 0.0 0.0 1.0 0.6153485 0.076963246 -0.78448904 0.0 -0.019237828 0.996392 0.0826622 0.0 0.7880205 -0.0357742 0.61460894 -15.0 0.0 0.0 0.0 1.0 0.64598036 0.066028625 -0.76049304 0.0 0.0 0.99625206 0.08649803 0.0 0.76335406 -0.055876024 0.6435592 -15.0 0.0 0.0 0.0 1.0 </float_array>
          <technique_common>
            <accessor count="55" source="#body-global-anim-outSource-global-array" stride="16">
              <param type="float4x4"/>
            </accessor>
          </technique_common>
        </source>
        <sampler id="body-global-anim-globalSampler">
          <input semantic="INPUT" source="#body-global-anim-inSource-TIME"/>
          <input semantic="OUTPUT" source="#body-global-anim-outSource-global"/>
          <input semantic="INTERPOLATION" source="#body-global-anim-interpolation"/>
        </sampler>
        <channel source="#body-global-anim-globalSampler" target="body-global/matrix"/>
      </animation>
    </animation>
    <animation id="body-local-anim" name="body-local-anim">
      <animation>
        <source id="body-local-anim-inSource-TIME">
          <float_array count="55" id="body-local-anim-inSource-TIME-array">0.0 0.041666668 0.083333336 0.125 0.16666667 0.20833333 0.25 0.29166666 0.33333334 0.375 0.41666666 0.45833334 0.5 0.5416667 0.5833333 0.625 0.6666667 0.7083333 0.75 0.7916667 0.8333333 0.875 0.9166667 0.9583333 1.0 1.0416666 1.0833334 1.125 1.1666666 1.2083334 1.25 1.2916666 1.3333334 1.375 1.4166666 1.4583334 1.5 1.5416666 1.5833334 1.625 1.6666666 1.7083334 1.75 1.7916666 1.8333334 1.875 1.9166666 1.9583334 2.0 2.0416667 2.0833333 2.125 2.1666667 2.2083333 2.25 </float_array>
          <technique_common>
            <accessor count="55" source="#body-local-anim-inSource-TIME-array">
              <param name="TIME" type="float"/>
            </accessor>
          </technique_common>
        </source>
        <source id="body-local-anim-interpolation">
          <Name_array count="55" id="body-local-anim-interpolation-array">LINEAR LINEAR LINEAR LINEAR LINEAR LINEAR LINEAR LINEAR LINEAR LINEAR LINEAR LINEAR LINEAR LINEAR LINEAR LINEAR LINEAR LINEAR LINEAR LINEAR LINEAR LINEAR LINEAR LINEAR LINEAR LINEAR LINEAR LINEAR LINEAR LINEAR LINEAR LINEAR LINEAR LINEAR LINEAR LINEAR LINEAR LINEAR LINEAR LINEAR LINEAR LINEAR LINEAR LINEAR LINEAR LINEAR LINEAR LINEAR LINEAR LINEAR LINEAR LINEAR LINEAR LINEAR LINEAR </Name_array>
          <technique_common>
            <accessor count="55" source="#body-local-anim-interpolation-array">
              <param type="name"/>
            </accessor>
          </technique_common>
        </source>
        <source id="body-local-anim-outSource-local">
          <float_array count="880" id="body-local-anim-outSource-local-array">1.0 0.0 0.0 0.0 0.0 1.0 0.0 0.99999994 0.0 0.0 1.0 -7.5009336 0.0 0.0 0.0 1.0 1.0 0.0 0.0 0.0 0.0 1.0 0.0 0.99999994 0.0 0.0 1.0 -7.5009336 0.0 0.0 0.0 1.0 1.0 0.0 0.0 0.0 0.0 1.0 0.0 0.99999994 0.0 0.0 1.0 -7.5009336 0.0 0.0 0.0 1.0 1.0 0.0 0.0 0.0 0.0 1.0 0.0 0.99999994 0.0 0.0 1.0 -7.5009336 0.0 0.0 0.0 1.0 1.0 0.0 0.0 0.0 0.0 1.0 0.0 0.99999994 0.0 0.0 1.0 -7.5009336 0.0 0.0 0.0 1.0 1.0 0.0 0.0 0.0 0.0 1.0 0.0 0.99999994 0.0 0.0 1.0 -7.5009336 0.0 0.0 0.0 1.0 1.0 0.0 0.0 0.0 0.0 1.0 0.0 0.99999994 0.0 0.0 1.0 -7.5009336 0.0 0.0 0.0 1.0 1.0 0.0 0.0 0.0 0.0 1.0 0.0 0.99999994 0.0 0.0 1.0 -7.5009336 0.0 0.0 0.0 1.0 1.0 0.0 0.0 0.0 0.0 1.0 0.0 0.99999994 0.0 0.0 1.0 -7.5009336 0.0 0.0 0.0 1.0 1.0 0.0 0.0 0.0 0.0 1.0 0.0 0.99999994 0.0 0.0 1.0 -7.5009336 0.0 0.0 0.0 1.0 1.0 0.0 0.0 0.0 0.0 1.0 0.0 0.99999994 0.0 0.0 1.0 -7.5009336 0.0 0.0 0.0 1.0 1.0 0.0 0.0 0.0 0.0 1.0 0.0 0.99999994 0.0 0.0 1.0 -7.5009336 0.0 0.0 0.0 1.0 1.0 0.0 0.0 0.0 0.0 1.0 0.0 0.99999994 0.0 0.0 1.0 -7.5009336 0.0 0.0 0.0 1.0 1.0 0.0 0.0 0.0 0.0 1.0 0.0 0.99999994 0.0 0.0 1.0 -7.5009336 0.0 0.0 0.0 1.0 1.0 0.0 0.0 0.0 0.0 1.0 0.0 0.99999994 0.0 0.0 1.0 -7.5009336 0.0 0.0 0.0 1.0 1.0 0.0 0.0 0.0 0.0 1.0 0.0 0.99999994 0.0 0.0 1.0 -7.5009336 0.0 0.0 0.0 1.0 1.0 0.0 0.0 0.0 0.0 1.0 0.0 0.99999994 0.0 0.0 1.0 -7.5009336 0.0 0.0 0.0 1.0 1.0 0.0 0.0 0.0 0.0 1.0 0.0 0.99999994 0.0 0.0 1.0 -7.5009336 0.0 0.0 0.0 1.0 1.0 0.0 0.0 0.0 0.0 1.0 0.0 0.99999994 0.0 0.0 1.0 -7.5009336 0.0 0.0 0.0 1.0 1.0 0.0 0.0 0.0 0.0 1.0 0.0 0.99999994 0.0 0.0 1.0 -7.5009336 0.0 0.0 0.0 1.0 1.0 0.0 0.0 0.0 0.0 1.0 0.0 0.99999994 0.0 0.0 1.0 -7.5009336 0.0 0.0 0.0 1.0 1.0 0.0 0.0 0.0 0.0 1.0 0.0 0.99999994 0.0 0.0 1.0 -7.5009336 0.0 0.0 0.0 1.0 1.0 0.0 0.0 0.0 0.0 1.0 0.0 0.99999994 0.0 0.0 1.0 -7.5009336 0.0 0.0 0.0 1.0 1.0 0.0 0.0 0.0 0.0 1.0 0.0 0.99999994 0.0 0.0 1.0 -7.5009336 0.0 0.0 0.0 1.0 1.0 0.0 0.0 0.0 0.0 1.0 0.0 0.99999994 0.0 0.0 1.0 -7.5009336 0.0 0.0 0.0 1.0 1.0 0.0 0.0 0.0 0.0 1.0 0.0 0.99999994 0.0 0.0 1.0 -7.5009336 0.0 0.0 0.0 1.0 1.0 0.0 0.0 0.0 0.0 1.0 0.0 0.99999994 0.0 0.0 1.0 -7.5009336 0.0 0.0 0.0 1.0 1.0 0.0 0.0 0.0 0.0 1.0 0.0 0.99999994 0.0 0.0 1.0 -7.5009336 0.0 0.0 0.0 1.0 1.0 0.0 0.0 0.0 0.0 1.0 0.0 0.99999994 0.0 0.0 1.0 -7.5009336 0.0 0.0 0.0 1.0 1.0 0.0 0.0 0.0 0.0 1.0 0.0 0.99999994 0.0 0.0 1.0 -7.5009336 0.0 0.0 0.0 1.0 1.0 0.0 0.0 0.0 0.0 1.0 0.0 0.99999994 0.0 0.0 1.0 -7.5009336 0.0 0.0 0.0 1.0 1.0 0.0 0.0 0.0 0.0 1.0 0.0 0.99999994 0.0 0.0 1.0 -7.5009336 0.0 0.0 0.0 1.0 1.0 0.0 0.0 0.0 0.0 1.0 0.0 0.99999994 0.0 0.0 1.0 -7.5009336 0.0 0.0 0.0 1.0 1.0 0.0 0.0 0.0 0.0 1.0 0.0 0.99999994 0.0 0.0 1.0 -7.5009336 0.0 0.0 0.0 1.0 1.0 0.0 0.0 0.0 0.0 1.0 0.0 0.99999994 0.0 0.0 1.0 -7.5009336 0.0 0.0 0.0 1.0 1.0 0.0 0.0 0.0 0.0 1.0 0.0 0.99999994 0.0 0.0 1.0 -7.5009336 0.0 0.0 0.0 1.0 1.0 0.0 0.0 0.0 0.0 1.0 0.0 0.99999994 0.0 0.0 1.0 -7.5009336 0.0 0.0 0.0 1.0 1.0 0.0 0.0 0.0 0.0 1.0 0.0 0.99999994 0.0 0.0 1.0 -7.5009336 0.0 0.0 0.0 1.0 1.0 0.0 0.0 0.0 0.0 1.0 0.0 0.99999994 0.0 0.0 1.0 -7.5009336 0.0 0.0 0.0 1.0 1.0 0.0 0.0 0.0 0.0 1.0 0.0 0.99999994 0.0 0.0 1.0 -7.5009336 0.0 0.0 0.0 1.0 1.0 0.0 0.0 0.0 0.0 1.0 0.0 0.99999994 0.0 0.0 1.0 -7.5009336 0.0 0.0 0.0 1.0 1.0 0.0 0.0 0.0 0.0 1.0 0.0 0.99999994 0.0 0.0 1.0 -7.5009336 0.0 0.0 0.0 1.0 1.0 0.0 0.0 0.0 0.0 1.0 0.0 0.99999994 0.0 0.0 1.0 -7.5009336 0.0 0.0 0.0 1.0 1.0 0.0 0.0 0.0 0.0 1.0 0.0 0.99999994 0.0 0.0 1.0 -7.5009336 0.0 0.0 0.0 1.0 1.0 0.0 0.0 0.0 0.0 1.0 0.0 0.99999994 0.0 0.0 1.0 -7.5009336 0.0 0.0 0.0 1.0 1.0 0.0 0.0 0.0 0.0 1.0 0.0 0.99999994 0.0 0.0 1.0 -7.5009336 0.0 0.0 0.0 1.0 1.0 0.0 0.0 0.0 0.0 1.0 0.0 0.99999994 0.0 0.0 1.0 -7.5009336 0.0 0.0 0.0 1.0 1.0 0.0 0.0 0.0 0.0 1.0 0.0 0.99999994 0.0 0.0 1.0 -7.5009336 0.0 0.0 0.0 1.0 1.0 0.0 0.0 0.0 0.0 1.0 0.0 0.99999994 0.0 0.0 1.0 -7.5009336 0.0 0.0 0.0 1.0 1.0 0.0 0.0 0.0 0.0 1.0 0.0 0.99999994 0.0 0.0 1.0 -7.5009336 0.0 0.0 0.0 1.0 1.0 0.0 0.0 0.0 0.0 1.0 0.0 0.99999994 0.0 0.0 1.0 -7.5009336 0.0 0.0 0.0 1.0 1.0 0.0 0.0 0.0 0.0 1.0 0.0 0.99999994 0.0 0.0 1.0 -7.5009336 0.0 0.0 0.0 1.0 1.0 0.0 0.0 0.0 0.0 1.0 0.0 0.99999994 0.0 0.0 1.0 -7.5009336 0.0 0.0 0.0 1.0 1.0 0.0 0.0 0.0 0.0 1.0 0.0 0.99999994 0.0 0.0 1.0 -7.5009336 0.0 0.0 0.0 1.0 1.0 0.0 0.0 0.0 0.0 1.0 0.0 0.99999994 0.0 0.0 1.0 -7.5009336 0.0 0.0 0.0 1.0 </float_array>
          <technique_common>
            <accessor count="55" source="#body-local-anim-outSource-local-array" stride="16">
              <param type="float4x4"/>
            </accessor>
          </technique_common>
        </source>
        <sampler id="body-local-anim-localSampler">
          <input semantic="INPUT" source="#body-local-anim-inSource-TIME"/>
          <input semantic="OUTPUT" source="#body-local-anim-outSource-local"/>
          <input semantic="INTERPOLATION" source="#body-local-anim-interpolation"/>
        </sampler>
        <channel source="#body-local-anim-localSampler" target="body-local/matrix"/>
      </animation>
    </animation>
    <animation id="tail1-global-anim" name="tail1-global-anim">
      <animation>
        <source id="tail1-global-anim-inSource-TIME">
          <float_array count="55" id="tail1-global-anim-inSource-TIME-array">0.0 0.041666668 0.083333336 0.125 0.16666667 0.20833333 0.25 0.29166666 0.33333334 0.375 0.41666666 0.45833334 0.5 0.5416667 0.5833333 0.625 0.6666667 0.7083333 0.75 0.7916667 0.8333333 0.875 0.9166667 0.9583333 1.0 1.0416666 1.0833334 1.125 1.1666666 1.2083334 1.25 1.2916666 1.3333334 1.375 1.4166666 1.4583334 1.5 1.5416666 1.5833334 1.625 1.6666666 1.7083334 1.75 1.7916666 1.8333334 1.875 1.9166666 1.9583334 2.0 2.0416667 2.0833333 2.125 2.1666667 2.2083333 2.25 </float_array>
          <technique_common>
            <accessor count="55" source="#tail1-global-anim-inSource-TIME-array">
              <param name="TIME" type="float"/>
            </accessor>
          </technique_common>
        </source>
        <source id="tail1-global-anim-interpolation">
          <Name_array count="55" id="tail1-global-anim-interpolation-array">LINEAR LINEAR LINEAR LINEAR LINEAR LINEAR LINEAR LINEAR LINEAR LINEAR LINEAR LINEAR LINEAR LINEAR LINEAR LINEAR LINEAR LINEAR LINEAR LINEAR LINEAR LINEAR LINEAR LINEAR LINEAR LINEAR LINEAR LINEAR LINEAR LINEAR LINEAR LINEAR LINEAR LINEAR LINEAR LINEAR LINEAR LINEAR LINEAR LINEAR LINEAR LINEAR LINEAR LINEAR LINEAR LINEAR LINEAR LINEAR LINEAR LINEAR LINEAR LINEAR LINEAR LINEAR LINEAR </Name_array>
          <technique_common>
            <accessor count="55" source="#tail1-global-anim-interpolation-array">
              <param type="name"/>
            </accessor>
          </technique_common>
        </source>
        <source id="tail1-global-anim-outSource-global">
          <float_array count="880" id="tail1-global-anim-outSource-global-array">0.4906057 0.0037581685 -0.87137365 0.0 -0.007660039 0.99997073 -4.656613E-10 0.0 0.87134814 0.006674756 0.49062014 -15.0 0.0 0.0 0.0 1.0 0.4887326 0.016192634 -0.8722834 0.0 -0.019486092 0.999781 0.007641551 0.0 0.87221605 0.013262718 0.48894104 -15.0 0.0 0.0 0.0 1.0 0.48671085 0.028610604 -0.8730946 0.0 -0.031293325 0.99939317 0.01530469 0.0 0.8730026 0.019873073 0.48731077 -15.0 0.0 0.0 0.0 1.0 0.48454067 0.04100957 -0.87380713 0.0 -0.04307935 0.9988073 0.022987867 0.0 0.8737076 0.026504481 0.48572937 -15.0 0.0 0.0 0.0 1.0 0.48222235 0.05338702 -0.8744207 0.0 -0.054841783 0.9980234 0.030689534 0.0 0.8743307 0.03315561 0.484197 -15.0 0.0 0.0 0.0 1.0 0.47975647 0.06574045 -0.8749354 0.0 -0.06657824 0.9970417 0.03840813 0.0 0.8748721 0.039825104 0.48271406 -15.0 0.0 0.0 0.0 1.0 0.47714388 0.078067385 -0.87535083 0.0 -0.07828637 0.9958624 0.046142086 0.0 0.8753313 0.04651162 0.48128134 -15.0 0.0 0.0 0.0 1.0 0.47438484 0.090365306 -0.8756674 0.0 -0.08996378 0.99448615 0.05388986 0.0 0.87570876 0.05321381 0.4798987 -15.0 0.0 0.0 0.0 1.0 0.4714797 0.10263175 -0.8758846 0.0 -0.10160813 0.99291253 0.061649874 0.0 0.8760039 0.059930325 0.4785663 -15.0 0.0 0.0 0.0 1.0 0.4684293 0.11486422 -0.87600243 0.0 -0.11321706 0.99114215 0.06942056 0.0 0.8762169 0.06665979 0.47728458 -15.0 0.0 0.0 0.0 1.0 0.46523425 0.12706025 -0.876021 0.0 -0.12478822 0.98917544 0.07720034 0.0 0.87634754 0.073400855 0.47605392 -15.0 0.0 0.0 0.0 1.0 0.4618952 0.13921739 -0.8759403 0.0 -0.1363193 0.98701286 0.08498766 0.0 0.87639606 0.08015216 0.47487447 -15.0 0.0 0.0 0.0 1.0 0.4584127 0.15133315 -0.8757602 0.0 -0.1478079 0.9846544 0.092780925 0.0 0.8763621 0.08691233 0.47374636 -15.0 0.0 0.0 0.0 1.0 0.45478764 0.16340514 -0.8754811 0.0 -0.1592518 0.9821013 0.10057859 0.0 0.8762461 0.093680024 0.47267005 -15.0 0.0 0.0 0.0 1.0 0.45102048 0.17543083 -0.87510276 0.0 -0.17064857 0.9793535 0.10837905 0.0 0.87604785 0.10045385 0.4716454 -15.0 0.0 0.0 0.0 1.0 0.44711223 0.18740788 -0.87462515 0.0 -0.18199602 0.9764116 0.11618074 0.0 0.8757673 0.107232444 0.47067305 -15.0 0.0 0.0 0.0 1.0 0.44306347 0.19933383 -0.8740486 0.0 -0.19329177 0.9732764 0.123982094 0.0 0.8754046 0.114014454 0.46975276 -15.0 0.0 0.0 0.0 1.0 0.4388754 0.21120626 -0.8733731 0.0 -0.20453358 0.9699484 0.13178149 0.0 0.87495977 0.12079846 0.4688852 -15.0 0.0 0.0 0.0 1.0 0.43454847 0.22302279 -0.87259895 0.0 -0.2157192 0.96642834 0.13957743 0.0 0.8744331 0.12758316 0.46807015 -15.0 0.0 0.0 0.0 1.0 0.43008354 0.23478092 -0.87172586 0.0 -0.2268462 0.96271664 0.1473682 0.0 0.8738243 0.13436708 0.46730775 -15.0 0.0 0.0 0.0 1.0 0.42548183 0.2464785 -0.87075454 0.0 -0.23791263 0.95881444 0.1551524 0.0 0.87313384 0.14114897 0.4665985 -15.0 0.0 0.0 0.0 1.0 0.46597588 0.23951915 -0.8517611 0.0 -0.23030469 0.9623132 0.14461333 0.0 0.8542986 0.12877825 0.5035771 -15.0 0.0 0.0 0.0 1.0 0.50551254 0.23198536 -0.83104753 0.0 -0.22220168 0.9656918 0.13440944 0.0 0.83371675 0.116714485 0.53971684 -15.0 0.0 0.0 0.0 1.0 0.5440104 0.22389248 -0.8086563 0.0 -0.21362007 0.96894324 0.12456165 0.0 0.8114304 0.104982376 0.5749431 -15.0 0.0 0.0 0.0 1.0 0.5813908 0.21525724 -0.78463334 0.0 -0.20457767 0.972061 0.115090206 0.0 0.7874853 0.09360604 0.609184 -15.0 0.0 0.0 0.0 1.0 0.6175764 0.2060973 -0.75902796 0.0 -0.19509289 0.97503835 0.10601455 0.0 0.7619306 0.08260886 0.6423688 -15.0 0.0 0.0 0.0 1.0 0.6524936 0.19643149 -0.7318927 0.0 -0.18518528 0.9778696 0.09735328 0.0 0.7348188 0.07201336 0.67442983 -15.0 0.0 0.0 0.0 1.0 0.68607044 0.18627965 -0.7032833 0.0 -0.1748752 0.9805487 0.08912421 0.0 0.7062055 0.061841317 0.7053011 -15.0 0.0 0.0 0.0 1.0 0.71823794 0.17566258 -0.67325854 0.0 -0.1641837 0.9830702 0.0813442 0.0 0.6761495 0.052113593 0.73491913 -15.0 0.0 0.0 0.0 1.0 0.74893016 0.16460215 -0.6418801 0.0 -0.15313287 0.985429 0.07402927 0.0 0.6447125 0.042850185 0.76322335 -15.0 0.0 0.0 0.0 1.0 0.7780839 0.153121 -0.6092123 0.0 -0.14174527 0.9876201 0.06719438 0.0 0.6119591 0.03407009 0.7901554 -15.0 0.0 0.0 0.0 1.0 0.8056396 0.1412427 -0.5753221 0.0 -0.13004436 0.9896391 0.060853586 0.0 0.57795626 0.025791323 0.8156602 -15.0 0.0 0.0 0.0 1.0 0.8315405 0.12899165 -0.54027915 0.0 -0.11805409 0.9914818 0.05501991 0.0 0.54277396 0.01803087 0.83968526 -15.0 0.0 0.0 0.0 1.0 0.78505915 0.13079676 -0.60545385 0.0 -0.11780615 0.9911388 0.061363805 0.0 0.60811496 0.02315196 0.7935113 -15.0 0.0 0.0 0.0 1.0 0.73350555 0.13218553 -0.6667058 0.0 -0.11704998 0.99081796 0.06766853 0.0 0.6695289 0.02840266 0.7422428 -15.0 0.0 0.0 0.0 1.0 0.67721176 0.13314906 -0.72364086 0.0 -0.11579047 0.99052155 0.07389347 0.0 0.7266205 0.033749174 0.68621004 -15.0 0.0 0.0 0.0 1.0 0.61653996 0.13368106 -0.7758919 0.0 -0.11403567 0.9902507 0.07999853 0.0 0.7790216 0.039157063 0.62577343 -15.0 0.0 0.0 0.0 1.0 0.5518811 0.13377813 -0.8231227 0.0 -0.111796916 0.9900077 0.085944384 0.0 0.8263952 0.044591486 0.56132245 -15.0 0.0 0.0 0.0 1.0 0.48365164 0.13343967 -0.86502904 0.0 -0.10908864 0.98979414 0.091692775 0.0 0.86843604 0.050017476 0.49327224 -15.0 0.0 0.0 0.0 1.0 0.41229102 0.13266785 -0.9013411 0.0 -0.105928265 0.98961127 0.09720664 0.0 0.90487325 0.055400062 0.422061 -15.0 0.0 0.0 0.0 1.0 0.3382584 0.13146764 -0.931825 0.0 -0.10233614 0.98946023 0.102450505 0.0 0.93547255 0.060704615 0.3481471 -15.0 0.0 0.0 0.0 1.0 0.26203093 0.12984675 -0.95628434 0.0 -0.098335385 0.989342 0.107390575 0.0 0.96003646 0.065896936 0.27200666 -15.0 0.0 0.0 0.0 1.0 0.18409938 0.12781566 -0.97456187 0.0 -0.09395182 0.9892575 0.111995086 0.0 0.9784072 0.070943624 0.19413018 -15.0 0.0 0.0 0.0 1.0 0.21120113 0.118401825 -0.9702449 0.0 -0.0882352 0.9908929 0.10171468 0.0 0.973452 0.0641275 0.2197249 -15.0 0.0 0.0 0.0 1.0 0.23809418 0.108791426 -0.9651298 0.0 -0.082231656 0.9923967 0.09157874 0.0 0.96775466 0.05755986 0.24522999 -15.0 0.0 0.0 0.0 1.0 0.26475558 0.098992705 -0.95922095 0.0 -0.075946346 0.99376774 0.08159594 0.0 0.9613202 0.05124635 0.27062365 -15.0 0.0 0.0 0.0 1.0 0.29116264 0.08901404 -0.95252347 0.0 -0.06938462 0.99500465 0.071774796 0.0 0.95415425 0.04519234 0.29588434 -15.0 0.0 0.0 0.0 1.0 0.31729263 0.07886393 -0.9450429 0.0 -0.062552094 0.9961064 0.062123697 0.0 0.94626254 0.03940301 0.32099032 -15.0 0.0 0.0 0.0 1.0 0.34312335 0.06855108 -0.93678576 0.0 -0.055454593 0.9970722 0.0526509 0.0 0.9376522 0.03388331 0.34592018 -15.0 0.0 0.0 0.0 1.0 0.3686325 0.05808425 -0.92775875 0.0 -0.048098177 0.99790084 0.043364476 0.0 0.92833 0.02863795 0.37065238 -15.0 0.0 0.0 0.0 1.0 0.39379865 0.047472432 -0.91797006 0.0 -0.040489152 0.9985921 0.03427238 0.0 0.91830456 0.023671415 0.39516634 -15.0 0.0 0.0 0.0 1.0 0.4186 0.036724683 -0.90742797 0.0 -0.032634016 0.99914503 0.025382387 0.0 0.90758425 0.018987952 0.41944054 -15.0 0.0 0.0 0.0 1.0 0.4430155 0.02585018 -0.89614123 0.0 -0.024539478 0.9995594 0.016702076 0.0 0.89617807 0.014591557 0.4434546 -15.0 0.0 0.0 0.0 1.0 0.46702415 0.014858201 -0.8841197 0.0 -0.01621244 0.9998346 0.008238866 0.0 0.88409585 0.010485987 0.46718782 -15.0 0.0 0.0 0.0 1.0 0.4906057 0.0037581588 -0.87137365 0.0 -0.007660034 0.99997073 -8.614734E-9 0.0 0.87134814 0.0066747554 0.49062014 -15.0 0.0 0.0 0.0 1.0 </float_array>
          <technique_common>
            <accessor count="55" source="#tail1-global-anim-outSource-global-array" stride="16">
              <param type="float4x4"/>
            </accessor>
          </technique_common>
        </source>
        <sampler id="tail1-global-anim-globalSampler">
          <input semantic="INPUT" source="#tail1-global-anim-inSource-TIME"/>
          <input semantic="OUTPUT" source="#tail1-global-anim-outSource-global"/>
          <input semantic="INTERPOLATION" source="#tail1-global-anim-interpolation"/>
        </sampler>
        <channel source="#tail1-global-anim-globalSampler" target="tail1-global/matrix"/>
      </animation>
    </animation>
    <animation id="tail1-local-anim" name="tail1-local-anim">
      <animation>
        <source id="tail1-local-anim-inSource-TIME">
          <float_array count="55" id="tail1-local-anim-inSource-TIME-array">0.0 0.041666668 0.083333336 0.125 0.16666667 0.20833333 0.25 0.29166666 0.33333334 0.375 0.41666666 0.45833334 0.5 0.5416667 0.5833333 0.625 0.6666667 0.7083333 0.75 0.7916667 0.8333333 0.875 0.9166667 0.9583333 1.0 1.0416666 1.0833334 1.125 1.1666666 1.2083334 1.25 1.2916666 1.3333334 1.375 1.4166666 1.4583334 1.5 1.5416666 1.5833334 1.625 1.6666666 1.7083334 1.75 1.7916666 1.8333334 1.875 1.9166666 1.9583334 2.0 2.0416667 2.0833333 2.125 2.1666667 2.2083333 2.25 </float_array>
          <technique_common>
            <accessor count="55" source="#tail1-local-anim-inSource-TIME-array">
              <param name="TIME" type="float"/>
            </accessor>
          </technique_common>
        </source>
        <source id="tail1-local-anim-interpolation">
          <Name_array count="55" id="tail1-local-anim-interpolation-array">LINEAR LINEAR LINEAR LINEAR LINEAR LINEAR LINEAR LINEAR LINEAR LINEAR LINEAR LINEAR LINEAR LINEAR LINEAR LINEAR LINEAR LINEAR LINEAR LINEAR LINEAR LINEAR LINEAR LINEAR LINEAR LINEAR LINEAR LINEAR LINEAR LINEAR LINEAR LINEAR LINEAR LINEAR LINEAR LINEAR LINEAR LINEAR LINEAR LINEAR LINEAR LINEAR LINEAR LINEAR LINEAR LINEAR LINEAR LINEAR LINEAR LINEAR LINEAR LINEAR LINEAR LINEAR LINEAR </Name_array>
          <technique_common>
            <accessor count="55" source="#tail1-local-anim-interpolation-array">
              <param type="name"/>
            </accessor>
          </technique_common>
        </source>
        <source id="tail1-local-anim-outSource-local">
          <float_array count="880" id="tail1-local-anim-outSource-local-array">1.0 0.0 0.0 0.070053935 0.0 1.0 0.0 0.99999994 0.0 0.0 1.0 -7.5 0.0 0.0 0.0 1.0 1.0 0.0 0.0 0.070053935 0.0 1.0 0.0 0.99999994 0.0 0.0 1.0 -7.5 0.0 0.0 0.0 1.0 1.0 0.0 0.0 0.070053935 0.0 1.0 0.0 0.99999994 0.0 0.0 1.0 -7.5 0.0 0.0 0.0 1.0 1.0 0.0 0.0 0.070053935 0.0 1.0 0.0 0.99999994 0.0 0.0 1.0 -7.5 0.0 0.0 0.0 1.0 1.0 0.0 0.0 0.070053935 0.0 1.0 0.0 0.99999994 0.0 0.0 1.0 -7.5 0.0 0.0 0.0 1.0 1.0 0.0 0.0 0.070053935 0.0 1.0 0.0 0.99999994 0.0 0.0 1.0 -7.5 0.0 0.0 0.0 1.0 1.0 0.0 0.0 0.070053935 0.0 1.0 0.0 0.99999994 0.0 0.0 1.0 -7.5 0.0 0.0 0.0 1.0 1.0 0.0 0.0 0.070053935 0.0 1.0 0.0 0.99999994 0.0 0.0 1.0 -7.5 0.0 0.0 0.0 1.0 1.0 0.0 0.0 0.070053935 0.0 1.0 0.0 0.99999994 0.0 0.0 1.0 -7.5 0.0 0.0 0.0 1.0 1.0 0.0 0.0 0.070053935 0.0 1.0 0.0 0.99999994 0.0 0.0 1.0 -7.5 0.0 0.0 0.0 1.0 1.0 0.0 0.0 0.070053935 0.0 1.0 0.0 0.99999994 0.0 0.0 1.0 -7.5 0.0 0.0 0.0 1.0 1.0 0.0 0.0 0.070053935 0.0 1.0 0.0 0.99999994 0.0 0.0 1.0 -7.5 0.0 0.0 0.0 1.0 1.0 0.0 0.0 0.070053935 0.0 1.0 0.0 0.99999994 0.0 0.0 1.0 -7.5 0.0 0.0 0.0 1.0 1.0 0.0 0.0 0.070053935 0.0 1.0 0.0 0.99999994 0.0 0.0 1.0 -7.5 0.0 0.0 0.0 1.0 1.0 0.0 0.0 0.070053935 0.0 1.0 0.0 0.99999994 0.0 0.0 1.0 -7.5 0.0 0.0 0.0 1.0 1.0 0.0 0.0 0.070053935 0.0 1.0 0.0 0.99999994 0.0 0.0 1.0 -7.5 0.0 0.0 0.0 1.0 1.0 0.0 0.0 0.070053935 0.0 1.0 0.0 0.99999994 0.0 0.0 1.0 -7.5 0.0 0.0 0.0 1.0 1.0 0.0 0.0 0.070053935 0.0 1.0 0.0 0.99999994 0.0 0.0 1.0 -7.5 0.0 0.0 0.0 1.0 1.0 0.0 0.0 0.070053935 0.0 1.0 0.0 0.99999994 0.0 0.0 1.0 -7.5 0.0 0.0 0.0 1.0 1.0 0.0 0.0 0.070053935 0.0 1.0 0.0 0.99999994 0.0 0.0 1.0 -7.5 0.0 0.0 0.0 1.0 1.0 0.0 0.0 0.070053935 0.0 1.0 0.0 0.99999994 0.0 0.0 1.0 -7.5 0.0 0.0 0.0 1.0 1.0 0.0 0.0 0.070053935 0.0 1.0 0.0 0.99999994 0.0 0.0 1.0 -7.5 0.0 0.0 0.0 1.0 1.0 0.0 0.0 0.070053935 0.0 1.0 0.0 0.99999994 0.0 0.0 1.0 -7.5 0.0 0.0 0.0 1.0 1.0 0.0 0.0 0.070053935 0.0 1.0 0.0 0.99999994 0.0 0.0 1.0 -7.5 0.0 0.0 0.0 1.0 1.0 0.0 0.0 0.070053935 0.0 1.0 0.0 0.99999994 0.0 0.0 1.0 -7.5 0.0 0.0 0.0 1.0 1.0 0.0 0.0 0.070053935 0.0 1.0 0.0 0.99999994 0.0 0.0 1.0 -7.5 0.0 0.0 0.0 1.0 1.0 0.0 0.0 0.070053935 0.0 1.0 0.0 0.99999994 0.0 0.0 1.0 -7.5 0.0 0.0 0.0 1.0 1.0 0.0 0.0 0.070053935 0.0 1.0 0.0 0.99999994 0.0 0.0 1.0 -7.5 0.0 0.0 0.0 1.0 1.0 0.0 0.0 0.070053935 0.0 1.0 0.0 0.99999994 0.0 0.0 1.0 -7.5 0.0 0.0 0.0 1.0 1.0 0.0 0.0 0.070053935 0.0 1.0 0.0 0.99999994 0.0 0.0 1.0 -7.5 0.0 0.0 0.0 1.0 1.0 0.0 0.0 0.070053935 0.0 1.0 0.0 0.99999994 0.0 0.0 1.0 -7.5 0.0 0.0 0.0 1.0 1.0 0.0 0.0 0.070053935 0.0 1.0 0.0 0.99999994 0.0 0.0 1.0 -7.5 0.0 0.0 0.0 1.0 1.0 0.0 0.0 0.070053935 0.0 1.0 0.0 0.99999994 0.0 0.0 1.0 -7.5 0.0 0.0 0.0 1.0 1.0 0.0 0.0 0.070053935 0.0 1.0 0.0 0.99999994 0.0 0.0 1.0 -7.5 0.0 0.0 0.0 1.0 1.0 0.0 0.0 0.070053935 0.0 1.0 0.0 0.99999994 0.0 0.0 1.0 -7.5 0.0 0.0 0.0 1.0 1.0 0.0 0.0 0.070053935 0.0 1.0 0.0 0.99999994 0.0 0.0 1.0 -7.5 0.0 0.0 0.0 1.0 1.0 0.0 0.0 0.070053935 0.0 1.0 0.0 0.99999994 0.0 0.0 1.0 -7.5 0.0 0.0 0.0 1.0 1.0 0.0 0.0 0.070053935 0.0 1.0 0.0 0.99999994 0.0 0.0 1.0 -7.5 0.0 0.0 0.0 1.0 1.0 0.0 0.0 0.070053935 0.0 1.0 0.0 0.99999994 0.0 0.0 1.0 -7.5 0.0 0.0 0.0 1.0 1.0 0.0 0.0 0.070053935 0.0 1.0 0.0 0.99999994 0.0 0.0 1.0 -7.5 0.0 0.0 0.0 1.0 1.0 0.0 0.0 0.070053935 0.0 1.0 0.0 0.99999994 0.0 0.0 1.0 -7.5 0.0 0.0 0.0 1.0 1.0 0.0 0.0 0.070053935 0.0 1.0 0.0 0.99999994 0.0 0.0 1.0 -7.5 0.0 0.0 0.0 1.0 1.0 0.0 0.0 0.070053935 0.0 1.0 0.0 0.99999994 0.0 0.0 1.0 -7.5 0.0 0.0 0.0 1.0 1.0 0.0 0.0 0.070053935 0.0 1.0 0.0 0.99999994 0.0 0.0 1.0 -7.5 0.0 0.0 0.0 1.0 1.0 0.0 0.0 0.070053935 0.0 1.0 0.0 0.99999994 0.0 0.0 1.0 -7.5 0.0 0.0 0.0 1.0 1.0 0.0 0.0 0.070053935 0.0 1.0 0.0 0.99999994 0.0 0.0 1.0 -7.5 0.0 0.0 0.0 1.0 1.0 0.0 0.0 0.070053935 0.0 1.0 0.0 0.99999994 0.0 0.0 1.0 -7.5 0.0 0.0 0.0 1.0 1.0 0.0 0.0 0.070053935 0.0 1.0 0.0 0.99999994 0.0 0.0 1.0 -7.5 0.0 0.0 0.0 1.0 1.0 0.0 0.0 0.070053935 0.0 1.0 0.0 0.99999994 0.0 0.0 1.0 -7.5 0.0 0.0 0.0 1.0 1.0 0.0 0.0 0.070053935 0.0 1.0 0.0 0.99999994 0.0 0.0 1.0 -7.5 0.0 0.0 0.0 1.0 1.0 0.0 0.0 0.070053935 0.0 1.0 0.0 0.99999994 0.0 0.0 1.0 -7.5 0.0 0.0 0.0 1.0 1.0 0.0 0.0 0.070053935 0.0 1.0 0.0 0.99999994 0.0 0.0 1.0 -7.5 0.0 0.0 0.0 1.0 1.0 0.0 0.0 0.070053935 0.0 1.0 0.0 0.99999994 0.0 0.0 1.0 -7.5 0.0 0.0 0.0 1.0 1.0 0.0 0.0 0.070053935 0.0 1.0 0.0 0.99999994 0.0 0.0 1.0 -7.5 0.0 0.0 0.0 1.0 1.0 0.0 0.0 0.070053935 0.0 1.0 0.0 0.99999994 0.0 0.0 1.0 -7.5 0.0 0.0 0.0 1.0 </float_array>
          <technique_common>
            <accessor count="55" source="#tail1-local-anim-outSource-local-array" stride="16">
              <param type="float4x4"/>
            </accessor>
          </technique_common>
        </source>
        <sampler id="tail1-local-anim-localSampler">
          <input semantic="INPUT" source="#tail1-local-anim-inSource-TIME"/>
          <input semantic="OUTPUT" source="#tail1-local-anim-outSource-local"/>
          <input semantic="INTERPOLATION" source="#tail1-local-anim-interpolation"/>
        </sampler>
        <channel source="#tail1-local-anim-localSampler" target="tail1-local/matrix"/>
      </animation>
    </animation>
    <animation id="tail2-global-anim" name="tail2-global-anim">
      <animation>
        <source id="tail2-global-anim-inSource-TIME">
          <float_array count="55" id="tail2-global-anim-inSource-TIME-array">0.0 0.041666668 0.083333336 0.125 0.16666667 0.20833333 0.25 0.29166666 0.33333334 0.375 0.41666666 0.45833334 0.5 0.5416667 0.5833333 0.625 0.6666667 0.7083333 0.75 0.7916667 0.8333333 0.875 0.9166667 0.9583333 1.0 1.0416666 1.0833334 1.125 1.1666666 1.2083334 1.25 1.2916666 1.3333334 1.375 1.4166666 1.4583334 1.5 1.5416666 1.5833334 1.625 1.6666666 1.7083334 1.75 1.7916666 1.8333334 1.875 1.9166666 1.9583334 2.0 2.0416667 2.0833333 2.125 2.1666667 2.2083333 2.25 </float_array>
          <technique_common>
            <accessor count="55" source="#tail2-global-anim-inSource-TIME-array">
              <param name="TIME" type="float"/>
            </accessor>
          </technique_common>
        </source>
        <source id="tail2-global-anim-interpolation">
          <Name_array count="55" id="tail2-global-anim-interpolation-array">LINEAR LINEAR LINEAR LINEAR LINEAR LINEAR LINEAR LINEAR LINEAR LINEAR LINEAR LINEAR LINEAR LINEAR LINEAR LINEAR LINEAR LINEAR LINEAR LINEAR LINEAR LINEAR LINEAR LINEAR LINEAR LINEAR LINEAR LINEAR LINEAR LINEAR LINEAR LINEAR LINEAR LINEAR LINEAR LINEAR LINEAR LINEAR LINEAR LINEAR LINEAR LINEAR LINEAR LINEAR LINEAR LINEAR LINEAR LINEAR LINEAR LINEAR LINEAR LINEAR LINEAR LINEAR LINEAR </Name_array>
          <technique_common>
            <accessor count="55" source="#tail2-global-anim-interpolation-array">
              <param type="name"/>
            </accessor>
          </technique_common>
        </source>
        <source id="tail2-global-anim-outSource-global">
          <float_array count="880" id="tail2-global-anim-outSource-global-array">0.5755025 0.052518684 -0.8161119 0.0 3.7252903E-9 0.99793583 0.064219475 0.0 0.81780005 -0.03695847 0.5743146 -15.0 0.0 0.0 0.0 1.0 0.57550263 0.042977028 -0.81666994 0.0 1.8626451E-9 0.99861825 0.052552 0.0 0.81780005 -0.030243814 0.5747074 -15.0 0.0 0.0 0.0 1.0 0.57550263 0.033429496 -0.8171167 0.0 5.5879354E-9 0.9991644 0.040877353 0.0 0.8178002 -0.023525026 0.5750216 -15.0 0.0 0.0 0.0 1.0 0.5755025 0.023877393 -0.81745136 0.0 5.5879354E-9 0.9995737 0.02919711 0.0 0.81780005 -0.016803013 0.5752572 -15.0 0.0 0.0 0.0 1.0 0.5755027 0.014322035 -0.8176748 0.0 4.1909516E-9 0.9998469 0.017512884 0.0 0.8178002 -0.010078712 0.5754144 -15.0 0.0 0.0 0.0 1.0 0.5755025 0.0047647143 -0.81778616 0.0 3.4924597E-9 0.999983 0.0058262614 0.0 0.8178 -0.003353031 0.57549274 -15.0 0.0 0.0 0.0 1.0 0.5755026 -0.0047932556 -0.81778604 0.0 4.4237822E-9 0.99998295 -0.0058611557 0.0 0.8178001 0.003373106 0.5754927 -15.0 0.0 0.0 0.0 1.0 0.5755026 -0.014350565 -0.81767416 0.0 4.1909516E-9 0.9998461 -0.017547766 0.0 0.81780005 0.0100987805 0.575414 -15.0 0.0 0.0 0.0 1.0 0.5755026 -0.023905909 -0.8174505 0.0 5.5879354E-9 0.9995727 -0.029231971 0.0 0.81780005 0.01682307 0.57525665 -15.0 0.0 0.0 0.0 1.0 0.5755025 -0.033458 -0.81711525 0.0 3.7252903E-9 0.9991627 -0.040912196 0.0 0.8178 0.02354507 0.5750207 -15.0 0.0 0.0 0.0 1.0 0.57616776 -0.04519268 -0.81608135 0.0 -0.0090510715 0.99805635 -0.061660245 0.0 0.81728154 0.04291305 0.5746387 -15.0 0.0 0.0 0.0 1.0 0.57693875 -0.05689681 -0.81480336 0.0 -0.018081944 0.9964367 -0.082383364 0.0 0.8165873 0.062263384 0.57385415 -15.0 0.0 0.0 0.0 1.0 0.57781553 -0.0685644 -0.81328255 0.0 -0.027087983 0.9943053 -0.10307094 0.0 0.815718 0.08158616 0.57266766 -15.0 0.0 0.0 0.0 1.0 0.5787974 -0.080189414 -0.81151927 0.0 -0.036064535 0.99166274 -0.1237123 0.0 0.81467366 0.100871414 0.57107973 -15.0 0.0 0.0 0.0 1.0 0.5798838 -0.09176589 -0.8095145 0.0 -0.045006998 0.9885104 -0.14429681 0.0 0.813455 0.12010921 0.5690911 -15.0 0.0 0.0 0.0 1.0 0.5810746 -0.1032879 -0.8072696 0.0 -0.053910784 0.98485035 -0.16481398 0.0 0.81206286 0.13928975 0.56670314 -15.0 0.0 0.0 0.0 1.0 0.5823687 -0.11474949 -0.8047853 0.0 -0.062771305 0.980684 -0.18525317 0.0 0.8104977 0.15840307 0.5639166 -15.0 0.0 0.0 0.0 1.0 0.5837656 -0.1261448 -0.8020632 0.0 -0.07158401 0.97601384 -0.20560393 0.0 0.8087605 0.17743939 0.5607333 -15.0 0.0 0.0 0.0 1.0 0.5852647 -0.1374679 -0.79910445 0.0 -0.08034434 0.97084194 -0.22585574 0.0 0.806852 0.1963889 0.5571547 -15.0 0.0 0.0 0.0 1.0 0.5868652 -0.14871305 -0.79591084 0.0 -0.089047834 0.96517134 -0.24599822 0.0 0.80477333 0.2152419 0.5531827 -15.0 0.0 0.0 0.0 1.0 0.58856606 -0.15987442 -0.7924837 0.0 -0.09768998 0.9590045 -0.26602098 0.0 0.8025253 0.23398861 0.5488193 -15.0 0.0 0.0 0.0 1.0 0.60332906 -0.1496146 -0.78333265 0.0 -0.088856734 0.96351707 -0.25246754 0.0 0.792527 0.22192532 0.56802344 -15.0 0.0 0.0 0.0 1.0 0.6179487 -0.13956238 -0.7737323 0.0 -0.080272965 0.9677763 -0.23867394 0.0 0.78210974 0.20959805 0.58683306 -15.0 0.0 0.0 0.0 1.0 0.6324162 -0.12972441 -0.7636895 0.0 -0.071944356 0.97178036 -0.22464941 0.0 0.7712809 0.19701503 0.60523653 -15.0 0.0 0.0 0.0 1.0 0.6467215 -0.120107 -0.75321025 0.0 -0.063876234 0.97552574 -0.21040289 0.0 0.7600468 0.1841843 0.6232214 -15.0 0.0 0.0 0.0 1.0 0.6608556 -0.11071651 -0.7423017 0.0 -0.056073938 0.97901064 -0.1959438 0.0 0.74841547 0.17111433 0.6407763 -15.0 0.0 0.0 0.0 1.0 0.6748092 -0.101559 -0.73097086 0.0 -0.048542526 0.9822325 -0.1812815 0.0 0.73639405 0.15781361 0.6578896 -15.0 0.0 0.0 0.0 1.0 0.68857324 -0.092640474 -0.71922517 0.0 -0.041286904 0.9851894 -0.16642559 0.0 0.7239907 0.14429078 0.6745502 -15.0 0.0 0.0 0.0 1.0 0.7021387 -0.08396672 -0.7070722 0.0 -0.034311797 0.9878792 -0.1513857 0.0 0.7112132 0.13055465 0.69074714 -15.0 0.0 0.0 0.0 1.0 0.71549666 -0.07554336 -0.69451976 0.0 -0.027621752 0.99030006 -0.1361716 0.0 0.6980698 0.11661418 0.7064698 -15.0 0.0 0.0 0.0 1.0 0.72863877 -0.06737597 -0.68157643 0.0 -0.021221139 0.9924511 -0.12079334 0.0 0.68456966 0.10247852 0.72170836 -15.0 0.0 0.0 0.0 1.0 0.7415558 -0.059469767 -0.6682501 0.0 -0.015114099 0.9943297 -0.10526076 0.0 0.6707208 0.08815673 0.7364522 -15.0 0.0 0.0 0.0 1.0 0.75424004 -0.05183 -0.65454996 0.0 -0.009304665 0.9959358 -0.08958416 0.0 0.6565329 0.07365833 0.7506924 -15.0 0.0 0.0 0.0 1.0 0.7119709 -0.064920254 -0.6992016 0.0 -0.004610628 0.9952636 -0.097104184 0.0 0.70219386 0.07235911 0.70829934 -15.0 0.0 0.0 0.0 1.0 0.6669031 -0.077897966 -0.7410616 0.0 -3.9527193E-4 0.99448353 -0.10489255 0.0 0.7451444 0.070246086 0.6631933 -15.0 0.0 0.0 0.0 1.0 0.6192148 -0.09071179 -0.7799645 0.0 0.003324721 0.99359876 -0.112918474 0.0 0.7852147 0.06732761 0.61555254 -15.0 0.0 0.0 0.0 1.0 0.56909466 -0.10331102 -0.81575614 0.0 0.0065346397 0.9926127 -0.121150166 0.0 0.822246 0.06361525 0.5655657 -15.0 0.0 0.0 0.0 1.0 0.51674134 -0.11564578 -0.848295 0.0 0.009221774 0.99152935 -0.12955506 0.0 0.85609186 0.05912367 0.51343066 -15.0 0.0 0.0 0.0 1.0 0.46236178 -0.12766728 -0.8774523 0.0 0.011375479 0.990353 -0.1380999 0.0 0.8866183 0.053870674 0.45935366 -15.0 0.0 0.0 0.0 1.0 0.40617135 -0.13932794 -0.9031129 0.0 0.0129872635 0.9890884 -0.14675087 0.0 0.9137049 0.047877025 0.4035488 -15.0 0.0 0.0 0.0 1.0 0.34839222 -0.1505816 -0.92517465 0.0 0.01405073 0.98774016 -0.15547371 0.0 0.93724364 0.04116645 0.34623674 -15.0 0.0 0.0 0.0 1.0 0.2892531 -0.16138375 -0.94355077 0.0 0.014561661 0.98631394 -0.16423392 0.0 0.95714194 0.033765502 0.28764436 -15.0 0.0 0.0 0.0 1.0 0.22898802 -0.17169163 -0.9581683 0.0 0.014518045 0.98481536 -0.17299685 0.0 0.973321 0.02570349 0.22800359 -15.0 0.0 0.0 0.0 1.0 0.2598698 -0.15245283 -0.95353353 0.0 0.016803898 0.9880234 -0.15338752 0.0 0.9654976 0.023837708 0.25931925 -15.0 0.0 0.0 0.0 1.0 0.29052603 -0.13322626 -0.94754726 0.0 0.018455181 0.990856 -0.13365701 0.0 0.9566893 0.021343682 0.29032815 -15.0 0.0 0.0 0.0 1.0 0.32091385 -0.11403877 -0.94021785 0.0 0.019469582 0.9933092 -0.113832876 0.0 0.94690835 0.018224891 0.32098693 -15.0 0.0 0.0 0.0 1.0 0.35099092 -0.094917186 -0.9315556 0.0 0.01984571 0.9953797 -0.09394283 0.0 0.93616843 0.014485702 0.35125294 -15.0 0.0 0.0 0.0 1.0 0.3807155 -0.07588817 -0.92157316 0.0 0.019583013 0.99706507 -0.07401463 0.0 0.9244851 0.010131329 0.38108414 -15.0 0.0 0.0 0.0 1.0 0.41004562 -0.056978248 -0.91028357 0.0 0.018681867 0.9983621 -0.054076016 0.0 0.9118737 0.0051678363 0.41043842 -15.0 0.0 0.0 0.0 1.0 0.43894067 -0.03821382 -0.8977032 0.0 0.017143527 0.9992696 -0.03415485 0.0 0.8983526 -3.978461E-4 0.43927518 -15.0 0.0 0.0 0.0 1.0 0.46736038 -0.019621046 -0.8838493 0.0 0.014970137 0.99978614 -0.0142789055 0.0 0.8839403 -0.006557949 0.4675541 -15.0 0.0 0.0 0.0 1.0 0.49526483 -0.0012259237 -0.8687413 0.0 0.0121647455 0.99991083 0.0055240346 0.0 0.868657 -0.013303875 0.49523556 -15.0 0.0 0.0 0.0 1.0 0.5226154 0.01694591 -0.85240024 0.0 0.008731253 0.99964374 0.025226364 0.0 0.852524 -0.020626208 0.52228117 -15.0 0.0 0.0 0.0 1.0 0.54937375 0.03486914 -0.8348488 0.0 0.0046744486 0.998985 0.044800643 0.0 0.8355636 -0.028514754 0.5486531 -15.0 0.0 0.0 0.0 1.0 0.5755025 0.05251868 -0.8161119 0.0 5.5879354E-9 0.99793583 0.064219475 0.0 0.81780005 -0.036958475 0.5743146 -15.0 0.0 0.0 0.0 1.0 </float_array>
          <technique_common>
            <accessor count="55" source="#tail2-global-anim-outSource-global-array" stride="16">
              <param type="float4x4"/>
            </accessor>
          </technique_common>
        </source>
        <sampler id="tail2-global-anim-globalSampler">
          <input semantic="INPUT" source="#tail2-global-anim-inSource-TIME"/>
          <input semantic="OUTPUT" source="#tail2-global-anim-outSource-global"/>
          <input semantic="INTERPOLATION" source="#tail2-global-anim-interpolation"/>
        </sampler>
        <channel source="#tail2-global-anim-globalSampler" target="tail2-global/matrix"/>
      </animation>
    </animation>
    <animation id="tail2-local-anim" name="tail2-local-anim">
      <animation>
        <source id="tail2-local-anim-inSource-TIME">
          <float_array count="55" id="tail2-local-anim-inSource-TIME-array">0.0 0.041666668 0.083333336 0.125 0.16666667 0.20833333 0.25 0.29166666 0.33333334 0.375 0.41666666 0.45833334 0.5 0.5416667 0.5833333 0.625 0.6666667 0.7083333 0.75 0.7916667 0.8333333 0.875 0.9166667 0.9583333 1.0 1.0416666 1.0833334 1.125 1.1666666 1.2083334 1.25 1.2916666 1.3333334 1.375 1.4166666 1.4583334 1.5 1.5416666 1.5833334 1.625 1.6666666 1.7083334 1.75 1.7916666 1.8333334 1.875 1.9166666 1.9583334 2.0 2.0416667 2.0833333 2.125 2.1666667 2.2083333 2.25 </float_array>
          <technique_common>
            <accessor count="55" source="#tail2-local-anim-inSource-TIME-array">
              <param name="TIME" type="float"/>
            </accessor>
          </technique_common>
        </source>
        <source id="tail2-local-anim-interpolation">
          <Name_array count="55" id="tail2-local-anim-interpolation-array">LINEAR LINEAR LINEAR LINEAR LINEAR LINEAR LINEAR LINEAR LINEAR LINEAR LINEAR LINEAR LINEAR LINEAR LINEAR LINEAR LINEAR LINEAR LINEAR LINEAR LINEAR LINEAR LINEAR LINEAR LINEAR LINEAR LINEAR LINEAR LINEAR LINEAR LINEAR LINEAR LINEAR LINEAR LINEAR LINEAR LINEAR LINEAR LINEAR LINEAR LINEAR LINEAR LINEAR LINEAR LINEAR LINEAR LINEAR LINEAR LINEAR LINEAR LINEAR LINEAR LINEAR LINEAR LINEAR </Name_array>
          <technique_common>
            <accessor count="55" source="#tail2-local-anim-interpolation-array">
              <param type="name"/>
            </accessor>
          </technique_common>
        </source>
        <source id="tail2-local-anim-outSource-local">
          <float_array count="880" id="tail2-local-anim-outSource-local-array">1.0 0.0 0.0 0.0 0.0 1.0 0.0 0.99999994 0.0 0.0 1.0 -7.5 0.0 0.0 0.0 1.0 1.0 0.0 0.0 0.0 0.0 1.0 0.0 0.99999994 0.0 0.0 1.0 -7.5 0.0 0.0 0.0 1.0 1.0 0.0 0.0 0.0 0.0 1.0 0.0 0.99999994 0.0 0.0 1.0 -7.5 0.0 0.0 0.0 1.0 1.0 0.0 0.0 0.0 0.0 1.0 0.0 0.99999994 0.0 0.0 1.0 -7.5 0.0 0.0 0.0 1.0 1.0 0.0 0.0 0.0 0.0 1.0 0.0 0.99999994 0.0 0.0 1.0 -7.5 0.0 0.0 0.0 1.0 1.0 0.0 0.0 0.0 0.0 1.0 0.0 0.99999994 0.0 0.0 1.0 -7.5 0.0 0.0 0.0 1.0 1.0 0.0 0.0 0.0 0.0 1.0 0.0 0.99999994 0.0 0.0 1.0 -7.5 0.0 0.0 0.0 1.0 1.0 0.0 0.0 0.0 0.0 1.0 0.0 0.99999994 0.0 0.0 1.0 -7.5 0.0 0.0 0.0 1.0 1.0 0.0 0.0 0.0 0.0 1.0 0.0 0.99999994 0.0 0.0 1.0 -7.5 0.0 0.0 0.0 1.0 1.0 0.0 0.0 0.0 0.0 1.0 0.0 0.99999994 0.0 0.0 1.0 -7.5 0.0 0.0 0.0 1.0 1.0 0.0 0.0 0.0 0.0 1.0 0.0 0.99999994 0.0 0.0 1.0 -7.5 0.0 0.0 0.0 1.0 1.0 0.0 0.0 0.0 0.0 1.0 0.0 0.99999994 0.0 0.0 1.0 -7.5 0.0 0.0 0.0 1.0 1.0 0.0 0.0 0.0 0.0 1.0 0.0 0.99999994 0.0 0.0 1.0 -7.5 0.0 0.0 0.0 1.0 1.0 0.0 0.0 0.0 0.0 1.0 0.0 0.99999994 0.0 0.0 1.0 -7.5 0.0 0.0 0.0 1.0 1.0 0.0 0.0 0.0 0.0 1.0 0.0 0.99999994 0.0 0.0 1.0 -7.5 0.0 0.0 0.0 1.0 1.0 0.0 0.0 0.0 0.0 1.0 0.0 0.99999994 0.0 0.0 1.0 -7.5 0.0 0.0 0.0 1.0 1.0 0.0 0.0 0.0 0.0 1.0 0.0 0.99999994 0.0 0.0 1.0 -7.5 0.0 0.0 0.0 1.0 1.0 0.0 0.0 0.0 0.0 1.0 0.0 0.99999994 0.0 0.0 1.0 -7.5 0.0 0.0 0.0 1.0 1.0 0.0 0.0 0.0 0.0 1.0 0.0 0.99999994 0.0 0.0 1.0 -7.5 0.0 0.0 0.0 1.0 1.0 0.0 0.0 0.0 0.0 1.0 0.0 0.99999994 0.0 0.0 1.0 -7.5 0.0 0.0 0.0 1.0 1.0 0.0 0.0 0.0 0.0 1.0 0.0 0.99999994 0.0 0.0 1.0 -7.5 0.0 0.0 0.0 1.0 1.0 0.0 0.0 0.0 0.0 1.0 0.0 0.99999994 0.0 0.0 1.0 -7.5 0.0 0.0 0.0 1.0 1.0 0.0 0.0 0.0 0.0 1.0 0.0 0.99999994 0.0 0.0 1.0 -7.5 0.0 0.0 0.0 1.0 1.0 0.0 0.0 0.0 0.0 1.0 0.0 0.99999994 0.0 0.0 1.0 -7.5 0.0 0.0 0.0 1.0 1.0 0.0 0.0 0.0 0.0 1.0 0.0 0.99999994 0.0 0.0 1.0 -7.5 0.0 0.0 0.0 1.0 1.0 0.0 0.0 0.0 0.0 1.0 0.0 0.99999994 0.0 0.0 1.0 -7.5 0.0 0.0 0.0 1.0 1.0 0.0 0.0 0.0 0.0 1.0 0.0 0.99999994 0.0 0.0 1.0 -7.5 0.0 0.0 0.0 1.0 1.0 0.0 0.0 0.0 0.0 1.0 0.0 0.99999994 0.0 0.0 1.0 -7.5 0.0 0.0 0.0 1.0 1.0 0.0 0.0 0.0 0.0 1.0 0.0 0.99999994 0.0 0.0 1.0 -7.5 0.0 0.0 0.0 1.0 1.0 0.0 0.0 0.0 0.0 1.0 0.0 0.99999994 0.0 0.0 1.0 -7.5 0.0 0.0 0.0 1.0 1.0 0.0 0.0 0.0 0.0 1.0 0.0 0.99999994 0.0 0.0 1.0 -7.5 0.0 0.0 0.0 1.0 1.0 0.0 0.0 0.0 0.0 1.0 0.0 0.99999994 0.0 0.0 1.0 -7.5 0.0 0.0 0.0 1.0 1.0 0.0 0.0 0.0 0.0 1.0 0.0 0.99999994 0.0 0.0 1.0 -7.5 0.0 0.0 0.0 1.0 1.0 0.0 0.0 0.0 0.0 1.0 0.0 0.99999994 0.0 0.0 1.0 -7.5 0.0 0.0 0.0 1.0 1.0 0.0 0.0 0.0 0.0 1.0 0.0 0.99999994 0.0 0.0 1.0 -7.5 0.0 0.0 0.0 1.0 1.0 0.0 0.0 0.0 0.0 1.0 0.0 0.99999994 0.0 0.0 1.0 -7.5 0.0 0.0 0.0 1.0 1.0 0.0 0.0 0.0 0.0 1.0 0.0 0.99999994 0.0 0.0 1.0 -7.5 0.0 0.0 0.0 1.0 1.0 0.0 0.0 0.0 0.0 1.0 0.0 0.99999994 0.0 0.0 1.0 -7.5 0.0 0.0 0.0 1.0 1.0 0.0 0.0 0.0 0.0 1.0 0.0 0.99999994 0.0 0.0 1.0 -7.5 0.0 0.0 0.0 1.0 1.0 0.0 0.0 0.0 0.0 1.0 0.0 0.99999994 0.0 0.0 1.0 -7.5 0.0 0.0 0.0 1.0 1.0 0.0 0.0 0.0 0.0 1.0 0.0 0.99999994 0.0 0.0 1.0 -7.5 0.0 0.0 0.0 1.0 1.0 0.0 0.0 0.0 0.0 1.0 0.0 0.99999994 0.0 0.0 1.0 -7.5 0.0 0.0 0.0 1.0 1.0 0.0 0.0 0.0 0.0 1.0 0.0 0.99999994 0.0 0.0 1.0 -7.5 0.0 0.0 0.0 1.0 1.0 0.0 0.0 0.0 0.0 1.0 0.0 0.99999994 0.0 0.0 1.0 -7.5 0.0 0.0 0.0 1.0 1.0 0.0 0.0 0.0 0.0 1.0 0.0 0.99999994 0.0 0.0 1.0 -7.5 0.0 0.0 0.0 1.0 1.0 0.0 0.0 0.0 0.0 1.0 0.0 0.99999994 0.0 0.0 1.0 -7.5 0.0 0.0 0.0 1.0 1.0 0.0 0.0 0.0 0.0 1.0 0.0 0.99999994 0.0 0.0 1.0 -7.5 0.0 0.0 0.0 1.0 1.0 0.0 0.0 0.0 0.0 1.0 0.0 0.99999994 0.0 0.0 1.0 -7.5 0.0 0.0 0.0 1.0 1.0 0.0 0.0 0.0 0.0 1.0 0.0 0.99999994 0.0 0.0 1.0 -7.5 0.0 0.0 0.0 1.0 1.0 0.0 0.0 0.0 0.0 1.0 0.0 0.99999994 0.0 0.0 1.0 -7.5 0.0 0.0 0.0 1.0 1.0 0.0 0.0 0.0 0.0 1.0 0.0 0.99999994 0.0 0.0 1.0 -7.5 0.0 0.0 0.0 1.0 1.0 0.0 0.0 0.0 0.0 1.0 0.0 0.99999994 0.0 0.0 1.0 -7.5 0.0 0.0 0.0 1.0 1.0 0.0 0.0 0.0 0.0 1.0 0.0 0.99999994 0.0 0.0 1.0 -7.5 0.0 0.0 0.0 1.0 1.0 0.0 0.0 0.0 0.0 1.0 0.0 0.99999994 0.0 0.0 1.0 -7.5 0.0 0.0 0.0 1.0 1.0 0.0 0.0 0.0 0.0 1.0 0.0 0.99999994 0.0 0.0 1.0 -7.5 0.0 0.0 0.0 1.0 </float_array>
          <technique_common>
            <accessor count="55" source="#tail2-local-anim-outSource-local-array" stride="16">
              <param type="float4x4"/>
            </accessor>
          </technique_common>
        </source>
        <sampler id="tail2-local-anim-localSampler">
          <input semantic="INPUT" source="#tail2-local-anim-inSource-TIME"/>
          <input semantic="OUTPUT" source="#tail2-local-anim-outSource-local"/>
          <input semantic="INTERPOLATION" source="#tail2-local-anim-interpolation"/>
        </sampler>
        <channel source="#tail2-local-anim-localSampler" target="tail2-local/matrix"/>
      </animation>
    </animation>
    <animation id="tail3-global-anim" name="tail3-global-anim">
      <animation>
        <source id="tail3-global-anim-inSource-TIME">
          <float_array count="55" id="tail3-global-anim-inSource-TIME-array">0.0 0.041666668 0.083333336 0.125 0.16666667 0.20833333 0.25 0.29166666 0.33333334 0.375 0.41666666 0.45833334 0.5 0.5416667 0.5833333 0.625 0.6666667 0.7083333 0.75 0.7916667 0.8333333 0.875 0.9166667 0.9583333 1.0 1.0416666 1.0833334 1.125 1.1666666 1.2083334 1.25 1.2916666 1.3333334 1.375 1.4166666 1.4583334 1.5 1.5416666 1.5833334 1.625 1.6666666 1.7083334 1.75 1.7916666 1.8333334 1.875 1.9166666 1.9583334 2.0 2.0416667 2.0833333 2.125 2.1666667 2.2083333 2.25 </float_array>
          <technique_common>
            <accessor count="55" source="#tail3-global-anim-inSource-TIME-array">
              <param name="TIME" type="float"/>
            </accessor>
          </technique_common>
        </source>
        <source id="tail3-global-anim-interpolation">
          <Name_array count="55" id="tail3-global-anim-interpolation-array">LINEAR LINEAR LINEAR LINEAR LINEAR LINEAR LINEAR LINEAR LINEAR LINEAR LINEAR LINEAR LINEAR LINEAR LINEAR LINEAR LINEAR LINEAR LINEAR LINEAR LINEAR LINEAR LINEAR LINEAR LINEAR LINEAR LINEAR LINEAR LINEAR LINEAR LINEAR LINEAR LINEAR LINEAR LINEAR LINEAR LINEAR LINEAR LINEAR LINEAR LINEAR LINEAR LINEAR LINEAR LINEAR LINEAR LINEAR LINEAR LINEAR LINEAR LINEAR LINEAR LINEAR LINEAR LINEAR </Name_array>
          <technique_common>
            <accessor count="55" source="#tail3-global-anim-interpolation-array">
              <param type="name"/>
            </accessor>
          </technique_common>
        </source>
        <source id="tail3-global-anim-outSource-global">
          <float_array count="880" id="tail3-global-anim-outSource-global-array">0.66690326 0.0 -0.74514437 0.0 0.0 1.0 0.0 0.0 0.74514437 0.0 0.66690326 -14.0 0.0 0.0 0.0 1.0 0.66690326 -0.0026101884 -0.7451398 0.0 -1.1641532E-10 0.99999386 -0.00350293 0.0 0.7451443 0.0023361156 0.66689914 -14.0 0.0 0.0 0.0 1.0 0.66690326 -0.005220345 -0.7451261 0.0 0.0 0.9999755 -0.0070058173 0.0 0.74514437 0.0046722023 0.6668869 -14.0 0.0 0.0 0.0 1.0 0.6669034 -0.007830439 -0.74510336 0.0 -4.656613E-10 0.999945 -0.010508621 0.0 0.7451445 0.007008234 0.6668666 -14.0 0.0 0.0 0.0 1.0 0.6669033 -0.010440437 -0.74507135 0.0 -9.313226E-10 0.999902 -0.014011295 0.0 0.74514455 0.009344178 0.6668379 -14.0 0.0 0.0 0.0 1.0 0.66690326 -0.013050304 -0.7450301 0.0 0.0 0.99984676 -0.017513793 0.0 0.7451444 0.011680005 0.666801 -14.0 0.0 0.0 0.0 1.0 0.66690326 -0.01566001 -0.74497974 0.0 -1.8626451E-9 0.99977916 -0.021016076 0.0 0.74514437 0.0140156895 0.6667559 -14.0 0.0 0.0 0.0 1.0 0.66690314 -0.018269528 -0.7449204 0.0 -9.313226E-10 0.99969935 -0.024518104 0.0 0.74514437 0.016351203 0.6667026 -14.0 0.0 0.0 0.0 1.0 0.6669032 -0.020878818 -0.7448518 0.0 -9.313226E-10 0.9996073 -0.028019832 0.0 0.74514437 0.018686516 0.66664135 -14.0 0.0 0.0 0.0 1.0 0.6669034 -0.023487855 -0.7447742 0.0 -9.313226E-10 0.99950325 -0.031521216 0.0 0.7451445 0.0210216 0.666572 -14.0 0.0 0.0 0.0 1.0 0.66690314 -0.026096605 -0.74468726 0.0 -2.7939677E-9 0.99938655 -0.03502221 0.0 0.7451444 0.023356425 0.666494 -14.0 0.0 0.0 0.0 1.0 0.66690326 -0.028705038 -0.7445915 0.0 -2.7939677E-9 0.9992579 -0.038522787 0.0 0.7451446 0.025690971 0.6664082 -14.0 0.0 0.0 0.0 1.0 0.6669032 -0.031313106 -0.7444862 0.0 -1.8626451E-9 0.99911666 -0.042022876 0.0 0.7451445 0.02802519 0.6663141 -14.0 0.0 0.0 0.0 1.0 0.66690326 -0.033920802 -0.744372 0.0 -5.5879354E-9 0.9989635 -0.045522455 0.0 0.7451445 0.03035907 0.66621184 -14.0 0.0 0.0 0.0 1.0 0.66690326 -0.036528073 -0.74424857 0.0 -1.8626451E-9 0.9987978 -0.04902147 0.0 0.7451444 0.032692578 0.66610146 -14.0 0.0 0.0 0.0 1.0 0.66690314 -0.039134905 -0.74411607 0.0 -5.5879354E-9 0.99862 -0.0525199 0.0 0.7451445 0.03502569 0.6659828 -14.0 0.0 0.0 0.0 1.0 0.66690326 -0.041741244 -0.7439743 0.0 -1.8626451E-9 0.99842983 -0.05601766 0.0 0.74514437 0.03735836 0.66585606 -14.0 0.0 0.0 0.0 1.0 0.6669032 -0.04434708 -0.74382365 0.0 -3.7252903E-9 0.9982275 -0.059514754 0.0 0.7451445 0.039690576 0.66572106 -14.0 0.0 0.0 0.0 1.0 0.6669032 -0.046952367 -0.7436638 0.0 -3.7252903E-9 0.9980129 -0.063011095 0.0 0.7451445 0.0420223 0.66557795 -14.0 0.0 0.0 0.0 1.0 0.6669033 -0.04955709 -0.7434948 0.0 -3.7252903E-9 0.9977862 -0.0665067 0.0 0.74514455 0.04435353 0.6654268 -14.0 0.0 0.0 0.0 1.0 0.66690314 -0.052161187 -0.7433165 0.0 -5.5879354E-9 0.9975469 -0.07000145 0.0 0.7451444 0.04668419 0.6652671 -14.0 0.0 0.0 0.0 1.0 0.66690314 -0.0540462 -0.7431819 0.0 -3.7252903E-9 0.9973662 -0.07253118 0.0 0.7451444 0.04837127 0.66514665 -14.0 0.0 0.0 0.0 1.0 0.66690326 -0.055930894 -0.74304235 0.0 -3.7252903E-9 0.99717903 -0.07506048 0.0 0.74514437 0.050058074 0.6650219 -14.0 0.0 0.0 0.0 1.0 0.66690326 -0.05781526 -0.7428983 0.0 -5.5879354E-9 0.99698555 -0.07758935 0.0 0.74514455 0.05174458 0.6648928 -14.0 0.0 0.0 0.0 1.0 0.66690314 -0.059699252 -0.74274904 0.0 -5.5879354E-9 0.9967854 -0.0801177 0.0 0.7451444 0.05343075 0.66475934 -14.0 0.0 0.0 0.0 1.0 0.66690326 -0.061582893 -0.7425953 0.0 -3.7252903E-9 0.9965791 -0.082645595 0.0 0.7451445 0.055116612 0.6646218 -14.0 0.0 0.0 0.0 1.0 0.6669032 -0.06346615 -0.7424367 0.0 -3.7252903E-9 0.99636626 -0.08517295 0.0 0.7451444 0.056802113 0.6644798 -14.0 0.0 0.0 0.0 1.0 0.666903 -0.06534897 -0.7422733 0.0 -3.7252903E-9 0.9961468 -0.08769973 0.0 0.7451443 0.05848723 0.6643334 -14.0 0.0 0.0 0.0 1.0 0.6669032 -0.06723139 -0.74210525 0.0 -3.7252903E-9 0.9959214 -0.09022598 0.0 0.7451445 0.06017199 0.66418314 -14.0 0.0 0.0 0.0 1.0 0.6669032 -0.069113344 -0.7419323 0.0 0.0 0.9956893 -0.092751615 0.0 0.74514437 0.06185635 0.66402835 -14.0 0.0 0.0 0.0 1.0 0.6669032 -0.07099484 -0.74175453 0.0 -3.7252903E-9 0.99545085 -0.09527663 0.0 0.74514437 0.06354029 0.6638694 -14.0 0.0 0.0 0.0 1.0 0.66690326 -0.07287589 -0.7415724 0.0 -3.7252903E-9 0.99520624 -0.09780102 0.0 0.7451446 0.065223806 0.6637062 -14.0 0.0 0.0 0.0 1.0 0.66690314 -0.074756384 -0.741385 0.0 -3.7252903E-9 0.9949547 -0.1003247 0.0 0.74514437 0.06690686 0.66353846 -14.0 0.0 0.0 0.0 1.0 0.6669032 -0.059170403 -0.7427914 0.0 -3.7252903E-9 0.99684227 -0.07940797 0.0 0.7451445 0.052957423 0.66479725 -14.0 0.0 0.0 0.0 1.0 0.6669032 -0.043558314 -0.7438702 0.0 1.8626451E-9 0.99829 -0.058456205 0.0 0.7451444 0.038984627 0.6657628 -14.0 0.0 0.0 0.0 1.0 0.66690326 -0.02792702 -0.7446209 0.0 1.8626451E-9 0.99929756 -0.03747867 0.0 0.7451445 0.024994643 0.6664347 -14.0 0.0 0.0 0.0 1.0 0.66690326 -0.0122834 -0.7450432 0.0 2.3283064E-9 0.9998642 -0.016484588 0.0 0.7451444 0.010993622 0.66681266 -14.0 0.0 0.0 0.0 1.0 0.6669033 0.003365634 -0.7451369 0.0 6.6356733E-9 0.99999 0.00451676 0.0 0.74514455 -0.0030122467 0.6668965 -14.0 0.0 0.0 0.0 1.0 0.66690326 0.019013185 -0.7449018 0.0 7.4505806E-9 0.99967444 0.025516115 0.0 0.74514437 -0.017016783 0.6666861 -14.0 0.0 0.0 0.0 1.0 0.6669033 0.034652352 -0.7443382 0.0 5.5879354E-9 0.9989182 0.04650422 0.0 0.7451444 -0.031013818 0.66618174 -14.0 0.0 0.0 0.0 1.0 0.6669033 0.05027622 -0.74344635 0.0 7.4505806E-9 0.9977213 0.067471795 0.0 0.74514437 -0.044997167 0.6653836 -14.0 0.0 0.0 0.0 1.0 0.6669034 0.06587794 -0.7422266 0.0 7.4505806E-9 0.99608445 0.08840964 0.0 0.7451445 -0.058960684 0.664292 -14.0 0.0 0.0 0.0 1.0 0.66690326 0.081450574 -0.7406794 0.0 7.4505806E-9 0.9940079 0.10930846 0.0 0.74514437 -0.07289817 0.66290706 -14.0 0.0 0.0 0.0 1.0 0.6669034 0.07468689 -0.741392 0.0 7.4505806E-9 0.9949643 0.100231454 0.0 0.7451445 -0.06684469 0.6635449 -14.0 0.0 0.0 0.0 1.0 0.6669033 0.067917 -0.74204284 0.0 7.4505806E-9 0.9958377 0.0911461 0.0 0.7451444 -0.060785633 0.66412735 -14.0 0.0 0.0 0.0 1.0 0.6669032 0.06114142 -0.74263173 0.0 1.1175871E-8 0.996628 0.082053125 0.0 0.7451444 -0.0547215 0.6646544 -14.0 0.0 0.0 0.0 1.0 0.6669034 0.05436077 -0.7431589 0.0 5.5879354E-9 0.9973355 0.07295335 0.0 0.7451444 -0.048652828 0.6651263 -14.0 0.0 0.0 0.0 1.0 0.66690326 0.047575586 -0.74362403 0.0 5.5879354E-9 0.99795973 0.06384748 0.0 0.7451444 -0.042580094 0.6655425 -14.0 0.0 0.0 0.0 1.0 0.66690326 0.040786438 -0.7440274 0.0 5.5879354E-9 0.99850094 0.054736294 0.0 0.7451445 -0.036503814 0.6659035 -14.0 0.0 0.0 0.0 1.0 0.6669034 0.033993885 -0.7443687 0.0 3.7252903E-9 0.998959 0.045620542 0.0 0.7451445 -0.030424489 0.666209 -14.0 0.0 0.0 0.0 1.0 0.66690326 0.0271985 -0.7446478 0.0 1.8626451E-9 0.9993336 0.036500987 0.0 0.7451443 -0.024342626 0.66645885 -14.0 0.0 0.0 0.0 1.0 0.66690326 0.020400861 -0.7448651 0.0 3.7252903E-9 0.99962527 0.027378405 0.0 0.7451444 -0.018258749 0.6666533 -14.0 0.0 0.0 0.0 1.0 0.66690326 0.013601525 -0.7450203 0.0 1.3969839E-9 0.99983346 0.018253546 0.0 0.74514437 -0.012173349 0.66679215 -14.0 0.0 0.0 0.0 1.0 0.66690326 0.006801039 -0.74511325 0.0 4.656613E-10 0.9999583 0.009127144 0.0 0.74514425 -0.0060869227 0.6668755 -14.0 0.0 0.0 0.0 1.0 0.66690326 0.0 -0.74514437 0.0 0.0 1.0 0.0 0.0 0.74514437 0.0 0.66690326 -14.0 0.0 0.0 0.0 1.0 </float_array>
          <technique_common>
            <accessor count="55" source="#tail3-global-anim-outSource-global-array" stride="16">
              <param type="float4x4"/>
            </accessor>
          </technique_common>
        </source>
        <sampler id="tail3-global-anim-globalSampler">
          <input semantic="INPUT" source="#tail3-global-anim-inSource-TIME"/>
          <input semantic="OUTPUT" source="#tail3-global-anim-outSource-global"/>
          <input semantic="INTERPOLATION" source="#tail3-global-anim-interpolation"/>
        </sampler>
        <channel source="#tail3-global-anim-globalSampler" target="tail3-global/matrix"/>
      </animation>
    </animation>
    <animation id="tail3-local-anim" name="tail3-local-anim">
      <animation>
        <source id="tail3-local-anim-inSource-TIME">
          <float_array count="55" id="tail3-local-anim-inSource-TIME-array">0.0 0.041666668 0.083333336 0.125 0.16666667 0.20833333 0.25 0.29166666 0.33333334 0.375 0.41666666 0.45833334 0.5 0.5416667 0.5833333 0.625 0.6666667 0.7083333 0.75 0.7916667 0.8333333 0.875 0.9166667 0.9583333 1.0 1.0416666 1.0833334 1.125 1.1666666 1.2083334 1.25 1.2916666 1.3333334 1.375 1.4166666 1.4583334 1.5 1.5416666 1.5833334 1.625 1.6666666 1.7083334 1.75 1.7916666 1.8333334 1.875 1.9166666 1.9583334 2.0 2.0416667 2.0833333 2.125 2.1666667 2.2083333 2.25 </float_array>
          <technique_common>
            <accessor count="55" source="#tail3-local-anim-inSource-TIME-array">
              <param name="TIME" type="float"/>
            </accessor>
          </technique_common>
        </source>
        <source id="tail3-local-anim-interpolation">
          <Name_array count="55" id="tail3-local-anim-interpolation-array">LINEAR LINEAR LINEAR LINEAR LINEAR LINEAR LINEAR LINEAR LINEAR LINEAR LINEAR LINEAR LINEAR LINEAR LINEAR LINEAR LINEAR LINEAR LINEAR LINEAR LINEAR LINEAR LINEAR LINEAR LINEAR LINEAR LINEAR LINEAR LINEAR LINEAR LINEAR LINEAR LINEAR LINEAR LINEAR LINEAR LINEAR LINEAR LINEAR LINEAR LINEAR LINEAR LINEAR LINEAR LINEAR LINEAR LINEAR LINEAR LINEAR LINEAR LINEAR LINEAR LINEAR LINEAR LINEAR </Name_array>
          <technique_common>
            <accessor count="55" source="#tail3-local-anim-interpolation-array">
              <param type="name"/>
            </accessor>
          </technique_common>
        </source>
        <source id="tail3-local-anim-outSource-local">
          <float_array count="880" id="tail3-local-anim-outSource-local-array">1.0 0.0 0.0 0.0 0.0 1.0 0.0 0.49999997 0.0 0.0 1.0 -7.5 0.0 0.0 0.0 1.0 1.0 0.0 0.0 0.0 0.0 1.0 0.0 0.49999997 0.0 0.0 1.0 -7.5 0.0 0.0 0.0 1.0 1.0 0.0 0.0 0.0 0.0 1.0 0.0 0.49999997 0.0 0.0 1.0 -7.5 0.0 0.0 0.0 1.0 1.0 0.0 0.0 0.0 0.0 1.0 0.0 0.49999997 0.0 0.0 1.0 -7.5 0.0 0.0 0.0 1.0 1.0 0.0 0.0 0.0 0.0 1.0 0.0 0.49999997 0.0 0.0 1.0 -7.5 0.0 0.0 0.0 1.0 1.0 0.0 0.0 0.0 0.0 1.0 0.0 0.49999997 0.0 0.0 1.0 -7.5 0.0 0.0 0.0 1.0 1.0 0.0 0.0 0.0 0.0 1.0 0.0 0.49999997 0.0 0.0 1.0 -7.5 0.0 0.0 0.0 1.0 1.0 0.0 0.0 0.0 0.0 1.0 0.0 0.49999997 0.0 0.0 1.0 -7.5 0.0 0.0 0.0 1.0 1.0 0.0 0.0 0.0 0.0 1.0 0.0 0.49999997 0.0 0.0 1.0 -7.5 0.0 0.0 0.0 1.0 1.0 0.0 0.0 0.0 0.0 1.0 0.0 0.49999997 0.0 0.0 1.0 -7.5 0.0 0.0 0.0 1.0 1.0 0.0 0.0 0.0 0.0 1.0 0.0 0.49999997 0.0 0.0 1.0 -7.5 0.0 0.0 0.0 1.0 1.0 0.0 0.0 0.0 0.0 1.0 0.0 0.49999997 0.0 0.0 1.0 -7.5 0.0 0.0 0.0 1.0 1.0 0.0 0.0 0.0 0.0 1.0 0.0 0.49999997 0.0 0.0 1.0 -7.5 0.0 0.0 0.0 1.0 1.0 0.0 0.0 0.0 0.0 1.0 0.0 0.49999997 0.0 0.0 1.0 -7.5 0.0 0.0 0.0 1.0 1.0 0.0 0.0 0.0 0.0 1.0 0.0 0.49999997 0.0 0.0 1.0 -7.5 0.0 0.0 0.0 1.0 1.0 0.0 0.0 0.0 0.0 1.0 0.0 0.49999997 0.0 0.0 1.0 -7.5 0.0 0.0 0.0 1.0 1.0 0.0 0.0 0.0 0.0 1.0 0.0 0.49999997 0.0 0.0 1.0 -7.5 0.0 0.0 0.0 1.0 1.0 0.0 0.0 0.0 0.0 1.0 0.0 0.49999997 0.0 0.0 1.0 -7.5 0.0 0.0 0.0 1.0 1.0 0.0 0.0 0.0 0.0 1.0 0.0 0.49999997 0.0 0.0 1.0 -7.5 0.0 0.0 0.0 1.0 1.0 0.0 0.0 0.0 0.0 1.0 0.0 0.49999997 0.0 0.0 1.0 -7.5 0.0 0.0 0.0 1.0 1.0 0.0 0.0 0.0 0.0 1.0 0.0 0.49999997 0.0 0.0 1.0 -7.5 0.0 0.0 0.0 1.0 1.0 0.0 0.0 0.0 0.0 1.0 0.0 0.49999997 0.0 0.0 1.0 -7.5 0.0 0.0 0.0 1.0 1.0 0.0 0.0 0.0 0.0 1.0 0.0 0.49999997 0.0 0.0 1.0 -7.5 0.0 0.0 0.0 1.0 1.0 0.0 0.0 0.0 0.0 1.0 0.0 0.49999997 0.0 0.0 1.0 -7.5 0.0 0.0 0.0 1.0 1.0 0.0 0.0 0.0 0.0 1.0 0.0 0.49999997 0.0 0.0 1.0 -7.5 0.0 0.0 0.0 1.0 1.0 0.0 0.0 0.0 0.0 1.0 0.0 0.49999997 0.0 0.0 1.0 -7.5 0.0 0.0 0.0 1.0 1.0 0.0 0.0 0.0 0.0 1.0 0.0 0.49999997 0.0 0.0 1.0 -7.5 0.0 0.0 0.0 1.0 1.0 0.0 0.0 0.0 0.0 1.0 0.0 0.49999997 0.0 0.0 1.0 -7.5 0.0 0.0 0.0 1.0 1.0 0.0 0.0 0.0 0.0 1.0 0.0 0.49999997 0.0 0.0 1.0 -7.5 0.0 0.0 0.0 1.0 1.0 0.0 0.0 0.0 0.0 1.0 0.0 0.49999997 0.0 0.0 1.0 -7.5 0.0 0.0 0.0 1.0 1.0 0.0 0.0 0.0 0.0 1.0 0.0 0.49999997 0.0 0.0 1.0 -7.5 0.0 0.0 0.0 1.0 1.0 0.0 0.0 0.0 0.0 1.0 0.0 0.49999997 0.0 0.0 1.0 -7.5 0.0 0.0 0.0 1.0 1.0 0.0 0.0 0.0 0.0 1.0 0.0 0.49999997 0.0 0.0 1.0 -7.5 0.0 0.0 0.0 1.0 1.0 0.0 0.0 0.0 0.0 1.0 0.0 0.49999997 0.0 0.0 1.0 -7.5 0.0 0.0 0.0 1.0 1.0 0.0 0.0 0.0 0.0 1.0 0.0 0.49999997 0.0 0.0 1.0 -7.5 0.0 0.0 0.0 1.0 1.0 0.0 0.0 0.0 0.0 1.0 0.0 0.49999997 0.0 0.0 1.0 -7.5 0.0 0.0 0.0 1.0 1.0 0.0 0.0 0.0 0.0 1.0 0.0 0.49999997 0.0 0.0 1.0 -7.5 0.0 0.0 0.0 1.0 1.0 0.0 0.0 0.0 0.0 1.0 0.0 0.49999997 0.0 0.0 1.0 -7.5 0.0 0.0 0.0 1.0 1.0 0.0 0.0 0.0 0.0 1.0 0.0 0.49999997 0.0 0.0 1.0 -7.5 0.0 0.0 0.0 1.0 1.0 0.0 0.0 0.0 0.0 1.0 0.0 0.49999997 0.0 0.0 1.0 -7.5 0.0 0.0 0.0 1.0 1.0 0.0 0.0 0.0 0.0 1.0 0.0 0.49999997 0.0 0.0 1.0 -7.5 0.0 0.0 0.0 1.0 1.0 0.0 0.0 0.0 0.0 1.0 0.0 0.49999997 0.0 0.0 1.0 -7.5 0.0 0.0 0.0 1.0 1.0 0.0 0.0 0.0 0.0 1.0 0.0 0.49999997 0.0 0.0 1.0 -7.5 0.0 0.0 0.0 1.0 1.0 0.0 0.0 0.0 0.0 1.0 0.0 0.49999997 0.0 0.0 1.0 -7.5 0.0 0.0 0.0 1.0 1.0 0.0 0.0 0.0 0.0 1.0 0.0 0.49999997 0.0 0.0 1.0 -7.5 0.0 0.0 0.0 1.0 1.0 0.0 0.0 0.0 0.0 1.0 0.0 0.49999997 0.0 0.0 1.0 -7.5 0.0 0.0 0.0 1.0 1.0 0.0 0.0 0.0 0.0 1.0 0.0 0.49999997 0.0 0.0 1.0 -7.5 0.0 0.0 0.0 1.0 1.0 0.0 0.0 0.0 0.0 1.0 0.0 0.49999997 0.0 0.0 1.0 -7.5 0.0 0.0 0.0 1.0 1.0 0.0 0.0 0.0 0.0 1.0 0.0 0.49999997 0.0 0.0 1.0 -7.5 0.0 0.0 0.0 1.0 1.0 0.0 0.0 0.0 0.0 1.0 0.0 0.49999997 0.0 0.0 1.0 -7.5 0.0 0.0 0.0 1.0 1.0 0.0 0.0 0.0 0.0 1.0 0.0 0.49999997 0.0 0.0 1.0 -7.5 0.0 0.0 0.0 1.0 1.0 0.0 0.0 0.0 0.0 1.0 0.0 0.49999997 0.0 0.0 1.0 -7.5 0.0 0.0 0.0 1.0 1.0 0.0 0.0 0.0 0.0 1.0 0.0 0.49999997 0.0 0.0 1.0 -7.5 0.0 0.0 0.0 1.0 1.0 0.0 0.0 0.0 0.0 1.0 0.0 0.49999997 0.0 0.0 1.0 -7.5 0.0 0.0 0.0 1.0 1.0 0.0 0.0 0.0 0.0 1.0 0.0 0.49999997 0.0 0.0 1.0 -7.5 0.0 0.0 0.0 1.0 </float_array>
          <technique_common>
            <accessor count="55" source="#tail3-local-anim-outSource-local-array" stride="16">
              <param type="float4x4"/>
            </accessor>
          </technique_common>
        </source>
        <sampler id="tail3-local-anim-localSampler">
          <input semantic="INPUT" source="#tail3-local-anim-inSource-TIME"/>
          <input semantic="OUTPUT" source="#tail3-local-anim-outSource-local"/>
          <input semantic="INTERPOLATION" source="#tail3-local-anim-interpolation"/>
        </sampler>
        <channel source="#tail3-local-anim-localSampler" target="tail3-local/matrix"/>
      </animation>
    </animation>
    <animation id="tail4-global-anim" name="tail4-global-anim">
      <animation>
        <source id="tail4-global-anim-inSource-TIME">
          <float_array count="55" id="tail4-global-anim-inSource-TIME-array">0.0 0.041666668 0.083333336 0.125 0.16666667 0.20833333 0.25 0.29166666 0.33333334 0.375 0.41666666 0.45833334 0.5 0.5416667 0.5833333 0.625 0.6666667 0.7083333 0.75 0.7916667 0.8333333 0.875 0.9166667 0.9583333 1.0 1.0416666 1.0833334 1.125 1.1666666 1.2083334 1.25 1.2916666 1.3333334 1.375 1.4166666 1.4583334 1.5 1.5416666 1.5833334 1.625 1.6666666 1.7083334 1.75 1.7916666 1.8333334 1.875 1.9166666 1.9583334 2.0 2.0416667 2.0833333 2.125 2.1666667 2.2083333 2.25 </float_array>
          <technique_common>
            <accessor count="55" source="#tail4-global-anim-inSource-TIME-array">
              <param name="TIME" type="float"/>
            </accessor>
          </technique_common>
        </source>
        <source id="tail4-global-anim-interpolation">
          <Name_array count="55" id="tail4-global-anim-interpolation-array">LINEAR LINEAR LINEAR LINEAR LINEAR LINEAR LINEAR LINEAR LINEAR LINEAR LINEAR LINEAR LINEAR LINEAR LINEAR LINEAR LINEAR LINEAR LINEAR LINEAR LINEAR LINEAR LINEAR LINEAR LINEAR LINEAR LINEAR LINEAR LINEAR LINEAR LINEAR LINEAR LINEAR LINEAR LINEAR LINEAR LINEAR LINEAR LINEAR LINEAR LINEAR LINEAR LINEAR LINEAR LINEAR LINEAR LINEAR LINEAR LINEAR LINEAR LINEAR LINEAR LINEAR LINEAR LINEAR </Name_array>
          <technique_common>
            <accessor count="55" source="#tail4-global-anim-interpolation-array">
              <param type="name"/>
            </accessor>
          </technique_common>
        </source>
        <source id="tail4-global-anim-outSource-global">
          <float_array count="880" id="tail4-global-anim-outSource-global-array">0.8398229 0.0 -0.54286045 0.0 0.0 1.0 0.0 0.0 0.54286045 0.0 0.8398229 -14.0 0.0 0.0 0.0 1.0 0.83341676 -0.0010666045 -0.552644 0.0 2.7718316E-4 0.99999887 -0.0015119935 0.0 0.55264497 0.0011069371 0.8334161 -14.0 0.0 0.0 0.0 1.0 0.8268964 -0.0021460792 -0.56235045 0.0 5.3666445E-4 0.99999547 -0.003027122 0.0 0.56235427 0.0022013225 0.8268937 -14.0 0.0 0.0 0.0 1.0 0.8202625 -0.0032382724 -0.5719782 0.0 7.7840744E-4 0.9999894 -0.0045451727 0.0 0.5719868 0.0032830024 0.8202563 -14.0 0.0 0.0 0.0 1.0 0.81351626 -0.0043430347 -0.58152604 0.0 0.0010023793 0.99998116 -0.0060659377 0.0 0.5815414 0.004351829 0.81350523 -14.0 0.0 0.0 0.0 1.0 0.80665857 -0.0054602115 -0.59099287 0.0 0.001208548 0.9999707 -0.007589205 0.0 0.5910168 0.005407653 0.80664134 -14.0 0.0 0.0 0.0 1.0 0.7996901 -0.0065896446 -0.6003769 0.0 0.0013968844 0.99995756 -0.009114757 0.0 0.6004115 0.006450324 0.79966533 -14.0 0.0 0.0 0.0 1.0 0.7926124 -0.007731181 -0.60967726 0.0 0.0015673642 0.99994236 -0.01064239 0.0 0.6097242 0.0074797017 0.7925786 -14.0 0.0 0.0 0.0 1.0 0.7854256 -0.008884658 -0.61889225 0.0 0.0017199616 0.9999244 -0.012171884 0.0 0.61895365 0.008495639 0.78538156 -14.0 0.0 0.0 0.0 1.0 0.7781316 -0.010049919 -0.6280209 0.0 0.0018546567 0.9999044 -0.013703031 0.0 0.6280986 0.009497998 0.7780758 -14.0 0.0 0.0 0.0 1.0 0.77073085 -0.011226799 -0.637062 0.0 0.0019714306 0.99988204 -0.015235616 0.0 0.63715786 0.010486636 0.77066207 -14.0 0.0 0.0 0.0 1.0 0.7632246 -0.012415136 -0.646014 0.0 0.0020702668 0.99985725 -0.016769428 0.0 0.64612997 0.011461419 0.76314133 -14.0 0.0 0.0 0.0 1.0 0.7556138 -0.013614763 -0.6548758 0.0 0.0021511507 0.9998301 -0.01830425 0.0 0.65501374 0.012422207 0.75551474 -14.0 0.0 0.0 0.0 1.0 0.74789983 -0.014825517 -0.6636464 0.0 0.0022140741 0.9998009 -0.019839874 0.0 0.6638083 0.013368873 0.7477836 -14.0 0.0 0.0 0.0 1.0 0.74008304 -0.01604722 -0.67232406 0.0 0.002259023 0.9997689 -0.021376075 0.0 0.6725117 0.014301276 0.7399483 -14.0 0.0 0.0 0.0 1.0 0.73216516 -0.017279712 -0.6809079 0.0 0.0022859965 0.9997349 -0.022912648 0.0 0.6811233 0.01521929 0.73201054 -14.0 0.0 0.0 0.0 1.0 0.7241472 -0.018522823 -0.6893968 0.0 0.0022949874 0.9996986 -0.02444939 0.0 0.6896418 0.016122796 0.72397137 -14.0 0.0 0.0 0.0 1.0 0.71602994 -0.01977637 -0.6977894 0.0 0.0022859955 0.9996597 -0.025986062 0.0 0.6980658 0.017011655 0.7158315 -14.0 0.0 0.0 0.0 1.0 0.70781505 -0.021040188 -0.7060847 0.0 0.0022590235 0.9996188 -0.027522473 0.0 0.70639455 0.017885754 0.7075926 -14.0 0.0 0.0 0.0 1.0 0.69950324 -0.022314094 -0.7142814 0.0 0.0022140732 0.9995755 -0.029058397 0.0 0.7146264 0.018744964 0.6992555 -14.0 0.0 0.0 0.0 1.0 0.6910956 -0.023597907 -0.72237813 0.0 0.0021511512 0.99952966 -0.030593615 0.0 0.7227603 0.019589163 0.69082123 -14.0 0.0 0.0 0.0 1.0 0.6825937 -0.024891468 -0.73037446 0.0 0.0020702668 0.9994819 -0.03212793 0.0 0.7307955 0.02041825 0.6822914 -14.0 0.0 0.0 0.0 1.0 0.67399824 -0.026194569 -0.73826844 0.0 0.0019714301 0.9994314 -0.03366111 0.0 0.7387304 0.021232083 0.6736666 -14.0 0.0 0.0 0.0 1.0 0.6653109 -0.027507052 -0.7460596 0.0 0.0018546563 0.99937886 -0.03519296 0.0 0.7465642 0.022030571 0.66494864 -14.0 0.0 0.0 0.0 1.0 0.65653265 -0.028828729 -0.7537467 0.0 0.001719961 0.9993241 -0.036723256 0.0 0.7542959 0.0228136 0.6561384 -14.0 0.0 0.0 0.0 1.0 0.64766467 -0.03015941 -0.76132846 0.0 0.0015673637 0.999267 -0.03825179 0.0 0.761924 0.023581054 0.6472372 -14.0 0.0 0.0 0.0 1.0 0.6387083 -0.03149891 -0.7688039 0.0 0.0013968851 0.9992075 -0.03977834 0.0 0.7694476 0.024332827 0.6382462 -14.0 0.0 0.0 0.0 1.0 0.6296648 -0.032847047 -0.7761723 0.0 0.0012085456 0.999146 -0.041302707 0.0 0.7768661 0.025068816 0.6291667 -14.0 0.0 0.0 0.0 1.0 0.62053525 -0.034203634 -0.7834323 0.0 0.0010023769 0.9990821 -0.04282467 0.0 0.78417796 0.025788926 0.61999995 -14.0 0.0 0.0 0.0 1.0 0.6113212 -0.035568483 -0.79058313 0.0 7.78405E-4 0.9990162 -0.044344027 0.0 0.79138243 0.026493046 0.6107474 -14.0 0.0 0.0 0.0 1.0 0.6020236 -0.036941394 -0.7976232 0.0 5.366653E-4 0.9989477 -0.045860544 0.0 0.79847807 0.027181074 0.6014099 -14.0 0.0 0.0 0.0 1.0 0.5926441 -0.038322195 -0.80455244 0.0 2.7718022E-4 0.9988773 -0.04737404 0.0 0.8054645 0.027852936 0.5919893 -14.0 0.0 0.0 0.0 1.0 0.5831837 -0.03971067 -0.8113691 0.0 -1.8626451E-9 0.99880445 -0.04888428 0.0 0.8123403 0.028508514 0.5824865 -14.0 0.0 0.0 0.0 1.0 0.57141864 -0.04044707 -0.8196617 0.0 2.499111E-5 0.99878573 -0.049268723 0.0 0.820659 0.028132575 0.5707257 -14.0 0.0 0.0 0.0 1.0 0.5595348 -0.041177962 -0.82778335 0.0 4.4435263E-5 0.99876654 -0.04965346 0.0 0.8288069 0.027746055 0.5588465 -14.0 0.0 0.0 0.0 1.0 0.5475348 -0.041903213 -0.83573306 0.0 5.8328733E-5 0.99874735 -0.050038442 0.0 0.83678293 0.02734904 0.54685134 -14.0 0.0 0.0 0.0 1.0 0.53542113 -0.042622652 -0.843509 0.0 6.6660345E-5 0.9987279 -0.050423577 0.0 0.84458524 0.02694162 0.53474295 -14.0 0.0 0.0 0.0 1.0 0.52319646 -0.043336153 -0.8511097 0.0 6.9441274E-5 0.99870855 -0.050808787 0.0 0.85221225 0.026523873 0.5225237 -14.0 0.0 0.0 0.0 1.0 0.51086307 -0.04404354 -0.85853326 0.0 6.666407E-5 0.9986889 -0.051193982 0.0 0.8596623 0.02609588 0.5101961 -14.0 0.0 0.0 0.0 1.0 0.4984234 -0.044744678 -0.86577815 0.0 5.8325008E-5 0.99866885 -0.05157908 0.0 0.86693364 0.025657728 0.49776256 -14.0 0.0 0.0 0.0 1.0 0.48588043 -0.045439437 -0.8728433 0.0 4.4431537E-5 0.99864894 -0.05196403 0.0 0.8740253 0.025209524 0.48522604 -14.0 0.0 0.0 0.0 1.0 0.47323677 -0.046127655 -0.8797269 0.0 2.4996698E-5 0.998629 -0.05234873 0.0 0.88093543 0.024751354 0.47258905 -14.0 0.0 0.0 0.0 1.0 0.4604947 -0.046809196 -0.88642764 0.0 0.0 0.9986088 -0.0527331 0.0 0.88766265 0.024283307 0.459854 -14.0 0.0 0.0 0.0 1.0 0.49839336 -0.04249677 -0.8659088 0.0 0.001046421 0.99882656 -0.048417773 0.0 0.86695033 0.02322499 0.49785298 -14.0 0.0 0.0 0.0 1.0 0.5353656 -0.038233407 -0.8437547 0.0 0.0019052867 0.99902713 -0.044060417 0.0 0.8446184 0.021980837 0.5349176 -14.0 0.0 0.0 0.0 1.0 0.57134163 -0.034027107 -0.82000685 0.0 0.0025749784 0.9992097 -0.039669212 0.0 0.8207085 0.020553168 0.5709776 -14.0 0.0 0.0 0.0 1.0 0.6062535 -0.02988581 -0.7947097 0.0 0.0030542342 0.9993738 -0.035252437 0.0 0.79526556 0.018944686 0.60596514 -14.0 0.0 0.0 0.0 1.0 0.64003575 -0.025817338 -0.7679115 0.0 0.0033421507 0.9995196 -0.030818447 0.0 0.76833814 0.01715843 0.6398144 -14.0 0.0 0.0 0.0 1.0 0.6726241 -0.02182934 -0.73966235 0.0 0.0034381794 0.9996463 -0.026375568 0.0 0.73997647 0.015197748 0.67246115 -14.0 0.0 0.0 0.0 1.0 0.7039578 -0.017929338 -0.7100157 0.0 0.0033421488 0.9997541 -0.021932187 0.0 0.7102342 0.013066353 0.7038445 -14.0 0.0 0.0 0.0 1.0 0.7339772 -0.014124683 -0.67902714 0.0 0.0030542342 0.9998423 -0.017496673 0.0 0.6791672 0.0107682515 0.7339046 -14.0 0.0 0.0 0.0 1.0 0.76262623 -0.010422548 -0.6467556 0.0 0.0025749789 0.99991125 -0.013077394 0.0 0.6468344 0.008307782 0.76258534 -14.0 0.0 0.0 0.0 1.0 0.78985053 -0.006829916 -0.61326146 0.0 0.0019052881 0.99996054 -0.008682681 0.0 0.6132965 0.00568958 0.78983235 -14.0 0.0 0.0 0.0 1.0 0.815599 -0.003353543 -0.5786079 0.0 0.0010464209 0.9999902 -0.0043208026 0.0 0.57861674 0.0029185747 0.8155945 -14.0 0.0 0.0 0.0 1.0 0.8398229 0.0 -0.54286045 0.0 0.0 1.0 0.0 0.0 0.54286045 0.0 0.8398229 -14.0 0.0 0.0 0.0 1.0 </float_array>
          <technique_common>
            <accessor count="55" source="#tail4-global-anim-outSource-global-array" stride="16">
              <param type="float4x4"/>
            </accessor>
          </technique_common>
        </source>
        <sampler id="tail4-global-anim-globalSampler">
          <input semantic="INPUT" source="#tail4-global-anim-inSource-TIME"/>
          <input semantic="OUTPUT" source="#tail4-global-anim-outSource-global"/>
          <input semantic="INTERPOLATION" source="#tail4-global-anim-interpolation"/>
        </sampler>
        <channel source="#tail4-global-anim-globalSampler" target="tail4-global/matrix"/>
      </animation>
    </animation>
    <animation id="tail4-local-anim" name="tail4-local-anim">
      <animation>
        <source id="tail4-local-anim-inSource-TIME">
          <float_array count="55" id="tail4-local-anim-inSource-TIME-array">0.0 0.041666668 0.083333336 0.125 0.16666667 0.20833333 0.25 0.29166666 0.33333334 0.375 0.41666666 0.45833334 0.5 0.5416667 0.5833333 0.625 0.6666667 0.7083333 0.75 0.7916667 0.8333333 0.875 0.9166667 0.9583333 1.0 1.0416666 1.0833334 1.125 1.1666666 1.2083334 1.25 1.2916666 1.3333334 1.375 1.4166666 1.4583334 1.5 1.5416666 1.5833334 1.625 1.6666666 1.7083334 1.75 1.7916666 1.8333334 1.875 1.9166666 1.9583334 2.0 2.0416667 2.0833333 2.125 2.1666667 2.2083333 2.25 </float_array>
          <technique_common>
            <accessor count="55" source="#tail4-local-anim-inSource-TIME-array">
              <param name="TIME" type="float"/>
            </accessor>
          </technique_common>
        </source>
        <source id="tail4-local-anim-interpolation">
          <Name_array count="55" id="tail4-local-anim-interpolation-array">LINEAR LINEAR LINEAR LINEAR LINEAR LINEAR LINEAR LINEAR LINEAR LINEAR LINEAR LINEAR LINEAR LINEAR LINEAR LINEAR LINEAR LINEAR LINEAR LINEAR LINEAR LINEAR LINEAR LINEAR LINEAR LINEAR LINEAR LINEAR LINEAR LINEAR LINEAR LINEAR LINEAR LINEAR LINEAR LINEAR LINEAR LINEAR LINEAR LINEAR LINEAR LINEAR LINEAR LINEAR LINEAR LINEAR LINEAR LINEAR LINEAR LINEAR LINEAR LINEAR LINEAR LINEAR LINEAR </Name_array>
          <technique_common>
            <accessor count="55" source="#tail4-local-anim-interpolation-array">
              <param type="name"/>
            </accessor>
          </technique_common>
        </source>
        <source id="tail4-local-anim-outSource-local">
          <float_array count="880" id="tail4-local-anim-outSource-local-array">1.0 0.0 0.0 -0.49999988 0.0 1.0 0.0 0.0 0.0 0.0 1.0 -7.5 0.0 0.0 0.0 1.0 1.0 0.0 0.0 -0.49999988 0.0 1.0 0.0 0.0 0.0 0.0 1.0 -7.5 0.0 0.0 0.0 1.0 1.0 0.0 0.0 -0.49999988 0.0 1.0 0.0 0.0 0.0 0.0 1.0 -7.5 0.0 0.0 0.0 1.0 1.0 0.0 0.0 -0.49999988 0.0 1.0 0.0 0.0 0.0 0.0 1.0 -7.5 0.0 0.0 0.0 1.0 1.0 0.0 0.0 -0.49999988 0.0 1.0 0.0 0.0 0.0 0.0 1.0 -7.5 0.0 0.0 0.0 1.0 1.0 0.0 0.0 -0.49999988 0.0 1.0 0.0 0.0 0.0 0.0 1.0 -7.5 0.0 0.0 0.0 1.0 1.0 0.0 0.0 -0.49999988 0.0 1.0 0.0 0.0 0.0 0.0 1.0 -7.5 0.0 0.0 0.0 1.0 1.0 0.0 0.0 -0.49999988 0.0 1.0 0.0 0.0 0.0 0.0 1.0 -7.5 0.0 0.0 0.0 1.0 1.0 0.0 0.0 -0.49999988 0.0 1.0 0.0 0.0 0.0 0.0 1.0 -7.5 0.0 0.0 0.0 1.0 1.0 0.0 0.0 -0.49999988 0.0 1.0 0.0 0.0 0.0 0.0 1.0 -7.5 0.0 0.0 0.0 1.0 1.0 0.0 0.0 -0.49999988 0.0 1.0 0.0 0.0 0.0 0.0 1.0 -7.5 0.0 0.0 0.0 1.0 1.0 0.0 0.0 -0.49999988 0.0 1.0 0.0 0.0 0.0 0.0 1.0 -7.5 0.0 0.0 0.0 1.0 1.0 0.0 0.0 -0.49999988 0.0 1.0 0.0 0.0 0.0 0.0 1.0 -7.5 0.0 0.0 0.0 1.0 1.0 0.0 0.0 -0.49999988 0.0 1.0 0.0 0.0 0.0 0.0 1.0 -7.5 0.0 0.0 0.0 1.0 1.0 0.0 0.0 -0.49999988 0.0 1.0 0.0 0.0 0.0 0.0 1.0 -7.5 0.0 0.0 0.0 1.0 1.0 0.0 0.0 -0.49999988 0.0 1.0 0.0 0.0 0.0 0.0 1.0 -7.5 0.0 0.0 0.0 1.0 1.0 0.0 0.0 -0.49999988 0.0 1.0 0.0 0.0 0.0 0.0 1.0 -7.5 0.0 0.0 0.0 1.0 1.0 0.0 0.0 -0.49999988 0.0 1.0 0.0 0.0 0.0 0.0 1.0 -7.5 0.0 0.0 0.0 1.0 1.0 0.0 0.0 -0.49999988 0.0 1.0 0.0 0.0 0.0 0.0 1.0 -7.5 0.0 0.0 0.0 1.0 1.0 0.0 0.0 -0.49999988 0.0 1.0 0.0 0.0 0.0 0.0 1.0 -7.5 0.0 0.0 0.0 1.0 1.0 0.0 0.0 -0.49999988 0.0 1.0 0.0 0.0 0.0 0.0 1.0 -7.5 0.0 0.0 0.0 1.0 1.0 0.0 0.0 -0.49999988 0.0 1.0 0.0 0.0 0.0 0.0 1.0 -7.5 0.0 0.0 0.0 1.0 1.0 0.0 0.0 -0.49999988 0.0 1.0 0.0 0.0 0.0 0.0 1.0 -7.5 0.0 0.0 0.0 1.0 1.0 0.0 0.0 -0.49999988 0.0 1.0 0.0 0.0 0.0 0.0 1.0 -7.5 0.0 0.0 0.0 1.0 1.0 0.0 0.0 -0.49999988 0.0 1.0 0.0 0.0 0.0 0.0 1.0 -7.5 0.0 0.0 0.0 1.0 1.0 0.0 0.0 -0.49999988 0.0 1.0 0.0 0.0 0.0 0.0 1.0 -7.5 0.0 0.0 0.0 1.0 1.0 0.0 0.0 -0.49999988 0.0 1.0 0.0 0.0 0.0 0.0 1.0 -7.5 0.0 0.0 0.0 1.0 1.0 0.0 0.0 -0.49999988 0.0 1.0 0.0 0.0 0.0 0.0 1.0 -7.5 0.0 0.0 0.0 1.0 1.0 0.0 0.0 -0.49999988 0.0 1.0 0.0 0.0 0.0 0.0 1.0 -7.5 0.0 0.0 0.0 1.0 1.0 0.0 0.0 -0.49999988 0.0 1.0 0.0 0.0 0.0 0.0 1.0 -7.5 0.0 0.0 0.0 1.0 1.0 0.0 0.0 -0.49999988 0.0 1.0 0.0 0.0 0.0 0.0 1.0 -7.5 0.0 0.0 0.0 1.0 1.0 0.0 0.0 -0.49999988 0.0 1.0 0.0 0.0 0.0 0.0 1.0 -7.5 0.0 0.0 0.0 1.0 1.0 0.0 0.0 -0.49999988 0.0 1.0 0.0 0.0 0.0 0.0 1.0 -7.5 0.0 0.0 0.0 1.0 1.0 0.0 0.0 -0.49999988 0.0 1.0 0.0 0.0 0.0 0.0 1.0 -7.5 0.0 0.0 0.0 1.0 1.0 0.0 0.0 -0.49999988 0.0 1.0 0.0 0.0 0.0 0.0 1.0 -7.5 0.0 0.0 0.0 1.0 1.0 0.0 0.0 -0.49999988 0.0 1.0 0.0 0.0 0.0 0.0 1.0 -7.5 0.0 0.0 0.0 1.0 1.0 0.0 0.0 -0.49999988 0.0 1.0 0.0 0.0 0.0 0.0 1.0 -7.5 0.0 0.0 0.0 1.0 1.0 0.0 0.0 -0.49999988 0.0 1.0 0.0 0.0 0.0 0.0 1.0 -7.5 0.0 0.0 0.0 1.0 1.0 0.0 0.0 -0.49999988 0.0 1.0 0.0 0.0 0.0 0.0 1.0 -7.5 0.0 0.0 0.0 1.0 1.0 0.0 0.0 -0.49999988 0.0 1.0 0.0 0.0 0.0 0.0 1.0 -7.5 0.0 0.0 0.0 1.0 1.0 0.0 0.0 -0.49999988 0.0 1.0 0.0 0.0 0.0 0.0 1.0 -7.5 0.0 0.0 0.0 1.0 1.0 0.0 0.0 -0.49999988 0.0 1.0 0.0 0.0 0.0 0.0 1.0 -7.5 0.0 0.0 0.0 1.0 1.0 0.0 0.0 -0.49999988 0.0 1.0 0.0 0.0 0.0 0.0 1.0 -7.5 0.0 0.0 0.0 1.0 1.0 0.0 0.0 -0.49999988 0.0 1.0 0.0 0.0 0.0 0.0 1.0 -7.5 0.0 0.0 0.0 1.0 1.0 0.0 0.0 -0.49999988 0.0 1.0 0.0 0.0 0.0 0.0 1.0 -7.5 0.0 0.0 0.0 1.0 1.0 0.0 0.0 -0.49999988 0.0 1.0 0.0 0.0 0.0 0.0 1.0 -7.5 0.0 0.0 0.0 1.0 1.0 0.0 0.0 -0.49999988 0.0 1.0 0.0 0.0 0.0 0.0 1.0 -7.5 0.0 0.0 0.0 1.0 1.0 0.0 0.0 -0.49999988 0.0 1.0 0.0 0.0 0.0 0.0 1.0 -7.5 0.0 0.0 0.0 1.0 1.0 0.0 0.0 -0.49999988 0.0 1.0 0.0 0.0 0.0 0.0 1.0 -7.5 0.0 0.0 0.0 1.0 1.0 0.0 0.0 -0.49999988 0.0 1.0 0.0 0.0 0.0 0.0 1.0 -7.5 0.0 0.0 0.0 1.0 1.0 0.0 0.0 -0.49999988 0.0 1.0 0.0 0.0 0.0 0.0 1.0 -7.5 0.0 0.0 0.0 1.0 1.0 0.0 0.0 -0.49999988 0.0 1.0 0.0 0.0 0.0 0.0 1.0 -7.5 0.0 0.0 0.0 1.0 1.0 0.0 0.0 -0.49999988 0.0 1.0 0.0 0.0 0.0 0.0 1.0 -7.5 0.0 0.0 0.0 1.0 1.0 0.0 0.0 -0.49999988 0.0 1.0 0.0 0.0 0.0 0.0 1.0 -7.5 0.0 0.0 0.0 1.0 1.0 0.0 0.0 -0.49999988 0.0 1.0 0.0 0.0 0.0 0.0 1.0 -7.5 0.0 0.0 0.0 1.0 </float_array>
          <technique_common>
            <accessor count="55" source="#tail4-local-anim-outSource-local-array" stride="16">
              <param type="float4x4"/>
            </accessor>
          </technique_common>
        </source>
        <sampler id="tail4-local-anim-localSampler">
          <input semantic="INPUT" source="#tail4-local-anim-inSource-TIME"/>
          <input semantic="OUTPUT" source="#tail4-local-anim-outSource-local"/>
          <input semantic="INTERPOLATION" source="#tail4-local-anim-interpolation"/>
        </sampler>
        <channel source="#tail4-local-anim-localSampler" target="tail4-local/matrix"/>
      </animation>
    </animation>
    <animation id="tail5-global-anim" name="tail5-global-anim">
      <animation>
        <source id="tail5-global-anim-inSource-TIME">
          <float_array count="55" id="tail5-global-anim-inSource-TIME-array">0.0 0.041666668 0.083333336 0.125 0.16666667 0.20833333 0.25 0.29166666 0.33333334 0.375 0.41666666 0.45833334 0.5 0.5416667 0.5833333 0.625 0.6666667 0.7083333 0.75 0.7916667 0.8333333 0.875 0.9166667 0.9583333 1.0 1.0416666 1.0833334 1.125 1.1666666 1.2083334 1.25 1.2916666 1.3333334 1.375 1.4166666 1.4583334 1.5 1.5416666 1.5833334 1.625 1.6666666 1.7083334 1.75 1.7916666 1.8333334 1.875 1.9166666 1.9583334 2.0 2.0416667 2.0833333 2.125 2.1666667 2.2083333 2.25 </float_array>
          <technique_common>
            <accessor count="55" source="#tail5-global-anim-inSource-TIME-array">
              <param name="TIME" type="float"/>
            </accessor>
          </technique_common>
        </source>
        <source id="tail5-global-anim-interpolation">
          <Name_array count="55" id="tail5-global-anim-interpolation-array">LINEAR LINEAR LINEAR LINEAR LINEAR LINEAR LINEAR LINEAR LINEAR LINEAR LINEAR LINEAR LINEAR LINEAR LINEAR LINEAR LINEAR LINEAR LINEAR LINEAR LINEAR LINEAR LINEAR LINEAR LINEAR LINEAR LINEAR LINEAR LINEAR LINEAR LINEAR LINEAR LINEAR LINEAR LINEAR LINEAR LINEAR LINEAR LINEAR LINEAR LINEAR LINEAR LINEAR LINEAR LINEAR LINEAR LINEAR LINEAR LINEAR LINEAR LINEAR LINEAR LINEAR LINEAR LINEAR </Name_array>
          <technique_common>
            <accessor count="55" source="#tail5-global-anim-interpolation-array">
              <param type="name"/>
            </accessor>
          </technique_common>
        </source>
        <source id="tail5-global-anim-outSource-global">
          <float_array count="880" id="tail5-global-anim-outSource-global-array">0.7039989 0.0 -0.71020097 -0.47454238 0.0 1.0 0.0 0.0 0.71020097 0.0 0.7039989 -14.0 0.0 0.0 0.0 1.0 0.7073827 0.0048422534 -0.7068146 -0.47454238 1.3346388E-4 0.9999759 0.0069842166 0.0 0.70683116 -0.0050348467 0.7073648 -14.0 0.0 0.0 0.0 1.0 0.71075046 0.009660171 -0.70337796 -0.47454238 2.3356965E-4 0.9999025 0.013968647 0.0 0.70344424 -0.010092509 0.7106789 -14.0 0.0 0.0 0.0 1.0 0.7141025 0.014453411 -0.6998919 -0.47454238 3.0031102E-4 0.9997804 0.020952793 0.0 0.70004106 -0.015172628 0.71394134 -14.0 0.0 0.0 0.0 1.0 0.7174387 0.019221634 -0.6963566 -0.47454238 3.3368263E-4 0.99960977 0.027936157 0.0 0.6966217 -0.02027484 0.71715224 -14.0 0.0 0.0 0.0 1.0 0.72075856 0.02396449 -0.6927721 -0.47454238 3.3368263E-4 0.9993903 0.034918245 0.0 0.69318634 -0.025398783 0.720311 -14.0 0.0 0.0 0.0 1.0 0.72406167 0.028681647 -0.6891387 -0.47454238 3.0031148E-4 0.99912184 0.041898545 0.0 0.68973523 -0.030544085 0.72341716 -14.0 0.0 0.0 0.0 1.0 0.7273482 0.03337276 -0.68545663 -0.47454238 2.3357011E-4 0.9988048 0.048876546 0.0 0.68626857 -0.035710372 0.72647107 -14.0 0.0 0.0 0.0 1.0 0.73061776 0.03803751 -0.6817265 -0.47454238 1.3346598E-4 0.9984392 0.055851795 0.0 0.6827869 -0.040897295 0.7294722 -14.0 0.0 0.0 0.0 1.0 0.73387 0.04267554 -0.6779482 -0.47454238 1.8626451E-9 0.9980247 0.06282374 0.0 0.67929 -0.04610446 0.7324204 -14.0 0.0 0.0 0.0 1.0 0.7371009 0.03649669 -0.6747965 -0.47454238 -3.1942315E-4 0.99855936 0.05365864 0.0 0.67578274 -0.039336283 0.7360506 -14.0 0.0 0.0 0.0 1.0 0.7403168 0.030347249 -0.67157304 -0.47454238 -5.9505366E-4 0.9990099 0.044487603 0.0 0.67225814 -0.032535292 0.73960173 -14.0 0.0 0.0 0.0 1.0 0.74351734 0.024227856 -0.66827786 -0.47454238 -8.26858E-4 0.9993762 0.0353116 0.0 0.66871643 -0.02570221 0.74307346 -14.0 0.0 0.0 0.0 1.0 0.74670213 0.018139165 -0.6649112 -0.47454238 -0.001014811 0.999658 0.02613161 0.0 0.66515785 -0.018837767 0.74646515 -14.0 0.0 0.0 0.0 1.0 0.7498711 0.012081847 -0.6614738 -0.47454238 -0.0011588973 0.9998558 0.016948638 0.0 0.6615831 -0.011942712 0.74977684 -14.0 0.0 0.0 0.0 1.0 0.7530237 0.0060565276 -0.6579659 -0.47454238 -0.0012590974 0.9999693 0.007763642 0.0 0.6579926 -0.005017762 0.753008 -14.0 0.0 0.0 0.0 1.0 0.7561594 6.3868414E-5 -0.65438765 -0.47454238 -0.0013154012 0.9999983 -0.001422375 0.0 0.65438634 0.0019363242 0.7561581 -14.0 0.0 0.0 0.0 1.0 0.7592783 -0.0058954963 -0.65073967 -0.47454238 -0.0013278036 0.999943 -0.01060844 0.0 0.65076506 0.008918811 0.75922704 -14.0 0.0 0.0 0.0 1.0 0.76237965 -0.011820919 -0.6470221 -0.47454238 -0.0012963023 0.9998033 -0.019793555 0.0 0.6471288 0.015928939 0.76221436 -14.0 0.0 0.0 0.0 1.0 0.7654633 -0.017711777 -0.64323574 -0.47454238 -0.0012209034 0.9995793 -0.028976755 0.0 0.64347833 0.022965973 0.7651197 -14.0 0.0 0.0 0.0 1.0 0.7685292 -0.023567429 -0.6393807 -0.47454238 -0.0011016093 0.9992712 -0.03815704 0.0 0.6398139 0.03002914 0.767943 -14.0 0.0 0.0 0.0 1.0 0.7715758 -0.02242903 -0.63574195 -0.47454238 -9.645643E-4 0.9993359 -0.03642731 0.0 0.6361368 0.028719647 0.77104175 -14.0 0.0 0.0 0.0 1.0 0.774605 -0.021296838 -0.6320868 -0.47454238 -8.3578937E-4 0.9993976 -0.034696843 0.0 0.6324449 0.027404636 0.7741205 -14.0 0.0 0.0 0.0 1.0 0.7776165 -0.020170875 -0.62841517 -0.47454238 -7.152846E-4 0.99945617 -0.032965668 0.0 0.62873834 0.026084144 0.77717924 -14.0 0.0 0.0 0.0 1.0 0.7806107 -0.019051183 -0.6247273 -0.47454238 -6.030528E-4 0.9995121 -0.031233847 0.0 0.62501746 0.024758216 0.78021824 -14.0 0.0 0.0 0.0 1.0 0.7835869 -0.017937783 -0.6210233 -0.47454238 -4.990995E-4 0.99956465 -0.02950141 0.0 0.6212821 0.02342687 0.7832368 -14.0 0.0 0.0 0.0 1.0 0.78654546 -0.0168307 -0.617303 -0.47454238 -4.0342286E-4 0.9996143 -0.027768405 0.0 0.61753225 0.022090146 0.78623533 -14.0 0.0 0.0 0.0 1.0 0.7894862 -0.015729975 -0.613567 -0.47454238 -3.1603174E-4 0.9996612 -0.026034886 0.0 0.61376846 0.020748088 0.78921366 -14.0 0.0 0.0 0.0 1.0 0.792409 -0.0146356225 -0.6098148 -0.47454238 -2.3692241E-4 0.99970484 -0.024300884 0.0 0.6099904 0.019400716 0.7921715 -14.0 0.0 0.0 0.0 1.0 0.7953138 -0.013547678 -0.6060469 -0.47454238 -1.6609905E-4 0.99974555 -0.022566456 0.0 0.6061983 0.018048074 0.795109 -14.0 0.0 0.0 0.0 1.0 0.7982003 -0.012466166 -0.6022633 -0.47454238 -1.035654E-4 0.9997831 -0.020831635 0.0 0.60239226 0.016690189 0.7980258 -14.0 0.0 0.0 0.0 1.0 0.8010687 -0.01139112 -0.598464 -0.47454238 -4.9321447E-5 0.99981767 -0.019096475 0.0 0.5985724 0.015327106 0.8009221 -14.0 0.0 0.0 0.0 1.0 0.8039191 -0.010322566 -0.59464926 -0.47454238 -3.366731E-6 0.9998494 -0.01736102 0.0 0.5947389 0.013958857 0.80379784 -14.0 0.0 0.0 0.0 1.0 0.80675095 -0.009260531 -0.5908191 -0.47454238 3.429316E-5 0.9998779 -0.015625313 0.0 0.5908917 0.012585475 0.8066528 -14.0 0.0 0.0 0.0 1.0 0.8095646 -0.008205038 -0.5869736 -0.47454238 6.366195E-5 0.9999036 -0.013889397 0.0 0.58703095 0.011206996 0.80948704 -14.0 0.0 0.0 0.0 1.0 0.8123597 -0.0071561197 -0.5831129 -0.47454238 8.473499E-5 0.99992615 -0.012153318 0.0 0.58315676 0.009823455 0.81230026 -14.0 0.0 0.0 0.0 1.0 0.8151363 -0.0061138035 -0.579237 -0.47454238 9.7514596E-5 0.99994576 -0.010417125 0.0 0.5792693 0.008434893 0.8150927 -14.0 0.0 0.0 0.0 1.0 0.8178945 -0.0050781146 -0.5753462 -0.47454238 1.01998914E-4 0.9999625 -0.0086808605 0.0 0.5753686 0.0070413416 0.8178642 -14.0 0.0 0.0 0.0 1.0 0.82063365 -0.0040490762 -0.57144034 -0.47454238 9.818794E-5 0.99997586 -0.006944561 0.0 0.57145464 0.005642832 0.8206142 -14.0 0.0 0.0 0.0 1.0 0.8233543 -0.003026719 -0.56751966 -0.47454238 8.608238E-5 0.99998647 -0.0052082804 0.0 0.5675278 0.004239407 0.8233434 -14.0 0.0 0.0 0.0 1.0 0.8260561 -0.0020110724 -0.5635844 -0.47454238 6.568211E-5 0.99999404 -0.0034720679 0.0 0.56358796 0.0028311051 0.8260513 -14.0 0.0 0.0 0.0 1.0 0.8287392 -0.0010021575 -0.55963445 -0.47454238 3.6987854E-5 0.9999987 -0.0017359597 0.0 0.5596354 0.001417958 0.82873803 -14.0 0.0 0.0 0.0 1.0 0.831403 0.0 -0.5556699 -0.47454238 0.0 1.0 0.0 0.0 0.5556699 0.0 0.831403 -14.0 0.0 0.0 0.0 1.0 0.82199776 0.0 -0.569491 -0.47454238 0.0 1.0000001 0.0 0.0 0.569491 0.0 0.82199776 -14.0 0.0 0.0 0.0 1.0 0.8123626 0.0 -0.5831529 -0.47454238 0.0 1.0000001 0.0 0.0 0.5831529 0.0 0.8123626 -14.0 0.0 0.0 0.0 1.0 0.80250025 0.0 -0.59665173 -0.47454238 0.0 1.0 0.0 0.0 0.59665173 0.0 0.80250025 -14.0 0.0 0.0 0.0 1.0 0.7924139 0.0 -0.6099839 -0.47454238 0.0 1.0000001 0.0 0.0 0.6099839 0.0 0.7924139 -14.0 0.0 0.0 0.0 1.0 0.7821059 0.0 -0.6231455 -0.47454238 0.0 1.0 0.0 0.0 0.6231455 0.0 0.7821059 -14.0 0.0 0.0 0.0 1.0 0.7715795 0.0 -0.63613313 -0.47454238 0.0 1.0000001 0.0 0.0 0.63613313 0.0 0.7715795 -14.0 0.0 0.0 0.0 1.0 0.76083726 0.0 -0.64894277 -0.47454238 0.0 1.0 0.0 0.0 0.64894277 0.0 0.76083726 -14.0 0.0 0.0 0.0 1.0 0.7498825 0.0 -0.66157115 -0.47454238 0.0 1.0 0.0 0.0 0.66157115 0.0 0.7498825 -14.0 0.0 0.0 0.0 1.0 0.7387181 0.0 -0.67401457 -0.47454238 0.0 1.0 0.0 0.0 0.67401457 0.0 0.7387181 -14.0 0.0 0.0 0.0 1.0 0.7273474 0.0 -0.6862697 -0.47454238 0.0 1.0000001 0.0 0.0 0.6862697 0.0 0.7273474 -14.0 0.0 0.0 0.0 1.0 0.7157732 0.0 -0.69833297 -0.47454238 0.0 1.0000001 0.0 0.0 0.69833297 0.0 0.7157732 -14.0 0.0 0.0 0.0 1.0 0.7039989 0.0 -0.71020097 -0.47454238 0.0 1.0 0.0 0.0 0.71020097 0.0 0.7039989 -14.0 0.0 0.0 0.0 1.0 </float_array>
          <technique_common>
            <accessor count="55" source="#tail5-global-anim-outSource-global-array" stride="16">
              <param type="float4x4"/>
            </accessor>
          </technique_common>
        </source>
        <sampler id="tail5-global-anim-globalSampler">
          <input semantic="INPUT" source="#tail5-global-anim-inSource-TIME"/>
          <input semantic="OUTPUT" source="#tail5-global-anim-outSource-global"/>
          <input semantic="INTERPOLATION" source="#tail5-global-anim-interpolation"/>
        </sampler>
        <channel source="#tail5-global-anim-globalSampler" target="tail5-global/matrix"/>
      </animation>
    </animation>
    <animation id="tail5-local-anim" name="tail5-local-anim">
      <animation>
        <source id="tail5-local-anim-inSource-TIME">
          <float_array count="55" id="tail5-local-anim-inSource-TIME-array">0.0 0.041666668 0.083333336 0.125 0.16666667 0.20833333 0.25 0.29166666 0.33333334 0.375 0.41666666 0.45833334 0.5 0.5416667 0.5833333 0.625 0.6666667 0.7083333 0.75 0.7916667 0.8333333 0.875 0.9166667 0.9583333 1.0 1.0416666 1.0833334 1.125 1.1666666 1.2083334 1.25 1.2916666 1.3333334 1.375 1.4166666 1.4583334 1.5 1.5416666 1.5833334 1.625 1.6666666 1.7083334 1.75 1.7916666 1.8333334 1.875 1.9166666 1.9583334 2.0 2.0416667 2.0833333 2.125 2.1666667 2.2083333 2.25 </float_array>
          <technique_common>
            <accessor count="55" source="#tail5-local-anim-inSource-TIME-array">
              <param name="TIME" type="float"/>
            </accessor>
          </technique_common>
        </source>
        <source id="tail5-local-anim-interpolation">
          <Name_array count="55" id="tail5-local-anim-interpolation-array">LINEAR LINEAR LINEAR LINEAR LINEAR LINEAR LINEAR LINEAR LINEAR LINEAR LINEAR LINEAR LINEAR LINEAR LINEAR LINEAR LINEAR LINEAR LINEAR LINEAR LINEAR LINEAR LINEAR LINEAR LINEAR LINEAR LINEAR LINEAR LINEAR LINEAR LINEAR LINEAR LINEAR LINEAR LINEAR LINEAR LINEAR LINEAR LINEAR LINEAR LINEAR LINEAR LINEAR LINEAR LINEAR LINEAR LINEAR LINEAR LINEAR LINEAR LINEAR LINEAR LINEAR LINEAR LINEAR </Name_array>
          <technique_common>
            <accessor count="55" source="#tail5-local-anim-interpolation-array">
              <param type="name"/>
            </accessor>
          </technique_common>
        </source>
        <source id="tail5-local-anim-outSource-local">
          <float_array count="880" id="tail5-local-anim-outSource-local-array">1.0 0.0 0.0 0.0 0.0 1.0 0.0 -0.50000006 0.0 0.0 1.0 -7.5 0.0 0.0 0.0 1.0 1.0 0.0 0.0 0.0 0.0 1.0 0.0 -0.50000006 0.0 0.0 1.0 -7.5 0.0 0.0 0.0 1.0 1.0 0.0 0.0 0.0 0.0 1.0 0.0 -0.50000006 0.0 0.0 1.0 -7.5 0.0 0.0 0.0 1.0 1.0 0.0 0.0 0.0 0.0 1.0 0.0 -0.50000006 0.0 0.0 1.0 -7.5 0.0 0.0 0.0 1.0 1.0 0.0 0.0 0.0 0.0 1.0 0.0 -0.50000006 0.0 0.0 1.0 -7.5 0.0 0.0 0.0 1.0 1.0 0.0 0.0 0.0 0.0 1.0 0.0 -0.50000006 0.0 0.0 1.0 -7.5 0.0 0.0 0.0 1.0 1.0 0.0 0.0 0.0 0.0 1.0 0.0 -0.50000006 0.0 0.0 1.0 -7.5 0.0 0.0 0.0 1.0 1.0 0.0 0.0 0.0 0.0 1.0 0.0 -0.50000006 0.0 0.0 1.0 -7.5 0.0 0.0 0.0 1.0 1.0 0.0 0.0 0.0 0.0 1.0 0.0 -0.50000006 0.0 0.0 1.0 -7.5 0.0 0.0 0.0 1.0 1.0 0.0 0.0 0.0 0.0 1.0 0.0 -0.50000006 0.0 0.0 1.0 -7.5 0.0 0.0 0.0 1.0 1.0 0.0 0.0 0.0 0.0 1.0 0.0 -0.50000006 0.0 0.0 1.0 -7.5 0.0 0.0 0.0 1.0 1.0 0.0 0.0 0.0 0.0 1.0 0.0 -0.50000006 0.0 0.0 1.0 -7.5 0.0 0.0 0.0 1.0 1.0 0.0 0.0 0.0 0.0 1.0 0.0 -0.50000006 0.0 0.0 1.0 -7.5 0.0 0.0 0.0 1.0 1.0 0.0 0.0 0.0 0.0 1.0 0.0 -0.50000006 0.0 0.0 1.0 -7.5 0.0 0.0 0.0 1.0 1.0 0.0 0.0 0.0 0.0 1.0 0.0 -0.50000006 0.0 0.0 1.0 -7.5 0.0 0.0 0.0 1.0 1.0 0.0 0.0 0.0 0.0 1.0 0.0 -0.50000006 0.0 0.0 1.0 -7.5 0.0 0.0 0.0 1.0 1.0 0.0 0.0 0.0 0.0 1.0 0.0 -0.50000006 0.0 0.0 1.0 -7.5 0.0 0.0 0.0 1.0 1.0 0.0 0.0 0.0 0.0 1.0 0.0 -0.50000006 0.0 0.0 1.0 -7.5 0.0 0.0 0.0 1.0 1.0 0.0 0.0 0.0 0.0 1.0 0.0 -0.50000006 0.0 0.0 1.0 -7.5 0.0 0.0 0.0 1.0 1.0 0.0 0.0 0.0 0.0 1.0 0.0 -0.50000006 0.0 0.0 1.0 -7.5 0.0 0.0 0.0 1.0 1.0 0.0 0.0 0.0 0.0 1.0 0.0 -0.50000006 0.0 0.0 1.0 -7.5 0.0 0.0 0.0 1.0 1.0 0.0 0.0 0.0 0.0 1.0 0.0 -0.50000006 0.0 0.0 1.0 -7.5 0.0 0.0 0.0 1.0 1.0 0.0 0.0 0.0 0.0 1.0 0.0 -0.50000006 0.0 0.0 1.0 -7.5 0.0 0.0 0.0 1.0 1.0 0.0 0.0 0.0 0.0 1.0 0.0 -0.50000006 0.0 0.0 1.0 -7.5 0.0 0.0 0.0 1.0 1.0 0.0 0.0 0.0 0.0 1.0 0.0 -0.50000006 0.0 0.0 1.0 -7.5 0.0 0.0 0.0 1.0 1.0 0.0 0.0 0.0 0.0 1.0 0.0 -0.50000006 0.0 0.0 1.0 -7.5 0.0 0.0 0.0 1.0 1.0 0.0 0.0 0.0 0.0 1.0 0.0 -0.50000006 0.0 0.0 1.0 -7.5 0.0 0.0 0.0 1.0 1.0 0.0 0.0 0.0 0.0 1.0 0.0 -0.50000006 0.0 0.0 1.0 -7.5 0.0 0.0 0.0 1.0 1.0 0.0 0.0 0.0 0.0 1.0 0.0 -0.50000006 0.0 0.0 1.0 -7.5 0.0 0.0 0.0 1.0 1.0 0.0 0.0 0.0 0.0 1.0 0.0 -0.50000006 0.0 0.0 1.0 -7.5 0.0 0.0 0.0 1.0 1.0 0.0 0.0 0.0 0.0 1.0 0.0 -0.50000006 0.0 0.0 1.0 -7.5 0.0 0.0 0.0 1.0 1.0 0.0 0.0 0.0 0.0 1.0 0.0 -0.50000006 0.0 0.0 1.0 -7.5 0.0 0.0 0.0 1.0 1.0 0.0 0.0 0.0 0.0 1.0 0.0 -0.50000006 0.0 0.0 1.0 -7.5 0.0 0.0 0.0 1.0 1.0 0.0 0.0 0.0 0.0 1.0 0.0 -0.50000006 0.0 0.0 1.0 -7.5 0.0 0.0 0.0 1.0 1.0 0.0 0.0 0.0 0.0 1.0 0.0 -0.50000006 0.0 0.0 1.0 -7.5 0.0 0.0 0.0 1.0 1.0 0.0 0.0 0.0 0.0 1.0 0.0 -0.50000006 0.0 0.0 1.0 -7.5 0.0 0.0 0.0 1.0 1.0 0.0 0.0 0.0 0.0 1.0 0.0 -0.50000006 0.0 0.0 1.0 -7.5 0.0 0.0 0.0 1.0 1.0 0.0 0.0 0.0 0.0 1.0 0.0 -0.50000006 0.0 0.0 1.0 -7.5 0.0 0.0 0.0 1.0 1.0 0.0 0.0 0.0 0.0 1.0 0.0 -0.50000006 0.0 0.0 1.0 -7.5 0.0 0.0 0.0 1.0 1.0 0.0 0.0 0.0 0.0 1.0 0.0 -0.50000006 0.0 0.0 1.0 -7.5 0.0 0.0 0.0 1.0 1.0 0.0 0.0 0.0 0.0 1.0 0.0 -0.50000006 0.0 0.0 1.0 -7.5 0.0 0.0 0.0 1.0 1.0 0.0 0.0 0.0 0.0 1.0 0.0 -0.50000006 0.0 0.0 1.0 -7.5 0.0 0.0 0.0 1.0 1.0 0.0 0.0 0.0 0.0 1.0 0.0 -0.50000006 0.0 0.0 1.0 -7.5 0.0 0.0 0.0 1.0 1.0 0.0 0.0 0.0 0.0 1.0 0.0 -0.50000006 0.0 0.0 1.0 -7.5 0.0 0.0 0.0 1.0 1.0 0.0 0.0 0.0 0.0 1.0 0.0 -0.50000006 0.0 0.0 1.0 -7.5 0.0 0.0 0.0 1.0 1.0 0.0 0.0 0.0 0.0 1.0 0.0 -0.50000006 0.0 0.0 1.0 -7.5 0.0 0.0 0.0 1.0 1.0 0.0 0.0 0.0 0.0 1.0 0.0 -0.50000006 0.0 0.0 1.0 -7.5 0.0 0.0 0.0 1.0 1.0 0.0 0.0 0.0 0.0 1.0 0.0 -0.50000006 0.0 0.0 1.0 -7.5 0.0 0.0 0.0 1.0 1.0 0.0 0.0 0.0 0.0 1.0 0.0 -0.50000006 0.0 0.0 1.0 -7.5 0.0 0.0 0.0 1.0 1.0 0.0 0.0 0.0 0.0 1.0 0.0 -0.50000006 0.0 0.0 1.0 -7.5 0.0 0.0 0.0 1.0 1.0 0.0 0.0 0.0 0.0 1.0 0.0 -0.50000006 0.0 0.0 1.0 -7.5 0.0 0.0 0.0 1.0 1.0 0.0 0.0 0.0 0.0 1.0 0.0 -0.50000006 0.0 0.0 1.0 -7.5 0.0 0.0 0.0 1.0 1.0 0.0 0.0 0.0 0.0 1.0 0.0 -0.50000006 0.0 0.0 1.0 -7.5 0.0 0.0 0.0 1.0 1.0 0.0 0.0 0.0 0.0 1.0 0.0 -0.50000006 0.0 0.0 1.0 -7.5 0.0 0.0 0.0 1.0 1.0 0.0 0.0 0.0 0.0 1.0 0.0 -0.50000006 0.0 0.0 1.0 -7.5 0.0 0.0 0.0 1.0 </float_array>
          <technique_common>
            <accessor count="55" source="#tail5-local-anim-outSource-local-array" stride="16">
              <param type="float4x4"/>
            </accessor>
          </technique_common>
        </source>
        <sampler id="tail5-local-anim-localSampler">
          <input semantic="INPUT" source="#tail5-local-anim-inSource-TIME"/>
          <input semantic="OUTPUT" source="#tail5-local-anim-outSource-local"/>
          <input semantic="INTERPOLATION" source="#tail5-local-anim-interpolation"/>
        </sampler>
        <channel source="#tail5-local-anim-localSampler" target="tail5-local/matrix"/>
      </animation>
    </animation>
    <animation id="tail6-global-anim" name="tail6-global-anim">
      <animation>
        <source id="tail6-global-anim-inSource-TIME">
          <float_array count="55" id="tail6-global-anim-inSource-TIME-array">0.0 0.041666668 0.083333336 0.125 0.16666667 0.20833333 0.25 0.29166666 0.33333334 0.375 0.41666666 0.45833334 0.5 0.5416667 0.5833333 0.625 0.6666667 0.7083333 0.75 0.7916667 0.8333333 0.875 0.9166667 0.9583333 1.0 1.0416666 1.0833334 1.125 1.1666666 1.2083334 1.25 1.2916666 1.3333334 1.375 1.4166666 1.4583334 1.5 1.5416666 1.5833334 1.625 1.6666666 1.7083334 1.75 1.7916666 1.8333334 1.875 1.9166666 1.9583334 2.0 2.0416667 2.0833333 2.125 2.1666667 2.2083333 2.25 </float_array>
          <technique_common>
            <accessor count="55" source="#tail6-global-anim-inSource-TIME-array">
              <param name="TIME" type="float"/>
            </accessor>
          </technique_common>
        </source>
        <source id="tail6-global-anim-interpolation">
          <Name_array count="55" id="tail6-global-anim-interpolation-array">LINEAR LINEAR LINEAR LINEAR LINEAR LINEAR LINEAR LINEAR LINEAR LINEAR LINEAR LINEAR LINEAR LINEAR LINEAR LINEAR LINEAR LINEAR LINEAR LINEAR LINEAR LINEAR LINEAR LINEAR LINEAR LINEAR LINEAR LINEAR LINEAR LINEAR LINEAR LINEAR LINEAR LINEAR LINEAR LINEAR LINEAR LINEAR LINEAR LINEAR LINEAR LINEAR LINEAR LINEAR LINEAR LINEAR LINEAR LINEAR LINEAR LINEAR LINEAR LINEAR LINEAR LINEAR LINEAR </Name_array>
          <technique_common>
            <accessor count="55" source="#tail6-global-anim-interpolation-array">
              <param type="name"/>
            </accessor>
          </technique_common>
        </source>
        <source id="tail6-global-anim-outSource-global">
          <float_array count="880" id="tail6-global-anim-outSource-global-array">0.86419845 0.0 0.50315106 0.0 0.0 1.0 0.0 -0.64637566 -0.50315106 0.0 0.86419845 -14.0 0.0 0.0 0.0 1.0 0.86419857 0.0 0.5031511 0.0 0.0 1.0000001 0.0 -0.64637566 -0.5031511 0.0 0.86419857 -14.0 0.0 0.0 0.0 1.0 0.86419857 0.0 0.50315106 0.0 0.0 1.0000001 0.0 -0.64637566 -0.50315106 0.0 0.86419857 -14.0 0.0 0.0 0.0 1.0 0.86419845 0.0 0.50315106 0.0 0.0 1.0 0.0 -0.64637566 -0.50315106 0.0 0.86419845 -14.0 0.0 0.0 0.0 1.0 0.86419845 0.0 0.50315106 0.0 0.0 1.0 0.0 -0.64637566 -0.50315106 0.0 0.86419845 -14.0 0.0 0.0 0.0 1.0 0.86419845 0.0 0.50315106 0.0 0.0 1.0 0.0 -0.64637566 -0.50315106 0.0 0.86419845 -14.0 0.0 0.0 0.0 1.0 0.86419857 0.0 0.5031511 0.0 0.0 1.0000001 0.0 -0.64637566 -0.5031511 0.0 0.86419857 -14.0 0.0 0.0 0.0 1.0 0.86419845 0.0 0.50315106 0.0 0.0 1.0 0.0 -0.64637566 -0.50315106 0.0 0.86419845 -14.0 0.0 0.0 0.0 1.0 0.86419845 0.0 0.50315106 0.0 0.0 1.0 0.0 -0.64637566 -0.50315106 0.0 0.86419845 -14.0 0.0 0.0 0.0 1.0 0.86419845 0.0 0.50315106 0.0 0.0 1.0 0.0 -0.64637566 -0.50315106 0.0 0.86419845 -14.0 0.0 0.0 0.0 1.0 0.86419857 0.0 0.5031511 0.0 0.0 1.0000001 0.0 -0.64637566 -0.5031511 0.0 0.86419857 -14.0 0.0 0.0 0.0 1.0 0.86419845 0.0 0.50315106 0.0 0.0 1.0 0.0 -0.64637566 -0.50315106 0.0 0.86419845 -14.0 0.0 0.0 0.0 1.0 0.86419845 0.0 0.50315106 0.0 0.0 1.0 0.0 -0.64637566 -0.50315106 0.0 0.86419845 -14.0 0.0 0.0 0.0 1.0 0.86419845 0.0 0.50315106 0.0 0.0 1.0 0.0 -0.64637566 -0.50315106 0.0 0.86419845 -14.0 0.0 0.0 0.0 1.0 0.86419845 0.0 0.50315106 0.0 0.0 1.0 0.0 -0.64637566 -0.50315106 0.0 0.86419845 -14.0 0.0 0.0 0.0 1.0 0.8419532 0.029983483 0.5387171 0.0 -0.0051194737 0.9988539 -0.047592256 -0.64637566 -0.5395265 0.037312496 0.8411416 -14.0 0.0 0.0 0.0 1.0 0.8180586 0.061457187 0.5718419 0.0 -0.008199574 0.9954196 -0.095250025 -0.64637566 -0.5750764 0.073231235 0.8148155 -14.0 0.0 0.0 0.0 1.0 0.79261297 0.09429215 0.60239017 0.0 -0.009227678 0.9897119 -0.14277801 -0.64637566 -0.6096555 0.107609026 0.78532845 -14.0 0.0 0.0 0.0 1.0 0.7657205 0.12835371 0.63023627 0.0 -0.008199573 0.9817536 -0.18998136 -0.64637566 -0.6431215 0.14030494 0.7528012 -14.0 0.0 0.0 0.0 1.0 0.73749125 0.16350226 0.65526617 0.0 -0.0051194727 0.9715775 -0.23666652 -0.64637566 -0.6753373 0.17118485 0.71736693 -14.0 0.0 0.0 0.0 1.0 0.7080412 0.19959375 0.6773773 0.0 -7.4505806E-9 0.9592254 -0.28264216 -0.64637566 -0.7061711 0.2001223 0.6791711 -14.0 0.0 0.0 0.0 1.0 0.7432385 0.15639243 0.6504905 0.0 -0.0058991686 0.9737882 -0.22738013 -0.64637566 -0.6690005 0.1651603 0.72467947 -14.0 0.0 0.0 0.0 1.0 0.7766441 0.11459072 0.61942965 0.0 -0.008857477 0.985205 -0.17115138 -0.64637566 -0.6298775 0.12743713 0.7661686 -14.0 0.0 0.0 0.0 1.0 0.80806077 0.074435234 0.5843777 0.0 -0.008857477 0.9934082 -0.11428771 -0.64637566 -0.5890326 0.0871753 0.8033935 -14.0 0.0 0.0 0.0 1.0 0.83730316 0.036163047 0.54554176 0.0 -0.0058991667 0.99834967 -0.057124816 -0.64637566 -0.5467073 0.04461254 0.8361346 -14.0 0.0 0.0 0.0 1.0 0.86419845 0.0 0.50315106 0.0 0.0 1.0 0.0 -0.64637566 -0.50315106 0.0 0.86419845 -14.0 0.0 0.0 0.0 1.0 0.87440044 0.0 0.4852053 0.0 0.0 1.0000001 0.0 -0.64637566 -0.4852053 0.0 0.87440044 -14.0 0.0 0.0 0.0 1.0 0.8842296 0.0 0.4670527 0.0 0.0 1.0000001 0.0 -0.64637566 -0.4670527 0.0 0.8842296 -14.0 0.0 0.0 0.0 1.0 0.8936819 0.0 0.448701 0.0 0.0 1.0 0.0 -0.64637566 -0.448701 0.0 0.8936819 -14.0 0.0 0.0 0.0 1.0 0.9027535 0.0 0.4301582 0.0 0.0 1.0 0.0 -0.64637566 -0.4301582 0.0 0.9027535 -14.0 0.0 0.0 0.0 1.0 0.91144055 0.0 0.4114321 0.0 0.0 1.0000001 0.0 -0.64637566 -0.4114321 0.0 0.91144055 -14.0 0.0 0.0 0.0 1.0 0.91973907 0.0 0.39253068 0.0 0.0 1.0000001 0.0 -0.64637566 -0.39253068 0.0 0.91973907 -14.0 0.0 0.0 0.0 1.0 0.9276457 0.0 0.37346196 0.0 0.0 1.0000001 0.0 -0.64637566 -0.37346196 0.0 0.9276457 -14.0 0.0 0.0 0.0 1.0 0.9351568 0.0 0.35423404 0.0 0.0 1.0 0.0 -0.64637566 -0.35423404 0.0 0.9351568 -14.0 0.0 0.0 0.0 1.0 0.94226956 0.0 0.33485523 0.0 0.0 1.0 0.0 -0.64637566 -0.33485523 0.0 0.94226956 -14.0 0.0 0.0 0.0 1.0 0.94898087 0.0 0.31533375 0.0 0.0 1.0 0.0 -0.64637566 -0.31533375 0.0 0.94898087 -14.0 0.0 0.0 0.0 1.0 0.9552878 0.0 0.29567787 0.0 0.0 1.0000001 0.0 -0.64637566 -0.29567787 0.0 0.9552878 -14.0 0.0 0.0 0.0 1.0 0.9611875 0.0 0.27589595 0.0 0.0 1.0 0.0 -0.64637566 -0.27589595 0.0 0.9611875 -14.0 0.0 0.0 0.0 1.0 0.96667767 0.0 0.25599653 0.0 0.0 1.0 0.0 -0.64637566 -0.25599653 0.0 0.96667767 -14.0 0.0 0.0 0.0 1.0 0.9717561 0.0 0.23598807 0.0 0.0 1.0000001 0.0 -0.64637566 -0.23598807 0.0 0.9717561 -14.0 0.0 0.0 0.0 1.0 0.97642016 0.0 0.2158789 0.0 0.0 1.0 0.0 -0.64637566 -0.2158789 0.0 0.97642016 -14.0 0.0 0.0 0.0 1.0 0.98066837 0.0 0.19567785 0.0 0.0 1.0000001 0.0 -0.64637566 -0.19567785 0.0 0.98066837 -14.0 0.0 0.0 0.0 1.0 0.9844984 0.0 0.17539334 0.0 0.0 1.0 0.0 -0.64637566 -0.17539334 0.0 0.9844984 -14.0 0.0 0.0 0.0 1.0 0.978949 0.0 0.20410562 0.0 0.0 1.0000001 0.0 -0.64637566 -0.20410562 0.0 0.978949 -14.0 0.0 0.0 0.0 1.0 0.9725623 0.0 0.23264328 0.0 0.0 1.0000001 0.0 -0.64637566 -0.23264328 0.0 0.9725623 -14.0 0.0 0.0 0.0 1.0 0.96534383 0.0 0.260982 0.0 0.0 1.0000001 0.0 -0.64637566 -0.260982 0.0 0.96534383 -14.0 0.0 0.0 0.0 1.0 0.95729977 0.0 0.2890975 0.0 0.0 1.0000001 0.0 -0.64637566 -0.2890975 0.0 0.95729977 -14.0 0.0 0.0 0.0 1.0 0.9484371 0.0 0.3169658 0.0 0.0 1.0000001 0.0 -0.64637566 -0.3169658 0.0 0.9484371 -14.0 0.0 0.0 0.0 1.0 0.93876326 0.0 0.34456298 0.0 0.0 1.0 0.0 -0.64637566 -0.34456298 0.0 0.93876326 -14.0 0.0 0.0 0.0 1.0 0.9282867 0.0 0.37186557 0.0 0.0 1.0000001 0.0 -0.64637566 -0.37186557 0.0 0.9282867 -14.0 0.0 0.0 0.0 1.0 0.91701627 0.0 0.39885014 0.0 0.0 1.0000001 0.0 -0.64637566 -0.39885014 0.0 0.91701627 -14.0 0.0 0.0 0.0 1.0 0.9049616 0.0 0.42549363 0.0 0.0 1.0000001 0.0 -0.64637566 -0.42549363 0.0 0.9049616 -14.0 0.0 0.0 0.0 1.0 0.8921329 0.0 0.45177308 0.0 0.0 1.0 0.0 -0.64637566 -0.45177308 0.0 0.8921329 -14.0 0.0 0.0 0.0 1.0 0.87854147 0.0 0.47766644 0.0 0.0 1.0000001 0.0 -0.64637566 -0.47766644 0.0 0.87854147 -14.0 0.0 0.0 0.0 1.0 0.86419845 0.0 0.50315106 0.0 0.0 1.0 0.0 -0.64637566 -0.50315106 0.0 0.86419845 -14.0 0.0 0.0 0.0 1.0 </float_array>
          <technique_common>
            <accessor count="55" source="#tail6-global-anim-outSource-global-array" stride="16">
              <param type="float4x4"/>
            </accessor>
          </technique_common>
        </source>
        <sampler id="tail6-global-anim-globalSampler">
          <input semantic="INPUT" source="#tail6-global-anim-inSource-TIME"/>
          <input semantic="OUTPUT" source="#tail6-global-anim-outSource-global"/>
          <input semantic="INTERPOLATION" source="#tail6-global-anim-interpolation"/>
        </sampler>
        <channel source="#tail6-global-anim-globalSampler" target="tail6-global/matrix"/>
      </animation>
    </animation>
    <animation id="tail6-local-anim" name="tail6-local-anim">
      <animation>
        <source id="tail6-local-anim-inSource-TIME">
          <float_array count="55" id="tail6-local-anim-inSource-TIME-array">0.0 0.041666668 0.083333336 0.125 0.16666667 0.20833333 0.25 0.29166666 0.33333334 0.375 0.41666666 0.45833334 0.5 0.5416667 0.5833333 0.625 0.6666667 0.7083333 0.75 0.7916667 0.8333333 0.875 0.9166667 0.9583333 1.0 1.0416666 1.0833334 1.125 1.1666666 1.2083334 1.25 1.2916666 1.3333334 1.375 1.4166666 1.4583334 1.5 1.5416666 1.5833334 1.625 1.6666666 1.7083334 1.75 1.7916666 1.8333334 1.875 1.9166666 1.9583334 2.0 2.0416667 2.0833333 2.125 2.1666667 2.2083333 2.25 </float_array>
          <technique_common>
            <accessor count="55" source="#tail6-local-anim-inSource-TIME-array">
              <param name="TIME" type="float"/>
            </accessor>
          </technique_common>
        </source>
        <source id="tail6-local-anim-interpolation">
          <Name_array count="55" id="tail6-local-anim-interpolation-array">LINEAR LINEAR LINEAR LINEAR LINEAR LINEAR LINEAR LINEAR LINEAR LINEAR LINEAR LINEAR LINEAR LINEAR LINEAR LINEAR LINEAR LINEAR LINEAR LINEAR LINEAR LINEAR LINEAR LINEAR LINEAR LINEAR LINEAR LINEAR LINEAR LINEAR LINEAR LINEAR LINEAR LINEAR LINEAR LINEAR LINEAR LINEAR LINEAR LINEAR LINEAR LINEAR LINEAR LINEAR LINEAR LINEAR LINEAR LINEAR LINEAR LINEAR LINEAR LINEAR LINEAR LINEAR LINEAR </Name_array>
          <technique_common>
            <accessor count="55" source="#tail6-local-anim-interpolation-array">
              <param type="name"/>
            </accessor>
          </technique_common>
        </source>
        <source id="tail6-local-anim-outSource-local">
          <float_array count="880" id="tail6-local-anim-outSource-local-array">1.0 0.0 0.0 0.0 0.0 1.0 0.0 0.0 0.0 0.0 1.0 -7.5 0.0 0.0 0.0 1.0 1.0 0.0 0.0 0.0 0.0 1.0 0.0 0.0 0.0 0.0 1.0 -7.5 0.0 0.0 0.0 1.0 1.0 0.0 0.0 0.0 0.0 1.0 0.0 0.0 0.0 0.0 1.0 -7.5 0.0 0.0 0.0 1.0 1.0 0.0 0.0 0.0 0.0 1.0 0.0 0.0 0.0 0.0 1.0 -7.5 0.0 0.0 0.0 1.0 1.0 0.0 0.0 0.0 0.0 1.0 0.0 0.0 0.0 0.0 1.0 -7.5 0.0 0.0 0.0 1.0 1.0 0.0 0.0 0.0 0.0 1.0 0.0 0.0 0.0 0.0 1.0 -7.5 0.0 0.0 0.0 1.0 1.0 0.0 0.0 0.0 0.0 1.0 0.0 0.0 0.0 0.0 1.0 -7.5 0.0 0.0 0.0 1.0 1.0 0.0 0.0 0.0 0.0 1.0 0.0 0.0 0.0 0.0 1.0 -7.5 0.0 0.0 0.0 1.0 1.0 0.0 0.0 0.0 0.0 1.0 0.0 0.0 0.0 0.0 1.0 -7.5 0.0 0.0 0.0 1.0 1.0 0.0 0.0 0.0 0.0 1.0 0.0 0.0 0.0 0.0 1.0 -7.5 0.0 0.0 0.0 1.0 1.0 0.0 0.0 0.0 0.0 1.0 0.0 0.0 0.0 0.0 1.0 -7.5 0.0 0.0 0.0 1.0 1.0 0.0 0.0 0.0 0.0 1.0 0.0 0.0 0.0 0.0 1.0 -7.5 0.0 0.0 0.0 1.0 1.0 0.0 0.0 0.0 0.0 1.0 0.0 0.0 0.0 0.0 1.0 -7.5 0.0 0.0 0.0 1.0 1.0 0.0 0.0 0.0 0.0 1.0 0.0 0.0 0.0 0.0 1.0 -7.5 0.0 0.0 0.0 1.0 1.0 0.0 0.0 0.0 0.0 1.0 0.0 0.0 0.0 0.0 1.0 -7.5 0.0 0.0 0.0 1.0 1.0 0.0 0.0 0.0 0.0 1.0 0.0 0.0 0.0 0.0 1.0 -7.5 0.0 0.0 0.0 1.0 1.0 0.0 0.0 0.0 0.0 1.0 0.0 0.0 0.0 0.0 1.0 -7.5 0.0 0.0 0.0 1.0 1.0 0.0 0.0 0.0 0.0 1.0 0.0 0.0 0.0 0.0 1.0 -7.5 0.0 0.0 0.0 1.0 1.0 0.0 0.0 0.0 0.0 1.0 0.0 0.0 0.0 0.0 1.0 -7.5 0.0 0.0 0.0 1.0 1.0 0.0 0.0 0.0 0.0 1.0 0.0 0.0 0.0 0.0 1.0 -7.5 0.0 0.0 0.0 1.0 1.0 0.0 0.0 0.0 0.0 1.0 0.0 0.0 0.0 0.0 1.0 -7.5 0.0 0.0 0.0 1.0 1.0 0.0 0.0 0.0 0.0 1.0 0.0 0.0 0.0 0.0 1.0 -7.5 0.0 0.0 0.0 1.0 1.0 0.0 0.0 0.0 0.0 1.0 0.0 0.0 0.0 0.0 1.0 -7.5 0.0 0.0 0.0 1.0 1.0 0.0 0.0 0.0 0.0 1.0 0.0 0.0 0.0 0.0 1.0 -7.5 0.0 0.0 0.0 1.0 1.0 0.0 0.0 0.0 0.0 1.0 0.0 0.0 0.0 0.0 1.0 -7.5 0.0 0.0 0.0 1.0 1.0 0.0 0.0 0.0 0.0 1.0 0.0 0.0 0.0 0.0 1.0 -7.5 0.0 0.0 0.0 1.0 1.0 0.0 0.0 0.0 0.0 1.0 0.0 0.0 0.0 0.0 1.0 -7.5 0.0 0.0 0.0 1.0 1.0 0.0 0.0 0.0 0.0 1.0 0.0 0.0 0.0 0.0 1.0 -7.5 0.0 0.0 0.0 1.0 1.0 0.0 0.0 0.0 0.0 1.0 0.0 0.0 0.0 0.0 1.0 -7.5 0.0 0.0 0.0 1.0 1.0 0.0 0.0 0.0 0.0 1.0 0.0 0.0 0.0 0.0 1.0 -7.5 0.0 0.0 0.0 1.0 1.0 0.0 0.0 0.0 0.0 1.0 0.0 0.0 0.0 0.0 1.0 -7.5 0.0 0.0 0.0 1.0 1.0 0.0 0.0 0.0 0.0 1.0 0.0 0.0 0.0 0.0 1.0 -7.5 0.0 0.0 0.0 1.0 1.0 0.0 0.0 0.0 0.0 1.0 0.0 0.0 0.0 0.0 1.0 -7.5 0.0 0.0 0.0 1.0 1.0 0.0 0.0 0.0 0.0 1.0 0.0 0.0 0.0 0.0 1.0 -7.5 0.0 0.0 0.0 1.0 1.0 0.0 0.0 0.0 0.0 1.0 0.0 0.0 0.0 0.0 1.0 -7.5 0.0 0.0 0.0 1.0 1.0 0.0 0.0 0.0 0.0 1.0 0.0 0.0 0.0 0.0 1.0 -7.5 0.0 0.0 0.0 1.0 1.0 0.0 0.0 0.0 0.0 1.0 0.0 0.0 0.0 0.0 1.0 -7.5 0.0 0.0 0.0 1.0 1.0 0.0 0.0 0.0 0.0 1.0 0.0 0.0 0.0 0.0 1.0 -7.5 0.0 0.0 0.0 1.0 1.0 0.0 0.0 0.0 0.0 1.0 0.0 0.0 0.0 0.0 1.0 -7.5 0.0 0.0 0.0 1.0 1.0 0.0 0.0 0.0 0.0 1.0 0.0 0.0 0.0 0.0 1.0 -7.5 0.0 0.0 0.0 1.0 1.0 0.0 0.0 0.0 0.0 1.0 0.0 0.0 0.0 0.0 1.0 -7.5 0.0 0.0 0.0 1.0 1.0 0.0 0.0 0.0 0.0 1.0 0.0 0.0 0.0 0.0 1.0 -7.5 0.0 0.0 0.0 1.0 1.0 0.0 0.0 0.0 0.0 1.0 0.0 0.0 0.0 0.0 1.0 -7.5 0.0 0.0 0.0 1.0 1.0 0.0 0.0 0.0 0.0 1.0 0.0 0.0 0.0 0.0 1.0 -7.5 0.0 0.0 0.0 1.0 1.0 0.0 0.0 0.0 0.0 1.0 0.0 0.0 0.0 0.0 1.0 -7.5 0.0 0.0 0.0 1.0 1.0 0.0 0.0 0.0 0.0 1.0 0.0 0.0 0.0 0.0 1.0 -7.5 0.0 0.0 0.0 1.0 1.0 0.0 0.0 0.0 0.0 1.0 0.0 0.0 0.0 0.0 1.0 -7.5 0.0 0.0 0.0 1.0 1.0 0.0 0.0 0.0 0.0 1.0 0.0 0.0 0.0 0.0 1.0 -7.5 0.0 0.0 0.0 1.0 1.0 0.0 0.0 0.0 0.0 1.0 0.0 0.0 0.0 0.0 1.0 -7.5 0.0 0.0 0.0 1.0 1.0 0.0 0.0 0.0 0.0 1.0 0.0 0.0 0.0 0.0 1.0 -7.5 0.0 0.0 0.0 1.0 1.0 0.0 0.0 0.0 0.0 1.0 0.0 0.0 0.0 0.0 1.0 -7.5 0.0 0.0 0.0 1.0 1.0 0.0 0.0 0.0 0.0 1.0 0.0 0.0 0.0 0.0 1.0 -7.5 0.0 0.0 0.0 1.0 1.0 0.0 0.0 0.0 0.0 1.0 0.0 0.0 0.0 0.0 1.0 -7.5 0.0 0.0 0.0 1.0 1.0 0.0 0.0 0.0 0.0 1.0 0.0 0.0 0.0 0.0 1.0 -7.5 0.0 0.0 0.0 1.0 1.0 0.0 0.0 0.0 0.0 1.0 0.0 0.0 0.0 0.0 1.0 -7.5 0.0 0.0 0.0 1.0 </float_array>
          <technique_common>
            <accessor count="55" source="#tail6-local-anim-outSource-local-array" stride="16">
              <param type="float4x4"/>
            </accessor>
          </technique_common>
        </source>
        <sampler id="tail6-local-anim-localSampler">
          <input semantic="INPUT" source="#tail6-local-anim-inSource-TIME"/>
          <input semantic="OUTPUT" source="#tail6-local-anim-outSource-local"/>
          <input semantic="INTERPOLATION" source="#tail6-local-anim-interpolation"/>
        </sampler>
        <channel source="#tail6-local-anim-localSampler" target="tail6-local/matrix"/>
      </animation>
    </animation>
  </library_animations>
  <library_visual_scenes>
    <visual_scene id="DefaultScene">
      <node id="World-global" name="World-global" sid="World-global">
        <matrix sid="matrix">1.0 0.0 -8.742278E-8 0.0 0.0 1.0 0.0 0.0 -8.742278E-8 0.0 -1.0 0.0 0.0 0.0 0.0 1.0 </matrix>
        <node id="controller-global" name="controller-global" sid="controller-global">
          <matrix sid="matrix">1.0 0.0 0.0 0.0 0.0 1.0 0.0 0.0 0.0 0.0 1.0 0.0 0.0 0.0 0.0 1.0 </matrix>
          <node id="head-global" name="head-global" sid="head-global">
            <matrix sid="matrix">1.0 0.0 0.0 0.0 0.0 1.0 0.0 11.938473 0.0 0.0 1.0 -4.1349564 0.0 0.0 0.0 1.0 </matrix>
            <node id="head-local" name="head-local" sid="head-local">
              <matrix sid="matrix">1.0 0.0 0.0 0.0 0.0 1.0 0.0 0.0 0.0 0.0 1.0 7.5 0.0 0.0 0.0 1.0 </matrix>
              <instance_geometry url="#head-Geom">
                <bind_material>
                  <technique_common>
                    <instance_material symbol="head-Material" target="#head-Material">
                      <bind_vertex_input input_semantic="TEXCOORD" input_set="0" semantic="head-tex-bind"/>
                    </instance_material>
                  </technique_common>
                </bind_material>
              </instance_geometry>
            </node>
            <node id="jaw-global" name="jaw-global" sid="jaw-global">
              <matrix sid="matrix">1.0000001 0.0 0.0 0.0 0.0 0.9477776 -0.31893238 -1.165127 0.0 0.31893238 0.9477776 7.680046 0.0 0.0 0.0 1.0 </matrix>
              <node id="jaw-local" name="jaw-local" sid="jaw-local">
                <matrix sid="matrix">1.0 0.0 0.0 0.0 0.0 1.0 0.0 -1.0 0.0 0.0 1.0 3.5 0.0 0.0 0.0 1.0 </matrix>
                <instance_geometry url="#jaw-Geom">
                  <bind_material>
                    <technique_common>
                      <instance_material symbol="jaw-Material" target="#jaw-Material">
                        <bind_vertex_input input_semantic="TEXCOORD" input_set="0" semantic="jaw-tex-bind"/>
                      </instance_material>
                    </technique_common>
                  </bind_material>
                </instance_geometry>
              </node>
            </node>
            <node id="neck1-global" name="neck1-global" sid="neck1-global">
              <matrix sid="matrix">0.884238 0.16290465 -0.4377046 0.0 2.2351742E-8 0.9371954 0.34880486 0.0 0.46703663 -0.30842653 0.82870376 0.0 0.0 0.0 0.0 1.0 </matrix>
              <node id="neck1-local" name="neck1-local" sid="neck1-local">
                <matrix sid="matrix">1.0 0.0 0.0 0.0 0.0 1.0 0.0 0.49999997 0.0 0.0 1.0 -7.5004683 0.0 0.0 0.0 1.0 </matrix>
                <instance_geometry url="#neck1-Geom">
                  <bind_material>
                    <technique_common>
                      <instance_material symbol="neck1-Material" target="#neck1-Material">
                        <bind_vertex_input input_semantic="TEXCOORD" input_set="0" semantic="neck1-tex-bind"/>
                      </instance_material>
                    </technique_common>
                  </bind_material>
                </instance_geometry>
              </node>
              <node id="neck2-global" name="neck2-global" sid="neck2-global">
                <matrix sid="matrix">0.87437 -0.014565912 -0.48504117 0.0 -3.7252903E-9 0.9995494 -0.030016731 0.0 0.48525986 0.026245732 0.87397593 -15.0 0.0 0.0 0.0 1.0 </matrix>
                <node id="neck2-local" name="neck2-local" sid="neck2-local">
                  <matrix sid="matrix">1.0 0.0 0.0 0.0 0.0 1.0 0.0 0.49999997 0.0 0.0 1.0 -7.499998 0.0 0.0 0.0 1.0 </matrix>
                  <instance_geometry url="#neck2-Geom">
                    <bind_material>
                      <technique_common>
                        <instance_material symbol="neck2-Material" target="#neck2-Material">
                          <bind_vertex_input input_semantic="TEXCOORD" input_set="0" semantic="neck2-tex-bind"/>
                        </instance_material>
                      </technique_common>
                    </bind_material>
                  </instance_geometry>
                </node>
                <node id="body-global" name="body-global" sid="body-global">
                  <matrix sid="matrix">0.4394673 0.19913176 -0.87590814 0.0 -0.28707606 0.9551141 0.07310472 0.0 0.8511497 0.21932513 0.47690737 -15.0 0.0 0.0 0.0 1.0 </matrix>
                  <node id="body-local" name="body-local" sid="body-local">
                    <matrix sid="matrix">1.0 0.0 0.0 0.0 0.0 1.0 0.0 0.99999994 0.0 0.0 1.0 -7.5009336 0.0 0.0 0.0 1.0 </matrix>
                    <instance_geometry url="#body-Geom">
                      <bind_material>
                        <technique_common>
                          <instance_material symbol="body-Material" target="#body-Material">
                            <bind_vertex_input input_semantic="TEXCOORD" input_set="0" semantic="body-tex-bind"/>
                          </instance_material>
                        </technique_common>
                      </bind_material>
                    </instance_geometry>
                  </node>
                  <node id="tail1-global" name="tail1-global" sid="tail1-global">
                    <matrix sid="matrix">0.42548183 0.2464785 -0.87075454 0.0 -0.23791263 0.95881444 0.1551524 0.0 0.87313384 0.14114897 0.4665985 -15.0 0.0 0.0 0.0 1.0 </matrix>
                    <node id="tail1-local" name="tail1-local" sid="tail1-local">
                      <matrix sid="matrix">1.0 0.0 0.0 0.070053935 0.0 1.0 0.0 0.99999994 0.0 0.0 1.0 -7.5 0.0 0.0 0.0 1.0 </matrix>
                      <instance_geometry url="#tail1-Geom">
                        <bind_material>
                          <technique_common>
                            <instance_material symbol="tail1-Material" target="#tail1-Material">
                              <bind_vertex_input input_semantic="TEXCOORD" input_set="0" semantic="tail1-tex-bind"/>
                            </instance_material>
                          </technique_common>
                        </bind_material>
                      </instance_geometry>
                    </node>
                    <node id="tail2-global" name="tail2-global" sid="tail2-global">
                      <matrix sid="matrix">0.58856606 -0.15987442 -0.7924837 0.0 -0.09768998 0.9590045 -0.26602098 0.0 0.8025253 0.23398861 0.5488193 -15.0 0.0 0.0 0.0 1.0 </matrix>
                      <node id="tail2-local" name="tail2-local" sid="tail2-local">
                        <matrix sid="matrix">1.0 0.0 0.0 0.0 0.0 1.0 0.0 0.99999994 0.0 0.0 1.0 -7.5 0.0 0.0 0.0 1.0 </matrix>
                        <instance_geometry url="#tail2-Geom">
                          <bind_material>
                            <technique_common>
                              <instance_material symbol="tail2-Material" target="#tail2-Material">
                                <bind_vertex_input input_semantic="TEXCOORD" input_set="0" semantic="tail2-tex-bind"/>
                              </instance_material>
                            </technique_common>
                          </bind_material>
                        </instance_geometry>
                      </node>
                      <node id="tail3-global" name="tail3-global" sid="tail3-global">
                        <matrix sid="matrix">0.66690314 -0.052161187 -0.7433165 0.0 -5.5879354E-9 0.9975469 -0.07000145 0.0 0.7451444 0.04668419 0.6652671 -14.0 0.0 0.0 0.0 1.0 </matrix>
                        <node id="tail3-local" name="tail3-local" sid="tail3-local">
                          <matrix sid="matrix">1.0 0.0 0.0 0.0 0.0 1.0 0.0 0.49999997 0.0 0.0 1.0 -7.5 0.0 0.0 0.0 1.0 </matrix>
                          <instance_geometry url="#tail3-Geom">
                            <bind_material>
                              <technique_common>
                                <instance_material symbol="tail3-Material" target="#tail3-Material">
                                  <bind_vertex_input input_semantic="TEXCOORD" input_set="0" semantic="tail3-tex-bind"/>
                                </instance_material>
                              </technique_common>
                            </bind_material>
                          </instance_geometry>
                        </node>
                        <node id="tail4-global" name="tail4-global" sid="tail4-global">
                          <matrix sid="matrix">0.6910956 -0.023597907 -0.72237813 0.0 0.0021511512 0.99952966 -0.030593615 0.0 0.7227603 0.019589163 0.69082123 -14.0 0.0 0.0 0.0 1.0 </matrix>
                          <node id="tail4-local" name="tail4-local" sid="tail4-local">
                            <matrix sid="matrix">1.0 0.0 0.0 -0.49999988 0.0 1.0 0.0 0.0 0.0 0.0 1.0 -7.5 0.0 0.0 0.0 1.0 </matrix>
                            <instance_geometry url="#tail4-Geom">
                              <bind_material>
                                <technique_common>
                                  <instance_material symbol="tail4-Material" target="#tail4-Material">
                                    <bind_vertex_input input_semantic="TEXCOORD" input_set="0" semantic="tail4-tex-bind"/>
                                  </instance_material>
                                </technique_common>
                              </bind_material>
                            </instance_geometry>
                          </node>
                          <node id="tail5-global" name="tail5-global" sid="tail5-global">
                            <matrix sid="matrix">0.7685292 -0.023567429 -0.6393807 -0.47454238 -0.0011016093 0.9992712 -0.03815704 0.0 0.6398139 0.03002914 0.767943 -14.0 0.0 0.0 0.0 1.0 </matrix>
                            <node id="tail5-local" name="tail5-local" sid="tail5-local">
                              <matrix sid="matrix">1.0 0.0 0.0 0.0 0.0 1.0 0.0 -0.50000006 0.0 0.0 1.0 -7.5 0.0 0.0 0.0 1.0 </matrix>
                              <instance_geometry url="#tail5-Geom">
                                <bind_material>
                                  <technique_common>
                                    <instance_material symbol="tail5-Material" target="#tail5-Material">
                                      <bind_vertex_input input_semantic="TEXCOORD" input_set="0" semantic="tail5-tex-bind"/>
                                    </instance_material>
                                  </technique_common>
                                </bind_material>
                              </instance_geometry>
                            </node>
                            <node id="tail6-global" name="tail6-global" sid="tail6-global">
                              <matrix sid="matrix">0.7080412 0.19959375 0.6773773 0.0 -7.4505806E-9 0.9592254 -0.28264216 -0.64637566 -0.7061711 0.2001223 0.6791711 -14.0 0.0 0.0 0.0 1.0 </matrix>
                              <node id="tail6-local" name="tail6-local" sid="tail6-local">
                                <matrix sid="matrix">1.0 0.0 0.0 0.0 0.0 1.0 0.0 0.0 0.0 0.0 1.0 -7.5 0.0 0.0 0.0 1.0 </matrix>
                                <instance_geometry url="#tail6-Geom">
                                  <bind_material>
                                    <technique_common>
                                      <instance_material symbol="tail6-Material" target="#tail6-Material">
                                        <bind_vertex_input input_semantic="TEXCOORD" input_set="0" semantic="tail6-tex-bind"/>
                                      </instance_material>
                                    </technique_common>
                                  </bind_material>
                                </instance_geometry>
                              </node>
                            </node>
                          </node>
                        </node>
                      </node>
                    </node>
                  </node>
                </node>
              </node>
            </node>
          </node>
        </node>
      </node>
    </visual_scene>
  </library_visual_scenes>
  <scene>
    <instance_visual_scene url="#DefaultScene"/>
  </scene>
</COLLADA>
