<?xml version="1.0" encoding="UTF-8"?>
<COLLADA xmlns="http://www.collada.org/2005/11/COLLADASchema" version="1.4.1">
  <asset>
    <created>2025-03-01T22:11:34Z</created>
    <modified>2025-03-01T22:11:34Z</modified>
    <revision>1.0</revision>
  </asset>
  <library_images>
    <image id="Body-diffuse-tex" name="Body-diffuse-tex">
      <init_from>Toucan Landing_res/Toucan Landing_Body_diffuse.png</init_from>
    </image>
    <image id="Body-emissive-tex" name="Body-emissive-tex">
      <init_from>Toucan Landing_res/Toucan Landing_Body_emissive.png</init_from>
    </image>
    <image id="Neck-diffuse-tex" name="Neck-diffuse-tex">
      <init_from>Toucan Landing_res/Toucan Landing_Neck_diffuse.png</init_from>
    </image>
    <image id="Neck-emissive-tex" name="Neck-emissive-tex">
      <init_from>Toucan Landing_res/Toucan Landing_Neck_emissive.png</init_from>
    </image>
    <image id="Head-diffuse-tex" name="Head-diffuse-tex">
      <init_from>Toucan Landing_res/Toucan Landing_Head_diffuse.png</init_from>
    </image>
    <image id="Head-emissive-tex" name="Head-emissive-tex">
      <init_from>Toucan Landing_res/Toucan Landing_Head_emissive.png</init_from>
    </image>
    <image id="Right_Wing1-diffuse-tex" name="Right_Wing1-diffuse-tex">
      <init_from>Toucan Landing_res/Toucan Landing_Right_Wing1_diffuse.png</init_from>
    </image>
    <image id="Right_Wing1-emissive-tex" name="Right_Wing1-emissive-tex">
      <init_from>Toucan Landing_res/Toucan Landing_Right_Wing1_emissive.png</init_from>
    </image>
    <image id="Right_Wing2-diffuse-tex" name="Right_Wing2-diffuse-tex">
      <init_from>Toucan Landing_res/Toucan Landing_Right_Wing2_diffuse.png</init_from>
    </image>
    <image id="Right_Wing2-emissive-tex" name="Right_Wing2-emissive-tex">
      <init_from>Toucan Landing_res/Toucan Landing_Right_Wing2_emissive.png</init_from>
    </image>
    <image id="Left_Wing1-diffuse-tex" name="Left_Wing1-diffuse-tex">
      <init_from>Toucan Landing_res/Toucan Landing_Left_Wing1_diffuse.png</init_from>
    </image>
    <image id="Left_Wing1-emissive-tex" name="Left_Wing1-emissive-tex">
      <init_from>Toucan Landing_res/Toucan Landing_Left_Wing1_emissive.png</init_from>
    </image>
    <image id="Left_Wing2-diffuse-tex" name="Left_Wing2-diffuse-tex">
      <init_from>Toucan Landing_res/Toucan Landing_Left_Wing2_diffuse.png</init_from>
    </image>
    <image id="Left_Wing2-emissive-tex" name="Left_Wing2-emissive-tex">
      <init_from>Toucan Landing_res/Toucan Landing_Left_Wing2_emissive.png</init_from>
    </image>
    <image id="RIght_Claw-diffuse-tex" name="RIght_Claw-diffuse-tex">
      <init_from>Toucan Landing_res/Toucan Landing_RIght_Claw_diffuse.png</init_from>
    </image>
    <image id="RIght_Claw-emissive-tex" name="RIght_Claw-emissive-tex">
      <init_from>Toucan Landing_res/Toucan Landing_RIght_Claw_emissive.png</init_from>
    </image>
    <image id="Tail1-diffuse-tex" name="Tail1-diffuse-tex">
      <init_from>Toucan Landing_res/Toucan Landing_Tail1_diffuse.png</init_from>
    </image>
    <image id="Tail1-emissive-tex" name="Tail1-emissive-tex">
      <init_from>Toucan Landing_res/Toucan Landing_Tail1_emissive.png</init_from>
    </image>
    <image id="Left_Claw-diffuse-tex" name="Left_Claw-diffuse-tex">
      <init_from>Toucan Landing_res/Toucan Landing_Left_Claw_diffuse.png</init_from>
    </image>
    <image id="Left_Claw-emissive-tex" name="Left_Claw-emissive-tex">
      <init_from>Toucan Landing_res/Toucan Landing_Left_Claw_emissive.png</init_from>
    </image>
  </library_images>
  <library_effects>
    <effect id="Body-Effect">
      <profile_COMMON>
        <newparam sid="Body-diffuse-surface">
          <surface type="2D">
            <init_from>Body-diffuse-tex</init_from>
            <format>A8R8G8B8</format>
          </surface>
        </newparam>
        <newparam sid="Body-emissive-surface">
          <surface type="2D">
            <init_from>Body-emissive-tex</init_from>
            <format>A8R8G8B8</format>
          </surface>
        </newparam>
        <newparam sid="Body-diffuse-sampler">
          <sampler2D>
            <source>Body-diffuse-surface</source>
            <wrap_s>CLAMP</wrap_s>
            <wrap_t>CLAMP</wrap_t>
            <minfilter>NONE</minfilter>
            <magfilter>NONE</magfilter>
            <mipfilter>NONE</mipfilter>
          </sampler2D>
        </newparam>
        <newparam sid="Body-emissive-sampler">
          <sampler2D>
            <source>Body-emissive-surface</source>
            <wrap_s>CLAMP</wrap_s>
            <wrap_t>CLAMP</wrap_t>
            <minfilter>NONE</minfilter>
            <magfilter>NONE</magfilter>
            <mipfilter>NONE</mipfilter>
          </sampler2D>
        </newparam>
        <technique sid="phong1">
          <phong>
            <emission>
              <texture texcoord="Body-tex-bind" texture="Body-emissive-sampler"/>
            </emission>
            <ambient>
              <color>1.0 1.0 1.0 1.0</color>
            </ambient>
            <diffuse>
              <texture texcoord="Body-tex-bind" texture="Body-diffuse-sampler"/>
            </diffuse>
            <specular>
              <color>0.0 0.0 0.0 1.0</color>
            </specular>
            <shininess>
              <float>5.0</float>
            </shininess>
            <reflective>
              <color>1.0 1.0 1.0 1.0</color>
            </reflective>
            <reflectivity>
              <float>0.2</float>
            </reflectivity>
            <transparent>
              <color>1.0 1.0 1.0 1.0</color>
            </transparent>
            <transparency>
              <float>1.0</float>
            </transparency>
          </phong>
        </technique>
      </profile_COMMON>
    </effect>
    <effect id="Neck-Effect">
      <profile_COMMON>
        <newparam sid="Neck-diffuse-surface">
          <surface type="2D">
            <init_from>Neck-diffuse-tex</init_from>
            <format>A8R8G8B8</format>
          </surface>
        </newparam>
        <newparam sid="Neck-emissive-surface">
          <surface type="2D">
            <init_from>Neck-emissive-tex</init_from>
            <format>A8R8G8B8</format>
          </surface>
        </newparam>
        <newparam sid="Neck-diffuse-sampler">
          <sampler2D>
            <source>Neck-diffuse-surface</source>
            <wrap_s>CLAMP</wrap_s>
            <wrap_t>CLAMP</wrap_t>
            <minfilter>NONE</minfilter>
            <magfilter>NONE</magfilter>
            <mipfilter>NONE</mipfilter>
          </sampler2D>
        </newparam>
        <newparam sid="Neck-emissive-sampler">
          <sampler2D>
            <source>Neck-emissive-surface</source>
            <wrap_s>CLAMP</wrap_s>
            <wrap_t>CLAMP</wrap_t>
            <minfilter>NONE</minfilter>
            <magfilter>NONE</magfilter>
            <mipfilter>NONE</mipfilter>
          </sampler2D>
        </newparam>
        <technique sid="phong1">
          <phong>
            <emission>
              <texture texcoord="Neck-tex-bind" texture="Neck-emissive-sampler"/>
            </emission>
            <ambient>
              <color>1.0 1.0 1.0 1.0</color>
            </ambient>
            <diffuse>
              <texture texcoord="Neck-tex-bind" texture="Neck-diffuse-sampler"/>
            </diffuse>
            <specular>
              <color>0.0 0.0 0.0 1.0</color>
            </specular>
            <shininess>
              <float>5.0</float>
            </shininess>
            <reflective>
              <color>1.0 1.0 1.0 1.0</color>
            </reflective>
            <reflectivity>
              <float>0.2</float>
            </reflectivity>
            <transparent>
              <color>1.0 1.0 1.0 1.0</color>
            </transparent>
            <transparency>
              <float>1.0</float>
            </transparency>
          </phong>
        </technique>
      </profile_COMMON>
    </effect>
    <effect id="Head-Effect">
      <profile_COMMON>
        <newparam sid="Head-diffuse-surface">
          <surface type="2D">
            <init_from>Head-diffuse-tex</init_from>
            <format>A8R8G8B8</format>
          </surface>
        </newparam>
        <newparam sid="Head-emissive-surface">
          <surface type="2D">
            <init_from>Head-emissive-tex</init_from>
            <format>A8R8G8B8</format>
          </surface>
        </newparam>
        <newparam sid="Head-diffuse-sampler">
          <sampler2D>
            <source>Head-diffuse-surface</source>
            <wrap_s>CLAMP</wrap_s>
            <wrap_t>CLAMP</wrap_t>
            <minfilter>NONE</minfilter>
            <magfilter>NONE</magfilter>
            <mipfilter>NONE</mipfilter>
          </sampler2D>
        </newparam>
        <newparam sid="Head-emissive-sampler">
          <sampler2D>
            <source>Head-emissive-surface</source>
            <wrap_s>CLAMP</wrap_s>
            <wrap_t>CLAMP</wrap_t>
            <minfilter>NONE</minfilter>
            <magfilter>NONE</magfilter>
            <mipfilter>NONE</mipfilter>
          </sampler2D>
        </newparam>
        <technique sid="phong1">
          <phong>
            <emission>
              <texture texcoord="Head-tex-bind" texture="Head-emissive-sampler"/>
            </emission>
            <ambient>
              <color>1.0 1.0 1.0 1.0</color>
            </ambient>
            <diffuse>
              <texture texcoord="Head-tex-bind" texture="Head-diffuse-sampler"/>
            </diffuse>
            <specular>
              <color>0.0 0.0 0.0 1.0</color>
            </specular>
            <shininess>
              <float>5.0</float>
            </shininess>
            <reflective>
              <color>1.0 1.0 1.0 1.0</color>
            </reflective>
            <reflectivity>
              <float>0.2</float>
            </reflectivity>
            <transparent>
              <color>1.0 1.0 1.0 1.0</color>
            </transparent>
            <transparency>
              <float>1.0</float>
            </transparency>
          </phong>
        </technique>
      </profile_COMMON>
    </effect>
    <effect id="Right_Wing1-Effect">
      <profile_COMMON>
        <newparam sid="Right_Wing1-diffuse-surface">
          <surface type="2D">
            <init_from>Right_Wing1-diffuse-tex</init_from>
            <format>A8R8G8B8</format>
          </surface>
        </newparam>
        <newparam sid="Right_Wing1-emissive-surface">
          <surface type="2D">
            <init_from>Right_Wing1-emissive-tex</init_from>
            <format>A8R8G8B8</format>
          </surface>
        </newparam>
        <newparam sid="Right_Wing1-diffuse-sampler">
          <sampler2D>
            <source>Right_Wing1-diffuse-surface</source>
            <wrap_s>CLAMP</wrap_s>
            <wrap_t>CLAMP</wrap_t>
            <minfilter>NONE</minfilter>
            <magfilter>NONE</magfilter>
            <mipfilter>NONE</mipfilter>
          </sampler2D>
        </newparam>
        <newparam sid="Right_Wing1-emissive-sampler">
          <sampler2D>
            <source>Right_Wing1-emissive-surface</source>
            <wrap_s>CLAMP</wrap_s>
            <wrap_t>CLAMP</wrap_t>
            <minfilter>NONE</minfilter>
            <magfilter>NONE</magfilter>
            <mipfilter>NONE</mipfilter>
          </sampler2D>
        </newparam>
        <technique sid="phong1">
          <phong>
            <emission>
              <texture texcoord="Right_Wing1-tex-bind" texture="Right_Wing1-emissive-sampler"/>
            </emission>
            <ambient>
              <color>1.0 1.0 1.0 1.0</color>
            </ambient>
            <diffuse>
              <texture texcoord="Right_Wing1-tex-bind" texture="Right_Wing1-diffuse-sampler"/>
            </diffuse>
            <specular>
              <color>0.0 0.0 0.0 1.0</color>
            </specular>
            <shininess>
              <float>5.0</float>
            </shininess>
            <reflective>
              <color>1.0 1.0 1.0 1.0</color>
            </reflective>
            <reflectivity>
              <float>0.2</float>
            </reflectivity>
            <transparent>
              <color>1.0 1.0 1.0 1.0</color>
            </transparent>
            <transparency>
              <float>1.0</float>
            </transparency>
          </phong>
        </technique>
      </profile_COMMON>
    </effect>
    <effect id="Right_Wing2-Effect">
      <profile_COMMON>
        <newparam sid="Right_Wing2-diffuse-surface">
          <surface type="2D">
            <init_from>Right_Wing2-diffuse-tex</init_from>
            <format>A8R8G8B8</format>
          </surface>
        </newparam>
        <newparam sid="Right_Wing2-emissive-surface">
          <surface type="2D">
            <init_from>Right_Wing2-emissive-tex</init_from>
            <format>A8R8G8B8</format>
          </surface>
        </newparam>
        <newparam sid="Right_Wing2-diffuse-sampler">
          <sampler2D>
            <source>Right_Wing2-diffuse-surface</source>
            <wrap_s>CLAMP</wrap_s>
            <wrap_t>CLAMP</wrap_t>
            <minfilter>NONE</minfilter>
            <magfilter>NONE</magfilter>
            <mipfilter>NONE</mipfilter>
          </sampler2D>
        </newparam>
        <newparam sid="Right_Wing2-emissive-sampler">
          <sampler2D>
            <source>Right_Wing2-emissive-surface</source>
            <wrap_s>CLAMP</wrap_s>
            <wrap_t>CLAMP</wrap_t>
            <minfilter>NONE</minfilter>
            <magfilter>NONE</magfilter>
            <mipfilter>NONE</mipfilter>
          </sampler2D>
        </newparam>
        <technique sid="phong1">
          <phong>
            <emission>
              <texture texcoord="Right_Wing2-tex-bind" texture="Right_Wing2-emissive-sampler"/>
            </emission>
            <ambient>
              <color>1.0 1.0 1.0 1.0</color>
            </ambient>
            <diffuse>
              <texture texcoord="Right_Wing2-tex-bind" texture="Right_Wing2-diffuse-sampler"/>
            </diffuse>
            <specular>
              <color>0.0 0.0 0.0 1.0</color>
            </specular>
            <shininess>
              <float>5.0</float>
            </shininess>
            <reflective>
              <color>1.0 1.0 1.0 1.0</color>
            </reflective>
            <reflectivity>
              <float>0.2</float>
            </reflectivity>
            <transparent>
              <color>1.0 1.0 1.0 1.0</color>
            </transparent>
            <transparency>
              <float>1.0</float>
            </transparency>
          </phong>
        </technique>
      </profile_COMMON>
    </effect>
    <effect id="Left_Wing1-Effect">
      <profile_COMMON>
        <newparam sid="Left_Wing1-diffuse-surface">
          <surface type="2D">
            <init_from>Left_Wing1-diffuse-tex</init_from>
            <format>A8R8G8B8</format>
          </surface>
        </newparam>
        <newparam sid="Left_Wing1-emissive-surface">
          <surface type="2D">
            <init_from>Left_Wing1-emissive-tex</init_from>
            <format>A8R8G8B8</format>
          </surface>
        </newparam>
        <newparam sid="Left_Wing1-diffuse-sampler">
          <sampler2D>
            <source>Left_Wing1-diffuse-surface</source>
            <wrap_s>CLAMP</wrap_s>
            <wrap_t>CLAMP</wrap_t>
            <minfilter>NONE</minfilter>
            <magfilter>NONE</magfilter>
            <mipfilter>NONE</mipfilter>
          </sampler2D>
        </newparam>
        <newparam sid="Left_Wing1-emissive-sampler">
          <sampler2D>
            <source>Left_Wing1-emissive-surface</source>
            <wrap_s>CLAMP</wrap_s>
            <wrap_t>CLAMP</wrap_t>
            <minfilter>NONE</minfilter>
            <magfilter>NONE</magfilter>
            <mipfilter>NONE</mipfilter>
          </sampler2D>
        </newparam>
        <technique sid="phong1">
          <phong>
            <emission>
              <texture texcoord="Left_Wing1-tex-bind" texture="Left_Wing1-emissive-sampler"/>
            </emission>
            <ambient>
              <color>1.0 1.0 1.0 1.0</color>
            </ambient>
            <diffuse>
              <texture texcoord="Left_Wing1-tex-bind" texture="Left_Wing1-diffuse-sampler"/>
            </diffuse>
            <specular>
              <color>0.0 0.0 0.0 1.0</color>
            </specular>
            <shininess>
              <float>5.0</float>
            </shininess>
            <reflective>
              <color>1.0 1.0 1.0 1.0</color>
            </reflective>
            <reflectivity>
              <float>0.2</float>
            </reflectivity>
            <transparent>
              <color>1.0 1.0 1.0 1.0</color>
            </transparent>
            <transparency>
              <float>1.0</float>
            </transparency>
          </phong>
        </technique>
      </profile_COMMON>
    </effect>
    <effect id="Left_Wing2-Effect">
      <profile_COMMON>
        <newparam sid="Left_Wing2-diffuse-surface">
          <surface type="2D">
            <init_from>Left_Wing2-diffuse-tex</init_from>
            <format>A8R8G8B8</format>
          </surface>
        </newparam>
        <newparam sid="Left_Wing2-emissive-surface">
          <surface type="2D">
            <init_from>Left_Wing2-emissive-tex</init_from>
            <format>A8R8G8B8</format>
          </surface>
        </newparam>
        <newparam sid="Left_Wing2-diffuse-sampler">
          <sampler2D>
            <source>Left_Wing2-diffuse-surface</source>
            <wrap_s>CLAMP</wrap_s>
            <wrap_t>CLAMP</wrap_t>
            <minfilter>NONE</minfilter>
            <magfilter>NONE</magfilter>
            <mipfilter>NONE</mipfilter>
          </sampler2D>
        </newparam>
        <newparam sid="Left_Wing2-emissive-sampler">
          <sampler2D>
            <source>Left_Wing2-emissive-surface</source>
            <wrap_s>CLAMP</wrap_s>
            <wrap_t>CLAMP</wrap_t>
            <minfilter>NONE</minfilter>
            <magfilter>NONE</magfilter>
            <mipfilter>NONE</mipfilter>
          </sampler2D>
        </newparam>
        <technique sid="phong1">
          <phong>
            <emission>
              <texture texcoord="Left_Wing2-tex-bind" texture="Left_Wing2-emissive-sampler"/>
            </emission>
            <ambient>
              <color>1.0 1.0 1.0 1.0</color>
            </ambient>
            <diffuse>
              <texture texcoord="Left_Wing2-tex-bind" texture="Left_Wing2-diffuse-sampler"/>
            </diffuse>
            <specular>
              <color>0.0 0.0 0.0 1.0</color>
            </specular>
            <shininess>
              <float>5.0</float>
            </shininess>
            <reflective>
              <color>1.0 1.0 1.0 1.0</color>
            </reflective>
            <reflectivity>
              <float>0.2</float>
            </reflectivity>
            <transparent>
              <color>1.0 1.0 1.0 1.0</color>
            </transparent>
            <transparency>
              <float>1.0</float>
            </transparency>
          </phong>
        </technique>
      </profile_COMMON>
    </effect>
    <effect id="RIght_Claw-Effect">
      <profile_COMMON>
        <newparam sid="RIght_Claw-diffuse-surface">
          <surface type="2D">
            <init_from>RIght_Claw-diffuse-tex</init_from>
            <format>A8R8G8B8</format>
          </surface>
        </newparam>
        <newparam sid="RIght_Claw-emissive-surface">
          <surface type="2D">
            <init_from>RIght_Claw-emissive-tex</init_from>
            <format>A8R8G8B8</format>
          </surface>
        </newparam>
        <newparam sid="RIght_Claw-diffuse-sampler">
          <sampler2D>
            <source>RIght_Claw-diffuse-surface</source>
            <wrap_s>CLAMP</wrap_s>
            <wrap_t>CLAMP</wrap_t>
            <minfilter>NONE</minfilter>
            <magfilter>NONE</magfilter>
            <mipfilter>NONE</mipfilter>
          </sampler2D>
        </newparam>
        <newparam sid="RIght_Claw-emissive-sampler">
          <sampler2D>
            <source>RIght_Claw-emissive-surface</source>
            <wrap_s>CLAMP</wrap_s>
            <wrap_t>CLAMP</wrap_t>
            <minfilter>NONE</minfilter>
            <magfilter>NONE</magfilter>
            <mipfilter>NONE</mipfilter>
          </sampler2D>
        </newparam>
        <technique sid="phong1">
          <phong>
            <emission>
              <texture texcoord="RIght_Claw-tex-bind" texture="RIght_Claw-emissive-sampler"/>
            </emission>
            <ambient>
              <color>1.0 1.0 1.0 1.0</color>
            </ambient>
            <diffuse>
              <texture texcoord="RIght_Claw-tex-bind" texture="RIght_Claw-diffuse-sampler"/>
            </diffuse>
            <specular>
              <color>0.0 0.0 0.0 1.0</color>
            </specular>
            <shininess>
              <float>5.0</float>
            </shininess>
            <reflective>
              <color>1.0 1.0 1.0 1.0</color>
            </reflective>
            <reflectivity>
              <float>0.2</float>
            </reflectivity>
            <transparent>
              <color>1.0 1.0 1.0 1.0</color>
            </transparent>
            <transparency>
              <float>1.0</float>
            </transparency>
          </phong>
        </technique>
      </profile_COMMON>
    </effect>
    <effect id="Tail1-Effect">
      <profile_COMMON>
        <newparam sid="Tail1-diffuse-surface">
          <surface type="2D">
            <init_from>Tail1-diffuse-tex</init_from>
            <format>A8R8G8B8</format>
          </surface>
        </newparam>
        <newparam sid="Tail1-emissive-surface">
          <surface type="2D">
            <init_from>Tail1-emissive-tex</init_from>
            <format>A8R8G8B8</format>
          </surface>
        </newparam>
        <newparam sid="Tail1-diffuse-sampler">
          <sampler2D>
            <source>Tail1-diffuse-surface</source>
            <wrap_s>CLAMP</wrap_s>
            <wrap_t>CLAMP</wrap_t>
            <minfilter>NONE</minfilter>
            <magfilter>NONE</magfilter>
            <mipfilter>NONE</mipfilter>
          </sampler2D>
        </newparam>
        <newparam sid="Tail1-emissive-sampler">
          <sampler2D>
            <source>Tail1-emissive-surface</source>
            <wrap_s>CLAMP</wrap_s>
            <wrap_t>CLAMP</wrap_t>
            <minfilter>NONE</minfilter>
            <magfilter>NONE</magfilter>
            <mipfilter>NONE</mipfilter>
          </sampler2D>
        </newparam>
        <technique sid="phong1">
          <phong>
            <emission>
              <texture texcoord="Tail1-tex-bind" texture="Tail1-emissive-sampler"/>
            </emission>
            <ambient>
              <color>1.0 1.0 1.0 1.0</color>
            </ambient>
            <diffuse>
              <texture texcoord="Tail1-tex-bind" texture="Tail1-diffuse-sampler"/>
            </diffuse>
            <specular>
              <color>0.0 0.0 0.0 1.0</color>
            </specular>
            <shininess>
              <float>5.0</float>
            </shininess>
            <reflective>
              <color>1.0 1.0 1.0 1.0</color>
            </reflective>
            <reflectivity>
              <float>0.2</float>
            </reflectivity>
            <transparent>
              <color>1.0 1.0 1.0 1.0</color>
            </transparent>
            <transparency>
              <float>1.0</float>
            </transparency>
          </phong>
        </technique>
      </profile_COMMON>
    </effect>
    <effect id="Left_Claw-Effect">
      <profile_COMMON>
        <newparam sid="Left_Claw-diffuse-surface">
          <surface type="2D">
            <init_from>Left_Claw-diffuse-tex</init_from>
            <format>A8R8G8B8</format>
          </surface>
        </newparam>
        <newparam sid="Left_Claw-emissive-surface">
          <surface type="2D">
            <init_from>Left_Claw-emissive-tex</init_from>
            <format>A8R8G8B8</format>
          </surface>
        </newparam>
        <newparam sid="Left_Claw-diffuse-sampler">
          <sampler2D>
            <source>Left_Claw-diffuse-surface</source>
            <wrap_s>CLAMP</wrap_s>
            <wrap_t>CLAMP</wrap_t>
            <minfilter>NONE</minfilter>
            <magfilter>NONE</magfilter>
            <mipfilter>NONE</mipfilter>
          </sampler2D>
        </newparam>
        <newparam sid="Left_Claw-emissive-sampler">
          <sampler2D>
            <source>Left_Claw-emissive-surface</source>
            <wrap_s>CLAMP</wrap_s>
            <wrap_t>CLAMP</wrap_t>
            <minfilter>NONE</minfilter>
            <magfilter>NONE</magfilter>
            <mipfilter>NONE</mipfilter>
          </sampler2D>
        </newparam>
        <technique sid="phong1">
          <phong>
            <emission>
              <texture texcoord="Left_Claw-tex-bind" texture="Left_Claw-emissive-sampler"/>
            </emission>
            <ambient>
              <color>1.0 1.0 1.0 1.0</color>
            </ambient>
            <diffuse>
              <texture texcoord="Left_Claw-tex-bind" texture="Left_Claw-diffuse-sampler"/>
            </diffuse>
            <specular>
              <color>0.0 0.0 0.0 1.0</color>
            </specular>
            <shininess>
              <float>5.0</float>
            </shininess>
            <reflective>
              <color>1.0 1.0 1.0 1.0</color>
            </reflective>
            <reflectivity>
              <float>0.2</float>
            </reflectivity>
            <transparent>
              <color>1.0 1.0 1.0 1.0</color>
            </transparent>
            <transparency>
              <float>1.0</float>
            </transparency>
          </phong>
        </technique>
      </profile_COMMON>
    </effect>
  </library_effects>
  <library_materials>
    <material id="Body-Material">
      <instance_effect url="#Body-Effect"/>
    </material>
    <material id="Neck-Material">
      <instance_effect url="#Neck-Effect"/>
    </material>
    <material id="Head-Material">
      <instance_effect url="#Head-Effect"/>
    </material>
    <material id="Right_Wing1-Material">
      <instance_effect url="#Right_Wing1-Effect"/>
    </material>
    <material id="Right_Wing2-Material">
      <instance_effect url="#Right_Wing2-Effect"/>
    </material>
    <material id="Left_Wing1-Material">
      <instance_effect url="#Left_Wing1-Effect"/>
    </material>
    <material id="Left_Wing2-Material">
      <instance_effect url="#Left_Wing2-Effect"/>
    </material>
    <material id="RIght_Claw-Material">
      <instance_effect url="#RIght_Claw-Effect"/>
    </material>
    <material id="Tail1-Material">
      <instance_effect url="#Tail1-Effect"/>
    </material>
    <material id="Left_Claw-Material">
      <instance_effect url="#Left_Claw-Effect"/>
    </material>
  </library_materials>
  <library_geometries>
    <geometry id="Body-Geom" name="Body-Geom">
      <mesh>
        <source id="Body-Pos">
          <float_array count="768" id="Body-Pos-array">-2.5 -3.5 3.5000005 -2.5 3.4999995 3.5000005 -2.5 3.4999995 -4.5 -2.5 -3.5 -4.5 -2.5 -4.5 3.5000005 -2.5 -3.5 3.5000005 -2.5 -3.5 -3.5 -2.5 -4.5 -3.5 -2.5 -0.5000001 5.5 -2.5 2.4999993 5.5 -2.5 2.4999993 3.5000005 -2.5 -0.5000001 3.5000005 -2.5 -1.5000001 -4.5 -2.5 1.4999998 -4.5 -2.5 1.4999998 -5.5 -2.5 -1.5000001 -5.5 -2.5 -1.5000001 4.5000005 -2.5 -0.5000001 4.5000005 -2.5 -0.5000001 3.5000005 -2.5 -1.5000001 3.5000005 -1.5 3.4999995 5.5 -1.5 4.5 5.5 -1.5 4.5 -1.4999999 -1.5 3.4999995 -1.4999999 -1.5 2.4999993 5.5 -1.5 3.4999995 5.5 -1.5 3.4999995 3.5000005 -1.5 2.4999993 3.5000005 -1.5 -2.5 -4.5 -1.5 -1.5000001 -4.5 -1.5 -1.5000001 -5.5 -1.5 -2.5 -5.5 -1.5 1.4999998 -4.5 -1.5 2.4999993 -4.5 -1.5 2.4999993 -5.5 -1.5 1.4999998 -5.5 -1.5 -2.5 4.5000005 -1.5 -1.5000001 4.5000005 -1.5 -1.5000001 3.5000005 -1.5 -2.5 3.5000005 -1.5 -1.5000001 5.5 -1.5 -0.5000001 5.5 -1.5 -0.5000001 4.5000005 -1.5 -1.5000001 4.5000005 1.5 3.4999995 -1.4999999 1.5 4.5 -1.4999999 1.5 4.5 5.5 1.5 3.4999995 5.5 1.5 2.4999993 3.5000005 1.5 3.4999995 3.5000005 1.5 3.4999995 5.5 1.5 2.4999993 5.5 1.5 -2.5 -5.5 1.5 -1.5000001 -5.5 1.5 -1.5000001 -4.5 1.5 -2.5 -4.5 1.5 1.4999998 -5.5 1.5 2.4999993 -5.5 1.5 2.4999993 -4.5 1.5 1.4999998 -4.5 1.5 -2.5 3.5000005 1.5 -1.5000001 3.5000005 1.5 -1.5000001 4.5000005 1.5 -2.5 4.5000005 1.5 -1.5000001 4.5000005 1.5 -0.5000001 4.5000005 1.5 -0.5000001 5.5 1.5 -1.5000001 5.5 2.5 -3.5 -4.5 2.5 3.4999995 -4.5 2.5 3.4999995 3.5000005 2.5 -3.5 3.5000005 2.5 -4.5 -3.5 2.5 -3.5 -3.5 2.5 -3.5 3.5000005 2.5 -4.5 3.5000005 2.5 -0.5000001 3.5000005 2.5 2.4999993 3.5000005 2.5 2.4999993 5.5 2.5 -0.5000001 5.5 2.5 -1.5000001 -5.5 2.5 1.4999998 -5.5 2.5 1.4999998 -4.5 2.5 -1.5000001 -4.5 2.5 -1.5000001 3.5000005 2.5 -0.5000001 3.5000005 2.5 -0.5000001 4.5000005 2.5 -1.5000001 4.5000005 -2.5 -4.5 -3.5 2.5 -4.5 -3.5 2.5 -4.5 3.5000005 -2.5 -4.5 3.5000005 -2.5 -3.5 -4.5 2.5 -3.5 -4.5 2.5 -3.5 -3.5 -2.5 -3.5 -3.5 -1.5 -2.5 -5.5 1.5 -2.5 -5.5 1.5 -2.5 -4.5 -1.5 -2.5 -4.5 -1.5 -2.5 3.5000005 1.5 -2.5 3.5000005 1.5 -2.5 4.5000005 -1.5 -2.5 4.5000005 -1.5 -1.5000001 4.5000005 1.5 -1.5000001 4.5000005 1.5 -1.5000001 5.5 -1.5 -1.5000001 5.5 -2.5 -1.5000001 -5.5 -1.5 -1.5000001 -5.5 -1.5 -1.5000001 -4.5 -2.5 -1.5000001 -4.5 1.5 -1.5000001 -5.5 2.5 -1.5000001 -5.5 2.5 -1.5000001 -4.5 1.5 -1.5000001 -4.5 -2.5 -1.5000001 3.5000005 -1.5 -1.5000001 3.5000005 -1.5 -1.5000001 4.5000005 -2.5 -1.5000001 4.5000005 1.5 -1.5000001 3.5000005 2.5 -1.5000001 3.5000005 2.5 -1.5000001 4.5000005 1.5 -1.5000001 4.5000005 -2.5 -0.5000001 4.5000005 -1.5 -0.5000001 4.5000005 -1.5 -0.5000001 5.5 -2.5 -0.5000001 5.5 1.5 -0.5000001 4.5000005 2.5 -0.5000001 4.5000005 2.5 -0.5000001 5.5 1.5 -0.5000001 5.5 -2.5 1.4999998 -4.5 -1.5 1.4999998 -4.5 -1.5 1.4999998 -5.5 -2.5 1.4999998 -5.5 1.5 1.4999998 -4.5 2.5 1.4999998 -4.5 2.5 1.4999998 -5.5 1.5 1.4999998 -5.5 -1.5 2.4999993 -4.5 1.5 2.4999993 -4.5 1.5 2.4999993 -5.5 -1.5 2.4999993 -5.5 -2.5 2.4999993 5.5 -1.5 2.4999993 5.5 -1.5 2.4999993 3.5000005 -2.5 2.4999993 3.5000005 1.5 2.4999993 5.5 2.5 2.4999993 5.5 2.5 2.4999993 3.5000005 1.5 2.4999993 3.5000005 -2.5 3.4999995 -1.4999999 2.5 3.4999995 -1.4999999 2.5 3.4999995 -4.5 -2.5 3.4999995 -4.5 -2.5 3.4999995 3.5000005 -1.5 3.4999995 3.5000005 -1.5 3.4999995 -1.4999999 -2.5 3.4999995 -1.4999999 1.5 3.4999995 3.5000005 2.5 3.4999995 3.5000005 2.5 3.4999995 -1.4999999 1.5 3.4999995 -1.4999999 -1.5 4.5 5.5 1.5 4.5 5.5 1.5 4.5 -1.4999999 -1.5 4.5 -1.4999999 -1.5 2.4999993 -5.5 1.5 2.4999993 -5.5 1.5 -2.5 -5.5 -1.5 -2.5 -5.5 -2.5 1.4999998 -5.5 -1.5 1.4999998 -5.5 -1.5 -1.5000001 -5.5 -2.5 -1.5000001 -5.5 1.5 1.4999998 -5.5 2.5 1.4999998 -5.5 2.5 -1.5000001 -5.5 1.5 -1.5000001 -5.5 -2.5 -2.5 -4.5 2.5 -2.5 -4.5 2.5 -3.5 -4.5 -2.5 -3.5 -4.5 -2.5 3.4999995 -4.5 2.5 3.4999995 -4.5 2.5 2.4999993 -4.5 -2.5 2.4999993 -4.5 -2.5 -1.5000001 -4.5 -1.5 -1.5000001 -4.5 -1.5 -2.5 -4.5 -2.5 -2.5 -4.5 1.5 -1.5000001 -4.5 2.5 -1.5000001 -4.5 2.5 -2.5 -4.5 1.5 -2.5 -4.5 -2.5 2.4999993 -4.5 -1.5 2.4999993 -4.5 -1.5 1.4999998 -4.5 -2.5 1.4999998 -4.5 1.5 2.4999993 -4.5 2.5 2.4999993 -4.5 2.5 1.4999998 -4.5 1.5 1.4999998 -4.5 -2.5 -3.5 -3.5 2.5 -3.5 -3.5 2.5 -4.5 -3.5 -2.5 -4.5 -3.5 -1.5 4.5 -1.4999999 1.5 4.5 -1.4999999 1.5 3.4999995 -1.4999999 -1.5 3.4999995 -1.4999999 -2.5 -4.5 3.5000005 2.5 -4.5 3.5000005 2.5 -2.5 3.5000005 -2.5 -2.5 3.5000005 -2.5 -2.5 3.5000005 -1.5 -2.5 3.5000005 -1.5 -1.5000001 3.5000005 -2.5 -1.5000001 3.5000005 1.5 -2.5 3.5000005 2.5 -2.5 3.5000005 2.5 -1.5000001 3.5000005 1.5 -1.5000001 3.5000005 -2.5 2.4999993 3.5000005 -1.5 2.4999993 3.5000005 -1.5 3.4999995 3.5000005 -2.5 3.4999995 3.5000005 1.5 2.4999993 3.5000005 2.5 2.4999993 3.5000005 2.5 3.4999995 3.5000005 1.5 3.4999995 3.5000005 -1.5 -2.5 4.5000005 1.5 -2.5 4.5000005 1.5 -1.5000001 4.5000005 -1.5 -1.5000001 4.5000005 -2.5 -1.5000001 4.5000005 -1.5 -1.5000001 4.5000005 -1.5 -0.5000001 4.5000005 -2.5 -0.5000001 4.5000005 1.5 -1.5000001 4.5000005 2.5 -1.5000001 4.5000005 2.5 -0.5000001 4.5000005 1.5 -0.5000001 4.5000005 -1.5 -1.5000001 5.5 1.5 -1.5000001 5.5 1.5 4.5 5.5 -1.5 4.5 5.5 -2.5 -0.5000001 5.5 -1.5 -0.5000001 5.5 -1.5 2.4999993 5.5 -2.5 2.4999993 5.5 1.5 -0.5000001 5.5 2.5 -0.5000001 5.5 2.5 2.4999993 5.5 1.5 2.4999993 5.5 </float_array>
          <technique_common>
            <accessor count="256" source="#Body-Pos-array" stride="3">
              <param name="X" type="float"/>
              <param name="Y" type="float"/>
              <param name="Z" type="float"/>
            </accessor>
          </technique_common>
        </source>
        <source id="Body-UV">
          <float_array count="512" id="Body-UV-array">0.0 0.5 0.21875 0.5 0.21875 1.0 0.0 1.0 0.0 0.5625 0.03125 0.5625 0.03125 1.0 0.0 1.0 0.34375 0.8125 0.34375 1.0 0.28125 1.0 0.28125 0.8125 0.3125 0.5 0.3125 0.6875 0.28125 0.6875 0.28125 0.5 0.0625 0.9375 0.09375 0.9375 0.09375 1.0 0.0625 1.0 0.0625 0.5625 0.09375 0.5625 0.09375 1.0 0.0625 1.0 0.0625 0.875 0.09375 0.875 0.09375 1.0 0.0625 1.0 0.0625 0.9375 0.09375 0.9375 0.09375 1.0 0.0625 1.0 0.0625 0.9375 0.09375 0.9375 0.09375 1.0 0.0625 1.0 0.0625 0.9375 0.09375 0.9375 0.09375 1.0 0.0625 1.0 0.0625 0.9375 0.09375 0.9375 0.09375 1.0 0.0625 1.0 0.0625 1.0 0.09375 1.0 0.09375 0.5625 0.0625 0.5625 0.0625 1.0 0.09375 1.0 0.09375 0.875 0.0625 0.875 0.0625 1.0 0.09375 1.0 0.09375 0.9375 0.0625 0.9375 0.0625 1.0 0.09375 1.0 0.09375 0.9375 0.0625 0.9375 0.0625 1.0 0.09375 1.0 0.09375 0.9375 0.0625 0.9375 0.0625 1.0 0.09375 1.0 0.09375 0.9375 0.0625 0.9375 0.0 1.0 0.21875 1.0 0.21875 0.5 0.0 0.5 0.0 1.0 0.03125 1.0 0.03125 0.5625 0.0 0.5625 0.40625 0.8125 0.40625 1.0 0.46875 1.0 0.46875 0.8125 0.0625 0.8125 0.0625 1.0 0.09375 1.0 0.09375 0.8125 0.0625 1.0 0.09375 1.0 0.09375 0.9375 0.0625 0.9375 0.53125 1.0 0.6875 1.0 0.6875 0.5625 0.53125 0.5625 0.0 0.6875 0.0 1.0 0.03125 1.0 0.03125 0.6875 0.0625 0.8125 0.0625 1.0 0.09375 1.0 0.09375 0.8125 0.0625 0.8125 0.0625 1.0 0.09375 1.0 0.09375 0.8125 0.0625 0.8125 0.0625 1.0 0.09375 1.0 0.09375 0.8125 0.0625 1.0 0.09375 1.0 0.09375 0.9375 0.0625 0.9375 0.0625 1.0 0.09375 1.0 0.09375 0.9375 0.0625 0.9375 0.0625 1.0 0.09375 1.0 0.09375 0.9375 0.0625 0.9375 0.0625 1.0 0.09375 1.0 0.09375 0.9375 0.0625 0.9375 0.0625 1.0 0.09375 1.0 0.09375 0.9375 0.0625 0.9375 0.0625 1.0 0.09375 1.0 0.09375 0.9375 0.0625 0.9375 0.0625 0.9375 0.09375 0.9375 0.09375 1.0 0.0625 1.0 0.0625 0.9375 0.09375 0.9375 0.09375 1.0 0.0625 1.0 0.09375 0.8125 0.09375 1.0 0.0625 1.0 0.0625 0.8125 0.0625 0.875 0.09375 0.875 0.09375 1.0 0.0625 1.0 0.0625 0.875 0.09375 0.875 0.09375 1.0 0.0625 1.0 0.15625 0.6875 0.15625 1.0 0.0625 1.0 0.0625 0.6875 0.0625 0.6875 0.09375 0.6875 0.09375 1.0 0.0625 1.0 0.0625 0.6875 0.09375 0.6875 0.09375 1.0 0.0625 1.0 0.0625 0.5625 0.15625 0.5625 0.15625 1.0 0.0625 1.0 0.0625 0.6875 0.15625 0.6875 0.15625 1.0 0.0625 1.0 0.0625 0.8125 0.09375 0.8125 0.09375 1.0 0.0625 1.0 0.0625 0.8125 0.09375 0.8125 0.09375 1.0 0.0625 1.0 0.03125 0.6875 0.03125 1.0 0.0 1.0 0.0 0.6875 0.09375 0.6875 0.09375 1.0 0.0625 1.0 0.0625 0.6875 0.0 0.9375 0.03125 0.9375 0.03125 1.0 0.0 1.0 0.0 0.9375 0.03125 0.9375 0.03125 1.0 0.0 1.0 0.0625 0.9375 0.09375 0.9375 0.09375 1.0 0.0625 1.0 0.0625 0.9375 0.09375 0.9375 0.09375 1.0 0.0625 1.0 0.03125 0.6875 0.03125 1.0 0.0 1.0 0.0 0.6875 0.09375 0.8125 0.09375 1.0 0.0625 1.0 0.0625 0.8125 0.40625 0.375 0.40625 0.6875 0.46875 0.6875 0.46875 0.375 0.0625 1.0 0.09375 1.0 0.09375 0.9375 0.0625 0.9375 0.0625 1.0 0.09375 1.0 0.09375 0.9375 0.0625 0.9375 0.0625 1.0 0.09375 1.0 0.09375 0.9375 0.0625 0.9375 0.0625 1.0 0.09375 1.0 0.09375 0.9375 0.0625 0.9375 0.0625 0.8125 0.0625 1.0 0.09375 1.0 0.09375 0.8125 0.0625 1.0 0.09375 1.0 0.09375 0.9375 0.0625 0.9375 0.0625 1.0 0.09375 1.0 0.09375 0.9375 0.0625 0.9375 0.0625 1.0 0.15625 1.0 0.15625 0.625 0.0625 0.625 0.0625 1.0 0.09375 1.0 0.09375 0.8125 0.0625 0.8125 0.0625 1.0 0.09375 1.0 0.09375 0.8125 0.0625 0.8125 </float_array>
          <technique_common>
            <accessor count="256" source="#Body-UV-array" stride="2">
              <param name="S" type="float"/>
              <param name="T" type="float"/>
            </accessor>
          </technique_common>
        </source>
        <source id="Body-Normal">
          <float_array count="18" id="Body-Normal-array">-1.0 0.0 0.0 1.0 0.0 0.0 0.0 -1.0 0.0 0.0 1.0 0.0 0.0 0.0 -1.0 0.0 0.0 1.0</float_array>
          <technique_common>
            <accessor count="6" source="#Body-Normal-array" stride="3">
              <param name="X" type="float"/>
              <param name="Y" type="float"/>
              <param name="Z" type="float"/>
            </accessor>
          </technique_common>
        </source>
        <vertices id="Body-Vertices">
          <input semantic="POSITION" source="#Body-Pos"/>
        </vertices>
        <polylist count="64" material="Body-Material">
          <input offset="0" semantic="VERTEX" source="#Body-Vertices"/>
          <input offset="1" semantic="TEXCOORD" set="0" source="#Body-UV"/>
          <input offset="2" semantic="NORMAL" source="#Body-Normal"/>
          <vcount>4 4 4 4 4 4 4 4 4 4 4 4 4 4 4 4 4 4 4 4 4 4 4 4 4 4 4 4 4 4 4 4 4 4 4 4 4 4 4 4 4 4 4 4 4 4 4 4 4 4 4 4 4 4 4 4 4 4 4 4 4 4 4 4 </vcount>
          <p>0 0 0 1 1 0 2 2 0 3 3 0 4 4 0 5 5 0 6 6 0 7 7 0 8 8 0 9 9 0 10 10 0 11 11 0 12 12 0 13 13 0 14 14 0 15 15 0 16 16 0 17 17 0 18 18 0 19 19 0 20 20 0 21 21 0 22 22 0 23 23 0 24 24 0 25 25 0 26 26 0 27 27 0 28 28 0 29 29 0 30 30 0 31 31 0 32 32 0 33 33 0 34 34 0 35 35 0 36 36 0 37 37 0 38 38 0 39 39 0 40 40 0 41 41 0 42 42 0 43 43 0 44 44 1 45 45 1 46 46 1 47 47 1 48 48 1 49 49 1 50 50 1 51 51 1 52 52 1 53 53 1 54 54 1 55 55 1 56 56 1 57 57 1 58 58 1 59 59 1 60 60 1 61 61 1 62 62 1 63 63 1 64 64 1 65 65 1 66 66 1 67 67 1 68 68 1 69 69 1 70 70 1 71 71 1 72 72 1 73 73 1 74 74 1 75 75 1 76 76 1 77 77 1 78 78 1 79 79 1 80 80 1 81 81 1 82 82 1 83 83 1 84 84 1 85 85 1 86 86 1 87 87 1 88 88 2 89 89 2 90 90 2 91 91 2 92 92 2 93 93 2 94 94 2 95 95 2 96 96 2 97 97 2 98 98 2 99 99 2 100 100 2 101 101 2 102 102 2 103 103 2 104 104 2 105 105 2 106 106 2 107 107 2 108 108 2 109 109 2 110 110 2 111 111 2 112 112 2 113 113 2 114 114 2 115 115 2 116 116 2 117 117 2 118 118 2 119 119 2 120 120 2 121 121 2 122 122 2 123 123 2 124 124 2 125 125 2 126 126 2 127 127 2 128 128 2 129 129 2 130 130 2 131 131 2 132 132 3 133 133 3 134 134 3 135 135 3 136 136 3 137 137 3 138 138 3 139 139 3 140 140 3 141 141 3 142 142 3 143 143 3 144 144 3 145 145 3 146 146 3 147 147 3 148 148 3 149 149 3 150 150 3 151 151 3 152 152 3 153 153 3 154 154 3 155 155 3 156 156 3 157 157 3 158 158 3 159 159 3 160 160 3 161 161 3 162 162 3 163 163 3 164 164 3 165 165 3 166 166 3 167 167 3 168 168 4 169 169 4 170 170 4 171 171 4 172 172 4 173 173 4 174 174 4 175 175 4 176 176 4 177 177 4 178 178 4 179 179 4 180 180 4 181 181 4 182 182 4 183 183 4 184 184 4 185 185 4 186 186 4 187 187 4 188 188 4 189 189 4 190 190 4 191 191 4 192 192 4 193 193 4 194 194 4 195 195 4 196 196 4 197 197 4 198 198 4 199 199 4 200 200 4 201 201 4 202 202 4 203 203 4 204 204 4 205 205 4 206 206 4 207 207 4 208 208 4 209 209 4 210 210 4 211 211 4 212 212 5 213 213 5 214 214 5 215 215 5 216 216 5 217 217 5 218 218 5 219 219 5 220 220 5 221 221 5 222 222 5 223 223 5 224 224 5 225 225 5 226 226 5 227 227 5 228 228 5 229 229 5 230 230 5 231 231 5 232 232 5 233 233 5 234 234 5 235 235 5 236 236 5 237 237 5 238 238 5 239 239 5 240 240 5 241 241 5 242 242 5 243 243 5 244 244 5 245 245 5 246 246 5 247 247 5 248 248 5 249 249 5 250 250 5 251 251 5 252 252 5 253 253 5 254 254 5 255 255 5 </p>
        </polylist>
      </mesh>
    </geometry>
    <geometry id="Neck-Geom" name="Neck-Geom">
      <mesh>
        <source id="Neck-Pos">
          <float_array count="168" id="Neck-Pos-array">-2.0 -3.0 3.0 -2.0 2.0000002 3.0 -2.0 2.0000002 -1.9999999 -2.0 -3.0 -1.9999999 -2.0 2.0000002 3.0 -2.0 3.0 3.0 -2.0 3.0 -0.99999994 -2.0 2.0000002 -0.99999994 -2.0 -3.0 -1.9999999 -2.0 0.0 -1.9999999 -2.0 0.0 -3.0 -2.0 -3.0 -3.0 2.0 -3.0 -1.9999999 2.0 2.0000002 -1.9999999 2.0 2.0000002 3.0 2.0 -3.0 3.0 2.0 2.0000002 -0.99999994 2.0 3.0 -0.99999994 2.0 3.0 3.0 2.0 2.0000002 3.0 2.0 -3.0 -3.0 2.0 0.0 -3.0 2.0 0.0 -1.9999999 2.0 -3.0 -1.9999999 -2.0 -3.0 -3.0 2.0 -3.0 -3.0 2.0 -3.0 3.0 -2.0 -3.0 3.0 -2.0 0.0 -1.9999999 2.0 0.0 -1.9999999 2.0 0.0 -3.0 -2.0 0.0 -3.0 -2.0 2.0000002 -0.99999994 2.0 2.0000002 -0.99999994 2.0 2.0000002 -1.9999999 -2.0 2.0000002 -1.9999999 -2.0 3.0 3.0 2.0 3.0 3.0 2.0 3.0 -0.99999994 -2.0 3.0 -0.99999994 -2.0 0.0 -3.0 2.0 0.0 -3.0 2.0 -3.0 -3.0 -2.0 -3.0 -3.0 -2.0 2.0000002 -1.9999999 2.0 2.0000002 -1.9999999 2.0 0.0 -1.9999999 -2.0 0.0 -1.9999999 -2.0 3.0 -0.99999994 2.0 3.0 -0.99999994 2.0 2.0000002 -0.99999994 -2.0 2.0000002 -0.99999994 -2.0 -3.0 3.0 2.0 -3.0 3.0 2.0 3.0 3.0 -2.0 3.0 3.0 </float_array>
          <technique_common>
            <accessor count="56" source="#Neck-Pos-array" stride="3">
              <param name="X" type="float"/>
              <param name="Y" type="float"/>
              <param name="Z" type="float"/>
            </accessor>
          </technique_common>
        </source>
        <source id="Neck-UV">
          <float_array count="112" id="Neck-UV-array">0.0 0.6875 0.15625 0.6875 0.15625 1.0 0.0 1.0 0.25 0.75 0.28125 0.75 0.28125 1.0 0.25 1.0 0.03125 0.8125 0.03125 1.0 0.0 1.0 0.0 0.8125 0.0 1.0 0.15625 1.0 0.15625 0.6875 0.0 0.6875 0.25 1.0 0.28125 1.0 0.28125 0.75 0.25 0.75 0.0 0.8125 0.0 1.0 0.03125 1.0 0.03125 0.8125 0.0 0.5 0.125 0.5 0.125 0.125 0.0 0.125 0.03125 0.25 0.03125 0.5 0.0 0.5 0.0 0.25 0.03125 0.25 0.03125 0.5 0.0 0.5 0.0 0.25 0.25 0.25 0.375 0.25 0.375 0.5 0.25 0.5 0.09375 0.25 0.09375 0.5 0.0 0.5 0.0 0.25 0.0625 0.25 0.0625 0.5 0.0 0.5 0.0 0.25 0.03125 0.25 0.03125 0.5 0.0 0.5 0.0 0.25 0.5 1.0 0.625 1.0 0.625 0.625 0.5 0.625 </float_array>
          <technique_common>
            <accessor count="56" source="#Neck-UV-array" stride="2">
              <param name="S" type="float"/>
              <param name="T" type="float"/>
            </accessor>
          </technique_common>
        </source>
        <source id="Neck-Normal">
          <float_array count="18" id="Neck-Normal-array">-1.0 0.0 0.0 1.0 0.0 0.0 0.0 -1.0 0.0 0.0 1.0 0.0 0.0 0.0 -1.0 0.0 0.0 1.0</float_array>
          <technique_common>
            <accessor count="6" source="#Neck-Normal-array" stride="3">
              <param name="X" type="float"/>
              <param name="Y" type="float"/>
              <param name="Z" type="float"/>
            </accessor>
          </technique_common>
        </source>
        <vertices id="Neck-Vertices">
          <input semantic="POSITION" source="#Neck-Pos"/>
        </vertices>
        <polylist count="14" material="Neck-Material">
          <input offset="0" semantic="VERTEX" source="#Neck-Vertices"/>
          <input offset="1" semantic="TEXCOORD" set="0" source="#Neck-UV"/>
          <input offset="2" semantic="NORMAL" source="#Neck-Normal"/>
          <vcount>4 4 4 4 4 4 4 4 4 4 4 4 4 4 </vcount>
          <p>0 0 0 1 1 0 2 2 0 3 3 0 4 4 0 5 5 0 6 6 0 7 7 0 8 8 0 9 9 0 10 10 0 11 11 0 12 12 1 13 13 1 14 14 1 15 15 1 16 16 1 17 17 1 18 18 1 19 19 1 20 20 1 21 21 1 22 22 1 23 23 1 24 24 2 25 25 2 26 26 2 27 27 2 28 28 3 29 29 3 30 30 3 31 31 3 32 32 3 33 33 3 34 34 3 35 35 3 36 36 3 37 37 3 38 38 3 39 39 3 40 40 4 41 41 4 42 42 4 43 43 4 44 44 4 45 45 4 46 46 4 47 47 4 48 48 4 49 49 4 50 50 4 51 51 4 52 52 5 53 53 5 54 54 5 55 55 5 </p>
        </polylist>
      </mesh>
    </geometry>
    <geometry id="Head-Geom" name="Head-Geom">
      <mesh>
        <source id="Head-Pos">
          <float_array count="384" id="Head-Pos-array">-2.5 -2.4999998 -2.4999998 -2.5 2.4999998 -2.4999998 -2.5 2.4999998 -7.4999995 -2.5 -2.4999998 -7.4999995 -2.5 2.4999998 -2.4999998 -2.5 3.4999995 -2.4999998 -2.5 3.4999995 -6.4999995 -2.5 2.4999998 -6.4999995 -1.4999999 -2.4999998 2.5000002 -1.4999999 2.4999998 2.5000002 -1.4999999 2.4999998 -2.4999998 -1.4999999 -2.4999998 -2.4999998 -1.4999999 -2.4999998 6.5000005 -1.4999999 1.4999996 6.5000005 -1.4999999 1.4999996 2.5000002 -1.4999999 -2.4999998 2.5000002 -1.4999999 -2.4999998 7.4999995 -1.4999999 0.49999988 7.4999995 -1.4999999 0.49999988 6.5000005 -1.4999999 -2.4999998 6.5000005 -0.49999994 -3.4999995 7.4999995 -0.49999994 -2.4999998 7.4999995 -0.49999994 -2.4999998 6.5000005 -0.49999994 -3.4999995 6.5000005 0.5000002 -3.4999995 6.5000005 0.5000002 -2.4999998 6.5000005 0.5000002 -2.4999998 7.4999995 0.5000002 -3.4999995 7.4999995 1.5 -2.4999998 -2.4999998 1.5 2.4999998 -2.4999998 1.5 2.4999998 2.5000002 1.5 -2.4999998 2.5000002 1.5 -2.4999998 2.5000002 1.5 1.4999996 2.5000002 1.5 1.4999996 6.5000005 1.5 -2.4999998 6.5000005 1.5 -2.4999998 6.5000005 1.5 0.49999988 6.5000005 1.5 0.49999988 7.4999995 1.5 -2.4999998 7.4999995 2.5 -2.4999998 -7.4999995 2.5 2.4999998 -7.4999995 2.5 2.4999998 -2.4999998 2.5 -2.4999998 -2.4999998 2.5 2.4999998 -6.4999995 2.5 3.4999995 -6.4999995 2.5 3.4999995 -2.4999998 2.5 2.4999998 -2.4999998 -0.49999994 -3.4999995 6.5000005 0.5000002 -3.4999995 6.5000005 0.5000002 -3.4999995 7.4999995 -0.49999994 -3.4999995 7.4999995 -1.4999999 -2.4999998 -2.4999998 1.5 -2.4999998 -2.4999998 1.5 -2.4999998 6.5000005 -1.4999999 -2.4999998 6.5000005 -2.5 -2.4999998 -7.4999995 2.5 -2.4999998 -7.4999995 2.5 -2.4999998 -2.4999998 -2.5 -2.4999998 -2.4999998 -1.4999999 -2.4999998 6.5000005 -0.49999994 -2.4999998 6.5000005 -0.49999994 -2.4999998 7.4999995 -1.4999999 -2.4999998 7.4999995 0.5000002 -2.4999998 6.5000005 1.5 -2.4999998 6.5000005 1.5 -2.4999998 7.4999995 0.5000002 -2.4999998 7.4999995 -1.4999999 0.49999988 7.4999995 1.5 0.49999988 7.4999995 1.5 0.49999988 6.5000005 -1.4999999 0.49999988 6.5000005 -1.4999999 1.4999996 6.5000005 1.5 1.4999996 6.5000005 1.5 1.4999996 2.5000002 -1.4999999 1.4999996 2.5000002 -1.4999999 2.4999998 2.5000002 1.5 2.4999998 2.5000002 1.5 2.4999998 -2.4999998 -1.4999999 2.4999998 -2.4999998 -2.5 2.4999998 -6.4999995 2.5 2.4999998 -6.4999995 2.5 2.4999998 -7.4999995 -2.5 2.4999998 -7.4999995 -2.5 3.4999995 -2.4999998 2.5 3.4999995 -2.4999998 2.5 3.4999995 -6.4999995 -2.5 3.4999995 -6.4999995 -2.5 2.4999998 -7.4999995 2.5 2.4999998 -7.4999995 2.5 -2.4999998 -7.4999995 -2.5 -2.4999998 -7.4999995 -2.5 3.4999995 -6.4999995 2.5 3.4999995 -6.4999995 2.5 2.4999998 -6.4999995 -2.5 2.4999998 -6.4999995 -0.49999994 -2.4999998 6.5000005 0.5000002 -2.4999998 6.5000005 0.5000002 -3.4999995 6.5000005 -0.49999994 -3.4999995 6.5000005 -2.5 -2.4999998 -2.4999998 -1.4999999 -2.4999998 -2.4999998 -1.4999999 3.4999995 -2.4999998 -2.5 3.4999995 -2.4999998 1.5 -2.4999998 -2.4999998 2.5 -2.4999998 -2.4999998 2.5 3.4999995 -2.4999998 1.5 3.4999995 -2.4999998 -1.4999999 2.4999998 -2.4999998 1.5 2.4999998 -2.4999998 1.5 3.4999995 -2.4999998 -1.4999999 3.4999995 -2.4999998 -1.4999999 1.4999996 2.5000002 1.5 1.4999996 2.5000002 1.5 2.4999998 2.5000002 -1.4999999 2.4999998 2.5000002 -1.4999999 0.49999988 6.5000005 1.5 0.49999988 6.5000005 1.5 1.4999996 6.5000005 -1.4999999 1.4999996 6.5000005 -1.4999999 -2.4999998 7.4999995 1.5 -2.4999998 7.4999995 1.5 0.49999988 7.4999995 -1.4999999 0.49999988 7.4999995 -0.49999994 -3.4999995 7.4999995 0.5000002 -3.4999995 7.4999995 0.5000002 -2.4999998 7.4999995 -0.49999994 -2.4999998 7.4999995 </float_array>
          <technique_common>
            <accessor count="128" source="#Head-Pos-array" stride="3">
              <param name="X" type="float"/>
              <param name="Y" type="float"/>
              <param name="Z" type="float"/>
            </accessor>
          </technique_common>
        </source>
        <source id="Head-UV">
          <float_array count="256" id="Head-UV-array">0.0 0.921875 0.078125 0.921875 0.078125 1.0 0.0 1.0 0.109375 0.9375 0.125 0.9375 0.125 1.0 0.109375 1.0 0.15625 0.921875 0.234375 0.921875 0.234375 1.0 0.15625 1.0 0.0 0.828125 0.0625 0.828125 0.0625 0.890625 0.0 0.890625 0.109375 0.84375 0.109375 0.890625 0.09375 0.890625 0.09375 0.84375 0.0 0.78125 0.015625 0.78125 0.015625 0.796875 0.0 0.796875 0.046875 0.796875 0.0625 0.796875 0.0625 0.78125 0.046875 0.78125 0.140625 0.890625 0.21875 0.890625 0.21875 0.8125 0.140625 0.8125 0.265625 1.0 0.328125 1.0 0.328125 0.9375 0.265625 0.9375 0.09375 0.84375 0.09375 0.890625 0.109375 0.890625 0.109375 0.84375 0.0 1.0 0.078125 1.0 0.078125 0.921875 0.0 0.921875 0.109375 1.0 0.125 1.0 0.125 0.9375 0.109375 0.9375 0.265625 0.984375 0.28125 0.984375 0.28125 0.96875 0.265625 0.96875 0.265625 0.90625 0.3125 0.90625 0.3125 0.765625 0.265625 0.765625 0.34375 0.90625 0.421875 0.90625 0.421875 0.828125 0.34375 0.828125 0.265625 0.984375 0.28125 0.984375 0.28125 0.96875 0.265625 0.96875 0.265625 0.984375 0.28125 0.984375 0.28125 0.96875 0.265625 0.96875 0.109375 0.765625 0.109375 0.8125 0.09375 0.8125 0.09375 0.765625 0.359375 0.9375 0.40625 0.9375 0.40625 1.0 0.359375 1.0 0.453125 0.828125 0.5 0.828125 0.5 0.90625 0.453125 0.90625 0.015625 0.65625 0.015625 0.734375 0.0 0.734375 0.0 0.65625 0.109375 0.65625 0.109375 0.734375 0.046875 0.734375 0.046875 0.65625 0.140625 0.65625 0.21875 0.65625 0.21875 0.734375 0.140625 0.734375 0.015625 0.65625 0.015625 0.734375 0.0 0.734375 0.0 0.65625 0.265625 0.96875 0.28125 0.96875 0.28125 0.984375 0.265625 0.984375 0.0 0.625 0.015625 0.625 0.015625 0.53125 0.0 0.53125 0.0 0.625 0.015625 0.625 0.015625 0.53125 0.0 0.53125 0.0625 0.953125 0.0625 1.0 0.078125 1.0 0.078125 0.953125 0.4375 0.953125 0.4375 1.0 0.453125 1.0 0.453125 0.953125 0.09375 0.765625 0.09375 0.8125 0.109375 0.8125 0.109375 0.765625 0.046875 0.625 0.09375 0.625 0.09375 0.578125 0.046875 0.578125 0.265625 0.984375 0.28125 0.984375 0.28125 0.96875 0.265625 0.96875 </float_array>
          <technique_common>
            <accessor count="128" source="#Head-UV-array" stride="2">
              <param name="S" type="float"/>
              <param name="T" type="float"/>
            </accessor>
          </technique_common>
        </source>
        <source id="Head-Normal">
          <float_array count="18" id="Head-Normal-array">-1.0 0.0 0.0 1.0 0.0 0.0 0.0 -1.0 0.0 0.0 1.0 0.0 0.0 0.0 -1.0 0.0 0.0 1.0</float_array>
          <technique_common>
            <accessor count="6" source="#Head-Normal-array" stride="3">
              <param name="X" type="float"/>
              <param name="Y" type="float"/>
              <param name="Z" type="float"/>
            </accessor>
          </technique_common>
        </source>
        <vertices id="Head-Vertices">
          <input semantic="POSITION" source="#Head-Pos"/>
        </vertices>
        <polylist count="32" material="Head-Material">
          <input offset="0" semantic="VERTEX" source="#Head-Vertices"/>
          <input offset="1" semantic="TEXCOORD" set="0" source="#Head-UV"/>
          <input offset="2" semantic="NORMAL" source="#Head-Normal"/>
          <vcount>4 4 4 4 4 4 4 4 4 4 4 4 4 4 4 4 4 4 4 4 4 4 4 4 4 4 4 4 4 4 4 4 </vcount>
          <p>0 0 0 1 1 0 2 2 0 3 3 0 4 4 0 5 5 0 6 6 0 7 7 0 8 8 0 9 9 0 10 10 0 11 11 0 12 12 0 13 13 0 14 14 0 15 15 0 16 16 0 17 17 0 18 18 0 19 19 0 20 20 0 21 21 0 22 22 0 23 23 0 24 24 1 25 25 1 26 26 1 27 27 1 28 28 1 29 29 1 30 30 1 31 31 1 32 32 1 33 33 1 34 34 1 35 35 1 36 36 1 37 37 1 38 38 1 39 39 1 40 40 1 41 41 1 42 42 1 43 43 1 44 44 1 45 45 1 46 46 1 47 47 1 48 48 2 49 49 2 50 50 2 51 51 2 52 52 2 53 53 2 54 54 2 55 55 2 56 56 2 57 57 2 58 58 2 59 59 2 60 60 2 61 61 2 62 62 2 63 63 2 64 64 2 65 65 2 66 66 2 67 67 2 68 68 3 69 69 3 70 70 3 71 71 3 72 72 3 73 73 3 74 74 3 75 75 3 76 76 3 77 77 3 78 78 3 79 79 3 80 80 3 81 81 3 82 82 3 83 83 3 84 84 3 85 85 3 86 86 3 87 87 3 88 88 4 89 89 4 90 90 4 91 91 4 92 92 4 93 93 4 94 94 4 95 95 4 96 96 4 97 97 4 98 98 4 99 99 4 100 100 5 101 101 5 102 102 5 103 103 5 104 104 5 105 105 5 106 106 5 107 107 5 108 108 5 109 109 5 110 110 5 111 111 5 112 112 5 113 113 5 114 114 5 115 115 5 116 116 5 117 117 5 118 118 5 119 119 5 120 120 5 121 121 5 122 122 5 123 123 5 124 124 5 125 125 5 126 126 5 127 127 5 </p>
        </polylist>
      </mesh>
    </geometry>
    <geometry id="Right_Wing1-Geom" name="Right_Wing1-Geom">
      <mesh>
        <source id="Right_Wing1-Pos">
          <float_array count="264" id="Right_Wing1-Pos-array">-4.5 -1.0 4.5 -4.5 1.0 4.5 -4.5 1.0 0.50000024 -4.5 -1.0 0.50000024 -2.5 -1.0 0.50000024 -2.5 1.0 0.50000024 -2.5 1.0 -1.4999999 -2.5 -1.0 -1.4999999 0.50000024 -1.0 -1.4999999 0.50000024 1.0 -1.4999999 0.50000024 1.0 -4.5 0.50000024 -1.0 -4.5 1.5000002 0.0 3.5 1.5000002 1.0 3.5 1.5000002 1.0 4.5 1.5000002 0.0 4.5 2.5 -1.0 3.5 2.5 0.0 3.5 2.5 0.0 4.5 2.5 -1.0 4.5 4.5 -1.0 -4.5 4.5 1.0 -4.5 4.5 1.0 3.5 4.5 -1.0 3.5 -2.5 -1.0 -1.4999999 4.5 -1.0 -1.4999999 4.5 -1.0 3.5 -2.5 -1.0 3.5 0.50000024 -1.0 -4.5 4.5 -1.0 -4.5 4.5 -1.0 -1.4999999 0.50000024 -1.0 -1.4999999 -4.5 -1.0 0.50000024 -2.5 -1.0 0.50000024 -2.5 -1.0 4.5 -4.5 -1.0 4.5 -2.5 -1.0 3.5 2.5 -1.0 3.5 2.5 -1.0 4.5 -2.5 -1.0 4.5 1.5000002 0.0 4.5 2.5 0.0 4.5 2.5 0.0 3.5 1.5000002 0.0 3.5 -2.5 1.0 3.5 4.5 1.0 3.5 4.5 1.0 -1.4999999 -2.5 1.0 -1.4999999 0.50000024 1.0 -1.4999999 4.5 1.0 -1.4999999 4.5 1.0 -4.5 0.50000024 1.0 -4.5 -4.5 1.0 4.5 -2.5 1.0 4.5 -2.5 1.0 0.50000024 -4.5 1.0 0.50000024 -2.5 1.0 4.5 1.5000002 1.0 4.5 1.5000002 1.0 3.5 -2.5 1.0 3.5 0.50000024 1.0 -4.5 4.5 1.0 -4.5 4.5 -1.0 -4.5 0.50000024 -1.0 -4.5 -2.5 1.0 -1.4999999 0.50000024 1.0 -1.4999999 0.50000024 -1.0 -1.4999999 -2.5 -1.0 -1.4999999 -4.5 1.0 0.50000024 -2.5 1.0 0.50000024 -2.5 -1.0 0.50000024 -4.5 -1.0 0.50000024 2.5 -1.0 3.5 4.5 -1.0 3.5 4.5 1.0 3.5 2.5 1.0 3.5 1.5000002 0.0 3.5 2.5 0.0 3.5 2.5 1.0 3.5 1.5000002 1.0 3.5 -4.5 -1.0 4.5 2.5 -1.0 4.5 2.5 0.0 4.5 -4.5 0.0 4.5 -4.5 0.0 4.5 1.5000002 0.0 4.5 1.5000002 1.0 4.5 -4.5 1.0 4.5 </float_array>
          <technique_common>
            <accessor count="88" source="#Right_Wing1-Pos-array" stride="3">
              <param name="X" type="float"/>
              <param name="Y" type="float"/>
              <param name="Z" type="float"/>
            </accessor>
          </technique_common>
        </source>
        <source id="Right_Wing1-UV">
          <float_array count="176" id="Right_Wing1-UV-array">0.0 0.875 0.0625 0.875 0.0625 1.0 0.0 1.0 0.0 0.9375 0.0625 0.9375 0.0625 1.0 0.0 1.0 0.0 0.71875 0.0625 0.71875 0.0625 0.8125 0.0 0.8125 0.0 1.0 0.03125 1.0 0.03125 0.96875 0.0 0.96875 0.0 1.0 0.03125 1.0 0.03125 0.96875 0.0 0.96875 0.125 1.0 0.1875 1.0 0.1875 0.75 0.125 0.75 0.34375 0.78125 0.34375 1.0 0.5 1.0 0.5 0.78125 0.0 0.53125 0.0 0.65625 0.09375 0.65625 0.09375 0.53125 0.03125 0.65625 0.09375 0.65625 0.09375 0.53125 0.03125 0.53125 0.15625 0.84375 0.15625 1.0 0.1875 1.0 0.1875 0.84375 0.0 0.96875 0.03125 0.96875 0.03125 1.0 0.0 1.0 0.5 0.4375 0.5 0.65625 0.34375 0.65625 0.34375 0.4375 0.25 0.53125 0.25 0.65625 0.15625 0.65625 0.15625 0.53125 0.5625 0.875 0.625 0.875 0.625 1.0 0.5625 1.0 0.28125 0.875 0.28125 1.0 0.25 1.0 0.25 0.875 0.5 0.84375 0.5 0.96875 0.4375 0.96875 0.4375 0.84375 0.4375 0.875 0.4375 0.96875 0.375 0.96875 0.375 0.875 0.0 0.71875 0.0625 0.71875 0.0625 0.78125 0.0 0.78125 0.0 1.0 0.0625 1.0 0.0625 0.9375 0.0 0.9375 0.25 0.96875 0.28125 0.96875 0.28125 0.9375 0.25 0.9375 0.375 0.4375 0.375 0.65625 0.40625 0.65625 0.40625 0.4375 0.4375 0.4375 0.4375 0.625 0.46875 0.625 0.46875 0.4375 </float_array>
          <technique_common>
            <accessor count="88" source="#Right_Wing1-UV-array" stride="2">
              <param name="S" type="float"/>
              <param name="T" type="float"/>
            </accessor>
          </technique_common>
        </source>
        <source id="Right_Wing1-Normal">
          <float_array count="18" id="Right_Wing1-Normal-array">-1.0 0.0 0.0 1.0 0.0 0.0 0.0 -1.0 0.0 0.0 1.0 0.0 0.0 0.0 -1.0 0.0 0.0 1.0</float_array>
          <technique_common>
            <accessor count="6" source="#Right_Wing1-Normal-array" stride="3">
              <param name="X" type="float"/>
              <param name="Y" type="float"/>
              <param name="Z" type="float"/>
            </accessor>
          </technique_common>
        </source>
        <vertices id="Right_Wing1-Vertices">
          <input semantic="POSITION" source="#Right_Wing1-Pos"/>
        </vertices>
        <polylist count="22" material="Right_Wing1-Material">
          <input offset="0" semantic="VERTEX" source="#Right_Wing1-Vertices"/>
          <input offset="1" semantic="TEXCOORD" set="0" source="#Right_Wing1-UV"/>
          <input offset="2" semantic="NORMAL" source="#Right_Wing1-Normal"/>
          <vcount>4 4 4 4 4 4 4 4 4 4 4 4 4 4 4 4 4 4 4 4 4 4 </vcount>
          <p>0 0 0 1 1 0 2 2 0 3 3 0 4 4 0 5 5 0 6 6 0 7 7 0 8 8 0 9 9 0 10 10 0 11 11 0 12 12 1 13 13 1 14 14 1 15 15 1 16 16 1 17 17 1 18 18 1 19 19 1 20 20 1 21 21 1 22 22 1 23 23 1 24 24 2 25 25 2 26 26 2 27 27 2 28 28 2 29 29 2 30 30 2 31 31 2 32 32 2 33 33 2 34 34 2 35 35 2 36 36 2 37 37 2 38 38 2 39 39 2 40 40 3 41 41 3 42 42 3 43 43 3 44 44 3 45 45 3 46 46 3 47 47 3 48 48 3 49 49 3 50 50 3 51 51 3 52 52 3 53 53 3 54 54 3 55 55 3 56 56 3 57 57 3 58 58 3 59 59 3 60 60 4 61 61 4 62 62 4 63 63 4 64 64 4 65 65 4 66 66 4 67 67 4 68 68 4 69 69 4 70 70 4 71 71 4 72 72 5 73 73 5 74 74 5 75 75 5 76 76 5 77 77 5 78 78 5 79 79 5 80 80 5 81 81 5 82 82 5 83 83 5 84 84 5 85 85 5 86 86 5 87 87 5 </p>
        </polylist>
      </mesh>
    </geometry>
    <geometry id="Right_Wing2-Geom" name="Right_Wing2-Geom">
      <mesh>
        <source id="Right_Wing2-Pos">
          <float_array count="516" id="Right_Wing2-Pos-array">-5.5 -1.0 2.9999998 -5.5 1.0 2.9999998 -5.5 1.0 -4.0 -5.5 -1.0 -4.0 1.4999999 -1.0 4.0 1.4999999 0.0 4.0 1.4999999 0.0 2.9999998 1.4999999 -1.0 2.9999998 -2.5 0.0 -4.0 -2.5 1.0 -4.0 -2.5 1.0 -2.0 -2.5 0.0 -2.0 -0.49999985 0.0 -1.0 -0.49999985 1.0 -1.0 -0.49999985 1.0 0.0 -0.49999985 0.0 0.0 0.5000002 0.0 0.0 0.5000002 1.0 0.0 0.5000002 1.0 2.0 0.5000002 0.0 2.0 0.5000002 -1.0 -4.0 0.5000002 0.0 -4.0 0.5000002 0.0 -3.0 0.5000002 -1.0 -3.0 0.5000002 0.0 -2.0 0.5000002 1.0 -2.0 0.5000002 1.0 -1.0 0.5000002 0.0 -1.0 1.4999999 0.0 2.0 1.4999999 1.0 2.0 1.4999999 1.0 2.9999998 1.4999999 0.0 2.9999998 2.5000002 -1.0 -3.0 2.5000002 0.0 -3.0 2.5000002 0.0 -2.0 2.5000002 -1.0 -2.0 2.5000002 -1.0 0.0 2.5000002 0.0 0.0 2.5000002 0.0 1.0 2.5000002 -1.0 1.0 3.5000005 -1.0 1.0 3.5000005 0.0 1.0 3.5000005 0.0 2.0 3.5000005 -1.0 2.0 4.5000005 -1.0 -2.0 4.5000005 0.0 -2.0 4.5000005 0.0 0.0 4.5000005 -1.0 0.0 5.5 -1.0 2.0 5.5 0.0 2.0 5.5 0.0 4.0 5.5 -1.0 4.0 -5.5 -1.0 -3.0 2.5000002 -1.0 -3.0 2.5000002 -1.0 2.9999998 -5.5 -1.0 2.9999998 -5.5 -1.0 -4.0 0.5000002 -1.0 -4.0 0.5000002 -1.0 -3.0 -5.5 -1.0 -3.0 2.5000002 -1.0 2.0 5.5 -1.0 2.0 5.5 -1.0 4.0 2.5000002 -1.0 4.0 2.5000002 -1.0 -2.0 4.5000005 -1.0 -2.0 4.5000005 -1.0 0.0 2.5000002 -1.0 0.0 2.5000002 -1.0 1.0 3.5000005 -1.0 1.0 3.5000005 -1.0 2.0 2.5000002 -1.0 2.0 1.4999999 -1.0 2.9999998 2.5000002 -1.0 2.9999998 2.5000002 -1.0 4.0 1.4999999 -1.0 4.0 0.5000002 0.0 2.0 2.5000002 0.0 2.0 2.5000002 0.0 -3.0 0.5000002 0.0 -3.0 1.4999999 0.0 4.0 5.5 0.0 4.0 5.5 0.0 2.0 1.4999999 0.0 2.0 -2.5 0.0 -2.0 0.5000002 0.0 -2.0 0.5000002 0.0 -4.0 -2.5 0.0 -4.0 2.5000002 0.0 0.0 4.5000005 0.0 0.0 4.5000005 0.0 -2.0 2.5000002 0.0 -2.0 -0.49999985 0.0 0.0 0.5000002 0.0 0.0 0.5000002 0.0 -1.0 -0.49999985 0.0 -1.0 2.5000002 0.0 2.0 3.5000005 0.0 2.0 3.5000005 0.0 1.0 2.5000002 0.0 1.0 -5.5 1.0 2.9999998 -2.5 1.0 2.9999998 -2.5 1.0 -4.0 -5.5 1.0 -4.0 -2.5 1.0 2.9999998 0.5000002 1.0 2.9999998 0.5000002 1.0 0.0 -2.5 1.0 0.0 -2.5 1.0 -1.0 0.5000002 1.0 -1.0 0.5000002 1.0 -2.0 -2.5 1.0 -2.0 -2.5 1.0 0.0 -0.49999985 1.0 0.0 -0.49999985 1.0 -1.0 -2.5 1.0 -1.0 0.5000002 1.0 2.9999998 1.4999999 1.0 2.9999998 1.4999999 1.0 2.0 0.5000002 1.0 2.0 -5.5 0.0 -4.0 0.5000002 0.0 -4.0 0.5000002 -1.0 -4.0 -5.5 -1.0 -4.0 -5.5 1.0 -4.0 -2.5 1.0 -4.0 -2.5 0.0 -4.0 -5.5 0.0 -4.0 0.5000002 0.0 -3.0 2.5000002 0.0 -3.0 2.5000002 -1.0 -3.0 0.5000002 -1.0 -3.0 -2.5 1.0 -2.0 0.5000002 1.0 -2.0 0.5000002 0.0 -2.0 -2.5 0.0 -2.0 2.5000002 0.0 -2.0 4.5000005 0.0 -2.0 4.5000005 -1.0 -2.0 2.5000002 -1.0 -2.0 -0.49999985 1.0 0.0 0.5000002 1.0 0.0 0.5000002 0.0 0.0 -0.49999985 0.0 0.0 2.5000002 0.0 1.0 3.5000005 0.0 1.0 3.5000005 -1.0 1.0 2.5000002 -1.0 1.0 3.5000005 0.0 2.0 5.5 0.0 2.0 5.5 -1.0 2.0 3.5000005 -1.0 2.0 0.5000002 1.0 2.0 1.4999999 1.0 2.0 1.4999999 0.0 2.0 0.5000002 0.0 2.0 -0.49999985 0.0 -1.0 0.5000002 0.0 -1.0 0.5000002 1.0 -1.0 -0.49999985 1.0 -1.0 2.5000002 -1.0 0.0 4.5000005 -1.0 0.0 4.5000005 0.0 0.0 2.5000002 0.0 0.0 -5.5 -1.0 2.9999998 1.4999999 -1.0 2.9999998 1.4999999 1.0 2.9999998 -5.5 1.0 2.9999998 1.4999999 -1.0 4.0 5.5 -1.0 4.0 5.5 0.0 4.0 1.4999999 0.0 4.0 </float_array>
          <technique_common>
            <accessor count="172" source="#Right_Wing2-Pos-array" stride="3">
              <param name="X" type="float"/>
              <param name="Y" type="float"/>
              <param name="Z" type="float"/>
            </accessor>
          </technique_common>
        </source>
        <source id="Right_Wing2-UV">
          <float_array count="344" id="Right_Wing2-UV-array">0.0 0.78125 0.0625 0.78125 0.0625 1.0 0.0 1.0 0.0 0.96875 0.03125 0.96875 0.03125 1.0 0.0 1.0 0.0 1.0 0.03125 1.0 0.03125 0.9375 0.0 0.9375 0.0 1.0 0.03125 1.0 0.03125 0.96875 0.0 0.96875 0.0 0.71875 0.03125 0.71875 0.03125 0.65625 0.0 0.65625 0.0 1.0 0.03125 1.0 0.03125 0.96875 0.0 0.96875 0.0 1.0 0.03125 1.0 0.03125 0.96875 0.0 0.96875 0.0 1.0 0.03125 1.0 0.03125 0.96875 0.0 0.96875 0.0 1.0 0.03125 1.0 0.03125 0.96875 0.0 0.96875 0.0 1.0 0.03125 1.0 0.03125 0.96875 0.0 0.96875 0.0 1.0 0.03125 1.0 0.03125 0.96875 0.0 0.96875 0.125 1.0 0.15625 1.0 0.15625 0.9375 0.125 0.9375 0.125 1.0 0.15625 1.0 0.15625 0.9375 0.125 0.9375 0.40625 0.75 0.40625 1.0 0.59375 1.0 0.59375 0.75 0.4375 0.78125 0.4375 0.96875 0.46875 0.96875 0.46875 0.78125 0.125 0.78125 0.125 0.875 0.1875 0.875 0.1875 0.78125 0.4375 1.0 0.5 1.0 0.5 0.9375 0.4375 0.9375 0.0 1.0 0.03125 1.0 0.03125 0.96875 0.0 0.96875 0.0 1.0 0.03125 1.0 0.03125 0.96875 0.0 0.96875 0.25 0.71875 0.3125 0.71875 0.3125 0.875 0.25 0.875 0.71875 0.875 0.71875 1.0 0.65625 1.0 0.65625 0.875 0.71875 0.71875 0.71875 0.8125 0.65625 0.8125 0.65625 0.71875 0.4375 0.9375 0.5 0.9375 0.5 1.0 0.4375 1.0 0.0 0.96875 0.03125 0.96875 0.03125 1.0 0.0 1.0 0.0 0.96875 0.03125 0.96875 0.03125 1.0 0.0 1.0 0.0 0.375 0.09375 0.375 0.09375 0.59375 0.0 0.59375 0.15625 0.5 0.25 0.5 0.25 0.59375 0.15625 0.59375 0.46875 0.84375 0.46875 0.9375 0.4375 0.9375 0.4375 0.84375 0.03125 0.9375 0.03125 1.0 0.0 1.0 0.0 0.9375 0.0 0.96875 0.03125 0.96875 0.03125 1.0 0.0 1.0 0.46875 0.78125 0.46875 0.96875 0.4375 0.96875 0.4375 0.78125 0.03125 0.90625 0.03125 1.0 0.0 1.0 0.0 0.90625 0.03125 0.9375 0.03125 1.0 0.0 1.0 0.0 0.9375 0.46875 0.84375 0.46875 0.9375 0.4375 0.9375 0.4375 0.84375 0.03125 0.9375 0.03125 1.0 0.0 1.0 0.0 0.9375 0.4375 0.875 0.46875 0.875 0.46875 0.90625 0.4375 0.90625 0.0 0.96875 0.03125 0.96875 0.03125 1.0 0.0 1.0 0.03125 0.9375 0.03125 1.0 0.0 1.0 0.0 0.9375 0.0 0.96875 0.03125 0.96875 0.03125 1.0 0.0 1.0 0.0 1.0 0.03125 1.0 0.03125 0.96875 0.0 0.96875 0.46875 0.90625 0.46875 0.96875 0.5 0.96875 0.5 0.90625 0.0 0.78125 0.0 1.0 0.0625 1.0 0.0625 0.78125 0.6875 0.875 0.6875 1.0 0.71875 1.0 0.71875 0.875 </float_array>
          <technique_common>
            <accessor count="172" source="#Right_Wing2-UV-array" stride="2">
              <param name="S" type="float"/>
              <param name="T" type="float"/>
            </accessor>
          </technique_common>
        </source>
        <source id="Right_Wing2-Normal">
          <float_array count="18" id="Right_Wing2-Normal-array">-1.0 0.0 0.0 1.0 0.0 0.0 0.0 -1.0 0.0 0.0 1.0 0.0 0.0 0.0 -1.0 0.0 0.0 1.0</float_array>
          <technique_common>
            <accessor count="6" source="#Right_Wing2-Normal-array" stride="3">
              <param name="X" type="float"/>
              <param name="Y" type="float"/>
              <param name="Z" type="float"/>
            </accessor>
          </technique_common>
        </source>
        <vertices id="Right_Wing2-Vertices">
          <input semantic="POSITION" source="#Right_Wing2-Pos"/>
        </vertices>
        <polylist count="43" material="Right_Wing2-Material">
          <input offset="0" semantic="VERTEX" source="#Right_Wing2-Vertices"/>
          <input offset="1" semantic="TEXCOORD" set="0" source="#Right_Wing2-UV"/>
          <input offset="2" semantic="NORMAL" source="#Right_Wing2-Normal"/>
          <vcount>4 4 4 4 4 4 4 4 4 4 4 4 4 4 4 4 4 4 4 4 4 4 4 4 4 4 4 4 4 4 4 4 4 4 4 4 4 4 4 4 4 4 4 </vcount>
          <p>0 0 0 1 1 0 2 2 0 3 3 0 4 4 0 5 5 0 6 6 0 7 7 0 8 8 1 9 9 1 10 10 1 11 11 1 12 12 1 13 13 1 14 14 1 15 15 1 16 16 1 17 17 1 18 18 1 19 19 1 20 20 1 21 21 1 22 22 1 23 23 1 24 24 1 25 25 1 26 26 1 27 27 1 28 28 1 29 29 1 30 30 1 31 31 1 32 32 1 33 33 1 34 34 1 35 35 1 36 36 1 37 37 1 38 38 1 39 39 1 40 40 1 41 41 1 42 42 1 43 43 1 44 44 1 45 45 1 46 46 1 47 47 1 48 48 1 49 49 1 50 50 1 51 51 1 52 52 2 53 53 2 54 54 2 55 55 2 56 56 2 57 57 2 58 58 2 59 59 2 60 60 2 61 61 2 62 62 2 63 63 2 64 64 2 65 65 2 66 66 2 67 67 2 68 68 2 69 69 2 70 70 2 71 71 2 72 72 2 73 73 2 74 74 2 75 75 2 76 76 3 77 77 3 78 78 3 79 79 3 80 80 3 81 81 3 82 82 3 83 83 3 84 84 3 85 85 3 86 86 3 87 87 3 88 88 3 89 89 3 90 90 3 91 91 3 92 92 3 93 93 3 94 94 3 95 95 3 96 96 3 97 97 3 98 98 3 99 99 3 100 100 3 101 101 3 102 102 3 103 103 3 104 104 3 105 105 3 106 106 3 107 107 3 108 108 3 109 109 3 110 110 3 111 111 3 112 112 3 113 113 3 114 114 3 115 115 3 116 116 3 117 117 3 118 118 3 119 119 3 120 120 4 121 121 4 122 122 4 123 123 4 124 124 4 125 125 4 126 126 4 127 127 4 128 128 4 129 129 4 130 130 4 131 131 4 132 132 4 133 133 4 134 134 4 135 135 4 136 136 4 137 137 4 138 138 4 139 139 4 140 140 4 141 141 4 142 142 4 143 143 4 144 144 4 145 145 4 146 146 4 147 147 4 148 148 4 149 149 4 150 150 4 151 151 4 152 152 4 153 153 4 154 154 4 155 155 4 156 156 5 157 157 5 158 158 5 159 159 5 160 160 5 161 161 5 162 162 5 163 163 5 164 164 5 165 165 5 166 166 5 167 167 5 168 168 5 169 169 5 170 170 5 171 171 5 </p>
        </polylist>
      </mesh>
    </geometry>
    <geometry id="Left_Wing1-Geom" name="Left_Wing1-Geom">
      <mesh>
        <source id="Left_Wing1-Pos">
          <float_array count="264" id="Left_Wing1-Pos-array">-4.5 -1.0 3.5 -4.5 1.0 3.5 -4.5 1.0 -4.5 -4.5 -1.0 -4.5 -2.5 -1.0 4.5 -2.5 0.0 4.5 -2.5 0.0 3.5 -2.5 -1.0 3.5 -1.4999999 0.0 4.5 -1.4999999 1.0 4.5 -1.4999999 1.0 3.5 -1.4999999 0.0 3.5 -0.49999997 -1.0 -4.5 -0.49999997 1.0 -4.5 -0.49999997 1.0 -1.4999999 -0.49999997 -1.0 -1.4999999 2.5 -1.0 -1.4999999 2.5 1.0 -1.4999999 2.5 1.0 0.50000024 2.5 -1.0 0.50000024 4.5 -1.0 0.50000024 4.5 1.0 0.50000024 4.5 1.0 4.5 4.5 -1.0 4.5 -4.5 -1.0 -1.4999999 2.5 -1.0 -1.4999999 2.5 -1.0 3.5 -4.5 -1.0 3.5 -4.5 -1.0 -4.5 -0.49999997 -1.0 -4.5 -0.49999997 -1.0 -1.4999999 -4.5 -1.0 -1.4999999 2.5 -1.0 0.50000024 4.5 -1.0 0.50000024 4.5 -1.0 4.5 2.5 -1.0 4.5 -2.5 -1.0 3.5 2.5 -1.0 3.5 2.5 -1.0 4.5 -2.5 -1.0 4.5 -2.5 0.0 4.5 -1.4999999 0.0 4.5 -1.4999999 0.0 3.5 -2.5 0.0 3.5 -4.5 1.0 3.5 2.5 1.0 3.5 2.5 1.0 -1.4999999 -4.5 1.0 -1.4999999 -4.5 1.0 -1.4999999 -0.49999997 1.0 -1.4999999 -0.49999997 1.0 -4.5 -4.5 1.0 -4.5 2.5 1.0 4.5 4.5 1.0 4.5 4.5 1.0 0.50000024 2.5 1.0 0.50000024 -1.4999999 1.0 4.5 2.5 1.0 4.5 2.5 1.0 3.5 -1.4999999 1.0 3.5 -4.5 1.0 -4.5 -0.49999997 1.0 -4.5 -0.49999997 -1.0 -4.5 -4.5 -1.0 -4.5 -0.49999997 1.0 -1.4999999 2.5 1.0 -1.4999999 2.5 -1.0 -1.4999999 -0.49999997 -1.0 -1.4999999 2.5 1.0 0.50000024 4.5 1.0 0.50000024 4.5 -1.0 0.50000024 2.5 -1.0 0.50000024 -4.5 -1.0 3.5 -2.5 -1.0 3.5 -2.5 1.0 3.5 -4.5 1.0 3.5 -2.5 0.0 3.5 -1.4999999 0.0 3.5 -1.4999999 1.0 3.5 -2.5 1.0 3.5 -1.4999999 -1.0 4.5 4.5 -1.0 4.5 4.5 1.0 4.5 -1.4999999 1.0 4.5 -2.5 -1.0 4.5 -1.4999999 -1.0 4.5 -1.4999999 0.0 4.5 -2.5 0.0 4.5 </float_array>
          <technique_common>
            <accessor count="88" source="#Left_Wing1-Pos-array" stride="3">
              <param name="X" type="float"/>
              <param name="Y" type="float"/>
              <param name="Z" type="float"/>
            </accessor>
          </technique_common>
        </source>
        <source id="Left_Wing1-UV">
          <float_array count="176" id="Left_Wing1-UV-array">0.0 0.75 0.0625 0.75 0.0625 1.0 0.0 1.0 0.0 0.96875 0.03125 0.96875 0.03125 1.0 0.0 1.0 0.0 0.96875 0.03125 0.96875 0.03125 1.0 0.0 1.0 0.125 1.0 0.1875 1.0 0.1875 0.90625 0.125 0.90625 0.0 1.0 0.0625 1.0 0.0625 0.9375 0.0 0.9375 0.125 0.84375 0.1875 0.84375 0.1875 0.71875 0.125 0.71875 0.34375 0.78125 0.34375 1.0 0.5 1.0 0.5 0.78125 0.0 0.53125 0.0 0.65625 0.09375 0.65625 0.09375 0.53125 0.0 0.65625 0.0625 0.65625 0.0625 0.53125 0.0 0.53125 0.03125 0.84375 0.03125 1.0 0.0625 1.0 0.0625 0.84375 0.0 0.96875 0.03125 0.96875 0.03125 1.0 0.0 1.0 0.5 0.4375 0.5 0.65625 0.34375 0.65625 0.34375 0.4375 0.25 0.53125 0.25 0.65625 0.15625 0.65625 0.15625 0.53125 0.5625 0.875 0.625 0.875 0.625 1.0 0.5625 1.0 0.28125 0.71875 0.28125 0.84375 0.25 0.84375 0.25 0.71875 0.5 0.8125 0.5 0.9375 0.4375 0.9375 0.4375 0.8125 0.5 0.875 0.5 0.96875 0.4375 0.96875 0.4375 0.875 0.0 0.875 0.0625 0.875 0.0625 0.9375 0.0 0.9375 0.0 1.0 0.0625 1.0 0.0625 0.9375 0.0 0.9375 0.03125 0.84375 0.0625 0.84375 0.0625 0.8125 0.03125 0.8125 0.40625 0.46875 0.40625 0.65625 0.46875 0.65625 0.46875 0.46875 0.0 1.0 0.03125 1.0 0.03125 0.96875 0.0 0.96875 </float_array>
          <technique_common>
            <accessor count="88" source="#Left_Wing1-UV-array" stride="2">
              <param name="S" type="float"/>
              <param name="T" type="float"/>
            </accessor>
          </technique_common>
        </source>
        <source id="Left_Wing1-Normal">
          <float_array count="18" id="Left_Wing1-Normal-array">-1.0 0.0 0.0 1.0 0.0 0.0 0.0 -1.0 0.0 0.0 1.0 0.0 0.0 0.0 -1.0 0.0 0.0 1.0</float_array>
          <technique_common>
            <accessor count="6" source="#Left_Wing1-Normal-array" stride="3">
              <param name="X" type="float"/>
              <param name="Y" type="float"/>
              <param name="Z" type="float"/>
            </accessor>
          </technique_common>
        </source>
        <vertices id="Left_Wing1-Vertices">
          <input semantic="POSITION" source="#Left_Wing1-Pos"/>
        </vertices>
        <polylist count="22" material="Left_Wing1-Material">
          <input offset="0" semantic="VERTEX" source="#Left_Wing1-Vertices"/>
          <input offset="1" semantic="TEXCOORD" set="0" source="#Left_Wing1-UV"/>
          <input offset="2" semantic="NORMAL" source="#Left_Wing1-Normal"/>
          <vcount>4 4 4 4 4 4 4 4 4 4 4 4 4 4 4 4 4 4 4 4 4 4 </vcount>
          <p>0 0 0 1 1 0 2 2 0 3 3 0 4 4 0 5 5 0 6 6 0 7 7 0 8 8 0 9 9 0 10 10 0 11 11 0 12 12 1 13 13 1 14 14 1 15 15 1 16 16 1 17 17 1 18 18 1 19 19 1 20 20 1 21 21 1 22 22 1 23 23 1 24 24 2 25 25 2 26 26 2 27 27 2 28 28 2 29 29 2 30 30 2 31 31 2 32 32 2 33 33 2 34 34 2 35 35 2 36 36 2 37 37 2 38 38 2 39 39 2 40 40 3 41 41 3 42 42 3 43 43 3 44 44 3 45 45 3 46 46 3 47 47 3 48 48 3 49 49 3 50 50 3 51 51 3 52 52 3 53 53 3 54 54 3 55 55 3 56 56 3 57 57 3 58 58 3 59 59 3 60 60 4 61 61 4 62 62 4 63 63 4 64 64 4 65 65 4 66 66 4 67 67 4 68 68 4 69 69 4 70 70 4 71 71 4 72 72 5 73 73 5 74 74 5 75 75 5 76 76 5 77 77 5 78 78 5 79 79 5 80 80 5 81 81 5 82 82 5 83 83 5 84 84 5 85 85 5 86 86 5 87 87 5 </p>
        </polylist>
      </mesh>
    </geometry>
    <geometry id="Left_Wing2-Geom" name="Left_Wing2-Geom">
      <mesh>
        <source id="Left_Wing2-Pos">
          <float_array count="528" id="Left_Wing2-Pos-array">-5.5 -1.0 4.0 -5.5 0.0 4.0 -5.5 0.0 2.0 -5.5 -1.0 2.0 -4.5 -1.0 0.0 -4.5 0.0 0.0 -4.5 0.0 -2.0 -4.5 -1.0 -2.0 -3.5 -1.0 2.0 -3.5 0.0 2.0 -3.5 0.0 1.0 -3.5 -1.0 1.0 -2.5 -1.0 -2.0 -2.5 0.0 -2.0 -2.5 0.0 -3.0 -2.5 -1.0 -3.0 -2.5 -1.0 1.0 -2.5 0.0 1.0 -2.5 0.0 0.0 -2.5 -1.0 0.0 -1.4999999 0.0 2.9999998 -1.4999999 1.0 2.9999998 -1.4999999 1.0 2.0 -1.4999999 0.0 2.0 -0.49999985 0.0 2.0 -0.49999985 1.0 2.0 -0.49999985 1.0 0.0 -0.49999985 0.0 0.0 -0.49999985 -1.0 -3.0 -0.49999985 0.0 -3.0 -0.49999985 0.0 -4.0 -0.49999985 -1.0 -4.0 -0.49999985 0.0 -1.0 -0.49999985 1.0 -1.0 -0.49999985 1.0 -2.0 -0.49999985 0.0 -2.0 0.5000002 0.0 0.0 0.5000002 1.0 0.0 0.5000002 1.0 -1.0 0.5000002 0.0 -1.0 2.5000002 0.0 -2.0 2.5000002 1.0 -2.0 2.5000002 1.0 -4.0 2.5000002 0.0 -4.0 -1.4999999 -1.0 2.9999998 -1.4999999 0.0 2.9999998 -1.4999999 0.0 4.0 -1.4999999 -1.0 4.0 5.5 -1.0 -4.0 5.5 1.0 -4.0 5.5 1.0 2.9999998 5.5 -1.0 2.9999998 -2.5 -1.0 -3.0 5.5 -1.0 -3.0 5.5 -1.0 2.9999998 -2.5 -1.0 2.9999998 -0.49999985 -1.0 -4.0 5.5 -1.0 -4.0 5.5 -1.0 -3.0 -0.49999985 -1.0 -3.0 -5.5 -1.0 2.0 -2.5 -1.0 2.0 -2.5 -1.0 4.0 -5.5 -1.0 4.0 -4.5 -1.0 -2.0 -2.5 -1.0 -2.0 -2.5 -1.0 0.0 -4.5 -1.0 0.0 -3.5 -1.0 1.0 -2.5 -1.0 1.0 -2.5 -1.0 2.0 -3.5 -1.0 2.0 -2.5 -1.0 2.9999998 -1.4999999 -1.0 2.9999998 -1.4999999 -1.0 4.0 -2.5 -1.0 4.0 -4.5 0.0 0.0 -0.49999985 0.0 0.0 -0.49999985 0.0 -2.0 -4.5 0.0 -2.0 -5.5 0.0 4.0 -1.4999999 0.0 4.0 -1.4999999 0.0 2.0 -5.5 0.0 2.0 -0.49999985 0.0 -2.0 2.5000002 0.0 -2.0 2.5000002 0.0 -4.0 -0.49999985 0.0 -4.0 -2.5 0.0 2.0 -0.49999985 0.0 2.0 -0.49999985 0.0 0.0 -2.5 0.0 0.0 -2.5 0.0 -2.0 -0.49999985 0.0 -2.0 -0.49999985 0.0 -3.0 -2.5 0.0 -3.0 -0.49999985 0.0 0.0 0.5000002 0.0 0.0 0.5000002 0.0 -1.0 -0.49999985 0.0 -1.0 -3.5 0.0 2.0 -2.5 0.0 2.0 -2.5 0.0 1.0 -3.5 0.0 1.0 0.5000002 1.0 2.9999998 5.5 1.0 2.9999998 5.5 1.0 -2.0 0.5000002 1.0 -2.0 2.5000002 1.0 -2.0 5.5 1.0 -2.0 5.5 1.0 -4.0 2.5000002 1.0 -4.0 -0.49999985 1.0 2.9999998 0.5000002 1.0 2.9999998 0.5000002 1.0 0.0 -0.49999985 1.0 0.0 -0.49999985 1.0 -1.0 0.5000002 1.0 -1.0 0.5000002 1.0 -2.0 -0.49999985 1.0 -2.0 -1.4999999 1.0 2.9999998 -0.49999985 1.0 2.9999998 -0.49999985 1.0 2.0 -1.4999999 1.0 2.0 -0.49999985 0.0 -4.0 5.5 0.0 -4.0 5.5 -1.0 -4.0 -0.49999985 -1.0 -4.0 2.5000002 1.0 -4.0 5.5 1.0 -4.0 5.5 0.0 -4.0 2.5000002 0.0 -4.0 -2.5 0.0 -3.0 -0.49999985 0.0 -3.0 -0.49999985 -1.0 -3.0 -2.5 -1.0 -3.0 -0.49999985 1.0 -2.0 2.5000002 1.0 -2.0 2.5000002 0.0 -2.0 -0.49999985 0.0 -2.0 -4.5 0.0 -2.0 -2.5 0.0 -2.0 -2.5 -1.0 -2.0 -4.5 -1.0 -2.0 -0.49999985 1.0 0.0 0.5000002 1.0 0.0 0.5000002 0.0 0.0 -0.49999985 0.0 0.0 -3.5 0.0 1.0 -2.5 0.0 1.0 -2.5 -1.0 1.0 -3.5 -1.0 1.0 -5.5 0.0 2.0 -3.5 0.0 2.0 -3.5 -1.0 2.0 -5.5 -1.0 2.0 -1.4999999 1.0 2.0 -0.49999985 1.0 2.0 -0.49999985 0.0 2.0 -1.4999999 0.0 2.0 -0.49999985 0.0 -1.0 0.5000002 0.0 -1.0 0.5000002 1.0 -1.0 -0.49999985 1.0 -1.0 -4.5 -1.0 0.0 -2.5 -1.0 0.0 -2.5 0.0 0.0 -4.5 0.0 0.0 -1.4999999 -1.0 2.9999998 5.5 -1.0 2.9999998 5.5 1.0 2.9999998 -1.4999999 1.0 2.9999998 -5.5 -1.0 4.0 -1.4999999 -1.0 4.0 -1.4999999 0.0 4.0 -5.5 0.0 4.0 </float_array>
          <technique_common>
            <accessor count="176" source="#Left_Wing2-Pos-array" stride="3">
              <param name="X" type="float"/>
              <param name="Y" type="float"/>
              <param name="Z" type="float"/>
            </accessor>
          </technique_common>
        </source>
        <source id="Left_Wing2-UV">
          <float_array count="352" id="Left_Wing2-UV-array">0.0 0.9375 0.03125 0.9375 0.03125 1.0 0.0 1.0 0.0 0.9375 0.03125 0.9375 0.03125 1.0 0.0 1.0 0.0 0.96875 0.03125 0.96875 0.03125 1.0 0.0 1.0 0.0 0.96875 0.03125 0.96875 0.03125 1.0 0.0 1.0 0.0 0.96875 0.03125 0.96875 0.03125 1.0 0.0 1.0 0.0 0.96875 0.03125 0.96875 0.03125 1.0 0.0 1.0 0.0 0.8125 0.03125 0.8125 0.03125 0.875 0.0 0.875 0.0 0.96875 0.03125 0.96875 0.03125 1.0 0.0 1.0 0.0 0.96875 0.03125 0.96875 0.03125 1.0 0.0 1.0 0.0 0.96875 0.03125 0.96875 0.03125 1.0 0.0 1.0 0.0 0.6875 0.03125 0.6875 0.03125 0.75 0.0 0.75 0.0 1.0 0.03125 1.0 0.03125 0.96875 0.0 0.96875 0.09375 1.0 0.15625 1.0 0.15625 0.78125 0.09375 0.78125 0.40625 0.75 0.40625 1.0 0.59375 1.0 0.59375 0.75 0.4375 0.78125 0.4375 0.96875 0.46875 0.96875 0.46875 0.78125 0.21875 0.90625 0.21875 1.0 0.28125 1.0 0.28125 0.90625 0.09375 0.71875 0.15625 0.71875 0.15625 0.65625 0.09375 0.65625 0.0 1.0 0.03125 1.0 0.03125 0.96875 0.0 0.96875 0.0 1.0 0.03125 1.0 0.03125 0.96875 0.0 0.96875 0.28125 0.71875 0.28125 0.84375 0.21875 0.84375 0.21875 0.71875 0.71875 0.875 0.71875 1.0 0.65625 1.0 0.65625 0.875 0.71875 0.71875 0.71875 0.8125 0.65625 0.8125 0.65625 0.71875 0.09375 0.9375 0.15625 0.9375 0.15625 1.0 0.09375 1.0 0.125 0.9375 0.125 1.0 0.09375 1.0 0.09375 0.9375 0.0 0.96875 0.03125 0.96875 0.03125 1.0 0.0 1.0 0.0 0.96875 0.03125 0.96875 0.03125 1.0 0.0 1.0 0.0 0.4375 0.15625 0.4375 0.15625 0.59375 0.0 0.59375 0.15625 0.90625 0.15625 1.0 0.09375 1.0 0.09375 0.90625 0.4375 0.78125 0.46875 0.78125 0.46875 0.875 0.4375 0.875 0.0 0.96875 0.03125 0.96875 0.03125 1.0 0.0 1.0 0.0 0.96875 0.03125 0.96875 0.03125 1.0 0.0 1.0 0.46875 0.78125 0.46875 0.96875 0.4375 0.96875 0.4375 0.78125 0.125 0.90625 0.125 1.0 0.09375 1.0 0.09375 0.90625 0.125 0.9375 0.125 1.0 0.09375 1.0 0.09375 0.9375 0.53125 0.875 0.53125 0.96875 0.5 0.96875 0.5 0.875 0.125 0.9375 0.125 1.0 0.09375 1.0 0.09375 0.9375 0.4375 0.875 0.46875 0.875 0.46875 0.90625 0.4375 0.90625 0.0 0.96875 0.03125 0.96875 0.03125 1.0 0.0 1.0 0.125 0.9375 0.125 1.0 0.09375 1.0 0.09375 0.9375 0.0 0.96875 0.03125 0.96875 0.03125 1.0 0.0 1.0 0.0 1.0 0.03125 1.0 0.03125 0.96875 0.0 0.96875 0.0 0.9375 0.0 1.0 0.03125 1.0 0.03125 0.9375 0.09375 0.78125 0.09375 1.0 0.15625 1.0 0.15625 0.78125 0.6875 0.875 0.6875 1.0 0.71875 1.0 0.71875 0.875 </float_array>
          <technique_common>
            <accessor count="176" source="#Left_Wing2-UV-array" stride="2">
              <param name="S" type="float"/>
              <param name="T" type="float"/>
            </accessor>
          </technique_common>
        </source>
        <source id="Left_Wing2-Normal">
          <float_array count="18" id="Left_Wing2-Normal-array">-1.0 0.0 0.0 1.0 0.0 0.0 0.0 -1.0 0.0 0.0 1.0 0.0 0.0 0.0 -1.0 0.0 0.0 1.0</float_array>
          <technique_common>
            <accessor count="6" source="#Left_Wing2-Normal-array" stride="3">
              <param name="X" type="float"/>
              <param name="Y" type="float"/>
              <param name="Z" type="float"/>
            </accessor>
          </technique_common>
        </source>
        <vertices id="Left_Wing2-Vertices">
          <input semantic="POSITION" source="#Left_Wing2-Pos"/>
        </vertices>
        <polylist count="44" material="Left_Wing2-Material">
          <input offset="0" semantic="VERTEX" source="#Left_Wing2-Vertices"/>
          <input offset="1" semantic="TEXCOORD" set="0" source="#Left_Wing2-UV"/>
          <input offset="2" semantic="NORMAL" source="#Left_Wing2-Normal"/>
          <vcount>4 4 4 4 4 4 4 4 4 4 4 4 4 4 4 4 4 4 4 4 4 4 4 4 4 4 4 4 4 4 4 4 4 4 4 4 4 4 4 4 4 4 4 4 </vcount>
          <p>0 0 0 1 1 0 2 2 0 3 3 0 4 4 0 5 5 0 6 6 0 7 7 0 8 8 0 9 9 0 10 10 0 11 11 0 12 12 0 13 13 0 14 14 0 15 15 0 16 16 0 17 17 0 18 18 0 19 19 0 20 20 0 21 21 0 22 22 0 23 23 0 24 24 0 25 25 0 26 26 0 27 27 0 28 28 0 29 29 0 30 30 0 31 31 0 32 32 0 33 33 0 34 34 0 35 35 0 36 36 0 37 37 0 38 38 0 39 39 0 40 40 0 41 41 0 42 42 0 43 43 0 44 44 1 45 45 1 46 46 1 47 47 1 48 48 1 49 49 1 50 50 1 51 51 1 52 52 2 53 53 2 54 54 2 55 55 2 56 56 2 57 57 2 58 58 2 59 59 2 60 60 2 61 61 2 62 62 2 63 63 2 64 64 2 65 65 2 66 66 2 67 67 2 68 68 2 69 69 2 70 70 2 71 71 2 72 72 2 73 73 2 74 74 2 75 75 2 76 76 3 77 77 3 78 78 3 79 79 3 80 80 3 81 81 3 82 82 3 83 83 3 84 84 3 85 85 3 86 86 3 87 87 3 88 88 3 89 89 3 90 90 3 91 91 3 92 92 3 93 93 3 94 94 3 95 95 3 96 96 3 97 97 3 98 98 3 99 99 3 100 100 3 101 101 3 102 102 3 103 103 3 104 104 3 105 105 3 106 106 3 107 107 3 108 108 3 109 109 3 110 110 3 111 111 3 112 112 3 113 113 3 114 114 3 115 115 3 116 116 3 117 117 3 118 118 3 119 119 3 120 120 3 121 121 3 122 122 3 123 123 3 124 124 4 125 125 4 126 126 4 127 127 4 128 128 4 129 129 4 130 130 4 131 131 4 132 132 4 133 133 4 134 134 4 135 135 4 136 136 4 137 137 4 138 138 4 139 139 4 140 140 4 141 141 4 142 142 4 143 143 4 144 144 4 145 145 4 146 146 4 147 147 4 148 148 4 149 149 4 150 150 4 151 151 4 152 152 4 153 153 4 154 154 4 155 155 4 156 156 4 157 157 4 158 158 4 159 159 4 160 160 5 161 161 5 162 162 5 163 163 5 164 164 5 165 165 5 166 166 5 167 167 5 168 168 5 169 169 5 170 170 5 171 171 5 172 172 5 173 173 5 174 174 5 175 175 5 </p>
        </polylist>
      </mesh>
    </geometry>
    <geometry id="RIght_Claw-Geom" name="RIght_Claw-Geom">
      <mesh>
        <source id="RIght_Claw-Pos">
          <float_array count="228" id="RIght_Claw-Pos-array">-1.4999999 -2.5 2.0 -1.4999999 -1.5 2.0 -1.4999999 -1.5 -2.0 -1.4999999 -2.5 -2.0 -0.5 -1.5 -1.0 -0.5 2.5 -1.0 -0.5 2.5 -2.0 -0.5 -1.5 -2.0 0.4999999 -2.5 2.0 0.4999999 -1.5 2.0 0.4999999 -1.5 0.0 0.4999999 -2.5 0.0 -0.5 -2.5 0.0 -0.5 -1.5 0.0 -0.5 -1.5 2.0 -0.5 -2.5 2.0 0.4999999 -1.5 -2.0 0.4999999 2.5 -2.0 0.4999999 2.5 -1.0 0.4999999 -1.5 -1.0 1.4999999 -2.5 -2.0 1.4999999 -1.5 -2.0 1.4999999 -1.5 2.0 1.4999999 -2.5 2.0 -1.4999999 -2.5 -2.0 1.4999999 -2.5 -2.0 1.4999999 -2.5 0.0 -1.4999999 -2.5 0.0 -1.4999999 -2.5 0.0 -0.5 -2.5 0.0 -0.5 -2.5 2.0 -1.4999999 -2.5 2.0 0.4999999 -2.5 0.0 1.4999999 -2.5 0.0 1.4999999 -2.5 2.0 0.4999999 -2.5 2.0 -1.4999999 -1.5 2.0 -0.5 -1.5 2.0 -0.5 -1.5 -2.0 -1.4999999 -1.5 -2.0 0.4999999 -1.5 2.0 1.4999999 -1.5 2.0 1.4999999 -1.5 -2.0 0.4999999 -1.5 -2.0 -0.5 -1.5 0.0 0.4999999 -1.5 0.0 0.4999999 -1.5 -1.0 -0.5 -1.5 -1.0 -0.5 2.5 -1.0 0.4999999 2.5 -1.0 0.4999999 2.5 -2.0 -0.5 2.5 -2.0 -0.5 2.5 -2.0 0.4999999 2.5 -2.0 0.4999999 -1.5 -2.0 -0.5 -1.5 -2.0 -1.4999999 -1.5 -2.0 1.4999999 -1.5 -2.0 1.4999999 -2.5 -2.0 -1.4999999 -2.5 -2.0 -0.5 -1.5 -1.0 0.4999999 -1.5 -1.0 0.4999999 2.5 -1.0 -0.5 2.5 -1.0 -0.5 -2.5 0.0 0.4999999 -2.5 0.0 0.4999999 -1.5 0.0 -0.5 -1.5 0.0 -1.4999999 -2.5 2.0 -0.5 -2.5 2.0 -0.5 -1.5 2.0 -1.4999999 -1.5 2.0 0.4999999 -2.5 2.0 1.4999999 -2.5 2.0 1.4999999 -1.5 2.0 0.4999999 -1.5 2.0 </float_array>
          <technique_common>
            <accessor count="76" source="#RIght_Claw-Pos-array" stride="3">
              <param name="X" type="float"/>
              <param name="Y" type="float"/>
              <param name="Z" type="float"/>
            </accessor>
          </technique_common>
        </source>
        <source id="RIght_Claw-UV">
          <float_array count="152" id="RIght_Claw-UV-array">0.0 0.75 0.0625 0.75 0.0625 1.0 0.0 1.0 0.25 0.75 0.25 1.0 0.1875 1.0 0.1875 0.75 0.0 0.75 0.0625 0.75 0.0625 0.875 0.0 0.875 0.0 0.875 0.0625 0.875 0.0625 0.75 0.0 0.75 0.4375 0.75 0.4375 1.0 0.5 1.0 0.5 0.75 0.0 1.0 0.0625 1.0 0.0625 0.75 0.0 0.75 0.625 0.8125 0.625 1.0 0.75 1.0 0.75 0.8125 0.0 0.875 0.0625 0.875 0.0625 0.75 0.0 0.75 0.0 0.875 0.0625 0.875 0.0625 0.75 0.0 0.75 0.0 0.75 0.0625 0.75 0.0625 1.0 0.0 1.0 0.0 0.75 0.0625 0.75 0.0625 1.0 0.0 1.0 0.0 0.875 0.0625 0.875 0.0625 0.9375 0.0 0.9375 0.1875 0.9375 0.25 0.9375 0.25 1.0 0.1875 1.0 0.0 0.3125 0.0625 0.3125 0.0625 0.5625 0.0 0.5625 0.0625 0.8125 0.0625 1.0 0.0 1.0 0.0 0.8125 0.0 0.5625 0.0625 0.5625 0.0625 0.3125 0.0 0.3125 0.0 0.9375 0.0625 0.9375 0.0625 0.875 0.0 0.875 0.0 0.8125 0.0625 0.8125 0.0625 0.75 0.0 0.75 0.0 0.8125 0.0625 0.8125 0.0625 0.75 0.0 0.75 </float_array>
          <technique_common>
            <accessor count="76" source="#RIght_Claw-UV-array" stride="2">
              <param name="S" type="float"/>
              <param name="T" type="float"/>
            </accessor>
          </technique_common>
        </source>
        <source id="RIght_Claw-Normal">
          <float_array count="18" id="RIght_Claw-Normal-array">-1.0 0.0 0.0 1.0 0.0 0.0 0.0 -1.0 0.0 0.0 1.0 0.0 0.0 0.0 -1.0 0.0 0.0 1.0</float_array>
          <technique_common>
            <accessor count="6" source="#RIght_Claw-Normal-array" stride="3">
              <param name="X" type="float"/>
              <param name="Y" type="float"/>
              <param name="Z" type="float"/>
            </accessor>
          </technique_common>
        </source>
        <vertices id="RIght_Claw-Vertices">
          <input semantic="POSITION" source="#RIght_Claw-Pos"/>
        </vertices>
        <polylist count="19" material="RIght_Claw-Material">
          <input offset="0" semantic="VERTEX" source="#RIght_Claw-Vertices"/>
          <input offset="1" semantic="TEXCOORD" set="0" source="#RIght_Claw-UV"/>
          <input offset="2" semantic="NORMAL" source="#RIght_Claw-Normal"/>
          <vcount>4 4 4 4 4 4 4 4 4 4 4 4 4 4 4 4 4 4 4 </vcount>
          <p>0 0 0 1 1 0 2 2 0 3 3 0 4 4 0 5 5 0 6 6 0 7 7 0 8 8 0 9 9 0 10 10 0 11 11 0 12 12 1 13 13 1 14 14 1 15 15 1 16 16 1 17 17 1 18 18 1 19 19 1 20 20 1 21 21 1 22 22 1 23 23 1 24 24 2 25 25 2 26 26 2 27 27 2 28 28 2 29 29 2 30 30 2 31 31 2 32 32 2 33 33 2 34 34 2 35 35 2 36 36 3 37 37 3 38 38 3 39 39 3 40 40 3 41 41 3 42 42 3 43 43 3 44 44 3 45 45 3 46 46 3 47 47 3 48 48 3 49 49 3 50 50 3 51 51 3 52 52 4 53 53 4 54 54 4 55 55 4 56 56 4 57 57 4 58 58 4 59 59 4 60 60 5 61 61 5 62 62 5 63 63 5 64 64 5 65 65 5 66 66 5 67 67 5 68 68 5 69 69 5 70 70 5 71 71 5 72 72 5 73 73 5 74 74 5 75 75 5 </p>
        </polylist>
      </mesh>
    </geometry>
    <geometry id="Tail1-Geom" name="Tail1-Geom">
      <mesh>
        <source id="Tail1-Pos">
          <float_array count="876" id="Tail1-Pos-array">-5.0 -1.0 -0.5000001 -5.0 0.0 -0.5000001 -5.0 0.0 -2.5 -5.0 -1.0 -2.5 -4.0 -1.0 1.5 -4.0 0.0 1.5 -4.0 0.0 -0.5000001 -4.0 -1.0 -0.5000001 -3.0 0.0 1.5 -3.0 1.0 1.5 -3.0 1.0 -1.5 -3.0 0.0 -1.5 -3.0 -1.0 -1.5 -3.0 0.0 -1.5 -3.0 0.0 -3.5000002 -3.0 -1.0 -3.5000002 -3.0 -1.0 2.4999998 -3.0 0.0 2.4999998 -3.0 0.0 1.5 -3.0 -1.0 1.5 -1.9999999 -1.0 4.5 -1.9999999 1.0 4.5 -1.9999999 1.0 2.4999998 -1.9999999 -1.0 2.4999998 -1.9999999 0.0 2.4999998 -1.9999999 1.0 2.4999998 -1.9999999 1.0 1.5 -1.9999999 0.0 1.5 -0.99999994 -1.0 -2.5 -0.99999994 0.0 -2.5 -0.99999994 0.0 -4.5 -0.99999994 -1.0 -4.5 -0.99999994 0.0 -0.5000001 -0.99999994 1.0 -0.5000001 -0.99999994 1.0 -2.5 -0.99999994 0.0 -2.5 1.9999999 -1.0 -2.5 1.9999999 0.0 -2.5 1.9999999 0.0 -3.5000002 1.9999999 -1.0 -3.5000002 1.9999999 0.0 -0.5000001 1.9999999 1.0 -0.5000001 1.9999999 1.0 -1.5 1.9999999 0.0 -1.5 4.0000005 -1.0 -1.5 4.0000005 0.0 -1.5 4.0000005 0.0 -2.5 4.0000005 -1.0 -2.5 -4.0 -1.0 -2.5 -4.0 0.0 -2.5 -4.0 0.0 -1.5 -4.0 -1.0 -1.5 -1.9999999 -1.0 -3.5000002 -1.9999999 0.0 -3.5000002 -1.9999999 0.0 -2.5 -1.9999999 -1.0 -2.5 -1.9999999 0.0 -1.5 -1.9999999 1.0 -1.5 -1.9999999 1.0 -0.5000001 -1.9999999 0.0 -0.5000001 1.0000002 -1.0 -4.5 1.0000002 0.0 -4.5 1.0000002 0.0 -2.5 1.0000002 -1.0 -2.5 1.0000002 0.0 -2.5 1.0000002 1.0 -2.5 1.0000002 1.0 -0.5000001 1.0000002 0.0 -0.5000001 1.9999999 -1.0 2.4999998 1.9999999 1.0 2.4999998 1.9999999 1.0 4.5 1.9999999 -1.0 4.5 1.9999999 0.0 1.5 1.9999999 1.0 1.5 1.9999999 1.0 2.4999998 1.9999999 0.0 2.4999998 3.0 0.0 -1.5 3.0 1.0 -1.5 3.0 1.0 1.5 3.0 0.0 1.5 3.0 -1.0 -3.5000002 3.0 0.0 -3.5000002 3.0 0.0 -1.5 3.0 -1.0 -1.5 3.0 -1.0 1.5 3.0 0.0 1.5 3.0 0.0 2.4999998 3.0 -1.0 2.4999998 4.0000005 -1.0 -0.5000001 4.0000005 0.0 -0.5000001 4.0000005 0.0 1.5 4.0000005 -1.0 1.5 5.0 -1.0 -2.5 5.0 0.0 -2.5 5.0 0.0 -0.5000001 5.0 -1.0 -0.5000001 -3.0 -1.0 -2.5 3.0 -1.0 -2.5 3.0 -1.0 2.4999998 -3.0 -1.0 2.4999998 -1.9999999 -1.0 2.4999998 1.9999999 -1.0 2.4999998 1.9999999 -1.0 4.5 -1.9999999 -1.0 4.5 -0.99999994 -1.0 -4.5 1.0000002 -1.0 -4.5 1.0000002 -1.0 -2.5 -0.99999994 -1.0 -2.5 -4.0 -1.0 -1.5 -3.0 -1.0 -1.5 -3.0 -1.0 1.5 -4.0 -1.0 1.5 -5.0 -1.0 -2.5 -4.0 -1.0 -2.5 -4.0 -1.0 -0.5000001 -5.0 -1.0 -0.5000001 4.0000005 -1.0 -2.5 5.0 -1.0 -2.5 5.0 -1.0 -0.5000001 4.0000005 -1.0 -0.5000001 3.0 -1.0 -1.5 4.0000005 -1.0 -1.5 4.0000005 -1.0 1.5 3.0 -1.0 1.5 -3.0 -1.0 -3.5000002 -1.9999999 -1.0 -3.5000002 -1.9999999 -1.0 -2.5 -3.0 -1.0 -2.5 1.9999999 -1.0 -3.5000002 3.0 -1.0 -3.5000002 3.0 -1.0 -2.5 1.9999999 -1.0 -2.5 -0.99999994 0.0 -2.5 1.0000002 0.0 -2.5 1.0000002 0.0 -4.5 -0.99999994 0.0 -4.5 -4.0 0.0 1.5 -3.0 0.0 1.5 -3.0 0.0 -1.5 -4.0 0.0 -1.5 -3.0 0.0 -1.5 -1.9999999 0.0 -1.5 -1.9999999 0.0 -3.5000002 -3.0 0.0 -3.5000002 1.9999999 0.0 -1.5 3.0 0.0 -1.5 3.0 0.0 -3.5000002 1.9999999 0.0 -3.5000002 -5.0 0.0 -0.5000001 -4.0 0.0 -0.5000001 -4.0 0.0 -2.5 -5.0 0.0 -2.5 -1.9999999 0.0 -0.5000001 -0.99999994 0.0 -0.5000001 -0.99999994 0.0 -2.5 -1.9999999 0.0 -2.5 1.0000002 0.0 -0.5000001 1.9999999 0.0 -0.5000001 1.9999999 0.0 -2.5 1.0000002 0.0 -2.5 4.0000005 0.0 -0.5000001 5.0 0.0 -0.5000001 5.0 0.0 -2.5 4.0000005 0.0 -2.5 3.0 0.0 1.5 4.0000005 0.0 1.5 4.0000005 0.0 -1.5 3.0 0.0 -1.5 -3.0 0.0 2.4999998 -1.9999999 0.0 2.4999998 -1.9999999 0.0 1.5 -3.0 0.0 1.5 1.9999999 0.0 2.4999998 3.0 0.0 2.4999998 3.0 0.0 1.5 1.9999999 0.0 1.5 -0.99999994 1.0 4.5 1.0000002 1.0 4.5 1.0000002 1.0 -2.5 -0.99999994 1.0 -2.5 -1.9999999 1.0 4.5 -0.99999994 1.0 4.5 -0.99999994 1.0 -0.5000001 -1.9999999 1.0 -0.5000001 1.0000002 1.0 1.5 3.0 1.0 1.5 3.0 1.0 -0.5000001 1.0000002 1.0 -0.5000001 -3.0 1.0 1.5 -1.9999999 1.0 1.5 -1.9999999 1.0 -1.5 -3.0 1.0 -1.5 1.0000002 1.0 4.5 1.9999999 1.0 4.5 1.9999999 1.0 1.5 1.0000002 1.0 1.5 1.9999999 1.0 -0.5000001 3.0 1.0 -0.5000001 3.0 1.0 -1.5 1.9999999 1.0 -1.5 -0.99999994 0.0 -4.5 1.0000002 0.0 -4.5 1.0000002 -1.0 -4.5 -0.99999994 -1.0 -4.5 -3.0 0.0 -3.5000002 -1.9999999 0.0 -3.5000002 -1.9999999 -1.0 -3.5000002 -3.0 -1.0 -3.5000002 1.9999999 0.0 -3.5000002 3.0 0.0 -3.5000002 3.0 -1.0 -3.5000002 1.9999999 -1.0 -3.5000002 -0.99999994 1.0 -2.5 1.0000002 1.0 -2.5 1.0000002 0.0 -2.5 -0.99999994 0.0 -2.5 -5.0 0.0 -2.5 -4.0 0.0 -2.5 -4.0 -1.0 -2.5 -5.0 -1.0 -2.5 -1.9999999 0.0 -2.5 -0.99999994 0.0 -2.5 -0.99999994 -1.0 -2.5 -1.9999999 -1.0 -2.5 1.0000002 0.0 -2.5 1.9999999 0.0 -2.5 1.9999999 -1.0 -2.5 1.0000002 -1.0 -2.5 4.0000005 0.0 -2.5 5.0 0.0 -2.5 5.0 -1.0 -2.5 4.0000005 -1.0 -2.5 -4.0 0.0 -1.5 -3.0 0.0 -1.5 -3.0 -1.0 -1.5 -4.0 -1.0 -1.5 3.0 0.0 -1.5 4.0000005 0.0 -1.5 4.0000005 -1.0 -1.5 3.0 -1.0 -1.5 -3.0 1.0 -1.5 -1.9999999 1.0 -1.5 -1.9999999 0.0 -1.5 -3.0 0.0 -1.5 1.9999999 1.0 -1.5 3.0 1.0 -1.5 3.0 0.0 -1.5 1.9999999 0.0 -1.5 -1.9999999 1.0 -0.5000001 -0.99999994 1.0 -0.5000001 -0.99999994 0.0 -0.5000001 -1.9999999 0.0 -0.5000001 1.0000002 1.0 -0.5000001 1.9999999 1.0 -0.5000001 1.9999999 0.0 -0.5000001 1.0000002 0.0 -0.5000001 -5.0 -1.0 -0.5000001 -4.0 -1.0 -0.5000001 -4.0 0.0 -0.5000001 -5.0 0.0 -0.5000001 4.0000005 -1.0 -0.5000001 5.0 -1.0 -0.5000001 5.0 0.0 -0.5000001 4.0000005 0.0 -0.5000001 -4.0 -1.0 1.5 -3.0 -1.0 1.5 -3.0 0.0 1.5 -4.0 0.0 1.5 3.0 -1.0 1.5 4.0000005 -1.0 1.5 4.0000005 0.0 1.5 3.0 0.0 1.5 -3.0 0.0 1.5 -1.9999999 0.0 1.5 -1.9999999 1.0 1.5 -3.0 1.0 1.5 1.9999999 0.0 1.5 3.0 0.0 1.5 3.0 1.0 1.5 1.9999999 1.0 1.5 -3.0 -1.0 2.4999998 -1.9999999 -1.0 2.4999998 -1.9999999 0.0 2.4999998 -3.0 0.0 2.4999998 1.9999999 -1.0 2.4999998 3.0 -1.0 2.4999998 3.0 0.0 2.4999998 1.9999999 0.0 2.4999998 -1.9999999 -1.0 4.5 1.9999999 -1.0 4.5 1.9999999 1.0 4.5 -1.9999999 1.0 4.5 </float_array>
          <technique_common>
            <accessor count="292" source="#Tail1-Pos-array" stride="3">
              <param name="X" type="float"/>
              <param name="Y" type="float"/>
              <param name="Z" type="float"/>
            </accessor>
          </technique_common>
        </source>
        <source id="Tail1-UV">
          <float_array count="584" id="Tail1-UV-array">0.0 0.875 0.03125 0.875 0.03125 1.0 0.0 1.0 0.0 0.625 0.03125 0.625 0.03125 0.75 0.0 0.75 0.09375 0.8125 0.125 0.8125 0.125 1.0 0.09375 1.0 0.0 0.875 0.03125 0.875 0.03125 1.0 0.0 1.0 0.09375 0.875 0.125 0.875 0.125 0.9375 0.09375 0.9375 0.1875 0.875 0.25 0.875 0.25 1.0 0.1875 1.0 0.0 0.9375 0.03125 0.9375 0.03125 1.0 0.0 1.0 0.0 0.875 0.03125 0.875 0.03125 1.0 0.0 1.0 0.0 0.875 0.03125 0.875 0.03125 1.0 0.0 1.0 0.0 0.9375 0.03125 0.9375 0.03125 1.0 0.0 1.0 0.0 0.9375 0.03125 0.9375 0.03125 1.0 0.0 1.0 0.0 0.9375 0.03125 0.9375 0.03125 1.0 0.0 1.0 0.0 1.0 0.03125 1.0 0.03125 0.9375 0.0 0.9375 0.0 1.0 0.03125 1.0 0.03125 0.9375 0.0 0.9375 0.0 1.0 0.03125 1.0 0.03125 0.9375 0.0 0.9375 0.0 1.0 0.03125 1.0 0.03125 0.875 0.0 0.875 0.0 1.0 0.03125 1.0 0.03125 0.875 0.0 0.875 0.1875 1.0 0.25 1.0 0.25 0.875 0.1875 0.875 0.0 1.0 0.03125 1.0 0.03125 0.9375 0.0 0.9375 0.09375 1.0 0.125 1.0 0.125 0.8125 0.09375 0.8125 0.0 1.0 0.03125 1.0 0.03125 0.875 0.0 0.875 0.1875 1.0 0.21875 1.0 0.21875 0.9375 0.1875 0.9375 0.09375 1.0 0.125 1.0 0.125 0.875 0.09375 0.875 0.0 1.0 0.03125 1.0 0.03125 0.875 0.0 0.875 0.375 0.625 0.375 1.0 0.53125 1.0 0.53125 0.625 0.4375 0.75 0.4375 1.0 0.5 1.0 0.5 0.75 0.375 1.0 0.4375 1.0 0.4375 0.875 0.375 0.875 0.375 1.0 0.40625 1.0 0.40625 0.8125 0.375 0.8125 0.0 1.0 0.03125 1.0 0.03125 0.875 0.0 0.875 0.0 1.0 0.03125 1.0 0.03125 0.875 0.0 0.875 0.375 1.0 0.40625 1.0 0.40625 0.8125 0.375 0.8125 0.0 1.0 0.03125 1.0 0.03125 0.9375 0.0 0.9375 0.0 1.0 0.03125 1.0 0.03125 0.9375 0.0 0.9375 0.375 0.875 0.4375 0.875 0.4375 1.0 0.375 1.0 0.375 0.8125 0.40625 0.8125 0.40625 1.0 0.375 1.0 0.0 0.875 0.03125 0.875 0.03125 1.0 0.0 1.0 0.0 0.875 0.03125 0.875 0.03125 1.0 0.0 1.0 0.0 0.875 0.03125 0.875 0.03125 1.0 0.0 1.0 0.0 0.875 0.03125 0.875 0.03125 1.0 0.0 1.0 0.0 0.875 0.03125 0.875 0.03125 1.0 0.0 1.0 0.0 0.875 0.03125 0.875 0.03125 1.0 0.0 1.0 0.375 0.8125 0.40625 0.8125 0.40625 1.0 0.375 1.0 0.1875 0.9375 0.21875 0.9375 0.21875 1.0 0.1875 1.0 0.1875 0.9375 0.21875 0.9375 0.21875 1.0 0.1875 1.0 0.59375 0.5625 0.65625 0.5625 0.65625 1.0 0.59375 1.0 0.09375 0.375 0.125 0.375 0.125 0.6875 0.09375 0.6875 0.40625 0.875 0.46875 0.875 0.46875 1.0 0.40625 1.0 0.09375 0.8125 0.125 0.8125 0.125 1.0 0.09375 1.0 0.09375 0.8125 0.125 0.8125 0.125 1.0 0.09375 1.0 0.0 0.9375 0.03125 0.9375 0.03125 1.0 0.0 1.0 0.03125 0.875 0.03125 1.0 0.0 1.0 0.0 0.875 0.0 0.9375 0.03125 0.9375 0.03125 1.0 0.0 1.0 0.0 0.9375 0.03125 0.9375 0.03125 1.0 0.0 1.0 0.03125 0.875 0.03125 1.0 0.0 1.0 0.0 0.875 0.0 0.9375 0.03125 0.9375 0.03125 1.0 0.0 1.0 0.0 0.9375 0.03125 0.9375 0.03125 1.0 0.0 1.0 0.0 0.9375 0.03125 0.9375 0.03125 1.0 0.0 1.0 0.0 0.9375 0.03125 0.9375 0.03125 1.0 0.0 1.0 0.0 0.9375 0.03125 0.9375 0.03125 1.0 0.0 1.0 0.0 0.9375 0.03125 0.9375 0.03125 1.0 0.0 1.0 0.0 0.9375 0.03125 0.9375 0.03125 1.0 0.0 1.0 0.0 0.9375 0.03125 0.9375 0.03125 1.0 0.0 1.0 0.0 0.9375 0.03125 0.9375 0.03125 1.0 0.0 1.0 0.0 0.9375 0.03125 0.9375 0.03125 1.0 0.0 1.0 0.0 1.0 0.03125 1.0 0.03125 0.9375 0.0 0.9375 0.0 1.0 0.03125 1.0 0.03125 0.9375 0.0 0.9375 0.1875 1.0 0.21875 1.0 0.21875 0.9375 0.1875 0.9375 0.1875 1.0 0.21875 1.0 0.21875 0.9375 0.1875 0.9375 0.1875 1.0 0.21875 1.0 0.21875 0.9375 0.1875 0.9375 0.1875 1.0 0.21875 1.0 0.21875 0.9375 0.1875 0.9375 0.1875 1.0 0.21875 1.0 0.21875 0.9375 0.1875 0.9375 0.1875 1.0 0.21875 1.0 0.21875 0.9375 0.1875 0.9375 0.4375 0.75 0.4375 1.0 0.5 1.0 0.5 0.75 </float_array>
          <technique_common>
            <accessor count="292" source="#Tail1-UV-array" stride="2">
              <param name="S" type="float"/>
              <param name="T" type="float"/>
            </accessor>
          </technique_common>
        </source>
        <source id="Tail1-Normal">
          <float_array count="18" id="Tail1-Normal-array">-1.0 0.0 0.0 1.0 0.0 0.0 0.0 -1.0 0.0 0.0 1.0 0.0 0.0 0.0 -1.0 0.0 0.0 1.0</float_array>
          <technique_common>
            <accessor count="6" source="#Tail1-Normal-array" stride="3">
              <param name="X" type="float"/>
              <param name="Y" type="float"/>
              <param name="Z" type="float"/>
            </accessor>
          </technique_common>
        </source>
        <vertices id="Tail1-Vertices">
          <input semantic="POSITION" source="#Tail1-Pos"/>
        </vertices>
        <polylist count="73" material="Tail1-Material">
          <input offset="0" semantic="VERTEX" source="#Tail1-Vertices"/>
          <input offset="1" semantic="TEXCOORD" set="0" source="#Tail1-UV"/>
          <input offset="2" semantic="NORMAL" source="#Tail1-Normal"/>
          <vcount>4 4 4 4 4 4 4 4 4 4 4 4 4 4 4 4 4 4 4 4 4 4 4 4 4 4 4 4 4 4 4 4 4 4 4 4 4 4 4 4 4 4 4 4 4 4 4 4 4 4 4 4 4 4 4 4 4 4 4 4 4 4 4 4 4 4 4 4 4 4 4 4 4 </vcount>
          <p>0 0 0 1 1 0 2 2 0 3 3 0 4 4 0 5 5 0 6 6 0 7 7 0 8 8 0 9 9 0 10 10 0 11 11 0 12 12 0 13 13 0 14 14 0 15 15 0 16 16 0 17 17 0 18 18 0 19 19 0 20 20 0 21 21 0 22 22 0 23 23 0 24 24 0 25 25 0 26 26 0 27 27 0 28 28 0 29 29 0 30 30 0 31 31 0 32 32 0 33 33 0 34 34 0 35 35 0 36 36 0 37 37 0 38 38 0 39 39 0 40 40 0 41 41 0 42 42 0 43 43 0 44 44 0 45 45 0 46 46 0 47 47 0 48 48 1 49 49 1 50 50 1 51 51 1 52 52 1 53 53 1 54 54 1 55 55 1 56 56 1 57 57 1 58 58 1 59 59 1 60 60 1 61 61 1 62 62 1 63 63 1 64 64 1 65 65 1 66 66 1 67 67 1 68 68 1 69 69 1 70 70 1 71 71 1 72 72 1 73 73 1 74 74 1 75 75 1 76 76 1 77 77 1 78 78 1 79 79 1 80 80 1 81 81 1 82 82 1 83 83 1 84 84 1 85 85 1 86 86 1 87 87 1 88 88 1 89 89 1 90 90 1 91 91 1 92 92 1 93 93 1 94 94 1 95 95 1 96 96 2 97 97 2 98 98 2 99 99 2 100 100 2 101 101 2 102 102 2 103 103 2 104 104 2 105 105 2 106 106 2 107 107 2 108 108 2 109 109 2 110 110 2 111 111 2 112 112 2 113 113 2 114 114 2 115 115 2 116 116 2 117 117 2 118 118 2 119 119 2 120 120 2 121 121 2 122 122 2 123 123 2 124 124 2 125 125 2 126 126 2 127 127 2 128 128 2 129 129 2 130 130 2 131 131 2 132 132 3 133 133 3 134 134 3 135 135 3 136 136 3 137 137 3 138 138 3 139 139 3 140 140 3 141 141 3 142 142 3 143 143 3 144 144 3 145 145 3 146 146 3 147 147 3 148 148 3 149 149 3 150 150 3 151 151 3 152 152 3 153 153 3 154 154 3 155 155 3 156 156 3 157 157 3 158 158 3 159 159 3 160 160 3 161 161 3 162 162 3 163 163 3 164 164 3 165 165 3 166 166 3 167 167 3 168 168 3 169 169 3 170 170 3 171 171 3 172 172 3 173 173 3 174 174 3 175 175 3 176 176 3 177 177 3 178 178 3 179 179 3 180 180 3 181 181 3 182 182 3 183 183 3 184 184 3 185 185 3 186 186 3 187 187 3 188 188 3 189 189 3 190 190 3 191 191 3 192 192 3 193 193 3 194 194 3 195 195 3 196 196 3 197 197 3 198 198 3 199 199 3 200 200 4 201 201 4 202 202 4 203 203 4 204 204 4 205 205 4 206 206 4 207 207 4 208 208 4 209 209 4 210 210 4 211 211 4 212 212 4 213 213 4 214 214 4 215 215 4 216 216 4 217 217 4 218 218 4 219 219 4 220 220 4 221 221 4 222 222 4 223 223 4 224 224 4 225 225 4 226 226 4 227 227 4 228 228 4 229 229 4 230 230 4 231 231 4 232 232 4 233 233 4 234 234 4 235 235 4 236 236 4 237 237 4 238 238 4 239 239 4 240 240 4 241 241 4 242 242 4 243 243 4 244 244 4 245 245 4 246 246 4 247 247 4 248 248 4 249 249 4 250 250 4 251 251 4 252 252 4 253 253 4 254 254 4 255 255 4 256 256 5 257 257 5 258 258 5 259 259 5 260 260 5 261 261 5 262 262 5 263 263 5 264 264 5 265 265 5 266 266 5 267 267 5 268 268 5 269 269 5 270 270 5 271 271 5 272 272 5 273 273 5 274 274 5 275 275 5 276 276 5 277 277 5 278 278 5 279 279 5 280 280 5 281 281 5 282 282 5 283 283 5 284 284 5 285 285 5 286 286 5 287 287 5 288 288 5 289 289 5 290 290 5 291 291 5 </p>
        </polylist>
      </mesh>
    </geometry>
    <geometry id="Left_Claw-Geom" name="Left_Claw-Geom">
      <mesh>
        <source id="Left_Claw-Pos">
          <float_array count="228" id="Left_Claw-Pos-array">-1.4999999 -2.5 2.0 -1.4999999 -1.5 2.0 -1.4999999 -1.5 -2.0 -1.4999999 -2.5 -2.0 -0.5 -1.5 -1.0 -0.5 2.5 -1.0 -0.5 2.5 -2.0 -0.5 -1.5 -2.0 0.4999999 -2.5 2.0 0.4999999 -1.5 2.0 0.4999999 -1.5 0.0 0.4999999 -2.5 0.0 -0.5 -2.5 0.0 -0.5 -1.5 0.0 -0.5 -1.5 2.0 -0.5 -2.5 2.0 0.4999999 -1.5 -2.0 0.4999999 2.5 -2.0 0.4999999 2.5 -1.0 0.4999999 -1.5 -1.0 1.4999999 -2.5 -2.0 1.4999999 -1.5 -2.0 1.4999999 -1.5 2.0 1.4999999 -2.5 2.0 -1.4999999 -2.5 -2.0 1.4999999 -2.5 -2.0 1.4999999 -2.5 0.0 -1.4999999 -2.5 0.0 -1.4999999 -2.5 0.0 -0.5 -2.5 0.0 -0.5 -2.5 2.0 -1.4999999 -2.5 2.0 0.4999999 -2.5 0.0 1.4999999 -2.5 0.0 1.4999999 -2.5 2.0 0.4999999 -2.5 2.0 -1.4999999 -1.5 2.0 -0.5 -1.5 2.0 -0.5 -1.5 -2.0 -1.4999999 -1.5 -2.0 0.4999999 -1.5 2.0 1.4999999 -1.5 2.0 1.4999999 -1.5 -2.0 0.4999999 -1.5 -2.0 -0.5 -1.5 0.0 0.4999999 -1.5 0.0 0.4999999 -1.5 -1.0 -0.5 -1.5 -1.0 -0.5 2.5 -1.0 0.4999999 2.5 -1.0 0.4999999 2.5 -2.0 -0.5 2.5 -2.0 -0.5 2.5 -2.0 0.4999999 2.5 -2.0 0.4999999 -1.5 -2.0 -0.5 -1.5 -2.0 -1.4999999 -1.5 -2.0 1.4999999 -1.5 -2.0 1.4999999 -2.5 -2.0 -1.4999999 -2.5 -2.0 -0.5 -1.5 -1.0 0.4999999 -1.5 -1.0 0.4999999 2.5 -1.0 -0.5 2.5 -1.0 -0.5 -2.5 0.0 0.4999999 -2.5 0.0 0.4999999 -1.5 0.0 -0.5 -1.5 0.0 -1.4999999 -2.5 2.0 -0.5 -2.5 2.0 -0.5 -1.5 2.0 -1.4999999 -1.5 2.0 0.4999999 -2.5 2.0 1.4999999 -2.5 2.0 1.4999999 -1.5 2.0 0.4999999 -1.5 2.0 </float_array>
          <technique_common>
            <accessor count="76" source="#Left_Claw-Pos-array" stride="3">
              <param name="X" type="float"/>
              <param name="Y" type="float"/>
              <param name="Z" type="float"/>
            </accessor>
          </technique_common>
        </source>
        <source id="Left_Claw-UV">
          <float_array count="152" id="Left_Claw-UV-array">0.0 0.75 0.0625 0.75 0.0625 1.0 0.0 1.0 0.25 0.75 0.25 1.0 0.1875 1.0 0.1875 0.75 0.0 0.75 0.0625 0.75 0.0625 0.875 0.0 0.875 0.0 0.875 0.0625 0.875 0.0625 0.75 0.0 0.75 0.4375 0.75 0.4375 1.0 0.5 1.0 0.5 0.75 0.0 1.0 0.0625 1.0 0.0625 0.75 0.0 0.75 0.625 0.8125 0.625 1.0 0.75 1.0 0.75 0.8125 0.0 0.875 0.0625 0.875 0.0625 0.75 0.0 0.75 0.0 0.875 0.0625 0.875 0.0625 0.75 0.0 0.75 0.0 0.75 0.0625 0.75 0.0625 1.0 0.0 1.0 0.0 0.75 0.0625 0.75 0.0625 1.0 0.0 1.0 0.0 0.875 0.0625 0.875 0.0625 0.9375 0.0 0.9375 0.1875 0.9375 0.25 0.9375 0.25 1.0 0.1875 1.0 0.0 0.3125 0.0625 0.3125 0.0625 0.5625 0.0 0.5625 0.0625 0.8125 0.0625 1.0 0.0 1.0 0.0 0.8125 0.0 0.5625 0.0625 0.5625 0.0625 0.3125 0.0 0.3125 0.0 0.9375 0.0625 0.9375 0.0625 0.875 0.0 0.875 0.0 0.8125 0.0625 0.8125 0.0625 0.75 0.0 0.75 0.0 0.8125 0.0625 0.8125 0.0625 0.75 0.0 0.75 </float_array>
          <technique_common>
            <accessor count="76" source="#Left_Claw-UV-array" stride="2">
              <param name="S" type="float"/>
              <param name="T" type="float"/>
            </accessor>
          </technique_common>
        </source>
        <source id="Left_Claw-Normal">
          <float_array count="18" id="Left_Claw-Normal-array">-1.0 0.0 0.0 1.0 0.0 0.0 0.0 -1.0 0.0 0.0 1.0 0.0 0.0 0.0 -1.0 0.0 0.0 1.0</float_array>
          <technique_common>
            <accessor count="6" source="#Left_Claw-Normal-array" stride="3">
              <param name="X" type="float"/>
              <param name="Y" type="float"/>
              <param name="Z" type="float"/>
            </accessor>
          </technique_common>
        </source>
        <vertices id="Left_Claw-Vertices">
          <input semantic="POSITION" source="#Left_Claw-Pos"/>
        </vertices>
        <polylist count="19" material="Left_Claw-Material">
          <input offset="0" semantic="VERTEX" source="#Left_Claw-Vertices"/>
          <input offset="1" semantic="TEXCOORD" set="0" source="#Left_Claw-UV"/>
          <input offset="2" semantic="NORMAL" source="#Left_Claw-Normal"/>
          <vcount>4 4 4 4 4 4 4 4 4 4 4 4 4 4 4 4 4 4 4 </vcount>
          <p>0 0 0 1 1 0 2 2 0 3 3 0 4 4 0 5 5 0 6 6 0 7 7 0 8 8 0 9 9 0 10 10 0 11 11 0 12 12 1 13 13 1 14 14 1 15 15 1 16 16 1 17 17 1 18 18 1 19 19 1 20 20 1 21 21 1 22 22 1 23 23 1 24 24 2 25 25 2 26 26 2 27 27 2 28 28 2 29 29 2 30 30 2 31 31 2 32 32 2 33 33 2 34 34 2 35 35 2 36 36 3 37 37 3 38 38 3 39 39 3 40 40 3 41 41 3 42 42 3 43 43 3 44 44 3 45 45 3 46 46 3 47 47 3 48 48 3 49 49 3 50 50 3 51 51 3 52 52 4 53 53 4 54 54 4 55 55 4 56 56 4 57 57 4 58 58 4 59 59 4 60 60 5 61 61 5 62 62 5 63 63 5 64 64 5 65 65 5 66 66 5 67 67 5 68 68 5 69 69 5 70 70 5 71 71 5 72 72 5 73 73 5 74 74 5 75 75 5 </p>
        </polylist>
      </mesh>
    </geometry>
  </library_geometries>
  <library_animations>
    <animation id="Controller-global-anim" name="Controller-global-anim">
      <animation>
        <source id="Controller-global-anim-inSource-TIME">
          <float_array count="52" id="Controller-global-anim-inSource-TIME-array">0.0 0.041666668 0.083333336 0.125 0.16666667 0.20833333 0.25 0.29166666 0.33333334 0.375 0.41666666 0.45833334 0.5 0.5416667 0.5833333 0.625 0.6666667 0.7083333 0.75 0.7916667 0.8333333 0.875 0.9166667 0.9583333 1.0 1.0416666 1.0833334 1.125 1.1666666 1.2083334 1.25 1.2916666 1.3333334 1.375 1.4166666 1.4583334 1.5 1.5416666 1.5833334 1.625 1.6666666 1.7083334 1.75 1.7916666 1.8333334 1.875 1.9166666 1.9583334 2.0 2.0416667 2.0833333 2.125 </float_array>
          <technique_common>
            <accessor count="52" source="#Controller-global-anim-inSource-TIME-array">
              <param name="TIME" type="float"/>
            </accessor>
          </technique_common>
        </source>
        <source id="Controller-global-anim-interpolation">
          <Name_array count="52" id="Controller-global-anim-interpolation-array">LINEAR LINEAR LINEAR LINEAR LINEAR LINEAR LINEAR LINEAR LINEAR LINEAR LINEAR LINEAR LINEAR LINEAR LINEAR LINEAR LINEAR LINEAR LINEAR LINEAR LINEAR LINEAR LINEAR LINEAR LINEAR LINEAR LINEAR LINEAR LINEAR LINEAR LINEAR LINEAR LINEAR LINEAR LINEAR LINEAR LINEAR LINEAR LINEAR LINEAR LINEAR LINEAR LINEAR LINEAR LINEAR LINEAR LINEAR LINEAR LINEAR LINEAR LINEAR LINEAR </Name_array>
          <technique_common>
            <accessor count="52" source="#Controller-global-anim-interpolation-array">
              <param type="name"/>
            </accessor>
          </technique_common>
        </source>
        <source id="Controller-global-anim-outSource-global">
          <float_array count="832" id="Controller-global-anim-outSource-global-array">1.0 0.0 0.0 0.0 0.0 1.0 0.0 9.0 0.0 0.0 1.0 0.0 0.0 0.0 0.0 1.0 1.0 0.0 0.0 0.0 0.0 1.0 0.0 9.125 0.0 0.0 1.0 0.0 0.0 0.0 0.0 1.0 1.0 0.0 0.0 0.0 0.0 1.0 0.0 9.5 0.0 0.0 1.0 0.0 0.0 0.0 0.0 1.0 1.0 0.0 0.0 0.0 0.0 1.0 0.0 9.875 0.0 0.0 1.0 0.0 0.0 0.0 0.0 1.0 1.0 0.0 0.0 0.0 0.0 1.0 0.0 10.0 0.0 0.0 1.0 0.0 0.0 0.0 0.0 1.0 1.0 0.0 0.0 0.0 0.0 1.0 0.0 9.96875 0.0 0.0 1.0 0.0 0.0 0.0 0.0 1.0 1.0 0.0 0.0 0.0 0.0 1.0 0.0 9.875 0.0 0.0 1.0 0.0 0.0 0.0 0.0 1.0 1.0 0.0 0.0 0.0 0.0 1.0 0.0 9.71875 0.0 0.0 1.0 0.0 0.0 0.0 0.0 1.0 1.0 0.0 0.0 0.0 0.0 1.0 0.0 9.5 0.0 0.0 1.0 0.0 0.0 0.0 0.0 1.0 1.0 0.0 0.0 0.0 0.0 1.0 0.0 9.28125 0.0 0.0 1.0 0.0 0.0 0.0 0.0 1.0 1.0 0.0 0.0 0.0 0.0 1.0 0.0 9.125 0.0 0.0 1.0 0.0 0.0 0.0 0.0 1.0 1.0 0.0 0.0 0.0 0.0 1.0 0.0 9.03125 0.0 0.0 1.0 0.0 0.0 0.0 0.0 1.0 1.0 0.0 0.0 0.0 0.0 1.0 0.0 9.0 0.0 0.0 1.0 0.0 0.0 0.0 0.0 1.0 1.0 0.0 0.0 0.0 0.0 1.0 0.0 9.125 0.0 0.0 1.0 0.0 0.0 0.0 0.0 1.0 1.0 0.0 0.0 0.0 0.0 1.0 0.0 9.5 0.0 0.0 1.0 0.0 0.0 0.0 0.0 1.0 1.0 0.0 0.0 0.0 0.0 1.0 0.0 9.875 0.0 0.0 1.0 0.0 0.0 0.0 0.0 1.0 1.0 0.0 0.0 0.0 0.0 1.0 0.0 10.0 0.0 0.0 1.0 0.0 0.0 0.0 0.0 1.0 1.0 0.0 0.0 0.0 0.0 1.0 0.0 9.875 0.0 0.0 1.0 0.0 0.0 0.0 0.0 1.0 1.0 0.0 0.0 0.0 0.0 1.0 0.0 9.5 0.0 0.0 1.0 0.0 0.0 0.0 0.0 1.0 1.0 0.0 0.0 0.0 0.0 1.0 0.0 9.125 0.0 0.0 1.0 0.0 0.0 0.0 0.0 1.0 1.0 0.0 0.0 0.0 0.0 1.0 0.0 9.0 0.0 0.0 1.0 0.0 0.0 0.0 0.0 1.0 1.0 0.0 0.0 0.0 0.0 1.0 0.0 9.222222 0.0 0.0 1.0 0.0 0.0 0.0 0.0 1.0 1.0 0.0 0.0 0.0 0.0 1.0 0.0 9.777778 0.0 0.0 1.0 0.0 0.0 0.0 0.0 1.0 1.0 0.0 0.0 0.0 0.0 1.0 0.0 10.0 0.0 0.0 1.0 0.0 0.0 0.0 0.0 1.0 1.0 0.0 0.0 0.0 0.0 1.0 0.0 9.944445 0.0 0.0 1.0 0.0 0.0 0.0 0.0 1.0 1.0 0.0 0.0 0.0 0.0 1.0 0.0 9.777778 0.0 0.0 1.0 0.0 0.0 0.0 0.0 1.0 1.0 0.0 0.0 0.0 0.0 1.0 0.0 9.5 0.0 0.0 1.0 0.0 0.0 0.0 0.0 1.0 1.0 0.0 0.0 0.0 0.0 1.0 0.0 9.222222 0.0 0.0 1.0 0.0 0.0 0.0 0.0 1.0 1.0 0.0 0.0 0.0 0.0 1.0 0.0 9.055555 0.0 0.0 1.0 0.0 0.0 0.0 0.0 1.0 1.0 0.0 0.0 0.0 0.0 1.0 0.0 9.0 0.0 0.0 1.0 0.0 0.0 0.0 0.0 1.0 1.0 0.0 0.0 0.0 0.0 1.0 0.0 9.0 0.0 0.0 1.0 0.0 0.0 0.0 0.0 1.0 1.0 0.0 0.0 0.0 0.0 1.0 0.0 9.0 0.0 0.0 1.0 0.0 0.0 0.0 0.0 1.0 1.0 0.0 0.0 5.8281852E-8 0.0 1.0 0.0 8.444445 0.0 0.0 1.0 0.22222224 0.0 0.0 0.0 1.0 1.0 0.0 0.0 9.3250954E-8 0.0 1.0 0.0 8.111111 0.0 0.0 1.0 0.35555553 0.0 0.0 0.0 1.0 1.0 0.0 0.0 1.0490733E-7 0.0 1.0 0.0 8.0 0.0 0.0 1.0 0.4 0.0 0.0 0.0 1.0 1.0 0.0 0.0 1.0162898E-7 0.0 1.0 0.0 8.228854 0.0 0.0 1.0 0.38750002 0.0 0.0 0.0 1.0 1.0 0.0 0.0 9.1793915E-8 0.0 1.0 0.0 8.915415 0.0 0.0 1.0 0.35000002 0.0 0.0 0.0 1.0 1.0 0.0 0.0 8.195885E-8 0.0 1.0 0.0 9.601976 0.0 0.0 1.0 0.3125 0.0 0.0 0.0 1.0 1.0 0.0 0.0 7.86805E-8 0.0 1.0 0.0 9.830831 0.0 0.0 1.0 0.3 0.0 0.0 0.0 1.0 1.0 0.0 0.0 7.546905E-8 0.0 1.0 0.0 9.796919 0.0 0.0 1.0 0.2877551 0.0 0.0 0.0 1.0 1.0 0.0 0.0 6.5834705E-8 0.0 1.0 0.0 9.695185 0.0 0.0 1.0 0.2510204 0.0 0.0 0.0 1.0 1.0 0.0 0.0 4.977746E-8 0.0 1.0 0.0 9.525627 0.0 0.0 1.0 0.18979593 0.0 0.0 0.0 1.0 1.0 0.0 0.0 2.8903038E-8 0.0 1.0 0.0 9.305203 0.0 0.0 1.0 0.11020407 0.0 0.0 0.0 1.0 1.0 0.0 0.0 1.2845788E-8 0.0 1.0 0.0 9.135646 0.0 0.0 1.0 0.04897958 0.0 0.0 0.0 1.0 1.0 0.0 0.0 3.2114542E-9 0.0 1.0 0.0 9.033912 0.0 0.0 1.0 0.01224494 0.0 0.0 0.0 1.0 1.0 0.0 0.0 0.0 0.0 1.0 0.0 9.0 0.0 0.0 1.0 0.0 0.0 0.0 0.0 1.0 1.0 0.0 0.0 0.0 0.0 1.0 0.0 9.0 0.0 0.0 1.0 0.0 0.0 0.0 0.0 1.0 1.0 0.0 0.0 0.0 0.0 1.0 0.0 9.0 0.0 0.0 1.0 0.0 0.0 0.0 0.0 1.0 1.0 0.0 0.0 0.0 0.0 1.0 0.0 9.0 0.0 0.0 1.0 0.0 0.0 0.0 0.0 1.0 1.0 0.0 0.0 0.0 0.0 1.0 0.0 9.0 0.0 0.0 1.0 0.0 0.0 0.0 0.0 1.0 1.0 0.0 0.0 0.0 0.0 1.0 0.0 9.0 0.0 0.0 1.0 0.0 0.0 0.0 0.0 1.0 1.0 0.0 0.0 0.0 0.0 1.0 0.0 9.0 0.0 0.0 1.0 0.0 0.0 0.0 0.0 1.0 </float_array>
          <technique_common>
            <accessor count="52" source="#Controller-global-anim-outSource-global-array" stride="16">
              <param type="float4x4"/>
            </accessor>
          </technique_common>
        </source>
        <sampler id="Controller-global-anim-globalSampler">
          <input semantic="INPUT" source="#Controller-global-anim-inSource-TIME"/>
          <input semantic="OUTPUT" source="#Controller-global-anim-outSource-global"/>
          <input semantic="INTERPOLATION" source="#Controller-global-anim-interpolation"/>
        </sampler>
        <channel source="#Controller-global-anim-globalSampler" target="Controller-global/matrix"/>
      </animation>
    </animation>
    <animation id="Controller-local-anim" name="Controller-local-anim">
      <animation>
        <source id="Controller-local-anim-inSource-TIME">
          <float_array count="52" id="Controller-local-anim-inSource-TIME-array">0.0 0.041666668 0.083333336 0.125 0.16666667 0.20833333 0.25 0.29166666 0.33333334 0.375 0.41666666 0.45833334 0.5 0.5416667 0.5833333 0.625 0.6666667 0.7083333 0.75 0.7916667 0.8333333 0.875 0.9166667 0.9583333 1.0 1.0416666 1.0833334 1.125 1.1666666 1.2083334 1.25 1.2916666 1.3333334 1.375 1.4166666 1.4583334 1.5 1.5416666 1.5833334 1.625 1.6666666 1.7083334 1.75 1.7916666 1.8333334 1.875 1.9166666 1.9583334 2.0 2.0416667 2.0833333 2.125 </float_array>
          <technique_common>
            <accessor count="52" source="#Controller-local-anim-inSource-TIME-array">
              <param name="TIME" type="float"/>
            </accessor>
          </technique_common>
        </source>
        <source id="Controller-local-anim-interpolation">
          <Name_array count="52" id="Controller-local-anim-interpolation-array">LINEAR LINEAR LINEAR LINEAR LINEAR LINEAR LINEAR LINEAR LINEAR LINEAR LINEAR LINEAR LINEAR LINEAR LINEAR LINEAR LINEAR LINEAR LINEAR LINEAR LINEAR LINEAR LINEAR LINEAR LINEAR LINEAR LINEAR LINEAR LINEAR LINEAR LINEAR LINEAR LINEAR LINEAR LINEAR LINEAR LINEAR LINEAR LINEAR LINEAR LINEAR LINEAR LINEAR LINEAR LINEAR LINEAR LINEAR LINEAR LINEAR LINEAR LINEAR LINEAR </Name_array>
          <technique_common>
            <accessor count="52" source="#Controller-local-anim-interpolation-array">
              <param type="name"/>
            </accessor>
          </technique_common>
        </source>
        <source id="Controller-local-anim-outSource-local">
          <float_array count="832" id="Controller-local-anim-outSource-local-array">1.0 0.0 0.0 0.0 0.0 1.0 0.0 0.0 0.0 0.0 1.0 0.0 0.0 0.0 0.0 1.0 1.0 0.0 0.0 0.0 0.0 1.0 0.0 0.0 0.0 0.0 1.0 0.0 0.0 0.0 0.0 1.0 1.0 0.0 0.0 0.0 0.0 1.0 0.0 0.0 0.0 0.0 1.0 0.0 0.0 0.0 0.0 1.0 1.0 0.0 0.0 0.0 0.0 1.0 0.0 0.0 0.0 0.0 1.0 0.0 0.0 0.0 0.0 1.0 1.0 0.0 0.0 0.0 0.0 1.0 0.0 0.0 0.0 0.0 1.0 0.0 0.0 0.0 0.0 1.0 1.0 0.0 0.0 0.0 0.0 1.0 0.0 0.0 0.0 0.0 1.0 0.0 0.0 0.0 0.0 1.0 1.0 0.0 0.0 0.0 0.0 1.0 0.0 0.0 0.0 0.0 1.0 0.0 0.0 0.0 0.0 1.0 1.0 0.0 0.0 0.0 0.0 1.0 0.0 0.0 0.0 0.0 1.0 0.0 0.0 0.0 0.0 1.0 1.0 0.0 0.0 0.0 0.0 1.0 0.0 0.0 0.0 0.0 1.0 0.0 0.0 0.0 0.0 1.0 1.0 0.0 0.0 0.0 0.0 1.0 0.0 0.0 0.0 0.0 1.0 0.0 0.0 0.0 0.0 1.0 1.0 0.0 0.0 0.0 0.0 1.0 0.0 0.0 0.0 0.0 1.0 0.0 0.0 0.0 0.0 1.0 1.0 0.0 0.0 0.0 0.0 1.0 0.0 0.0 0.0 0.0 1.0 0.0 0.0 0.0 0.0 1.0 1.0 0.0 0.0 0.0 0.0 1.0 0.0 0.0 0.0 0.0 1.0 0.0 0.0 0.0 0.0 1.0 1.0 0.0 0.0 0.0 0.0 1.0 0.0 0.0 0.0 0.0 1.0 0.0 0.0 0.0 0.0 1.0 1.0 0.0 0.0 0.0 0.0 1.0 0.0 0.0 0.0 0.0 1.0 0.0 0.0 0.0 0.0 1.0 1.0 0.0 0.0 0.0 0.0 1.0 0.0 0.0 0.0 0.0 1.0 0.0 0.0 0.0 0.0 1.0 1.0 0.0 0.0 0.0 0.0 1.0 0.0 0.0 0.0 0.0 1.0 0.0 0.0 0.0 0.0 1.0 1.0 0.0 0.0 0.0 0.0 1.0 0.0 0.0 0.0 0.0 1.0 0.0 0.0 0.0 0.0 1.0 1.0 0.0 0.0 0.0 0.0 1.0 0.0 0.0 0.0 0.0 1.0 0.0 0.0 0.0 0.0 1.0 1.0 0.0 0.0 0.0 0.0 1.0 0.0 0.0 0.0 0.0 1.0 0.0 0.0 0.0 0.0 1.0 1.0 0.0 0.0 0.0 0.0 1.0 0.0 0.0 0.0 0.0 1.0 0.0 0.0 0.0 0.0 1.0 1.0 0.0 0.0 0.0 0.0 1.0 0.0 0.0 0.0 0.0 1.0 0.0 0.0 0.0 0.0 1.0 1.0 0.0 0.0 0.0 0.0 1.0 0.0 0.0 0.0 0.0 1.0 0.0 0.0 0.0 0.0 1.0 1.0 0.0 0.0 0.0 0.0 1.0 0.0 0.0 0.0 0.0 1.0 0.0 0.0 0.0 0.0 1.0 1.0 0.0 0.0 0.0 0.0 1.0 0.0 0.0 0.0 0.0 1.0 0.0 0.0 0.0 0.0 1.0 1.0 0.0 0.0 0.0 0.0 1.0 0.0 0.0 0.0 0.0 1.0 0.0 0.0 0.0 0.0 1.0 1.0 0.0 0.0 0.0 0.0 1.0 0.0 0.0 0.0 0.0 1.0 0.0 0.0 0.0 0.0 1.0 1.0 0.0 0.0 0.0 0.0 1.0 0.0 0.0 0.0 0.0 1.0 0.0 0.0 0.0 0.0 1.0 1.0 0.0 0.0 0.0 0.0 1.0 0.0 0.0 0.0 0.0 1.0 0.0 0.0 0.0 0.0 1.0 1.0 0.0 0.0 0.0 0.0 1.0 0.0 0.0 0.0 0.0 1.0 0.0 0.0 0.0 0.0 1.0 1.0 0.0 0.0 0.0 0.0 1.0 0.0 0.0 0.0 0.0 1.0 0.0 0.0 0.0 0.0 1.0 1.0 0.0 0.0 0.0 0.0 1.0 0.0 0.0 0.0 0.0 1.0 0.0 0.0 0.0 0.0 1.0 1.0 0.0 0.0 0.0 0.0 1.0 0.0 0.0 0.0 0.0 1.0 0.0 0.0 0.0 0.0 1.0 1.0 0.0 0.0 0.0 0.0 1.0 0.0 0.0 0.0 0.0 1.0 0.0 0.0 0.0 0.0 1.0 1.0 0.0 0.0 0.0 0.0 1.0 0.0 0.0 0.0 0.0 1.0 0.0 0.0 0.0 0.0 1.0 1.0 0.0 0.0 0.0 0.0 1.0 0.0 0.0 0.0 0.0 1.0 0.0 0.0 0.0 0.0 1.0 1.0 0.0 0.0 0.0 0.0 1.0 0.0 0.0 0.0 0.0 1.0 0.0 0.0 0.0 0.0 1.0 1.0 0.0 0.0 0.0 0.0 1.0 0.0 0.0 0.0 0.0 1.0 0.0 0.0 0.0 0.0 1.0 1.0 0.0 0.0 0.0 0.0 1.0 0.0 0.0 0.0 0.0 1.0 0.0 0.0 0.0 0.0 1.0 1.0 0.0 0.0 0.0 0.0 1.0 0.0 0.0 0.0 0.0 1.0 0.0 0.0 0.0 0.0 1.0 1.0 0.0 0.0 0.0 0.0 1.0 0.0 0.0 0.0 0.0 1.0 0.0 0.0 0.0 0.0 1.0 1.0 0.0 0.0 0.0 0.0 1.0 0.0 0.0 0.0 0.0 1.0 0.0 0.0 0.0 0.0 1.0 1.0 0.0 0.0 0.0 0.0 1.0 0.0 0.0 0.0 0.0 1.0 0.0 0.0 0.0 0.0 1.0 1.0 0.0 0.0 0.0 0.0 1.0 0.0 0.0 0.0 0.0 1.0 0.0 0.0 0.0 0.0 1.0 1.0 0.0 0.0 0.0 0.0 1.0 0.0 0.0 0.0 0.0 1.0 0.0 0.0 0.0 0.0 1.0 1.0 0.0 0.0 0.0 0.0 1.0 0.0 0.0 0.0 0.0 1.0 0.0 0.0 0.0 0.0 1.0 1.0 0.0 0.0 0.0 0.0 1.0 0.0 0.0 0.0 0.0 1.0 0.0 0.0 0.0 0.0 1.0 1.0 0.0 0.0 0.0 0.0 1.0 0.0 0.0 0.0 0.0 1.0 0.0 0.0 0.0 0.0 1.0 1.0 0.0 0.0 0.0 0.0 1.0 0.0 0.0 0.0 0.0 1.0 0.0 0.0 0.0 0.0 1.0 1.0 0.0 0.0 0.0 0.0 1.0 0.0 0.0 0.0 0.0 1.0 0.0 0.0 0.0 0.0 1.0 1.0 0.0 0.0 0.0 0.0 1.0 0.0 0.0 0.0 0.0 1.0 0.0 0.0 0.0 0.0 1.0 1.0 0.0 0.0 0.0 0.0 1.0 0.0 0.0 0.0 0.0 1.0 0.0 0.0 0.0 0.0 1.0 </float_array>
          <technique_common>
            <accessor count="52" source="#Controller-local-anim-outSource-local-array" stride="16">
              <param type="float4x4"/>
            </accessor>
          </technique_common>
        </source>
        <sampler id="Controller-local-anim-localSampler">
          <input semantic="INPUT" source="#Controller-local-anim-inSource-TIME"/>
          <input semantic="OUTPUT" source="#Controller-local-anim-outSource-local"/>
          <input semantic="INTERPOLATION" source="#Controller-local-anim-interpolation"/>
        </sampler>
        <channel source="#Controller-local-anim-localSampler" target="Controller-local/matrix"/>
      </animation>
    </animation>
    <animation id="Body-global-anim" name="Body-global-anim">
      <animation>
        <source id="Body-global-anim-inSource-TIME">
          <float_array count="52" id="Body-global-anim-inSource-TIME-array">0.0 0.041666668 0.083333336 0.125 0.16666667 0.20833333 0.25 0.29166666 0.33333334 0.375 0.41666666 0.45833334 0.5 0.5416667 0.5833333 0.625 0.6666667 0.7083333 0.75 0.7916667 0.8333333 0.875 0.9166667 0.9583333 1.0 1.0416666 1.0833334 1.125 1.1666666 1.2083334 1.25 1.2916666 1.3333334 1.375 1.4166666 1.4583334 1.5 1.5416666 1.5833334 1.625 1.6666666 1.7083334 1.75 1.7916666 1.8333334 1.875 1.9166666 1.9583334 2.0 2.0416667 2.0833333 2.125 </float_array>
          <technique_common>
            <accessor count="52" source="#Body-global-anim-inSource-TIME-array">
              <param name="TIME" type="float"/>
            </accessor>
          </technique_common>
        </source>
        <source id="Body-global-anim-interpolation">
          <Name_array count="52" id="Body-global-anim-interpolation-array">LINEAR LINEAR LINEAR LINEAR LINEAR LINEAR LINEAR LINEAR LINEAR LINEAR LINEAR LINEAR LINEAR LINEAR LINEAR LINEAR LINEAR LINEAR LINEAR LINEAR LINEAR LINEAR LINEAR LINEAR LINEAR LINEAR LINEAR LINEAR LINEAR LINEAR LINEAR LINEAR LINEAR LINEAR LINEAR LINEAR LINEAR LINEAR LINEAR LINEAR LINEAR LINEAR LINEAR LINEAR LINEAR LINEAR LINEAR LINEAR LINEAR LINEAR LINEAR LINEAR </Name_array>
          <technique_common>
            <accessor count="52" source="#Body-global-anim-interpolation-array">
              <param type="name"/>
            </accessor>
          </technique_common>
        </source>
        <source id="Body-global-anim-outSource-global">
          <float_array count="832" id="Body-global-anim-outSource-global-array">1.0 0.0 0.0 0.0 0.0 1.0 0.0 0.0 0.0 0.0 1.0 0.0 0.0 0.0 0.0 1.0 1.0 0.0 0.0 0.0 0.0 0.9989832 0.04508491 0.0 0.0 -0.04508491 0.9989832 0.0 0.0 0.0 0.0 1.0 1.0000002 0.0 0.0 0.0 0.0 0.9962198 0.08687081 0.0 0.0 -0.08687081 0.9962198 0.0 0.0 0.0 0.0 1.0 1.0000001 0.0 0.0 0.0 0.0 0.99210274 0.1254286 0.0 0.0 -0.1254286 0.99210274 0.0 0.0 0.0 0.0 1.0 1.0000002 0.0 0.0 0.0 0.0 0.9869781 0.16085589 0.0 0.0 -0.16085589 0.9869781 0.0 0.0 0.0 0.0 1.0 1.0 0.0 0.0 0.0 0.0 0.98114574 0.19326955 0.0 0.0 -0.19326955 0.98114574 0.0 0.0 0.0 0.0 1.0 1.0 0.0 0.0 0.0 0.0 0.9748641 0.22280039 0.0 0.0 -0.22280039 0.9748641 0.0 0.0 0.0 0.0 1.0 1.0000001 0.0 0.0 0.0 0.0 0.96835214 0.24958828 0.0 0.0 -0.24958828 0.96835214 0.0 0.0 0.0 0.0 1.0 1.0 0.0 0.0 0.0 0.0 0.9617927 0.27377862 0.0 0.0 -0.27377862 0.9617927 0.0 0.0 0.0 0.0 1.0 1.0 0.0 0.0 0.0 0.0 0.95533687 0.2955191 0.0 0.0 -0.2955191 0.95533687 0.0 0.0 0.0 0.0 1.0 1.0 0.0 0.0 0.0 0.0 0.9491056 0.31495786 0.0 0.0 -0.31495786 0.9491056 0.0 0.0 0.0 0.0 1.0 1.0 0.0 0.0 0.0 0.0 0.94319445 0.33224136 0.0 0.0 -0.33224136 0.94319445 0.0 0.0 0.0 0.0 1.0 1.0 0.0 0.0 0.0 0.0 0.93767494 0.34751368 0.0 0.0 -0.34751368 0.93767494 0.0 0.0 0.0 0.0 1.0 1.0000001 0.0 0.0 0.0 0.0 0.9325987 0.36091545 0.0 0.0 -0.36091545 0.9325987 0.0 0.0 0.0 0.0 1.0 0.99999994 0.0 0.0 0.0 0.0 0.9279986 0.37258345 0.0 0.0 -0.37258345 0.9279986 0.0 0.0 0.0 0.0 1.0 1.0 0.0 0.0 0.0 0.0 0.923893 0.382651 0.0 0.0 -0.382651 0.923893 0.0 0.0 0.0 0.0 1.0 1.0000001 0.0 0.0 0.0 0.0 0.9202859 0.39124703 0.0 0.0 -0.39124703 0.9202859 0.0 0.0 0.0 0.0 1.0 1.0000002 0.0 0.0 0.0 0.0 0.9171699 0.3984968 0.0 0.0 -0.3984968 0.9171699 0.0 0.0 0.0 0.0 1.0 1.0 0.0 0.0 0.0 0.0 0.91452813 0.40452233 0.0 0.0 -0.40452233 0.91452813 0.0 0.0 0.0 0.0 1.0 1.0000001 0.0 0.0 0.0 0.0 0.912336 0.4094426 0.0 0.0 -0.4094426 0.912336 0.0 0.0 0.0 0.0 1.0 1.0 0.0 0.0 0.0 0.0 0.9105614 0.41337392 0.0 0.0 -0.41337392 0.9105614 0.0 0.0 0.0 0.0 1.0 1.0 0.0 0.0 0.0 0.0 0.90916765 0.41643026 0.0 0.0 -0.41643026 0.90916765 0.0 0.0 0.0 0.0 1.0 1.0 0.0 0.0 0.0 0.0 0.9081136 0.418724 0.0 0.0 -0.418724 0.9081136 0.0 0.0 0.0 0.0 1.0 1.0000001 0.0 0.0 0.0 0.0 0.90735483 0.4203659 0.0 0.0 -0.4203659 0.90735483 0.0 0.0 0.0 0.0 1.0 1.0 0.0 0.0 0.0 0.0 0.9068444 0.4214657 0.0 0.0 -0.4214657 0.9068444 0.0 0.0 0.0 0.0 1.0 1.0 0.0 0.0 0.0 0.0 0.9065341 0.42213255 0.0 0.0 -0.42213255 0.9065341 0.0 0.0 0.0 0.0 1.0 1.0000001 0.0 0.0 0.0 0.0 0.9063747 0.4224749 0.0 0.0 -0.4224749 0.9063747 0.0 0.0 0.0 0.0 1.0 1.0 0.0 0.0 0.0 0.0 0.90631586 0.42260095 0.0 0.0 -0.42260095 0.90631586 0.0 0.0 0.0 0.0 1.0 1.0 0.0 0.0 0.0 0.0 0.9063075 0.422619 0.0 0.0 -0.422619 0.9063075 0.0 0.0 0.0 0.0 1.0 1.0 0.0 0.0 0.0 0.0 0.91365606 0.4064882 0.0 0.0 -0.4064882 0.91365606 0.0 0.0 0.0 0.0 1.0 1.0000001 0.0 0.0 0.0 0.0 0.9339707 0.35735005 0.0 0.0 -0.35735005 0.9339707 0.0 0.0 0.0 0.0 1.0 1.0000002 0.0 0.0 0.0 0.0 0.96193534 0.2732779 0.0 0.0 -0.2732779 0.96193534 0.0 0.0 0.0 0.0 1.0 1.0000002 0.0 0.0 0.0 0.0 0.98836166 0.15212399 0.0 0.0 -0.15212399 0.98836166 0.0 0.0 0.0 0.0 1.0 1.0000001 0.0 0.0 0.0 0.0 0.9995902 0.028630897 0.0 0.0 -0.028630897 0.9995902 0.0 0.0 0.0 0.0 1.0 1.0000001 0.0 0.0 0.0 0.0 0.9982009 -0.059959296 0.0 0.0 0.059959296 0.9982009 0.0 0.0 0.0 0.0 1.0 0.99999994 0.0 0.0 0.0 0.0 0.9936027 -0.11293181 0.0 0.0 0.11293181 0.9936027 0.0 0.0 0.0 0.0 1.0 1.0 0.0 0.0 0.0 0.0 0.99144495 -0.13052584 0.0 0.0 0.13052584 0.99144495 0.0 0.0 0.0 0.0 1.0 1.0 0.0 0.0 0.0 0.0 0.99344784 -0.11428668 0.0 0.0 0.11428668 0.99344784 0.0 0.0 0.0 0.0 1.0 1.0000001 0.0 0.0 0.0 0.0 0.99518484 -0.098016895 0.0 0.0 0.098016895 0.99518484 0.0 0.0 0.0 0.0 1.0 1.0000001 0.0 0.0 0.0 0.0 0.99665534 -0.081720866 0.0 0.0 0.081720866 0.99665534 0.0 0.0 0.0 0.0 1.0 1.0 0.0 0.0 0.0 0.0 0.9978589 -0.06540296 0.0 0.0 0.06540296 0.9978589 0.0 0.0 0.0 0.0 1.0 1.0000001 0.0 0.0 0.0 0.0 0.9987956 -0.049067553 0.0 0.0 0.049067553 0.9987956 0.0 0.0 0.0 0.0 1.0 1.0000002 0.0 0.0 0.0 0.0 0.9994648 -0.03271901 0.0 0.0 0.03271901 0.9994648 0.0 0.0 0.0 0.0 1.0 1.0 0.0 0.0 0.0 0.0 0.9998662 -0.0163617 0.0 0.0 0.0163617 0.9998662 0.0 0.0 0.0 0.0 1.0 1.0 0.0 0.0 0.0 0.0 1.0 0.0 0.0 0.0 0.0 1.0 0.0 0.0 0.0 0.0 1.0 1.0 0.0 0.0 0.0 0.0 1.0 0.0 0.0 0.0 0.0 1.0 0.0 0.0 0.0 0.0 1.0 1.0 0.0 0.0 0.0 0.0 1.0 0.0 0.0 0.0 0.0 1.0 0.0 0.0 0.0 0.0 1.0 1.0 0.0 0.0 0.0 0.0 1.0 0.0 0.0 0.0 0.0 1.0 0.0 0.0 0.0 0.0 1.0 1.0 0.0 0.0 0.0 0.0 1.0 0.0 0.0 0.0 0.0 1.0 0.0 0.0 0.0 0.0 1.0 1.0 0.0 0.0 0.0 0.0 1.0 0.0 0.0 0.0 0.0 1.0 0.0 0.0 0.0 0.0 1.0 1.0 0.0 0.0 0.0 0.0 1.0 0.0 0.0 0.0 0.0 1.0 0.0 0.0 0.0 0.0 1.0 1.0 0.0 0.0 0.0 0.0 1.0 0.0 0.0 0.0 0.0 1.0 0.0 0.0 0.0 0.0 1.0 </float_array>
          <technique_common>
            <accessor count="52" source="#Body-global-anim-outSource-global-array" stride="16">
              <param type="float4x4"/>
            </accessor>
          </technique_common>
        </source>
        <sampler id="Body-global-anim-globalSampler">
          <input semantic="INPUT" source="#Body-global-anim-inSource-TIME"/>
          <input semantic="OUTPUT" source="#Body-global-anim-outSource-global"/>
          <input semantic="INTERPOLATION" source="#Body-global-anim-interpolation"/>
        </sampler>
        <channel source="#Body-global-anim-globalSampler" target="Body-global/matrix"/>
      </animation>
    </animation>
    <animation id="Body-local-anim" name="Body-local-anim">
      <animation>
        <source id="Body-local-anim-inSource-TIME">
          <float_array count="52" id="Body-local-anim-inSource-TIME-array">0.0 0.041666668 0.083333336 0.125 0.16666667 0.20833333 0.25 0.29166666 0.33333334 0.375 0.41666666 0.45833334 0.5 0.5416667 0.5833333 0.625 0.6666667 0.7083333 0.75 0.7916667 0.8333333 0.875 0.9166667 0.9583333 1.0 1.0416666 1.0833334 1.125 1.1666666 1.2083334 1.25 1.2916666 1.3333334 1.375 1.4166666 1.4583334 1.5 1.5416666 1.5833334 1.625 1.6666666 1.7083334 1.75 1.7916666 1.8333334 1.875 1.9166666 1.9583334 2.0 2.0416667 2.0833333 2.125 </float_array>
          <technique_common>
            <accessor count="52" source="#Body-local-anim-inSource-TIME-array">
              <param name="TIME" type="float"/>
            </accessor>
          </technique_common>
        </source>
        <source id="Body-local-anim-interpolation">
          <Name_array count="52" id="Body-local-anim-interpolation-array">LINEAR LINEAR LINEAR LINEAR LINEAR LINEAR LINEAR LINEAR LINEAR LINEAR LINEAR LINEAR LINEAR LINEAR LINEAR LINEAR LINEAR LINEAR LINEAR LINEAR LINEAR LINEAR LINEAR LINEAR LINEAR LINEAR LINEAR LINEAR LINEAR LINEAR LINEAR LINEAR LINEAR LINEAR LINEAR LINEAR LINEAR LINEAR LINEAR LINEAR LINEAR LINEAR LINEAR LINEAR LINEAR LINEAR LINEAR LINEAR LINEAR LINEAR LINEAR LINEAR </Name_array>
          <technique_common>
            <accessor count="52" source="#Body-local-anim-interpolation-array">
              <param type="name"/>
            </accessor>
          </technique_common>
        </source>
        <source id="Body-local-anim-outSource-local">
          <float_array count="832" id="Body-local-anim-outSource-local-array">1.0 0.0 0.0 -0.5000001 0.0 1.0 0.0 -0.50000024 0.0 0.0 1.0 -0.49999952 0.0 0.0 0.0 1.0 1.0 0.0 0.0 -0.5000001 0.0 1.0 0.0 -0.50000024 0.0 0.0 1.0 -0.49999952 0.0 0.0 0.0 1.0 1.0 0.0 0.0 -0.5000001 0.0 1.0 0.0 -0.50000024 0.0 0.0 1.0 -0.49999952 0.0 0.0 0.0 1.0 1.0 0.0 0.0 -0.5000001 0.0 1.0 0.0 -0.50000024 0.0 0.0 1.0 -0.49999952 0.0 0.0 0.0 1.0 1.0 0.0 0.0 -0.5000001 0.0 1.0 0.0 -0.50000024 0.0 0.0 1.0 -0.49999952 0.0 0.0 0.0 1.0 1.0 0.0 0.0 -0.5000001 0.0 1.0 0.0 -0.50000024 0.0 0.0 1.0 -0.49999952 0.0 0.0 0.0 1.0 1.0 0.0 0.0 -0.5000001 0.0 1.0 0.0 -0.50000024 0.0 0.0 1.0 -0.49999952 0.0 0.0 0.0 1.0 1.0 0.0 0.0 -0.5000001 0.0 1.0 0.0 -0.50000024 0.0 0.0 1.0 -0.49999952 0.0 0.0 0.0 1.0 1.0 0.0 0.0 -0.5000001 0.0 1.0 0.0 -0.50000024 0.0 0.0 1.0 -0.49999952 0.0 0.0 0.0 1.0 1.0 0.0 0.0 -0.5000001 0.0 1.0 0.0 -0.50000024 0.0 0.0 1.0 -0.49999952 0.0 0.0 0.0 1.0 1.0 0.0 0.0 -0.5000001 0.0 1.0 0.0 -0.50000024 0.0 0.0 1.0 -0.49999952 0.0 0.0 0.0 1.0 1.0 0.0 0.0 -0.5000001 0.0 1.0 0.0 -0.50000024 0.0 0.0 1.0 -0.49999952 0.0 0.0 0.0 1.0 1.0 0.0 0.0 -0.5000001 0.0 1.0 0.0 -0.50000024 0.0 0.0 1.0 -0.49999952 0.0 0.0 0.0 1.0 1.0 0.0 0.0 -0.5000001 0.0 1.0 0.0 -0.50000024 0.0 0.0 1.0 -0.49999952 0.0 0.0 0.0 1.0 1.0 0.0 0.0 -0.5000001 0.0 1.0 0.0 -0.50000024 0.0 0.0 1.0 -0.49999952 0.0 0.0 0.0 1.0 1.0 0.0 0.0 -0.5000001 0.0 1.0 0.0 -0.50000024 0.0 0.0 1.0 -0.49999952 0.0 0.0 0.0 1.0 1.0 0.0 0.0 -0.5000001 0.0 1.0 0.0 -0.50000024 0.0 0.0 1.0 -0.49999952 0.0 0.0 0.0 1.0 1.0 0.0 0.0 -0.5000001 0.0 1.0 0.0 -0.50000024 0.0 0.0 1.0 -0.49999952 0.0 0.0 0.0 1.0 1.0 0.0 0.0 -0.5000001 0.0 1.0 0.0 -0.50000024 0.0 0.0 1.0 -0.49999952 0.0 0.0 0.0 1.0 1.0 0.0 0.0 -0.5000001 0.0 1.0 0.0 -0.50000024 0.0 0.0 1.0 -0.49999952 0.0 0.0 0.0 1.0 1.0 0.0 0.0 -0.5000001 0.0 1.0 0.0 -0.50000024 0.0 0.0 1.0 -0.49999952 0.0 0.0 0.0 1.0 1.0 0.0 0.0 -0.5000001 0.0 1.0 0.0 -0.50000024 0.0 0.0 1.0 -0.49999952 0.0 0.0 0.0 1.0 1.0 0.0 0.0 -0.5000001 0.0 1.0 0.0 -0.50000024 0.0 0.0 1.0 -0.49999952 0.0 0.0 0.0 1.0 1.0 0.0 0.0 -0.5000001 0.0 1.0 0.0 -0.50000024 0.0 0.0 1.0 -0.49999952 0.0 0.0 0.0 1.0 1.0 0.0 0.0 -0.5000001 0.0 1.0 0.0 -0.50000024 0.0 0.0 1.0 -0.49999952 0.0 0.0 0.0 1.0 1.0 0.0 0.0 -0.5000001 0.0 1.0 0.0 -0.50000024 0.0 0.0 1.0 -0.49999952 0.0 0.0 0.0 1.0 1.0 0.0 0.0 -0.5000001 0.0 1.0 0.0 -0.50000024 0.0 0.0 1.0 -0.49999952 0.0 0.0 0.0 1.0 1.0 0.0 0.0 -0.5000001 0.0 1.0 0.0 -0.50000024 0.0 0.0 1.0 -0.49999952 0.0 0.0 0.0 1.0 1.0 0.0 0.0 -0.5000001 0.0 1.0 0.0 -0.50000024 0.0 0.0 1.0 -0.49999952 0.0 0.0 0.0 1.0 1.0 0.0 0.0 -0.5000001 0.0 1.0 0.0 -0.50000024 0.0 0.0 1.0 -0.49999952 0.0 0.0 0.0 1.0 1.0 0.0 0.0 -0.5000001 0.0 1.0 0.0 -0.50000024 0.0 0.0 1.0 -0.49999952 0.0 0.0 0.0 1.0 1.0 0.0 0.0 -0.5000001 0.0 1.0 0.0 -0.50000024 0.0 0.0 1.0 -0.49999952 0.0 0.0 0.0 1.0 1.0 0.0 0.0 -0.5000001 0.0 1.0 0.0 -0.50000024 0.0 0.0 1.0 -0.49999952 0.0 0.0 0.0 1.0 1.0 0.0 0.0 -0.5000001 0.0 1.0 0.0 -0.50000024 0.0 0.0 1.0 -0.49999952 0.0 0.0 0.0 1.0 1.0 0.0 0.0 -0.5000001 0.0 1.0 0.0 -0.50000024 0.0 0.0 1.0 -0.49999952 0.0 0.0 0.0 1.0 1.0 0.0 0.0 -0.5000001 0.0 1.0 0.0 -0.50000024 0.0 0.0 1.0 -0.49999952 0.0 0.0 0.0 1.0 1.0 0.0 0.0 -0.5000001 0.0 1.0 0.0 -0.50000024 0.0 0.0 1.0 -0.49999952 0.0 0.0 0.0 1.0 1.0 0.0 0.0 -0.5000001 0.0 1.0 0.0 -0.50000024 0.0 0.0 1.0 -0.49999952 0.0 0.0 0.0 1.0 1.0 0.0 0.0 -0.5000001 0.0 1.0 0.0 -0.50000024 0.0 0.0 1.0 -0.49999952 0.0 0.0 0.0 1.0 1.0 0.0 0.0 -0.5000001 0.0 1.0 0.0 -0.50000024 0.0 0.0 1.0 -0.49999952 0.0 0.0 0.0 1.0 1.0 0.0 0.0 -0.5000001 0.0 1.0 0.0 -0.50000024 0.0 0.0 1.0 -0.49999952 0.0 0.0 0.0 1.0 1.0 0.0 0.0 -0.5000001 0.0 1.0 0.0 -0.50000024 0.0 0.0 1.0 -0.49999952 0.0 0.0 0.0 1.0 1.0 0.0 0.0 -0.5000001 0.0 1.0 0.0 -0.50000024 0.0 0.0 1.0 -0.49999952 0.0 0.0 0.0 1.0 1.0 0.0 0.0 -0.5000001 0.0 1.0 0.0 -0.50000024 0.0 0.0 1.0 -0.49999952 0.0 0.0 0.0 1.0 1.0 0.0 0.0 -0.5000001 0.0 1.0 0.0 -0.50000024 0.0 0.0 1.0 -0.49999952 0.0 0.0 0.0 1.0 1.0 0.0 0.0 -0.5000001 0.0 1.0 0.0 -0.50000024 0.0 0.0 1.0 -0.49999952 0.0 0.0 0.0 1.0 1.0 0.0 0.0 -0.5000001 0.0 1.0 0.0 -0.50000024 0.0 0.0 1.0 -0.49999952 0.0 0.0 0.0 1.0 1.0 0.0 0.0 -0.5000001 0.0 1.0 0.0 -0.50000024 0.0 0.0 1.0 -0.49999952 0.0 0.0 0.0 1.0 1.0 0.0 0.0 -0.5000001 0.0 1.0 0.0 -0.50000024 0.0 0.0 1.0 -0.49999952 0.0 0.0 0.0 1.0 1.0 0.0 0.0 -0.5000001 0.0 1.0 0.0 -0.50000024 0.0 0.0 1.0 -0.49999952 0.0 0.0 0.0 1.0 1.0 0.0 0.0 -0.5000001 0.0 1.0 0.0 -0.50000024 0.0 0.0 1.0 -0.49999952 0.0 0.0 0.0 1.0 1.0 0.0 0.0 -0.5000001 0.0 1.0 0.0 -0.50000024 0.0 0.0 1.0 -0.49999952 0.0 0.0 0.0 1.0 </float_array>
          <technique_common>
            <accessor count="52" source="#Body-local-anim-outSource-local-array" stride="16">
              <param type="float4x4"/>
            </accessor>
          </technique_common>
        </source>
        <sampler id="Body-local-anim-localSampler">
          <input semantic="INPUT" source="#Body-local-anim-inSource-TIME"/>
          <input semantic="OUTPUT" source="#Body-local-anim-outSource-local"/>
          <input semantic="INTERPOLATION" source="#Body-local-anim-interpolation"/>
        </sampler>
        <channel source="#Body-local-anim-localSampler" target="Body-local/matrix"/>
      </animation>
    </animation>
    <animation id="Neck-global-anim" name="Neck-global-anim">
      <animation>
        <source id="Neck-global-anim-inSource-TIME">
          <float_array count="52" id="Neck-global-anim-inSource-TIME-array">0.0 0.041666668 0.083333336 0.125 0.16666667 0.20833333 0.25 0.29166666 0.33333334 0.375 0.41666666 0.45833334 0.5 0.5416667 0.5833333 0.625 0.6666667 0.7083333 0.75 0.7916667 0.8333333 0.875 0.9166667 0.9583333 1.0 1.0416666 1.0833334 1.125 1.1666666 1.2083334 1.25 1.2916666 1.3333334 1.375 1.4166666 1.4583334 1.5 1.5416666 1.5833334 1.625 1.6666666 1.7083334 1.75 1.7916666 1.8333334 1.875 1.9166666 1.9583334 2.0 2.0416667 2.0833333 2.125 </float_array>
          <technique_common>
            <accessor count="52" source="#Neck-global-anim-inSource-TIME-array">
              <param name="TIME" type="float"/>
            </accessor>
          </technique_common>
        </source>
        <source id="Neck-global-anim-interpolation">
          <Name_array count="52" id="Neck-global-anim-interpolation-array">LINEAR LINEAR LINEAR LINEAR LINEAR LINEAR LINEAR LINEAR LINEAR LINEAR LINEAR LINEAR LINEAR LINEAR LINEAR LINEAR LINEAR LINEAR LINEAR LINEAR LINEAR LINEAR LINEAR LINEAR LINEAR LINEAR LINEAR LINEAR LINEAR LINEAR LINEAR LINEAR LINEAR LINEAR LINEAR LINEAR LINEAR LINEAR LINEAR LINEAR LINEAR LINEAR LINEAR LINEAR LINEAR LINEAR LINEAR LINEAR LINEAR LINEAR LINEAR LINEAR </Name_array>
          <technique_common>
            <accessor count="52" source="#Neck-global-anim-interpolation-array">
              <param type="name"/>
            </accessor>
          </technique_common>
        </source>
        <source id="Neck-global-anim-outSource-global">
          <float_array count="832" id="Neck-global-anim-outSource-global-array">1.0000001 0.0 0.0 -0.5 0.0 0.0 -1.0000001 3.5762787E-7 0.0 1.0000001 0.0 3.0 0.0 0.0 0.0 1.0 1.0000001 0.0 0.0 -0.5 0.0 0.0 -1.0000001 3.5762787E-7 0.0 1.0000001 0.0 3.0 0.0 0.0 0.0 1.0 1.0000001 0.0 0.0 -0.5 0.0 0.0 -1.0000001 3.5762787E-7 0.0 1.0000001 0.0 3.0 0.0 0.0 0.0 1.0 1.0000001 0.0 0.0 -0.5 0.0 0.0 -1.0000001 3.5762787E-7 0.0 1.0000001 0.0 3.0 0.0 0.0 0.0 1.0 1.0000001 0.0 0.0 -0.5 0.0 0.0 -1.0000001 3.5762787E-7 0.0 1.0000001 0.0 3.0 0.0 0.0 0.0 1.0 1.0 0.0 0.0 -0.5 0.0 0.0016261041 -0.9999987 3.5762787E-7 0.0 0.9999987 0.0016261041 3.0 0.0 0.0 0.0 1.0 1.0 0.0 0.0 -0.5 0.0 0.0065042973 -0.99997884 3.5762787E-7 0.0 0.99997884 0.0065042973 3.0 0.0 0.0 0.0 1.0 1.0 0.0 0.0 -0.5 0.0 0.014634192 -0.999893 3.5762787E-7 0.0 0.999893 0.014634192 3.0 0.0 0.0 0.0 1.0 1.0000001 0.0 0.0 -0.5 0.0 0.026014358 -0.9996617 3.5762787E-7 0.0 0.9996617 0.026014358 3.0 0.0 0.0 0.0 1.0 1.0 0.0 0.0 -0.5 0.0 0.04064089 -0.9991739 3.5762787E-7 0.0 0.9991739 0.04064089 3.0 0.0 0.0 0.0 1.0 1.0000001 0.0 0.0 -0.5 0.0 0.058505535 -0.9982872 3.5762787E-7 0.0 0.9982872 0.058505535 3.0 0.0 0.0 0.0 1.0 1.0 0.0 0.0 -0.5 0.0 0.07959372 -0.9968275 3.5762787E-7 0.0 0.9968275 0.07959372 3.0 0.0 0.0 0.0 1.0 1.0 0.0 0.0 -0.5 0.0 0.10388157 -0.9945897 3.5762787E-7 0.0 0.9945897 0.10388157 3.0 0.0 0.0 0.0 1.0 1.0 0.0 0.0 -0.5 0.0 0.13133222 -0.9913385 3.5762787E-7 0.0 0.9913385 0.13133222 3.0 0.0 0.0 0.0 1.0 1.0 0.0 0.0 -0.5 0.0 0.16189256 -0.98680836 3.5762787E-7 0.0 0.98680836 0.16189256 3.0 0.0 0.0 0.0 1.0 1.0000001 0.0 0.0 -0.5 0.0 0.19548914 -0.98070604 3.5762787E-7 0.0 0.98070604 0.19548914 3.0 0.0 0.0 0.0 1.0 1.0000001 0.0 0.0 -0.5 0.0 0.23123112 -0.97289896 3.5762787E-7 0.0 0.97289896 0.23123112 3.0 0.0 0.0 0.0 1.0 1.0000002 0.0 0.0 -0.5 0.0 0.26431236 -0.96443737 3.5762787E-7 0.0 0.96443737 0.26431236 3.0 0.0 0.0 0.0 1.0 1.0 0.0 0.0 -0.5 0.0 0.2939782 -0.95581216 3.5762787E-7 0.0 0.95581216 0.2939782 3.0 0.0 0.0 0.0 1.0 1.0000002 0.0 0.0 -0.5 0.0 0.32028443 -0.9473216 3.5762787E-7 0.0 0.9473216 0.32028443 3.0 0.0 0.0 0.0 1.0 1.0000001 0.0 0.0 -0.5 0.0 0.3432932 -0.9392284 3.5762787E-7 0.0 0.9392284 0.3432932 3.0 0.0 0.0 0.0 1.0 1.0000001 0.0 0.0 -0.5 0.0 0.36306953 -0.93176216 3.5762787E-7 0.0 0.93176216 0.36306953 3.0 0.0 0.0 0.0 1.0 1.0000002 0.0 0.0 -0.5 0.0 0.379677 -0.92511934 3.5762787E-7 0.0 0.92511934 0.379677 3.0 0.0 0.0 0.0 1.0 1.0000001 0.0 0.0 -0.5 0.0 0.39317474 -0.91946393 3.5762787E-7 0.0 0.91946393 0.39317474 3.0 0.0 0.0 0.0 1.0 1.0000001 0.0 0.0 -0.5 0.0 0.40361476 -0.91492915 3.5762787E-7 0.0 0.91492915 0.40361476 3.0 0.0 0.0 0.0 1.0 1.0 0.0 0.0 -0.5 0.0 0.4110401 -0.9116172 3.5762787E-7 0.0 0.9116172 0.4110401 3.0 0.0 0.0 0.0 1.0 1.0 0.0 0.0 -0.5 0.0 0.4154824 -0.9096012 3.5762787E-7 0.0 0.9096012 0.4154824 3.0 0.0 0.0 0.0 1.0 1.0 0.0 0.0 -0.5 0.0 0.41696087 -0.9089244 3.5762787E-7 0.0 0.9089244 0.41696087 3.0 0.0 0.0 0.0 1.0 1.0 0.0 0.0 -0.5 0.0 0.42575422 -0.9048388 3.5762787E-7 0.0 0.9048388 0.42575422 3.0 0.0 0.0 0.0 1.0 1.0 0.0 0.0 -0.5 0.0 0.45189124 -0.8920731 3.5762787E-7 0.0 0.8920731 0.45189124 3.0 0.0 0.0 0.0 1.0 1.0 0.0 0.0 -0.5 0.0 0.49459237 -0.8691251 3.5762787E-7 0.0 0.8691251 0.49459237 3.0 0.0 0.0 0.0 1.0 1.0000001 0.0 0.0 -0.5 0.0 0.5361312 -0.8441348 3.5762787E-7 0.0 0.8441348 0.5361312 3.0 0.0 0.0 0.0 1.0 1.0 0.0 0.0 -0.5 0.0 0.56045586 -0.82818437 3.5762787E-7 0.0 0.82818437 0.56045586 3.0 0.0 0.0 0.0 1.0 0.99999994 0.0 0.0 -0.5 0.0 0.5684596 -0.8227111 3.5762787E-7 0.0 0.8227111 0.5684596 3.0 0.0 0.0 0.0 1.0 0.99999994 0.0 0.0 -0.5 0.0 0.54408187 -0.83903205 3.5762787E-7 0.0 0.83903205 0.54408187 3.0 0.0 0.0 0.0 1.0 1.0 0.0 0.0 -0.5 0.0 0.46822497 -0.8836093 3.5762787E-7 0.0 0.8836093 0.46822497 3.0 0.0 0.0 0.0 1.0 0.9999999 0.0 0.0 -0.5 0.0 0.38874328 -0.921346 3.5762787E-7 0.0 0.921346 0.38874328 3.0 0.0 0.0 0.0 1.0 0.99999994 0.0 0.0 -0.5 0.0 0.36154956 -0.93235284 3.5762787E-7 0.0 0.93235284 0.36154956 3.0 0.0 0.0 0.0 1.0 1.0 0.0 0.0 -0.5 0.0 0.37704903 -0.92619336 3.5762787E-7 0.0 0.92619336 0.37704903 3.0 0.0 0.0 0.0 1.0 1.0 0.0 0.0 -0.5 0.0 0.42290092 -0.9061759 3.5762787E-7 0.0 0.9061759 0.42290092 3.0 0.0 0.0 0.0 1.0 1.0000001 0.0 0.0 -0.5 0.0 0.49691296 -0.86780053 3.5762787E-7 0.0 0.86780053 0.49691296 3.0 0.0 0.0 0.0 1.0 1.0000001 0.0 0.0 -0.5 0.0 0.59461665 -0.8040095 3.5762787E-7 0.0 0.8040095 0.59461665 3.0 0.0 0.0 0.0 1.0 1.0 0.0 0.0 -0.5 0.0 0.7081658 -0.7060462 3.5762787E-7 0.0 0.7060462 0.7081658 3.0 0.0 0.0 0.0 1.0 1.0000001 0.0 0.0 -0.5 0.0 0.8250908 -0.56500024 3.5762787E-7 0.0 0.56500024 0.8250908 3.0 0.0 0.0 0.0 1.0 1.0000001 0.0 0.0 -0.5 0.0 0.91432124 -0.40498993 3.5762787E-7 0.0 0.40498993 0.91432124 3.0 0.0 0.0 0.0 1.0 1.0000001 0.0 0.0 -0.5 0.0 0.9646039 -0.26370344 3.5762787E-7 0.0 0.26370344 0.9646039 3.0 0.0 0.0 0.0 1.0 1.0 0.0 0.0 -0.5 0.0 0.98875487 -0.1495454 3.5762787E-7 0.0 0.1495454 0.98875487 3.0 0.0 0.0 0.0 1.0 1.0 0.0 0.0 -0.5 0.0 0.99777544 -0.0666652 3.5762787E-7 0.0 0.0666652 0.99777544 3.0 0.0 0.0 0.0 1.0 1.0000001 0.0 0.0 -0.5 0.0 0.99986106 -0.016678115 3.5762787E-7 0.0 0.016678115 0.99986106 3.0 0.0 0.0 0.0 1.0 1.0 0.0 0.0 -0.5 0.0 1.0 0.0 3.5762787E-7 0.0 0.0 1.0 3.0 0.0 0.0 0.0 1.0 1.0 0.0 0.0 -0.5 0.0 1.0 0.0 3.5762787E-7 0.0 0.0 1.0 3.0 0.0 0.0 0.0 1.0 1.0 0.0 0.0 -0.5 0.0 1.0 0.0 3.5762787E-7 0.0 0.0 1.0 3.0 0.0 0.0 0.0 1.0 </float_array>
          <technique_common>
            <accessor count="52" source="#Neck-global-anim-outSource-global-array" stride="16">
              <param type="float4x4"/>
            </accessor>
          </technique_common>
        </source>
        <sampler id="Neck-global-anim-globalSampler">
          <input semantic="INPUT" source="#Neck-global-anim-inSource-TIME"/>
          <input semantic="OUTPUT" source="#Neck-global-anim-outSource-global"/>
          <input semantic="INTERPOLATION" source="#Neck-global-anim-interpolation"/>
        </sampler>
        <channel source="#Neck-global-anim-globalSampler" target="Neck-global/matrix"/>
      </animation>
    </animation>
    <animation id="Neck-local-anim" name="Neck-local-anim">
      <animation>
        <source id="Neck-local-anim-inSource-TIME">
          <float_array count="52" id="Neck-local-anim-inSource-TIME-array">0.0 0.041666668 0.083333336 0.125 0.16666667 0.20833333 0.25 0.29166666 0.33333334 0.375 0.41666666 0.45833334 0.5 0.5416667 0.5833333 0.625 0.6666667 0.7083333 0.75 0.7916667 0.8333333 0.875 0.9166667 0.9583333 1.0 1.0416666 1.0833334 1.125 1.1666666 1.2083334 1.25 1.2916666 1.3333334 1.375 1.4166666 1.4583334 1.5 1.5416666 1.5833334 1.625 1.6666666 1.7083334 1.75 1.7916666 1.8333334 1.875 1.9166666 1.9583334 2.0 2.0416667 2.0833333 2.125 </float_array>
          <technique_common>
            <accessor count="52" source="#Neck-local-anim-inSource-TIME-array">
              <param name="TIME" type="float"/>
            </accessor>
          </technique_common>
        </source>
        <source id="Neck-local-anim-interpolation">
          <Name_array count="52" id="Neck-local-anim-interpolation-array">LINEAR LINEAR LINEAR LINEAR LINEAR LINEAR LINEAR LINEAR LINEAR LINEAR LINEAR LINEAR LINEAR LINEAR LINEAR LINEAR LINEAR LINEAR LINEAR LINEAR LINEAR LINEAR LINEAR LINEAR LINEAR LINEAR LINEAR LINEAR LINEAR LINEAR LINEAR LINEAR LINEAR LINEAR LINEAR LINEAR LINEAR LINEAR LINEAR LINEAR LINEAR LINEAR LINEAR LINEAR LINEAR LINEAR LINEAR LINEAR LINEAR LINEAR LINEAR LINEAR </Name_array>
          <technique_common>
            <accessor count="52" source="#Neck-local-anim-interpolation-array">
              <param type="name"/>
            </accessor>
          </technique_common>
        </source>
        <source id="Neck-local-anim-outSource-local">
          <float_array count="832" id="Neck-local-anim-outSource-local-array">1.0 0.0 0.0 -0.014010668 0.0 1.0 0.0 3.9999998 0.0 0.0 1.0 1.7881393E-7 0.0 0.0 0.0 1.0 1.0 0.0 0.0 -0.014010668 0.0 1.0 0.0 3.9999998 0.0 0.0 1.0 1.7881393E-7 0.0 0.0 0.0 1.0 1.0 0.0 0.0 -0.014010668 0.0 1.0 0.0 3.9999998 0.0 0.0 1.0 1.7881393E-7 0.0 0.0 0.0 1.0 1.0 0.0 0.0 -0.014010668 0.0 1.0 0.0 3.9999998 0.0 0.0 1.0 1.7881393E-7 0.0 0.0 0.0 1.0 1.0 0.0 0.0 -0.014010668 0.0 1.0 0.0 3.9999998 0.0 0.0 1.0 1.7881393E-7 0.0 0.0 0.0 1.0 1.0 0.0 0.0 -0.014010668 0.0 1.0 0.0 3.9999998 0.0 0.0 1.0 1.7881393E-7 0.0 0.0 0.0 1.0 1.0 0.0 0.0 -0.014010668 0.0 1.0 0.0 3.9999998 0.0 0.0 1.0 1.7881393E-7 0.0 0.0 0.0 1.0 1.0 0.0 0.0 -0.014010668 0.0 1.0 0.0 3.9999998 0.0 0.0 1.0 1.7881393E-7 0.0 0.0 0.0 1.0 1.0 0.0 0.0 -0.014010668 0.0 1.0 0.0 3.9999998 0.0 0.0 1.0 1.7881393E-7 0.0 0.0 0.0 1.0 1.0 0.0 0.0 -0.014010668 0.0 1.0 0.0 3.9999998 0.0 0.0 1.0 1.7881393E-7 0.0 0.0 0.0 1.0 1.0 0.0 0.0 -0.014010668 0.0 1.0 0.0 3.9999998 0.0 0.0 1.0 1.7881393E-7 0.0 0.0 0.0 1.0 1.0 0.0 0.0 -0.014010668 0.0 1.0 0.0 3.9999998 0.0 0.0 1.0 1.7881393E-7 0.0 0.0 0.0 1.0 1.0 0.0 0.0 -0.014010668 0.0 1.0 0.0 3.9999998 0.0 0.0 1.0 1.7881393E-7 0.0 0.0 0.0 1.0 1.0 0.0 0.0 -0.014010668 0.0 1.0 0.0 3.9999998 0.0 0.0 1.0 1.7881393E-7 0.0 0.0 0.0 1.0 1.0 0.0 0.0 -0.014010668 0.0 1.0 0.0 3.9999998 0.0 0.0 1.0 1.7881393E-7 0.0 0.0 0.0 1.0 1.0 0.0 0.0 -0.014010668 0.0 1.0 0.0 3.9999998 0.0 0.0 1.0 1.7881393E-7 0.0 0.0 0.0 1.0 1.0 0.0 0.0 -0.014010668 0.0 1.0 0.0 3.9999998 0.0 0.0 1.0 1.7881393E-7 0.0 0.0 0.0 1.0 1.0 0.0 0.0 -0.014010668 0.0 1.0 0.0 3.9999998 0.0 0.0 1.0 1.7881393E-7 0.0 0.0 0.0 1.0 1.0 0.0 0.0 -0.014010668 0.0 1.0 0.0 3.9999998 0.0 0.0 1.0 1.7881393E-7 0.0 0.0 0.0 1.0 1.0 0.0 0.0 -0.014010668 0.0 1.0 0.0 3.9999998 0.0 0.0 1.0 1.7881393E-7 0.0 0.0 0.0 1.0 1.0 0.0 0.0 -0.014010668 0.0 1.0 0.0 3.9999998 0.0 0.0 1.0 1.7881393E-7 0.0 0.0 0.0 1.0 1.0 0.0 0.0 -0.014010668 0.0 1.0 0.0 3.9999998 0.0 0.0 1.0 1.7881393E-7 0.0 0.0 0.0 1.0 1.0 0.0 0.0 -0.014010668 0.0 1.0 0.0 3.9999998 0.0 0.0 1.0 1.7881393E-7 0.0 0.0 0.0 1.0 1.0 0.0 0.0 -0.014010668 0.0 1.0 0.0 3.9999998 0.0 0.0 1.0 1.7881393E-7 0.0 0.0 0.0 1.0 1.0 0.0 0.0 -0.014010668 0.0 1.0 0.0 3.9999998 0.0 0.0 1.0 1.7881393E-7 0.0 0.0 0.0 1.0 1.0 0.0 0.0 -0.014010668 0.0 1.0 0.0 3.9999998 0.0 0.0 1.0 1.7881393E-7 0.0 0.0 0.0 1.0 1.0 0.0 0.0 -0.014010668 0.0 1.0 0.0 3.9999998 0.0 0.0 1.0 1.7881393E-7 0.0 0.0 0.0 1.0 1.0 0.0 0.0 -0.014010668 0.0 1.0 0.0 3.9999998 0.0 0.0 1.0 1.7881393E-7 0.0 0.0 0.0 1.0 1.0 0.0 0.0 -0.014010668 0.0 1.0 0.0 3.9999998 0.0 0.0 1.0 1.7881393E-7 0.0 0.0 0.0 1.0 1.0 0.0 0.0 -0.014010668 0.0 1.0 0.0 3.9999998 0.0 0.0 1.0 1.7881393E-7 0.0 0.0 0.0 1.0 1.0 0.0 0.0 -0.014010668 0.0 1.0 0.0 3.9999998 0.0 0.0 1.0 1.7881393E-7 0.0 0.0 0.0 1.0 1.0 0.0 0.0 -0.014010668 0.0 1.0 0.0 3.9999998 0.0 0.0 1.0 1.7881393E-7 0.0 0.0 0.0 1.0 1.0 0.0 0.0 -0.014010668 0.0 1.0 0.0 3.9999998 0.0 0.0 1.0 1.7881393E-7 0.0 0.0 0.0 1.0 1.0 0.0 0.0 -0.014010668 0.0 1.0 0.0 3.9999998 0.0 0.0 1.0 1.7881393E-7 0.0 0.0 0.0 1.0 1.0 0.0 0.0 -0.014010668 0.0 1.0 0.0 3.9999998 0.0 0.0 1.0 1.7881393E-7 0.0 0.0 0.0 1.0 1.0 0.0 0.0 -0.014010668 0.0 1.0 0.0 3.9999998 0.0 0.0 1.0 1.7881393E-7 0.0 0.0 0.0 1.0 1.0 0.0 0.0 -0.014010668 0.0 1.0 0.0 3.9999998 0.0 0.0 1.0 1.7881393E-7 0.0 0.0 0.0 1.0 1.0 0.0 0.0 -0.014010668 0.0 1.0 0.0 3.9999998 0.0 0.0 1.0 1.7881393E-7 0.0 0.0 0.0 1.0 1.0 0.0 0.0 -0.014010668 0.0 1.0 0.0 3.9999998 0.0 0.0 1.0 1.7881393E-7 0.0 0.0 0.0 1.0 1.0 0.0 0.0 -0.014010668 0.0 1.0 0.0 3.9999998 0.0 0.0 1.0 1.7881393E-7 0.0 0.0 0.0 1.0 1.0 0.0 0.0 -0.014010668 0.0 1.0 0.0 3.9999998 0.0 0.0 1.0 1.7881393E-7 0.0 0.0 0.0 1.0 1.0 0.0 0.0 -0.014010668 0.0 1.0 0.0 3.9999998 0.0 0.0 1.0 1.7881393E-7 0.0 0.0 0.0 1.0 1.0 0.0 0.0 -0.014010668 0.0 1.0 0.0 3.9999998 0.0 0.0 1.0 1.7881393E-7 0.0 0.0 0.0 1.0 1.0 0.0 0.0 -0.014010668 0.0 1.0 0.0 3.9999998 0.0 0.0 1.0 1.7881393E-7 0.0 0.0 0.0 1.0 1.0 0.0 0.0 -0.014010668 0.0 1.0 0.0 3.9999998 0.0 0.0 1.0 1.7881393E-7 0.0 0.0 0.0 1.0 1.0 0.0 0.0 -0.014010668 0.0 1.0 0.0 3.9999998 0.0 0.0 1.0 1.7881393E-7 0.0 0.0 0.0 1.0 1.0 0.0 0.0 -0.014010668 0.0 1.0 0.0 3.9999998 0.0 0.0 1.0 1.7881393E-7 0.0 0.0 0.0 1.0 1.0 0.0 0.0 -0.014010668 0.0 1.0 0.0 3.9999998 0.0 0.0 1.0 1.7881393E-7 0.0 0.0 0.0 1.0 1.0 0.0 0.0 -0.014010668 0.0 1.0 0.0 3.9999998 0.0 0.0 1.0 1.7881393E-7 0.0 0.0 0.0 1.0 1.0 0.0 0.0 -0.014010668 0.0 1.0 0.0 3.9999998 0.0 0.0 1.0 1.7881393E-7 0.0 0.0 0.0 1.0 1.0 0.0 0.0 -0.014010668 0.0 1.0 0.0 3.9999998 0.0 0.0 1.0 1.7881393E-7 0.0 0.0 0.0 1.0 1.0 0.0 0.0 -0.014010668 0.0 1.0 0.0 3.9999998 0.0 0.0 1.0 1.7881393E-7 0.0 0.0 0.0 1.0 </float_array>
          <technique_common>
            <accessor count="52" source="#Neck-local-anim-outSource-local-array" stride="16">
              <param type="float4x4"/>
            </accessor>
          </technique_common>
        </source>
        <sampler id="Neck-local-anim-localSampler">
          <input semantic="INPUT" source="#Neck-local-anim-inSource-TIME"/>
          <input semantic="OUTPUT" source="#Neck-local-anim-outSource-local"/>
          <input semantic="INTERPOLATION" source="#Neck-local-anim-interpolation"/>
        </sampler>
        <channel source="#Neck-local-anim-localSampler" target="Neck-local/matrix"/>
      </animation>
    </animation>
    <animation id="Head-global-anim" name="Head-global-anim">
      <animation>
        <source id="Head-global-anim-inSource-TIME">
          <float_array count="52" id="Head-global-anim-inSource-TIME-array">0.0 0.041666668 0.083333336 0.125 0.16666667 0.20833333 0.25 0.29166666 0.33333334 0.375 0.41666666 0.45833334 0.5 0.5416667 0.5833333 0.625 0.6666667 0.7083333 0.75 0.7916667 0.8333333 0.875 0.9166667 0.9583333 1.0 1.0416666 1.0833334 1.125 1.1666666 1.2083334 1.25 1.2916666 1.3333334 1.375 1.4166666 1.4583334 1.5 1.5416666 1.5833334 1.625 1.6666666 1.7083334 1.75 1.7916666 1.8333334 1.875 1.9166666 1.9583334 2.0 2.0416667 2.0833333 2.125 </float_array>
          <technique_common>
            <accessor count="52" source="#Head-global-anim-inSource-TIME-array">
              <param name="TIME" type="float"/>
            </accessor>
          </technique_common>
        </source>
        <source id="Head-global-anim-interpolation">
          <Name_array count="52" id="Head-global-anim-interpolation-array">LINEAR LINEAR LINEAR LINEAR LINEAR LINEAR LINEAR LINEAR LINEAR LINEAR LINEAR LINEAR LINEAR LINEAR LINEAR LINEAR LINEAR LINEAR LINEAR LINEAR LINEAR LINEAR LINEAR LINEAR LINEAR LINEAR LINEAR LINEAR LINEAR LINEAR LINEAR LINEAR LINEAR LINEAR LINEAR LINEAR LINEAR LINEAR LINEAR LINEAR LINEAR LINEAR LINEAR LINEAR LINEAR LINEAR LINEAR LINEAR LINEAR LINEAR LINEAR LINEAR </Name_array>
          <technique_common>
            <accessor count="52" source="#Head-global-anim-interpolation-array">
              <param type="name"/>
            </accessor>
          </technique_common>
        </source>
        <source id="Head-global-anim-outSource-global">
          <float_array count="832" id="Head-global-anim-outSource-global-array">1.0000001 0.0 0.0 0.0 0.0 -2.682209E-7 1.0 7.9999995 0.0 -1.0 -2.682209E-7 0.99999857 0.0 0.0 0.0 1.0 1.0 0.0 0.0 0.0 0.0 0.0027146935 0.99999636 7.9999995 0.0 -0.99999636 0.0027146935 0.99999857 0.0 0.0 0.0 1.0 1.0 0.0 0.0 0.0 0.0 0.01085934 0.99994105 7.9999995 0.0 -0.99994105 0.01085934 0.99999857 0.0 0.0 0.0 1.0 1.0000001 0.0 0.0 0.0 0.0 0.024431974 0.9997016 7.9999995 0.0 -0.9997016 0.024431974 0.99999857 0.0 0.0 0.0 1.0 1.0 0.0 0.0 0.0 0.0 0.04342538 0.99905676 7.9999995 0.0 -0.99905676 0.04342538 0.99999857 0.0 0.0 0.0 1.0 1.0000001 0.0 0.0 0.0 0.0 0.06782159 0.9976976 7.9999995 0.0 -0.9976976 0.06782159 0.99999857 0.0 0.0 0.0 1.0 1.0 0.0 0.0 0.0 0.0 0.09758261 0.9952274 7.9999995 0.0 -0.9952274 0.09758261 0.99999857 0.0 0.0 0.0 1.0 1.0 0.0 0.0 0.0 0.0 0.13264057 0.9911642 7.9999995 0.0 -0.9911642 0.13264057 0.99999857 0.0 0.0 0.0 1.0 1.0000001 0.0 0.0 0.0 0.0 0.17288396 0.9849424 7.9999995 0.0 -0.9849424 0.17288396 0.99999857 0.0 0.0 0.0 1.0 1.0 0.0 0.0 0.0 0.0 0.21814305 0.9759169 7.9999995 0.0 -0.9759169 0.21814305 0.99999857 0.0 0.0 0.0 1.0 1.0000002 0.0 0.0 0.0 0.0 0.26817256 0.9633711 7.9999995 0.0 -0.9633711 0.26817256 0.99999857 0.0 0.0 0.0 1.0 0.9999999 0.0 0.0 0.0 0.0 0.32263258 0.94652414 7.9999995 0.0 -0.94652414 0.32263258 0.99999857 0.0 0.0 0.0 1.0 1.0000001 0.0 0.0 0.0 0.0 0.38107023 0.92454624 7.9999995 0.0 -0.92454624 0.38107023 0.99999857 0.0 0.0 0.0 1.0 1.0000001 0.0 0.0 0.0 0.0 0.4428972 0.89657253 7.9999995 0.0 -0.89657253 0.4428972 0.99999857 0.0 0.0 0.0 1.0 1.0 0.0 0.0 0.0 0.0 0.50737107 0.86172765 7.9999995 0.0 -0.86172765 0.50737107 0.99999857 0.0 0.0 0.0 1.0 1.0 0.0 0.0 0.0 0.0 0.5735763 0.81915224 7.9999995 0.0 -0.81915224 0.5735763 0.99999857 0.0 0.0 0.0 1.0 1.0 0.0 0.0 0.0 0.0 0.6362279 0.77150124 7.9999995 0.0 -0.77150124 0.6362279 0.99999857 0.0 0.0 0.0 1.0 1.0000001 0.0 0.0 0.0 0.0 0.69102263 0.72283334 7.9999995 0.0 -0.72283334 0.69102263 0.99999857 0.0 0.0 0.0 1.0 1.0 0.0 0.0 0.0 0.0 0.73845536 0.67430246 7.9999995 0.0 -0.67430246 0.73845536 0.99999857 0.0 0.0 0.0 1.0 1.0000001 0.0 0.0 0.0 0.0 0.7790949 0.6269063 7.9999995 0.0 -0.6269063 0.7790949 0.99999857 0.0 0.0 0.0 1.0 1.0 0.0 0.0 0.0 0.0 0.81355196 0.58149225 7.9999995 0.0 -0.58149225 0.81355196 0.99999857 0.0 0.0 0.0 1.0 1.0 0.0 0.0 0.0 0.0 0.8424523 0.5387709 7.9999995 0.0 -0.5387709 0.8424523 0.99999857 0.0 0.0 0.0 1.0 1.0000001 0.0 0.0 0.0 0.0 0.8664131 0.49932817 7.9999995 0.0 -0.49932817 0.8664131 0.99999857 0.0 0.0 0.0 1.0 1.0000001 0.0 0.0 0.0 0.0 0.8860239 0.46363977 7.9999995 0.0 -0.46363977 0.8860239 0.99999857 0.0 0.0 0.0 1.0 0.99999994 0.0 0.0 0.0 0.0 0.9018325 0.43208566 7.9999995 0.0 -0.43208566 0.9018325 0.99999857 0.0 0.0 0.0 1.0 1.0000001 0.0 0.0 0.0 0.0 0.9143326 0.4049644 7.9999995 0.0 -0.4049644 0.9143326 0.99999857 0.0 0.0 0.0 1.0 0.99999994 0.0 0.0 0.0 0.0 0.9239536 0.3825044 7.9999995 0.0 -0.3825044 0.9239536 0.99999857 0.0 0.0 0.0 1.0 1.0000001 0.0 0.0 0.0 0.0 0.9310559 0.36487684 7.9999995 0.0 -0.36487684 0.9310559 0.99999857 0.0 0.0 0.0 1.0 1.0 0.0 0.0 0.0 0.0 0.93592286 0.3522049 7.9999995 0.0 -0.3522049 0.93592286 0.99999857 0.0 0.0 0.0 1.0 1.0000001 0.0 0.0 0.0 0.0 0.93876064 0.34457025 7.9999995 0.0 -0.34457025 0.93876064 0.99999857 0.0 0.0 0.0 1.0 0.99999994 0.0 0.0 0.0 0.0 0.93969256 0.34202018 7.9999995 0.0 -0.34202018 0.93969256 0.99999857 0.0 0.0 0.0 1.0 1.0000001 0.0 0.0 0.0 0.0 0.925724 0.37820005 7.9999995 0.0 -0.37820005 0.925724 0.99999857 0.0 0.0 0.0 1.0 1.0000001 0.0 0.0 0.0 0.0 0.8847618 0.46604383 7.9999995 0.0 -0.46604383 0.8847618 0.99999857 0.0 0.0 0.0 1.0 0.99999994 0.0 0.0 0.0 0.0 0.86602515 0.5000003 7.9999995 0.0 -0.5000003 0.86602515 0.99999857 0.0 0.0 0.0 1.0 1.0 0.0 0.0 0.0 0.0 0.874802 0.4844807 7.9999995 0.0 -0.4844807 0.874802 0.99999857 0.0 0.0 0.0 1.0 1.0 0.0 0.0 0.0 0.0 0.89945287 0.43701786 7.9999995 0.0 -0.43701786 0.89945287 0.99999857 0.0 0.0 0.0 1.0 1.0 0.0 0.0 0.0 0.0 0.9347888 0.35520387 7.9999995 0.0 -0.35520387 0.9347888 0.99999857 0.0 0.0 0.0 1.0 1.0000001 0.0 0.0 0.0 0.0 0.9627008 0.27056882 7.9999995 0.0 -0.27056882 0.9627008 0.99999857 0.0 0.0 0.0 1.0 1.0000001 0.0 0.0 0.0 0.0 0.9757894 0.21871242 7.9999995 0.0 -0.21871242 0.9757894 0.99999857 0.0 0.0 0.0 1.0 0.99999994 0.0 0.0 0.0 0.0 0.9795336 0.20128055 7.9999995 0.0 -0.20128055 0.9795336 0.99999857 0.0 0.0 0.0 1.0 0.99999994 0.0 0.0 0.0 0.0 0.9803414 0.19730856 7.9999995 0.0 -0.19730856 0.9803414 0.99999857 0.0 0.0 0.0 1.0 1.0000001 0.0 0.0 0.0 0.0 0.9826683 0.18537347 7.9999995 0.0 -0.18537347 0.9826683 0.99999857 0.0 0.0 0.0 1.0 1.0000001 0.0 0.0 0.0 0.0 0.9862231 0.1654215 7.9999995 0.0 -0.1654215 0.9862231 0.99999857 0.0 0.0 0.0 1.0 0.99999994 0.0 0.0 0.0 0.0 0.99051887 0.13737647 7.9999995 0.0 -0.13737647 0.99051887 0.99999857 0.0 0.0 0.0 1.0 1.0 0.0 0.0 0.0 0.0 0.9948702 0.10115927 7.9999995 0.0 -0.10115927 0.9948702 0.99999857 0.0 0.0 0.0 1.0 1.0 0.0 0.0 0.0 0.0 0.99789774 0.06480745 7.9999995 0.0 -0.06480745 0.99789774 0.99999857 0.0 0.0 0.0 1.0 1.0000002 0.0 0.0 0.0 0.0 0.9993349 0.036471747 7.9999995 0.0 -0.036471747 0.9993349 0.99999857 0.0 0.0 0.0 1.0 1.0000001 0.0 0.0 0.0 0.0 0.9998687 0.016212596 7.9999995 0.0 -0.016212596 0.9998687 0.99999857 0.0 0.0 0.0 1.0 1.0000001 0.0 0.0 0.0 0.0 0.99999195 0.0040534083 7.9999995 0.0 -0.0040534083 0.99999195 0.99999857 0.0 0.0 0.0 1.0 1.0 0.0 0.0 0.0 0.0 1.0 1.1920929E-7 7.9999995 0.0 -1.1920929E-7 1.0 0.99999857 0.0 0.0 0.0 1.0 1.0 0.0 0.0 0.0 0.0 1.0 1.1920927E-7 7.9999995 0.0 -1.1920927E-7 1.0 0.99999857 0.0 0.0 0.0 1.0 1.0 0.0 0.0 0.0 0.0 1.0 1.1920927E-7 7.9999995 0.0 -1.1920927E-7 1.0 0.99999857 0.0 0.0 0.0 1.0 </float_array>
          <technique_common>
            <accessor count="52" source="#Head-global-anim-outSource-global-array" stride="16">
              <param type="float4x4"/>
            </accessor>
          </technique_common>
        </source>
        <sampler id="Head-global-anim-globalSampler">
          <input semantic="INPUT" source="#Head-global-anim-inSource-TIME"/>
          <input semantic="OUTPUT" source="#Head-global-anim-outSource-global"/>
          <input semantic="INTERPOLATION" source="#Head-global-anim-interpolation"/>
        </sampler>
        <channel source="#Head-global-anim-globalSampler" target="Head-global/matrix"/>
      </animation>
    </animation>
    <animation id="Head-local-anim" name="Head-local-anim">
      <animation>
        <source id="Head-local-anim-inSource-TIME">
          <float_array count="52" id="Head-local-anim-inSource-TIME-array">0.0 0.041666668 0.083333336 0.125 0.16666667 0.20833333 0.25 0.29166666 0.33333334 0.375 0.41666666 0.45833334 0.5 0.5416667 0.5833333 0.625 0.6666667 0.7083333 0.75 0.7916667 0.8333333 0.875 0.9166667 0.9583333 1.0 1.0416666 1.0833334 1.125 1.1666666 1.2083334 1.25 1.2916666 1.3333334 1.375 1.4166666 1.4583334 1.5 1.5416666 1.5833334 1.625 1.6666666 1.7083334 1.75 1.7916666 1.8333334 1.875 1.9166666 1.9583334 2.0 2.0416667 2.0833333 2.125 </float_array>
          <technique_common>
            <accessor count="52" source="#Head-local-anim-inSource-TIME-array">
              <param name="TIME" type="float"/>
            </accessor>
          </technique_common>
        </source>
        <source id="Head-local-anim-interpolation">
          <Name_array count="52" id="Head-local-anim-interpolation-array">LINEAR LINEAR LINEAR LINEAR LINEAR LINEAR LINEAR LINEAR LINEAR LINEAR LINEAR LINEAR LINEAR LINEAR LINEAR LINEAR LINEAR LINEAR LINEAR LINEAR LINEAR LINEAR LINEAR LINEAR LINEAR LINEAR LINEAR LINEAR LINEAR LINEAR LINEAR LINEAR LINEAR LINEAR LINEAR LINEAR LINEAR LINEAR LINEAR LINEAR LINEAR LINEAR LINEAR LINEAR LINEAR LINEAR LINEAR LINEAR LINEAR LINEAR LINEAR LINEAR </Name_array>
          <technique_common>
            <accessor count="52" source="#Head-local-anim-interpolation-array">
              <param type="name"/>
            </accessor>
          </technique_common>
        </source>
        <source id="Head-local-anim-outSource-local">
          <float_array count="832" id="Head-local-anim-outSource-local-array">1.0 0.0 0.0 0.0 0.0 1.0 0.0 0.49999997 0.0 0.0 1.0 5.5 0.0 0.0 0.0 1.0 1.0 0.0 0.0 0.0 0.0 1.0 0.0 0.49999997 0.0 0.0 1.0 5.5 0.0 0.0 0.0 1.0 1.0 0.0 0.0 0.0 0.0 1.0 0.0 0.49999997 0.0 0.0 1.0 5.5 0.0 0.0 0.0 1.0 1.0 0.0 0.0 0.0 0.0 1.0 0.0 0.49999997 0.0 0.0 1.0 5.5 0.0 0.0 0.0 1.0 1.0 0.0 0.0 0.0 0.0 1.0 0.0 0.49999997 0.0 0.0 1.0 5.5 0.0 0.0 0.0 1.0 1.0 0.0 0.0 0.0 0.0 1.0 0.0 0.49999997 0.0 0.0 1.0 5.5 0.0 0.0 0.0 1.0 1.0 0.0 0.0 0.0 0.0 1.0 0.0 0.49999997 0.0 0.0 1.0 5.5 0.0 0.0 0.0 1.0 1.0 0.0 0.0 0.0 0.0 1.0 0.0 0.49999997 0.0 0.0 1.0 5.5 0.0 0.0 0.0 1.0 1.0 0.0 0.0 0.0 0.0 1.0 0.0 0.49999997 0.0 0.0 1.0 5.5 0.0 0.0 0.0 1.0 1.0 0.0 0.0 0.0 0.0 1.0 0.0 0.49999997 0.0 0.0 1.0 5.5 0.0 0.0 0.0 1.0 1.0 0.0 0.0 0.0 0.0 1.0 0.0 0.49999997 0.0 0.0 1.0 5.5 0.0 0.0 0.0 1.0 1.0 0.0 0.0 0.0 0.0 1.0 0.0 0.49999997 0.0 0.0 1.0 5.5 0.0 0.0 0.0 1.0 1.0 0.0 0.0 0.0 0.0 1.0 0.0 0.49999997 0.0 0.0 1.0 5.5 0.0 0.0 0.0 1.0 1.0 0.0 0.0 0.0 0.0 1.0 0.0 0.49999997 0.0 0.0 1.0 5.5 0.0 0.0 0.0 1.0 1.0 0.0 0.0 0.0 0.0 1.0 0.0 0.49999997 0.0 0.0 1.0 5.5 0.0 0.0 0.0 1.0 1.0 0.0 0.0 0.0 0.0 1.0 0.0 0.49999997 0.0 0.0 1.0 5.5 0.0 0.0 0.0 1.0 1.0 0.0 0.0 0.0 0.0 1.0 0.0 0.49999997 0.0 0.0 1.0 5.5 0.0 0.0 0.0 1.0 1.0 0.0 0.0 0.0 0.0 1.0 0.0 0.49999997 0.0 0.0 1.0 5.5 0.0 0.0 0.0 1.0 1.0 0.0 0.0 0.0 0.0 1.0 0.0 0.49999997 0.0 0.0 1.0 5.5 0.0 0.0 0.0 1.0 1.0 0.0 0.0 0.0 0.0 1.0 0.0 0.49999997 0.0 0.0 1.0 5.5 0.0 0.0 0.0 1.0 1.0 0.0 0.0 0.0 0.0 1.0 0.0 0.49999997 0.0 0.0 1.0 5.5 0.0 0.0 0.0 1.0 1.0 0.0 0.0 0.0 0.0 1.0 0.0 0.49999997 0.0 0.0 1.0 5.5 0.0 0.0 0.0 1.0 1.0 0.0 0.0 0.0 0.0 1.0 0.0 0.49999997 0.0 0.0 1.0 5.5 0.0 0.0 0.0 1.0 1.0 0.0 0.0 0.0 0.0 1.0 0.0 0.49999997 0.0 0.0 1.0 5.5 0.0 0.0 0.0 1.0 1.0 0.0 0.0 0.0 0.0 1.0 0.0 0.49999997 0.0 0.0 1.0 5.5 0.0 0.0 0.0 1.0 1.0 0.0 0.0 0.0 0.0 1.0 0.0 0.49999997 0.0 0.0 1.0 5.5 0.0 0.0 0.0 1.0 1.0 0.0 0.0 0.0 0.0 1.0 0.0 0.49999997 0.0 0.0 1.0 5.5 0.0 0.0 0.0 1.0 1.0 0.0 0.0 0.0 0.0 1.0 0.0 0.49999997 0.0 0.0 1.0 5.5 0.0 0.0 0.0 1.0 1.0 0.0 0.0 0.0 0.0 1.0 0.0 0.49999997 0.0 0.0 1.0 5.5 0.0 0.0 0.0 1.0 1.0 0.0 0.0 0.0 0.0 1.0 0.0 0.49999997 0.0 0.0 1.0 5.5 0.0 0.0 0.0 1.0 1.0 0.0 0.0 0.0 0.0 1.0 0.0 0.49999997 0.0 0.0 1.0 5.5 0.0 0.0 0.0 1.0 1.0 0.0 0.0 0.0 0.0 1.0 0.0 0.49999997 0.0 0.0 1.0 5.5 0.0 0.0 0.0 1.0 1.0 0.0 0.0 0.0 0.0 1.0 0.0 0.49999997 0.0 0.0 1.0 5.5 0.0 0.0 0.0 1.0 1.0 0.0 0.0 0.0 0.0 1.0 0.0 0.49999997 0.0 0.0 1.0 5.5 0.0 0.0 0.0 1.0 1.0 0.0 0.0 0.0 0.0 1.0 0.0 0.49999997 0.0 0.0 1.0 5.5 0.0 0.0 0.0 1.0 1.0 0.0 0.0 0.0 0.0 1.0 0.0 0.49999997 0.0 0.0 1.0 5.5 0.0 0.0 0.0 1.0 1.0 0.0 0.0 0.0 0.0 1.0 0.0 0.49999997 0.0 0.0 1.0 5.5 0.0 0.0 0.0 1.0 1.0 0.0 0.0 0.0 0.0 1.0 0.0 0.49999997 0.0 0.0 1.0 5.5 0.0 0.0 0.0 1.0 1.0 0.0 0.0 0.0 0.0 1.0 0.0 0.49999997 0.0 0.0 1.0 5.5 0.0 0.0 0.0 1.0 1.0 0.0 0.0 0.0 0.0 1.0 0.0 0.49999997 0.0 0.0 1.0 5.5 0.0 0.0 0.0 1.0 1.0 0.0 0.0 0.0 0.0 1.0 0.0 0.49999997 0.0 0.0 1.0 5.5 0.0 0.0 0.0 1.0 1.0 0.0 0.0 0.0 0.0 1.0 0.0 0.49999997 0.0 0.0 1.0 5.5 0.0 0.0 0.0 1.0 1.0 0.0 0.0 0.0 0.0 1.0 0.0 0.49999997 0.0 0.0 1.0 5.5 0.0 0.0 0.0 1.0 1.0 0.0 0.0 0.0 0.0 1.0 0.0 0.49999997 0.0 0.0 1.0 5.5 0.0 0.0 0.0 1.0 1.0 0.0 0.0 0.0 0.0 1.0 0.0 0.49999997 0.0 0.0 1.0 5.5 0.0 0.0 0.0 1.0 1.0 0.0 0.0 0.0 0.0 1.0 0.0 0.49999997 0.0 0.0 1.0 5.5 0.0 0.0 0.0 1.0 1.0 0.0 0.0 0.0 0.0 1.0 0.0 0.49999997 0.0 0.0 1.0 5.5 0.0 0.0 0.0 1.0 1.0 0.0 0.0 0.0 0.0 1.0 0.0 0.49999997 0.0 0.0 1.0 5.5 0.0 0.0 0.0 1.0 1.0 0.0 0.0 0.0 0.0 1.0 0.0 0.49999997 0.0 0.0 1.0 5.5 0.0 0.0 0.0 1.0 1.0 0.0 0.0 0.0 0.0 1.0 0.0 0.49999997 0.0 0.0 1.0 5.5 0.0 0.0 0.0 1.0 1.0 0.0 0.0 0.0 0.0 1.0 0.0 0.49999997 0.0 0.0 1.0 5.5 0.0 0.0 0.0 1.0 1.0 0.0 0.0 0.0 0.0 1.0 0.0 0.49999997 0.0 0.0 1.0 5.5 0.0 0.0 0.0 1.0 </float_array>
          <technique_common>
            <accessor count="52" source="#Head-local-anim-outSource-local-array" stride="16">
              <param type="float4x4"/>
            </accessor>
          </technique_common>
        </source>
        <sampler id="Head-local-anim-localSampler">
          <input semantic="INPUT" source="#Head-local-anim-inSource-TIME"/>
          <input semantic="OUTPUT" source="#Head-local-anim-outSource-local"/>
          <input semantic="INTERPOLATION" source="#Head-local-anim-interpolation"/>
        </sampler>
        <channel source="#Head-local-anim-localSampler" target="Head-local/matrix"/>
      </animation>
    </animation>
    <animation id="Right_Wing1-global-anim" name="Right_Wing1-global-anim">
      <animation>
        <source id="Right_Wing1-global-anim-inSource-TIME">
          <float_array count="52" id="Right_Wing1-global-anim-inSource-TIME-array">0.0 0.041666668 0.083333336 0.125 0.16666667 0.20833333 0.25 0.29166666 0.33333334 0.375 0.41666666 0.45833334 0.5 0.5416667 0.5833333 0.625 0.6666667 0.7083333 0.75 0.7916667 0.8333333 0.875 0.9166667 0.9583333 1.0 1.0416666 1.0833334 1.125 1.1666666 1.2083334 1.25 1.2916666 1.3333334 1.375 1.4166666 1.4583334 1.5 1.5416666 1.5833334 1.625 1.6666666 1.7083334 1.75 1.7916666 1.8333334 1.875 1.9166666 1.9583334 2.0 2.0416667 2.0833333 2.125 </float_array>
          <technique_common>
            <accessor count="52" source="#Right_Wing1-global-anim-inSource-TIME-array">
              <param name="TIME" type="float"/>
            </accessor>
          </technique_common>
        </source>
        <source id="Right_Wing1-global-anim-interpolation">
          <Name_array count="52" id="Right_Wing1-global-anim-interpolation-array">LINEAR LINEAR LINEAR LINEAR LINEAR LINEAR LINEAR LINEAR LINEAR LINEAR LINEAR LINEAR LINEAR LINEAR LINEAR LINEAR LINEAR LINEAR LINEAR LINEAR LINEAR LINEAR LINEAR LINEAR LINEAR LINEAR LINEAR LINEAR LINEAR LINEAR LINEAR LINEAR LINEAR LINEAR LINEAR LINEAR LINEAR LINEAR LINEAR LINEAR LINEAR LINEAR LINEAR LINEAR LINEAR LINEAR LINEAR LINEAR LINEAR LINEAR LINEAR LINEAR </Name_array>
          <technique_common>
            <accessor count="52" source="#Right_Wing1-global-anim-interpolation-array">
              <param type="name"/>
            </accessor>
          </technique_common>
        </source>
        <source id="Right_Wing1-global-anim-outSource-global">
          <float_array count="832" id="Right_Wing1-global-anim-outSource-global-array">1.0 0.0 0.0 1.5 0.0 1.0 0.0 0.9597521 0.0 0.0 1.0 2.0 0.0 0.0 0.0 1.0 0.9279989 0.3725833 0.0 1.5 -0.3725833 0.9279989 0.0 0.9597521 0.0 0.0 1.0000001 2.0 0.0 0.0 0.0 1.0 0.793353 0.6087619 0.0 1.5 -0.6087619 0.793353 0.0 0.9597521 0.0 0.0 1.0 2.0 0.0 0.0 0.0 1.0 0.68359184 0.7298647 0.0 1.5 -0.7298647 0.68359184 0.0 0.9597521 0.0 0.0 1.0000001 2.0 0.0 0.0 0.0 1.0 0.64278704 0.766045 0.0 1.5 -0.766045 0.64278704 0.0 0.9597521 0.0 0.0 1.0 2.0 0.0 0.0 0.0 1.0 0.8746194 0.48481017 0.0 1.5 -0.48481017 0.8746194 0.0 0.9597521 0.0 0.0 1.0 2.0 0.0 0.0 0.0 1.0 0.9902681 0.1391735 0.0 1.5 -0.1391735 0.9902681 0.0 0.9597521 0.0 0.0 1.0000001 2.0 0.0 0.0 0.0 1.0 0.9743701 -0.22495085 0.0 1.5 0.22495085 0.9743701 0.0 0.9597521 0.0 0.0 1.0 2.0 0.0 0.0 0.0 1.0 0.8290376 -0.5591929 0.0 1.5 0.5591929 0.8290376 0.0 0.9597521 0.0 0.0 1.0 2.0 0.0 0.0 0.0 1.0 0.5735762 -0.8191522 0.0 1.5 0.8191522 0.5735762 0.0 0.9597521 0.0 0.0 1.0 2.0 0.0 0.0 0.0 1.0 0.6870874 -0.7265747 0.0 1.5 0.7265747 0.6870874 0.0 0.9597521 0.0 0.0 1.0 2.0 0.0 0.0 0.0 1.0 0.9310558 -0.36487672 0.0 1.5 0.36487672 0.9310558 0.0 0.9597521 0.0 0.0 1.0 2.0 0.0 0.0 0.0 1.0 0.959314 0.282342 0.0 1.5 -0.282342 0.959314 0.0 0.9597521 0.0 0.0 1.0000001 2.0 0.0 0.0 0.0 1.0 0.7477977 0.6639268 0.0 1.5 -0.6639268 0.7477977 0.0 0.9597521 0.0 0.0 1.0000001 2.0 0.0 0.0 0.0 1.0 0.6427871 0.76604486 0.0 1.5 -0.76604486 0.6427871 0.0 0.9597521 0.0 0.0 1.0 2.0 0.0 0.0 0.0 1.0 0.7999463 0.6000717 0.0 1.5 -0.6000717 0.7999463 0.0 0.9597521 0.0 0.0 1.0000001 2.0 0.0 0.0 0.0 1.0 0.9990483 -0.043619204 0.0 1.5 0.043619204 0.9990483 0.0 0.9597521 0.0 0.0 1.0000001 2.0 0.0 0.0 0.0 1.0 0.74460286 -0.6675079 0.0 1.5 0.6675079 0.74460286 0.0 0.9597521 0.0 0.0 1.0000001 2.0 0.0 0.0 0.0 1.0 0.5735762 -0.8191522 0.0 1.5 0.8191522 0.5735762 0.0 0.9597521 0.0 0.0 1.0 2.0 0.0 0.0 0.0 1.0 0.8511168 -0.52497655 0.0 1.5 0.52497655 0.8511168 0.0 0.9597521 0.0 0.0 1.0000001 2.0 0.0 0.0 0.0 1.0 0.8936324 0.44879952 0.0 1.5 -0.44879952 0.8936324 0.0 0.9597521 0.0 0.0 1.0 2.0 0.0 0.0 0.0 1.0 0.6427869 0.766045 0.0 1.5 -0.766045 0.6427869 0.0 0.9597521 0.0 0.0 0.99999994 2.0 0.0 0.0 0.0 1.0 0.9659257 0.2588194 0.0 1.5 -0.2588194 0.9659257 0.0 0.9597521 0.0 0.0 1.0 2.0 0.0 0.0 0.0 1.0 0.9396928 -0.3420202 0.0 1.5 0.3420202 0.9396928 0.0 0.9597521 0.0 0.0 1.0000002 2.0 0.0 0.0 0.0 1.0 0.5735762 -0.8191522 0.0 1.5 0.8191522 0.5735762 0.0 0.9597521 0.0 0.0 1.0 2.0 0.0 0.0 0.0 1.0 0.7844157 -0.6202354 0.0 1.5 0.6202354 0.7844157 0.0 0.9597521 0.0 0.0 1.0 2.0 0.0 0.0 0.0 1.0 0.99830806 0.058145516 0.0 1.5 -0.058145516 0.99830806 0.0 0.9597521 0.0 0.0 1.0 2.0 0.0 0.0 0.0 1.0 0.93969226 0.3420212 0.0 1.5 -0.3420212 0.93969226 0.0 0.9597521 0.0 0.0 1.0 2.0 0.0 0.0 0.0 1.0 0.9773337 0.21170469 0.0 1.5 -0.21170469 0.9773337 0.0 0.9597521 0.0 0.0 1.0 2.0 0.0 0.0 0.0 1.0 0.9920662 -0.1257179 0.0 1.5 0.1257179 0.9920662 0.0 0.9597521 0.0 0.0 1.0000001 2.0 0.0 0.0 0.0 1.0 0.96592575 -0.25881922 0.0 1.5 0.25881922 0.96592575 0.0 0.9597521 0.0 0.0 0.99999994 2.0 0.0 0.0 0.0 1.0 0.2473197 0.9679536 0.04357779 1.4999999 -0.8344888 0.23564297 -0.49809754 0.9597521 -0.49240404 0.086824134 0.86602545 2.0000002 0.0 0.0 0.0 1.0 0.2473197 0.9679536 0.04357779 1.4999999 -0.8344888 0.23564297 -0.49809754 0.9597521 -0.49240404 0.086824134 0.86602545 2.0000002 0.0 0.0 0.0 1.0 0.2473197 0.9679536 0.04357779 1.4999999 -0.8344888 0.23564297 -0.49809754 0.9597521 -0.49240404 0.086824134 0.86602545 2.0000002 0.0 0.0 0.0 1.0 0.2473197 0.9679536 0.04357776 1.4999999 -0.8344888 0.23564297 -0.49809748 0.9597521 -0.492404 0.086824164 0.86602545 2.0000002 0.0 0.0 0.0 1.0 0.2473197 0.9679536 0.04357779 1.4999999 -0.8344888 0.23564297 -0.49809754 0.9597521 -0.49240404 0.086824134 0.86602545 2.0000002 0.0 0.0 0.0 1.0 0.2473197 0.9679536 0.04357779 1.4999999 -0.8344888 0.23564297 -0.49809754 0.9597521 -0.49240404 0.086824134 0.86602545 2.0000002 0.0 0.0 0.0 1.0 0.24731967 0.9679537 0.04357779 1.4999999 -0.83448875 0.235643 -0.49809754 0.9597521 -0.49240404 0.08682412 0.86602545 2.0000002 0.0 0.0 0.0 1.0 0.2473197 0.9679536 0.04357779 1.4999999 -0.8344888 0.23564297 -0.49809754 0.9597521 -0.49240404 0.086824134 0.86602545 2.0000002 0.0 0.0 0.0 1.0 0.2473197 0.9679536 0.04357776 1.4999999 -0.8344888 0.23564297 -0.49809748 0.9597521 -0.492404 0.086824164 0.86602545 2.0000002 0.0 0.0 0.0 1.0 0.2473197 0.9679536 0.04357779 1.4999999 -0.8344888 0.23564297 -0.49809754 0.9597521 -0.49240404 0.086824134 0.86602545 2.0000002 0.0 0.0 0.0 1.0 0.2473197 0.9679536 0.04357779 1.4999999 -0.8344888 0.23564297 -0.49809754 0.9597521 -0.49240404 0.086824134 0.86602545 2.0000002 0.0 0.0 0.0 1.0 0.2473197 0.9679536 0.04357779 1.4999999 -0.8344888 0.23564297 -0.49809754 0.9597521 -0.49240404 0.086824134 0.86602545 2.0000002 0.0 0.0 0.0 1.0 0.2473197 0.9679536 0.04357779 1.4999999 -0.8344888 0.23564297 -0.49809754 0.9597521 -0.49240404 0.086824134 0.86602545 2.0000002 0.0 0.0 0.0 1.0 0.2473197 0.9679536 0.04357779 1.4999999 -0.8344888 0.23564297 -0.49809754 0.9597521 -0.49240404 0.086824134 0.86602545 2.0000002 0.0 0.0 0.0 1.0 0.2473197 0.9679536 0.04357779 1.4999999 -0.8344888 0.23564297 -0.49809754 0.9597521 -0.49240404 0.086824134 0.86602545 2.0000002 0.0 0.0 0.0 1.0 0.2473197 0.9679536 0.04357779 1.4999999 -0.8344888 0.23564297 -0.49809754 0.9597521 -0.49240404 0.086824134 0.86602545 2.0000002 0.0 0.0 0.0 1.0 0.2473197 0.9679536 0.04357779 1.4999999 -0.8344888 0.23564297 -0.49809754 0.9597521 -0.49240404 0.086824134 0.86602545 2.0000002 0.0 0.0 0.0 1.0 0.2473197 0.9679536 0.04357779 1.4999999 -0.8344888 0.23564297 -0.49809754 0.9597521 -0.49240404 0.086824134 0.86602545 2.0000002 0.0 0.0 0.0 1.0 0.2473197 0.9679536 0.04357779 1.4999999 -0.8344888 0.23564297 -0.49809754 0.9597521 -0.49240404 0.086824134 0.86602545 2.0000002 0.0 0.0 0.0 1.0 0.2473197 0.9679536 0.04357779 1.4999999 -0.8344888 0.23564297 -0.49809754 0.9597521 -0.49240404 0.086824134 0.86602545 2.0000002 0.0 0.0 0.0 1.0 0.2473197 0.9679536 0.04357779 1.4999999 -0.8344888 0.23564297 -0.49809754 0.9597521 -0.49240404 0.086824134 0.86602545 2.0000002 0.0 0.0 0.0 1.0 </float_array>
          <technique_common>
            <accessor count="52" source="#Right_Wing1-global-anim-outSource-global-array" stride="16">
              <param type="float4x4"/>
            </accessor>
          </technique_common>
        </source>
        <sampler id="Right_Wing1-global-anim-globalSampler">
          <input semantic="INPUT" source="#Right_Wing1-global-anim-inSource-TIME"/>
          <input semantic="OUTPUT" source="#Right_Wing1-global-anim-outSource-global"/>
          <input semantic="INTERPOLATION" source="#Right_Wing1-global-anim-interpolation"/>
        </sampler>
        <channel source="#Right_Wing1-global-anim-globalSampler" target="Right_Wing1-global/matrix"/>
      </animation>
    </animation>
    <animation id="Right_Wing1-local-anim" name="Right_Wing1-local-anim">
      <animation>
        <source id="Right_Wing1-local-anim-inSource-TIME">
          <float_array count="52" id="Right_Wing1-local-anim-inSource-TIME-array">0.0 0.041666668 0.083333336 0.125 0.16666667 0.20833333 0.25 0.29166666 0.33333334 0.375 0.41666666 0.45833334 0.5 0.5416667 0.5833333 0.625 0.6666667 0.7083333 0.75 0.7916667 0.8333333 0.875 0.9166667 0.9583333 1.0 1.0416666 1.0833334 1.125 1.1666666 1.2083334 1.25 1.2916666 1.3333334 1.375 1.4166666 1.4583334 1.5 1.5416666 1.5833334 1.625 1.6666666 1.7083334 1.75 1.7916666 1.8333334 1.875 1.9166666 1.9583334 2.0 2.0416667 2.0833333 2.125 </float_array>
          <technique_common>
            <accessor count="52" source="#Right_Wing1-local-anim-inSource-TIME-array">
              <param name="TIME" type="float"/>
            </accessor>
          </technique_common>
        </source>
        <source id="Right_Wing1-local-anim-interpolation">
          <Name_array count="52" id="Right_Wing1-local-anim-interpolation-array">LINEAR LINEAR LINEAR LINEAR LINEAR LINEAR LINEAR LINEAR LINEAR LINEAR LINEAR LINEAR LINEAR LINEAR LINEAR LINEAR LINEAR LINEAR LINEAR LINEAR LINEAR LINEAR LINEAR LINEAR LINEAR LINEAR LINEAR LINEAR LINEAR LINEAR LINEAR LINEAR LINEAR LINEAR LINEAR LINEAR LINEAR LINEAR LINEAR LINEAR LINEAR LINEAR LINEAR LINEAR LINEAR LINEAR LINEAR LINEAR LINEAR LINEAR LINEAR LINEAR </Name_array>
          <technique_common>
            <accessor count="52" source="#Right_Wing1-local-anim-interpolation-array">
              <param type="name"/>
            </accessor>
          </technique_common>
        </source>
        <source id="Right_Wing1-local-anim-outSource-local">
          <float_array count="832" id="Right_Wing1-local-anim-outSource-local-array">1.0 0.0 0.0 3.5 0.0 1.0 0.0 1.0 0.0 0.0 1.0 -2.5 0.0 0.0 0.0 1.0 1.0 0.0 0.0 3.5 0.0 1.0 0.0 1.0 0.0 0.0 1.0 -2.5 0.0 0.0 0.0 1.0 1.0 0.0 0.0 3.5 0.0 1.0 0.0 1.0 0.0 0.0 1.0 -2.5 0.0 0.0 0.0 1.0 1.0 0.0 0.0 3.5 0.0 1.0 0.0 1.0 0.0 0.0 1.0 -2.5 0.0 0.0 0.0 1.0 1.0 0.0 0.0 3.5 0.0 1.0 0.0 1.0 0.0 0.0 1.0 -2.5 0.0 0.0 0.0 1.0 1.0 0.0 0.0 3.5 0.0 1.0 0.0 1.0 0.0 0.0 1.0 -2.5 0.0 0.0 0.0 1.0 1.0 0.0 0.0 3.5 0.0 1.0 0.0 1.0 0.0 0.0 1.0 -2.5 0.0 0.0 0.0 1.0 1.0 0.0 0.0 3.5 0.0 1.0 0.0 1.0 0.0 0.0 1.0 -2.5 0.0 0.0 0.0 1.0 1.0 0.0 0.0 3.5 0.0 1.0 0.0 1.0 0.0 0.0 1.0 -2.5 0.0 0.0 0.0 1.0 1.0 0.0 0.0 3.5 0.0 1.0 0.0 1.0 0.0 0.0 1.0 -2.5 0.0 0.0 0.0 1.0 1.0 0.0 0.0 3.5 0.0 1.0 0.0 1.0 0.0 0.0 1.0 -2.5 0.0 0.0 0.0 1.0 1.0 0.0 0.0 3.5 0.0 1.0 0.0 1.0 0.0 0.0 1.0 -2.5 0.0 0.0 0.0 1.0 1.0 0.0 0.0 3.5 0.0 1.0 0.0 1.0 0.0 0.0 1.0 -2.5 0.0 0.0 0.0 1.0 1.0 0.0 0.0 3.5 0.0 1.0 0.0 1.0 0.0 0.0 1.0 -2.5 0.0 0.0 0.0 1.0 1.0 0.0 0.0 3.5 0.0 1.0 0.0 1.0 0.0 0.0 1.0 -2.5 0.0 0.0 0.0 1.0 1.0 0.0 0.0 3.5 0.0 1.0 0.0 1.0 0.0 0.0 1.0 -2.5 0.0 0.0 0.0 1.0 1.0 0.0 0.0 3.5 0.0 1.0 0.0 1.0 0.0 0.0 1.0 -2.5 0.0 0.0 0.0 1.0 1.0 0.0 0.0 3.5 0.0 1.0 0.0 1.0 0.0 0.0 1.0 -2.5 0.0 0.0 0.0 1.0 1.0 0.0 0.0 3.5 0.0 1.0 0.0 1.0 0.0 0.0 1.0 -2.5 0.0 0.0 0.0 1.0 1.0 0.0 0.0 3.5 0.0 1.0 0.0 1.0 0.0 0.0 1.0 -2.5 0.0 0.0 0.0 1.0 1.0 0.0 0.0 3.5 0.0 1.0 0.0 1.0 0.0 0.0 1.0 -2.5 0.0 0.0 0.0 1.0 1.0 0.0 0.0 3.5 0.0 1.0 0.0 1.0 0.0 0.0 1.0 -2.5 0.0 0.0 0.0 1.0 1.0 0.0 0.0 3.5 0.0 1.0 0.0 1.0 0.0 0.0 1.0 -2.5 0.0 0.0 0.0 1.0 1.0 0.0 0.0 3.5 0.0 1.0 0.0 1.0 0.0 0.0 1.0 -2.5 0.0 0.0 0.0 1.0 1.0 0.0 0.0 3.5 0.0 1.0 0.0 1.0 0.0 0.0 1.0 -2.5 0.0 0.0 0.0 1.0 1.0 0.0 0.0 3.5 0.0 1.0 0.0 1.0 0.0 0.0 1.0 -2.5 0.0 0.0 0.0 1.0 1.0 0.0 0.0 3.5 0.0 1.0 0.0 1.0 0.0 0.0 1.0 -2.5 0.0 0.0 0.0 1.0 1.0 0.0 0.0 3.5 0.0 1.0 0.0 1.0 0.0 0.0 1.0 -2.5 0.0 0.0 0.0 1.0 1.0 0.0 0.0 3.5 0.0 1.0 0.0 1.0 0.0 0.0 1.0 -2.5 0.0 0.0 0.0 1.0 1.0 0.0 0.0 3.5 0.0 1.0 0.0 1.0 0.0 0.0 1.0 -2.5 0.0 0.0 0.0 1.0 1.0 0.0 0.0 3.5 0.0 1.0 0.0 1.0 0.0 0.0 1.0 -2.5 0.0 0.0 0.0 1.0 1.0 0.0 0.0 3.5 0.0 1.0 0.0 1.0 0.0 0.0 1.0 -2.5 0.0 0.0 0.0 1.0 1.0 0.0 0.0 3.5 0.0 1.0 0.0 1.0 0.0 0.0 1.0 -2.5 0.0 0.0 0.0 1.0 1.0 0.0 0.0 3.5 0.0 1.0 0.0 1.0 0.0 0.0 1.0 -2.5 0.0 0.0 0.0 1.0 1.0 0.0 0.0 3.5 0.0 1.0 0.0 1.0 0.0 0.0 1.0 -2.5 0.0 0.0 0.0 1.0 1.0 0.0 0.0 3.5 0.0 1.0 0.0 1.0 0.0 0.0 1.0 -2.5 0.0 0.0 0.0 1.0 1.0 0.0 0.0 3.5 0.0 1.0 0.0 1.0 0.0 0.0 1.0 -2.5 0.0 0.0 0.0 1.0 1.0 0.0 0.0 3.5 0.0 1.0 0.0 1.0 0.0 0.0 1.0 -2.5 0.0 0.0 0.0 1.0 1.0 0.0 0.0 3.5 0.0 1.0 0.0 1.0 0.0 0.0 1.0 -2.5 0.0 0.0 0.0 1.0 1.0 0.0 0.0 3.5 0.0 1.0 0.0 1.0 0.0 0.0 1.0 -2.5 0.0 0.0 0.0 1.0 1.0 0.0 0.0 3.5 0.0 1.0 0.0 1.0 0.0 0.0 1.0 -2.5 0.0 0.0 0.0 1.0 1.0 0.0 0.0 3.5 0.0 1.0 0.0 1.0 0.0 0.0 1.0 -2.5 0.0 0.0 0.0 1.0 1.0 0.0 0.0 3.5 0.0 1.0 0.0 1.0 0.0 0.0 1.0 -2.5 0.0 0.0 0.0 1.0 1.0 0.0 0.0 3.5 0.0 1.0 0.0 1.0 0.0 0.0 1.0 -2.5 0.0 0.0 0.0 1.0 1.0 0.0 0.0 3.5 0.0 1.0 0.0 1.0 0.0 0.0 1.0 -2.5 0.0 0.0 0.0 1.0 1.0 0.0 0.0 3.5 0.0 1.0 0.0 1.0 0.0 0.0 1.0 -2.5 0.0 0.0 0.0 1.0 1.0 0.0 0.0 3.5 0.0 1.0 0.0 1.0 0.0 0.0 1.0 -2.5 0.0 0.0 0.0 1.0 1.0 0.0 0.0 3.5 0.0 1.0 0.0 1.0 0.0 0.0 1.0 -2.5 0.0 0.0 0.0 1.0 1.0 0.0 0.0 3.5 0.0 1.0 0.0 1.0 0.0 0.0 1.0 -2.5 0.0 0.0 0.0 1.0 1.0 0.0 0.0 3.5 0.0 1.0 0.0 1.0 0.0 0.0 1.0 -2.5 0.0 0.0 0.0 1.0 1.0 0.0 0.0 3.5 0.0 1.0 0.0 1.0 0.0 0.0 1.0 -2.5 0.0 0.0 0.0 1.0 1.0 0.0 0.0 3.5 0.0 1.0 0.0 1.0 0.0 0.0 1.0 -2.5 0.0 0.0 0.0 1.0 </float_array>
          <technique_common>
            <accessor count="52" source="#Right_Wing1-local-anim-outSource-local-array" stride="16">
              <param type="float4x4"/>
            </accessor>
          </technique_common>
        </source>
        <sampler id="Right_Wing1-local-anim-localSampler">
          <input semantic="INPUT" source="#Right_Wing1-local-anim-inSource-TIME"/>
          <input semantic="OUTPUT" source="#Right_Wing1-local-anim-outSource-local"/>
          <input semantic="INTERPOLATION" source="#Right_Wing1-local-anim-interpolation"/>
        </sampler>
        <channel source="#Right_Wing1-local-anim-localSampler" target="Right_Wing1-local/matrix"/>
      </animation>
    </animation>
    <animation id="Right_Wing2-global-anim" name="Right_Wing2-global-anim">
      <animation>
        <source id="Right_Wing2-global-anim-inSource-TIME">
          <float_array count="52" id="Right_Wing2-global-anim-inSource-TIME-array">0.0 0.041666668 0.083333336 0.125 0.16666667 0.20833333 0.25 0.29166666 0.33333334 0.375 0.41666666 0.45833334 0.5 0.5416667 0.5833333 0.625 0.6666667 0.7083333 0.75 0.7916667 0.8333333 0.875 0.9166667 0.9583333 1.0 1.0416666 1.0833334 1.125 1.1666666 1.2083334 1.25 1.2916666 1.3333334 1.375 1.4166666 1.4583334 1.5 1.5416666 1.5833334 1.625 1.6666666 1.7083334 1.75 1.7916666 1.8333334 1.875 1.9166666 1.9583334 2.0 2.0416667 2.0833333 2.125 </float_array>
          <technique_common>
            <accessor count="52" source="#Right_Wing2-global-anim-inSource-TIME-array">
              <param name="TIME" type="float"/>
            </accessor>
          </technique_common>
        </source>
        <source id="Right_Wing2-global-anim-interpolation">
          <Name_array count="52" id="Right_Wing2-global-anim-interpolation-array">LINEAR LINEAR LINEAR LINEAR LINEAR LINEAR LINEAR LINEAR LINEAR LINEAR LINEAR LINEAR LINEAR LINEAR LINEAR LINEAR LINEAR LINEAR LINEAR LINEAR LINEAR LINEAR LINEAR LINEAR LINEAR LINEAR LINEAR LINEAR LINEAR LINEAR LINEAR LINEAR LINEAR LINEAR LINEAR LINEAR LINEAR LINEAR LINEAR LINEAR LINEAR LINEAR LINEAR LINEAR LINEAR LINEAR LINEAR LINEAR LINEAR LINEAR LINEAR LINEAR </Name_array>
          <technique_common>
            <accessor count="52" source="#Right_Wing2-global-anim-interpolation-array">
              <param type="name"/>
            </accessor>
          </technique_common>
        </source>
        <source id="Right_Wing2-global-anim-outSource-global">
          <float_array count="832" id="Right_Wing2-global-anim-outSource-global-array">1.0 0.0 0.0 8.0 0.0 1.0 0.0 0.99999905 0.0 0.0 1.0 0.99999976 0.0 0.0 0.0 1.0 1.0 0.0 0.0 8.0 0.0 1.0 0.0 0.99999905 0.0 0.0 1.0 0.99999976 0.0 0.0 0.0 1.0 1.0 0.0 0.0 8.0 0.0 1.0 0.0 0.99999905 0.0 0.0 1.0 0.99999976 0.0 0.0 0.0 1.0 0.9812553 0.1927124 0.0 8.0 -0.1927124 0.9812553 0.0 0.99999905 0.0 0.0 1.0 0.99999976 0.0 0.0 0.0 1.0 0.95224786 0.3053262 0.0 8.0 -0.3053262 0.95224786 0.0 0.99999905 0.0 0.0 1.0 0.99999976 0.0 0.0 0.0 1.0 0.9396925 0.34202033 0.0 8.0 -0.34202033 0.9396925 0.0 0.99999905 0.0 0.0 1.0 0.99999976 0.0 0.0 0.0 1.0 0.84339154 0.53729934 0.0 8.0 -0.53729934 0.84339154 0.0 0.99999905 0.0 0.0 1.0 0.99999976 0.0 0.0 0.0 1.0 0.7071073 0.7071063 0.0 8.0 -0.7071063 0.7071073 0.0 0.99999905 0.0 0.0 1.0 0.99999976 0.0 0.0 0.0 1.0 0.7071073 0.7071063 0.0 8.0 -0.7071063 0.7071073 0.0 0.99999905 0.0 0.0 1.0 0.99999976 0.0 0.0 0.0 1.0 0.7071073 0.7071063 0.0 8.0 -0.7071063 0.7071073 0.0 0.99999905 0.0 0.0 1.0 0.99999976 0.0 0.0 0.0 1.0 0.92387974 0.3826832 0.0 8.0 -0.3826832 0.92387974 0.0 0.99999905 0.0 0.0 1.0000001 0.99999976 0.0 0.0 0.0 1.0 1.0 0.0 0.0 8.0 0.0 1.0 0.0 0.99999905 0.0 0.0 1.0 0.99999976 0.0 0.0 0.0 1.0 0.9848078 -0.17364816 0.0 8.0 0.17364816 0.9848078 0.0 0.99999905 0.0 0.0 1.0 0.99999976 0.0 0.0 0.0 1.0 0.9961947 0.087155856 0.0 8.0 -0.087155856 0.9961947 0.0 0.99999905 0.0 0.0 1.0 0.99999976 0.0 0.0 0.0 1.0 0.9396925 0.34202036 0.0 8.0 -0.34202036 0.9396925 0.0 0.99999905 0.0 0.0 1.0 0.99999976 0.0 0.0 0.0 1.0 0.92201334 0.38715813 0.0 8.0 -0.38715813 0.92201334 0.0 0.99999905 0.0 0.0 1.0 0.99999976 0.0 0.0 0.0 1.0 0.856167 0.51669925 0.0 8.0 -0.51669925 0.856167 0.0 0.99999905 0.0 0.0 1.0 0.99999976 0.0 0.0 0.0 1.0 0.7071073 0.7071063 0.0 8.0 -0.7071063 0.7071073 0.0 0.99999905 0.0 0.0 1.0 0.99999976 0.0 0.0 0.0 1.0 0.9978589 0.06540293 0.0 8.0 -0.06540293 0.9978589 0.0 0.99999905 0.0 0.0 1.0 0.99999976 0.0 0.0 0.0 1.0 0.9848078 -0.17364813 0.0 8.0 0.17364813 0.9848078 0.0 0.99999905 0.0 0.0 1.0 0.99999976 0.0 0.0 0.0 1.0 0.9983081 -0.058144756 0.0 8.0 0.058144756 0.9983081 0.0 0.99999905 0.0 0.0 0.99999994 0.99999976 0.0 0.0 0.0 1.0 0.97304505 0.23061603 0.0 8.0 -0.23061603 0.97304505 0.0 0.99999905 0.0 0.0 1.0000002 0.99999976 0.0 0.0 0.0 1.0 0.9396925 0.34202036 0.0 8.0 -0.34202036 0.9396925 0.0 0.99999905 0.0 0.0 1.0 0.99999976 0.0 0.0 0.0 1.0 0.84339154 0.53729934 0.0 8.0 -0.53729934 0.84339154 0.0 0.99999905 0.0 0.0 1.0 0.99999976 0.0 0.0 0.0 1.0 0.7071073 0.7071063 0.0 8.0 -0.7071063 0.7071073 0.0 0.99999905 0.0 0.0 1.0 0.99999976 0.0 0.0 0.0 1.0 0.9848078 -0.17364813 0.0 8.0 0.17364813 0.9848078 0.0 0.99999905 0.0 0.0 1.0 0.99999976 0.0 0.0 0.0 1.0 0.9945706 0.07619881 0.07087361 8.0 -0.07347033 0.9964811 -0.040342767 0.99999905 -0.07369829 0.03491662 0.9966692 0.99999976 0.0 0.0 0.0 1.0 0.7365707 0.6507381 0.18440111 8.0 -0.619421 0.7584992 -0.20247689 0.99999905 -0.2716275 0.034916632 0.961769 0.99999976 0.0 0.0 0.0 1.0 0.53898525 0.81915224 0.19617476 8.0 -0.7697512 0.5735762 -0.28016675 0.99999905 -0.3420204 -1.4901161E-8 0.9396925 0.99999976 0.0 0.0 0.0 1.0 0.5479285 0.80549455 0.2257272 8.0 -0.7532587 0.5924492 -0.2856664 0.99999905 -0.36383462 -0.013506219 0.9313656 0.99999976 0.0 0.0 0.0 1.0 0.56917834 0.7600355 0.31365913 8.0 -0.7012365 0.6479057 -0.29746538 0.99999905 -0.4293058 -0.050638348 0.9017385 0.99999976 0.0 0.0 0.0 1.0 0.5855299 0.67051804 0.4555881 8.0 -0.6073929 0.73507607 -0.30122617 0.99999905 -0.53686947 -0.10034403 0.8376769 0.99999976 0.0 0.0 0.0 1.0 0.5677755 0.52121747 0.6371525 8.0 -0.4660628 0.8415458 -0.2731046 0.99999905 -0.67853993 -0.141891 0.7207291 0.99999976 0.0 0.0 0.0 1.0 0.4843758 0.31462628 0.8163274 8.0 -0.29034287 0.93802184 -0.1892516 0.99999905 -0.82527643 -0.14534593 0.54570454 0.99999976 0.0 0.0 0.0 1.0 0.36978155 0.1360834 0.9190992 8.0 -0.15281951 0.9846518 -0.08430529 0.99999905 -0.91646504 -0.10928172 0.38490224 0.99999976 0.0 0.0 0.0 1.0 0.26658082 0.010464655 0.96375597 8.0 -0.063674964 0.99794793 0.0067769643 0.99999905 -0.9617071 -0.06317372 0.26670003 0.99999976 0.0 0.0 0.0 1.0 0.19763231 -0.062231414 0.9782991 8.0 -0.015198149 0.9976687 0.06653382 0.99999905 -0.9801586 -0.02801756 0.1962257 0.99999976 0.0 0.0 0.0 1.0 0.17364821 -0.08583196 0.9810603 8.0 0.0 0.9961947 0.08715606 0.99999905 -0.9848078 -0.015134487 0.17298737 0.99999976 0.0 0.0 0.0 1.0 0.17364821 -0.08583196 0.9810603 8.0 0.0 0.9961947 0.08715606 0.99999905 -0.9848078 -0.015134487 0.17298737 0.99999976 0.0 0.0 0.0 1.0 0.17364821 -0.08583197 0.9810603 8.0 3.7252903E-9 0.9961947 0.08715606 0.99999905 -0.9848078 -0.015134487 0.17298737 0.99999976 0.0 0.0 0.0 1.0 0.17364821 -0.08583196 0.9810603 8.0 0.0 0.9961947 0.08715606 0.99999905 -0.9848078 -0.015134487 0.17298737 0.99999976 0.0 0.0 0.0 1.0 0.17364821 -0.08583196 0.9810603 8.0 0.0 0.9961947 0.08715606 0.99999905 -0.9848078 -0.015134487 0.17298737 0.99999976 0.0 0.0 0.0 1.0 0.17364821 -0.08583196 0.9810603 8.0 0.0 0.9961947 0.08715606 0.99999905 -0.9848078 -0.015134487 0.17298737 0.99999976 0.0 0.0 0.0 1.0 0.17364821 -0.08583196 0.9810603 8.0 0.0 0.9961947 0.08715606 0.99999905 -0.9848078 -0.015134487 0.17298737 0.99999976 0.0 0.0 0.0 1.0 0.17364821 -0.08583196 0.9810603 8.0 0.0 0.9961947 0.08715606 0.99999905 -0.9848078 -0.015134487 0.17298737 0.99999976 0.0 0.0 0.0 1.0 0.17364821 -0.08583196 0.9810603 8.0 0.0 0.9961947 0.08715606 0.99999905 -0.9848078 -0.015134487 0.17298737 0.99999976 0.0 0.0 0.0 1.0 0.17364821 -0.08583196 0.9810603 8.0 0.0 0.9961947 0.08715606 0.99999905 -0.9848078 -0.015134487 0.17298737 0.99999976 0.0 0.0 0.0 1.0 0.17364821 -0.08583196 0.9810603 8.0 0.0 0.9961947 0.08715606 0.99999905 -0.9848078 -0.015134487 0.17298737 0.99999976 0.0 0.0 0.0 1.0 0.17364821 -0.08583196 0.9810603 8.0 0.0 0.9961947 0.08715606 0.99999905 -0.9848078 -0.015134487 0.17298737 0.99999976 0.0 0.0 0.0 1.0 0.17364821 -0.08583196 0.9810603 8.0 0.0 0.9961947 0.08715606 0.99999905 -0.9848078 -0.015134487 0.17298737 0.99999976 0.0 0.0 0.0 1.0 0.17364821 -0.08583196 0.9810603 8.0 0.0 0.9961947 0.08715606 0.99999905 -0.9848078 -0.015134487 0.17298737 0.99999976 0.0 0.0 0.0 1.0 0.17364821 -0.08583196 0.9810603 8.0 0.0 0.9961947 0.08715606 0.99999905 -0.9848078 -0.015134487 0.17298737 0.99999976 0.0 0.0 0.0 1.0 </float_array>
          <technique_common>
            <accessor count="52" source="#Right_Wing2-global-anim-outSource-global-array" stride="16">
              <param type="float4x4"/>
            </accessor>
          </technique_common>
        </source>
        <sampler id="Right_Wing2-global-anim-globalSampler">
          <input semantic="INPUT" source="#Right_Wing2-global-anim-inSource-TIME"/>
          <input semantic="OUTPUT" source="#Right_Wing2-global-anim-outSource-global"/>
          <input semantic="INTERPOLATION" source="#Right_Wing2-global-anim-interpolation"/>
        </sampler>
        <channel source="#Right_Wing2-global-anim-globalSampler" target="Right_Wing2-global/matrix"/>
      </animation>
    </animation>
    <animation id="Right_Wing2-local-anim" name="Right_Wing2-local-anim">
      <animation>
        <source id="Right_Wing2-local-anim-inSource-TIME">
          <float_array count="52" id="Right_Wing2-local-anim-inSource-TIME-array">0.0 0.041666668 0.083333336 0.125 0.16666667 0.20833333 0.25 0.29166666 0.33333334 0.375 0.41666666 0.45833334 0.5 0.5416667 0.5833333 0.625 0.6666667 0.7083333 0.75 0.7916667 0.8333333 0.875 0.9166667 0.9583333 1.0 1.0416666 1.0833334 1.125 1.1666666 1.2083334 1.25 1.2916666 1.3333334 1.375 1.4166666 1.4583334 1.5 1.5416666 1.5833334 1.625 1.6666666 1.7083334 1.75 1.7916666 1.8333334 1.875 1.9166666 1.9583334 2.0 2.0416667 2.0833333 2.125 </float_array>
          <technique_common>
            <accessor count="52" source="#Right_Wing2-local-anim-inSource-TIME-array">
              <param name="TIME" type="float"/>
            </accessor>
          </technique_common>
        </source>
        <source id="Right_Wing2-local-anim-interpolation">
          <Name_array count="52" id="Right_Wing2-local-anim-interpolation-array">LINEAR LINEAR LINEAR LINEAR LINEAR LINEAR LINEAR LINEAR LINEAR LINEAR LINEAR LINEAR LINEAR LINEAR LINEAR LINEAR LINEAR LINEAR LINEAR LINEAR LINEAR LINEAR LINEAR LINEAR LINEAR LINEAR LINEAR LINEAR LINEAR LINEAR LINEAR LINEAR LINEAR LINEAR LINEAR LINEAR LINEAR LINEAR LINEAR LINEAR LINEAR LINEAR LINEAR LINEAR LINEAR LINEAR LINEAR LINEAR LINEAR LINEAR LINEAR LINEAR </Name_array>
          <technique_common>
            <accessor count="52" source="#Right_Wing2-local-anim-interpolation-array">
              <param type="name"/>
            </accessor>
          </technique_common>
        </source>
        <source id="Right_Wing2-local-anim-outSource-local">
          <float_array count="832" id="Right_Wing2-local-anim-outSource-local-array">1.0 0.0 0.0 5.5 0.0 1.0 0.0 0.0 0.0 0.0 1.0 -3.0 0.0 0.0 0.0 1.0 1.0 0.0 0.0 5.5 0.0 1.0 0.0 0.0 0.0 0.0 1.0 -3.0 0.0 0.0 0.0 1.0 1.0 0.0 0.0 5.5 0.0 1.0 0.0 0.0 0.0 0.0 1.0 -3.0 0.0 0.0 0.0 1.0 1.0 0.0 0.0 5.5 0.0 1.0 0.0 0.0 0.0 0.0 1.0 -3.0 0.0 0.0 0.0 1.0 1.0 0.0 0.0 5.5 0.0 1.0 0.0 0.0 0.0 0.0 1.0 -3.0 0.0 0.0 0.0 1.0 1.0 0.0 0.0 5.5 0.0 1.0 0.0 0.0 0.0 0.0 1.0 -3.0 0.0 0.0 0.0 1.0 1.0 0.0 0.0 5.5 0.0 1.0 0.0 0.0 0.0 0.0 1.0 -3.0 0.0 0.0 0.0 1.0 1.0 0.0 0.0 5.5 0.0 1.0 0.0 0.0 0.0 0.0 1.0 -3.0 0.0 0.0 0.0 1.0 1.0 0.0 0.0 5.5 0.0 1.0 0.0 0.0 0.0 0.0 1.0 -3.0 0.0 0.0 0.0 1.0 1.0 0.0 0.0 5.5 0.0 1.0 0.0 0.0 0.0 0.0 1.0 -3.0 0.0 0.0 0.0 1.0 1.0 0.0 0.0 5.5 0.0 1.0 0.0 0.0 0.0 0.0 1.0 -3.0 0.0 0.0 0.0 1.0 1.0 0.0 0.0 5.5 0.0 1.0 0.0 0.0 0.0 0.0 1.0 -3.0 0.0 0.0 0.0 1.0 1.0 0.0 0.0 5.5 0.0 1.0 0.0 0.0 0.0 0.0 1.0 -3.0 0.0 0.0 0.0 1.0 1.0 0.0 0.0 5.5 0.0 1.0 0.0 0.0 0.0 0.0 1.0 -3.0 0.0 0.0 0.0 1.0 1.0 0.0 0.0 5.5 0.0 1.0 0.0 0.0 0.0 0.0 1.0 -3.0 0.0 0.0 0.0 1.0 1.0 0.0 0.0 5.5 0.0 1.0 0.0 0.0 0.0 0.0 1.0 -3.0 0.0 0.0 0.0 1.0 1.0 0.0 0.0 5.5 0.0 1.0 0.0 0.0 0.0 0.0 1.0 -3.0 0.0 0.0 0.0 1.0 1.0 0.0 0.0 5.5 0.0 1.0 0.0 0.0 0.0 0.0 1.0 -3.0 0.0 0.0 0.0 1.0 1.0 0.0 0.0 5.5 0.0 1.0 0.0 0.0 0.0 0.0 1.0 -3.0 0.0 0.0 0.0 1.0 1.0 0.0 0.0 5.5 0.0 1.0 0.0 0.0 0.0 0.0 1.0 -3.0 0.0 0.0 0.0 1.0 1.0 0.0 0.0 5.5 0.0 1.0 0.0 0.0 0.0 0.0 1.0 -3.0 0.0 0.0 0.0 1.0 1.0 0.0 0.0 5.5 0.0 1.0 0.0 0.0 0.0 0.0 1.0 -3.0 0.0 0.0 0.0 1.0 1.0 0.0 0.0 5.5 0.0 1.0 0.0 0.0 0.0 0.0 1.0 -3.0 0.0 0.0 0.0 1.0 1.0 0.0 0.0 5.5 0.0 1.0 0.0 0.0 0.0 0.0 1.0 -3.0 0.0 0.0 0.0 1.0 1.0 0.0 0.0 5.5 0.0 1.0 0.0 0.0 0.0 0.0 1.0 -3.0 0.0 0.0 0.0 1.0 1.0 0.0 0.0 5.5 0.0 1.0 0.0 0.0 0.0 0.0 1.0 -3.0 0.0 0.0 0.0 1.0 1.0 0.0 0.0 5.5 0.0 1.0 0.0 0.0 0.0 0.0 1.0 -3.0 0.0 0.0 0.0 1.0 1.0 0.0 0.0 5.5 0.0 1.0 0.0 0.0 0.0 0.0 1.0 -3.0 0.0 0.0 0.0 1.0 1.0 0.0 0.0 5.5 0.0 1.0 0.0 0.0 0.0 0.0 1.0 -3.0 0.0 0.0 0.0 1.0 1.0 0.0 0.0 5.5 0.0 1.0 0.0 0.0 0.0 0.0 1.0 -3.0 0.0 0.0 0.0 1.0 1.0 0.0 0.0 5.5 0.0 1.0 0.0 0.0 0.0 0.0 1.0 -3.0 0.0 0.0 0.0 1.0 1.0 0.0 0.0 5.5 0.0 1.0 0.0 0.0 0.0 0.0 1.0 -3.0 0.0 0.0 0.0 1.0 1.0 0.0 0.0 5.5 0.0 1.0 0.0 0.0 0.0 0.0 1.0 -3.0 0.0 0.0 0.0 1.0 1.0 0.0 0.0 5.5 0.0 1.0 0.0 0.0 0.0 0.0 1.0 -3.0 0.0 0.0 0.0 1.0 1.0 0.0 0.0 5.5 0.0 1.0 0.0 0.0 0.0 0.0 1.0 -3.0 0.0 0.0 0.0 1.0 1.0 0.0 0.0 5.5 0.0 1.0 0.0 0.0 0.0 0.0 1.0 -3.0 0.0 0.0 0.0 1.0 1.0 0.0 0.0 5.5 0.0 1.0 0.0 0.0 0.0 0.0 1.0 -3.0 0.0 0.0 0.0 1.0 1.0 0.0 0.0 5.5 0.0 1.0 0.0 0.0 0.0 0.0 1.0 -3.0 0.0 0.0 0.0 1.0 1.0 0.0 0.0 5.5 0.0 1.0 0.0 0.0 0.0 0.0 1.0 -3.0 0.0 0.0 0.0 1.0 1.0 0.0 0.0 5.5 0.0 1.0 0.0 0.0 0.0 0.0 1.0 -3.0 0.0 0.0 0.0 1.0 1.0 0.0 0.0 5.5 0.0 1.0 0.0 0.0 0.0 0.0 1.0 -3.0 0.0 0.0 0.0 1.0 1.0 0.0 0.0 5.5 0.0 1.0 0.0 0.0 0.0 0.0 1.0 -3.0 0.0 0.0 0.0 1.0 1.0 0.0 0.0 5.5 0.0 1.0 0.0 0.0 0.0 0.0 1.0 -3.0 0.0 0.0 0.0 1.0 1.0 0.0 0.0 5.5 0.0 1.0 0.0 0.0 0.0 0.0 1.0 -3.0 0.0 0.0 0.0 1.0 1.0 0.0 0.0 5.5 0.0 1.0 0.0 0.0 0.0 0.0 1.0 -3.0 0.0 0.0 0.0 1.0 1.0 0.0 0.0 5.5 0.0 1.0 0.0 0.0 0.0 0.0 1.0 -3.0 0.0 0.0 0.0 1.0 1.0 0.0 0.0 5.5 0.0 1.0 0.0 0.0 0.0 0.0 1.0 -3.0 0.0 0.0 0.0 1.0 1.0 0.0 0.0 5.5 0.0 1.0 0.0 0.0 0.0 0.0 1.0 -3.0 0.0 0.0 0.0 1.0 1.0 0.0 0.0 5.5 0.0 1.0 0.0 0.0 0.0 0.0 1.0 -3.0 0.0 0.0 0.0 1.0 1.0 0.0 0.0 5.5 0.0 1.0 0.0 0.0 0.0 0.0 1.0 -3.0 0.0 0.0 0.0 1.0 1.0 0.0 0.0 5.5 0.0 1.0 0.0 0.0 0.0 0.0 1.0 -3.0 0.0 0.0 0.0 1.0 1.0 0.0 0.0 5.5 0.0 1.0 0.0 0.0 0.0 0.0 1.0 -3.0 0.0 0.0 0.0 1.0 </float_array>
          <technique_common>
            <accessor count="52" source="#Right_Wing2-local-anim-outSource-local-array" stride="16">
              <param type="float4x4"/>
            </accessor>
          </technique_common>
        </source>
        <sampler id="Right_Wing2-local-anim-localSampler">
          <input semantic="INPUT" source="#Right_Wing2-local-anim-inSource-TIME"/>
          <input semantic="OUTPUT" source="#Right_Wing2-local-anim-outSource-local"/>
          <input semantic="INTERPOLATION" source="#Right_Wing2-local-anim-interpolation"/>
        </sampler>
        <channel source="#Right_Wing2-local-anim-localSampler" target="Right_Wing2-local/matrix"/>
      </animation>
    </animation>
    <animation id="Left_Wing1-global-anim" name="Left_Wing1-global-anim">
      <animation>
        <source id="Left_Wing1-global-anim-inSource-TIME">
          <float_array count="52" id="Left_Wing1-global-anim-inSource-TIME-array">0.0 0.041666668 0.083333336 0.125 0.16666667 0.20833333 0.25 0.29166666 0.33333334 0.375 0.41666666 0.45833334 0.5 0.5416667 0.5833333 0.625 0.6666667 0.7083333 0.75 0.7916667 0.8333333 0.875 0.9166667 0.9583333 1.0 1.0416666 1.0833334 1.125 1.1666666 1.2083334 1.25 1.2916666 1.3333334 1.375 1.4166666 1.4583334 1.5 1.5416666 1.5833334 1.625 1.6666666 1.7083334 1.75 1.7916666 1.8333334 1.875 1.9166666 1.9583334 2.0 2.0416667 2.0833333 2.125 </float_array>
          <technique_common>
            <accessor count="52" source="#Left_Wing1-global-anim-inSource-TIME-array">
              <param name="TIME" type="float"/>
            </accessor>
          </technique_common>
        </source>
        <source id="Left_Wing1-global-anim-interpolation">
          <Name_array count="52" id="Left_Wing1-global-anim-interpolation-array">LINEAR LINEAR LINEAR LINEAR LINEAR LINEAR LINEAR LINEAR LINEAR LINEAR LINEAR LINEAR LINEAR LINEAR LINEAR LINEAR LINEAR LINEAR LINEAR LINEAR LINEAR LINEAR LINEAR LINEAR LINEAR LINEAR LINEAR LINEAR LINEAR LINEAR LINEAR LINEAR LINEAR LINEAR LINEAR LINEAR LINEAR LINEAR LINEAR LINEAR LINEAR LINEAR LINEAR LINEAR LINEAR LINEAR LINEAR LINEAR LINEAR LINEAR LINEAR LINEAR </Name_array>
          <technique_common>
            <accessor count="52" source="#Left_Wing1-global-anim-interpolation-array">
              <param type="name"/>
            </accessor>
          </technique_common>
        </source>
        <source id="Left_Wing1-global-anim-outSource-global">
          <float_array count="832" id="Left_Wing1-global-anim-outSource-global-array">1.0 0.0 0.0 -2.5 0.0 1.0 0.0 1.3467846 0.0 0.0 1.0 2.0 0.0 0.0 0.0 1.0 0.92799896 -0.37258288 0.0 -2.5 0.37258288 0.92799896 0.0 1.3467846 0.0 0.0 1.0 2.0 0.0 0.0 0.0 1.0 0.7933533 -0.6087614 0.0 -2.5 0.6087614 0.7933533 0.0 1.3467846 0.0 0.0 1.0 2.0 0.0 0.0 0.0 1.0 0.6835924 -0.7298641 0.0 -2.5 0.7298641 0.6835924 0.0 1.3467846 0.0 0.0 1.0 2.0 0.0 0.0 0.0 1.0 0.6427877 -0.76604444 0.0 -2.5 0.76604444 0.6427877 0.0 1.3467846 0.0 0.0 1.0 2.0 0.0 0.0 0.0 1.0 0.8746197 -0.48480964 0.0 -2.5 0.48480964 0.8746197 0.0 1.3467846 0.0 0.0 1.0 2.0 0.0 0.0 0.0 1.0 0.9902683 -0.1391732 0.0 -2.5 0.1391732 0.9902683 0.0 1.3467846 0.0 0.0 1.0000002 2.0 0.0 0.0 0.0 1.0 0.9743701 0.224951 0.0 -2.5 -0.224951 0.9743701 0.0 1.3467846 0.0 0.0 1.0 2.0 0.0 0.0 0.0 1.0 0.82903767 0.5591928 0.0 -2.5 -0.5591928 0.82903767 0.0 1.3467846 0.0 0.0 1.0 2.0 0.0 0.0 0.0 1.0 0.57357675 0.8191519 0.0 -2.5 -0.8191519 0.57357675 0.0 1.3467846 0.0 0.0 1.0 2.0 0.0 0.0 0.0 1.0 0.68708766 0.7265745 0.0 -2.5 -0.7265745 0.68708766 0.0 1.3467846 0.0 0.0 1.0 2.0 0.0 0.0 0.0 1.0 0.93105596 0.3648766 0.0 -2.5 -0.3648766 0.93105596 0.0 1.3467846 0.0 0.0 1.0000001 2.0 0.0 0.0 0.0 1.0 0.959314 -0.28234175 0.0 -2.5 0.28234175 0.959314 0.0 1.3467846 0.0 0.0 1.0000001 2.0 0.0 0.0 0.0 1.0 0.74779797 -0.6639263 0.0 -2.5 0.6639263 0.74779797 0.0 1.3467846 0.0 0.0 1.0 2.0 0.0 0.0 0.0 1.0 0.6427877 -0.7660444 0.0 -2.5 0.7660444 0.6427877 0.0 1.3467846 0.0 0.0 1.0 2.0 0.0 0.0 0.0 1.0 0.7999467 -0.6000713 0.0 -2.5 0.6000713 0.7999467 0.0 1.3467846 0.0 0.0 1.0000002 2.0 0.0 0.0 0.0 1.0 0.9990483 0.043619294 0.0 -2.5 -0.043619294 0.9990483 0.0 1.3467846 0.0 0.0 1.0000001 2.0 0.0 0.0 0.0 1.0 0.7446032 0.6675076 0.0 -2.5 -0.6675076 0.7446032 0.0 1.3467846 0.0 0.0 1.0000002 2.0 0.0 0.0 0.0 1.0 0.57357675 0.8191519 0.0 -2.5 -0.8191519 0.57357675 0.0 1.3467846 0.0 0.0 1.0 2.0 0.0 0.0 0.0 1.0 0.8511168 0.5249764 0.0 -2.5 -0.5249764 0.8511168 0.0 1.3467846 0.0 0.0 1.0 2.0 0.0 0.0 0.0 1.0 0.89363277 -0.44879907 0.0 -2.5 0.44879907 0.89363277 0.0 1.3467846 0.0 0.0 1.0000001 2.0 0.0 0.0 0.0 1.0 0.6427877 -0.7660444 0.0 -2.5 0.7660444 0.6427877 0.0 1.3467846 0.0 0.0 1.0 2.0 0.0 0.0 0.0 1.0 0.965926 -0.2588191 0.0 -2.5 0.2588191 0.965926 0.0 1.3467846 0.0 0.0 1.0000002 2.0 0.0 0.0 0.0 1.0 0.9396928 0.34202018 0.0 -2.5 -0.34202018 0.9396928 0.0 1.3467846 0.0 0.0 1.0000001 2.0 0.0 0.0 0.0 1.0 0.57357675 0.8191519 0.0 -2.5 -0.8191519 0.57357675 0.0 1.3467846 0.0 0.0 1.0 2.0 0.0 0.0 0.0 1.0 0.7844157 0.62023544 0.0 -2.5 -0.62023544 0.7844157 0.0 1.3467846 0.0 0.0 1.0 2.0 0.0 0.0 0.0 1.0 0.99830836 -0.05814434 0.0 -2.5 0.05814434 0.99830836 0.0 1.3467846 0.0 0.0 1.0000001 2.0 0.0 0.0 0.0 1.0 0.93969274 -0.34201968 0.0 -2.5 0.34201968 0.93969274 0.0 1.3467846 0.0 0.0 1.0 2.0 0.0 0.0 0.0 1.0 0.973045 -0.23061556 0.0 -2.5 0.23061556 0.973045 0.0 1.3467846 0.0 0.0 1.0 2.0 0.0 0.0 0.0 1.0 0.99830836 0.05814475 0.0 -2.5 -0.05814475 0.99830836 0.0 1.3467846 0.0 0.0 1.0000002 2.0 0.0 0.0 0.0 1.0 0.98480785 0.17364796 0.0 -2.5 -0.17364796 0.98480785 0.0 1.3467846 0.0 0.0 1.0 2.0 0.0 0.0 0.0 1.0 0.9988475 -0.008633731 -0.04721327 -2.5 0.0069114696 0.999309 -0.036520675 1.3467846 0.047495954 0.036152273 0.998217 2.0 0.0 0.0 0.0 1.0 0.83328736 -0.5353542 -0.13794275 -2.5 0.50904304 0.8403374 -0.18630172 1.3467846 0.21565585 0.08502407 0.9727608 2.0 0.0 0.0 0.0 1.0 0.41067848 -0.902033 -0.13296586 -2.5 0.8293611 0.43015084 -0.3565539 1.3467846 0.37881875 0.03615229 0.92476463 2.0 0.0 0.0 0.0 1.0 0.2345697 -0.9659259 -0.1093816 -2.5 0.8754261 0.258819 -0.4082179 1.3467846 0.4226182 1.4901161E-8 0.9063078 2.0 0.0 0.0 0.0 1.0 0.2345697 -0.9659259 -0.1093816 -2.5 0.8754261 0.258819 -0.4082179 1.3467846 0.4226182 1.4901161E-8 0.9063078 2.0 0.0 0.0 0.0 1.0 0.23456976 -0.96592593 -0.10938163 -2.5 0.8754262 0.25881907 -0.4082179 1.3467846 0.42261827 2.9802322E-8 0.90630794 2.0 0.0 0.0 0.0 1.0 0.2345697 -0.9659259 -0.1093816 -2.5 0.8754261 0.258819 -0.4082179 1.3467846 0.4226182 1.4901161E-8 0.9063078 2.0 0.0 0.0 0.0 1.0 0.2345697 -0.9659259 -0.10938163 -2.5 0.8754261 0.258819 -0.4082179 1.3467846 0.42261827 0.0 0.9063078 2.0 0.0 0.0 0.0 1.0 0.2345697 -0.9659259 -0.1093816 -2.5 0.8754261 0.258819 -0.4082179 1.3467846 0.4226182 1.4901161E-8 0.9063078 2.0 0.0 0.0 0.0 1.0 0.23456976 -0.96592593 -0.10938163 -2.5 0.8754262 0.25881907 -0.4082179 1.3467846 0.42261827 2.9802322E-8 0.90630794 2.0 0.0 0.0 0.0 1.0 0.2345697 -0.9659259 -0.1093816 -2.5 0.8754261 0.258819 -0.4082179 1.3467846 0.4226182 1.4901161E-8 0.9063078 2.0 0.0 0.0 0.0 1.0 0.2345697 -0.9659259 -0.10938163 -2.5 0.8754261 0.258819 -0.4082179 1.3467846 0.42261827 0.0 0.9063078 2.0 0.0 0.0 0.0 1.0 0.2345697 -0.9659259 -0.1093816 -2.5 0.8754261 0.258819 -0.4082179 1.3467846 0.4226182 1.4901161E-8 0.9063078 2.0 0.0 0.0 0.0 1.0 0.2345697 -0.9659259 -0.1093816 -2.5 0.8754261 0.258819 -0.4082179 1.3467846 0.4226182 1.4901161E-8 0.9063078 2.0 0.0 0.0 0.0 1.0 0.2345697 -0.9659259 -0.1093816 -2.5 0.8754261 0.258819 -0.4082179 1.3467846 0.4226182 1.4901161E-8 0.9063078 2.0 0.0 0.0 0.0 1.0 0.2345697 -0.9659259 -0.1093816 -2.5 0.8754261 0.258819 -0.4082179 1.3467846 0.4226182 1.4901161E-8 0.9063078 2.0 0.0 0.0 0.0 1.0 0.2345697 -0.9659259 -0.1093816 -2.5 0.8754261 0.258819 -0.4082179 1.3467846 0.4226182 1.4901161E-8 0.9063078 2.0 0.0 0.0 0.0 1.0 0.2345697 -0.9659259 -0.1093816 -2.5 0.8754261 0.258819 -0.4082179 1.3467846 0.4226182 1.4901161E-8 0.9063078 2.0 0.0 0.0 0.0 1.0 0.2345697 -0.9659259 -0.1093816 -2.5 0.8754261 0.258819 -0.4082179 1.3467846 0.4226182 1.4901161E-8 0.9063078 2.0 0.0 0.0 0.0 1.0 0.2345697 -0.9659259 -0.1093816 -2.5 0.8754261 0.258819 -0.4082179 1.3467846 0.4226182 1.4901161E-8 0.9063078 2.0 0.0 0.0 0.0 1.0 0.2345697 -0.9659259 -0.1093816 -2.5 0.8754261 0.258819 -0.4082179 1.3467846 0.4226182 1.4901161E-8 0.9063078 2.0 0.0 0.0 0.0 1.0 </float_array>
          <technique_common>
            <accessor count="52" source="#Left_Wing1-global-anim-outSource-global-array" stride="16">
              <param type="float4x4"/>
            </accessor>
          </technique_common>
        </source>
        <sampler id="Left_Wing1-global-anim-globalSampler">
          <input semantic="INPUT" source="#Left_Wing1-global-anim-inSource-TIME"/>
          <input semantic="OUTPUT" source="#Left_Wing1-global-anim-outSource-global"/>
          <input semantic="INTERPOLATION" source="#Left_Wing1-global-anim-interpolation"/>
        </sampler>
        <channel source="#Left_Wing1-global-anim-globalSampler" target="Left_Wing1-global/matrix"/>
      </animation>
    </animation>
    <animation id="Left_Wing1-local-anim" name="Left_Wing1-local-anim">
      <animation>
        <source id="Left_Wing1-local-anim-inSource-TIME">
          <float_array count="52" id="Left_Wing1-local-anim-inSource-TIME-array">0.0 0.041666668 0.083333336 0.125 0.16666667 0.20833333 0.25 0.29166666 0.33333334 0.375 0.41666666 0.45833334 0.5 0.5416667 0.5833333 0.625 0.6666667 0.7083333 0.75 0.7916667 0.8333333 0.875 0.9166667 0.9583333 1.0 1.0416666 1.0833334 1.125 1.1666666 1.2083334 1.25 1.2916666 1.3333334 1.375 1.4166666 1.4583334 1.5 1.5416666 1.5833334 1.625 1.6666666 1.7083334 1.75 1.7916666 1.8333334 1.875 1.9166666 1.9583334 2.0 2.0416667 2.0833333 2.125 </float_array>
          <technique_common>
            <accessor count="52" source="#Left_Wing1-local-anim-inSource-TIME-array">
              <param name="TIME" type="float"/>
            </accessor>
          </technique_common>
        </source>
        <source id="Left_Wing1-local-anim-interpolation">
          <Name_array count="52" id="Left_Wing1-local-anim-interpolation-array">LINEAR LINEAR LINEAR LINEAR LINEAR LINEAR LINEAR LINEAR LINEAR LINEAR LINEAR LINEAR LINEAR LINEAR LINEAR LINEAR LINEAR LINEAR LINEAR LINEAR LINEAR LINEAR LINEAR LINEAR LINEAR LINEAR LINEAR LINEAR LINEAR LINEAR LINEAR LINEAR LINEAR LINEAR LINEAR LINEAR LINEAR LINEAR LINEAR LINEAR LINEAR LINEAR LINEAR LINEAR LINEAR LINEAR LINEAR LINEAR LINEAR LINEAR LINEAR LINEAR </Name_array>
          <technique_common>
            <accessor count="52" source="#Left_Wing1-local-anim-interpolation-array">
              <param type="name"/>
            </accessor>
          </technique_common>
        </source>
        <source id="Left_Wing1-local-anim-outSource-local">
          <float_array count="832" id="Left_Wing1-local-anim-outSource-local-array">1.0 0.0 0.0 -3.5 0.0 1.0 0.0 1.0628033 0.0 0.0 1.0 -2.5 0.0 0.0 0.0 1.0 1.0 0.0 0.0 -3.5 0.0 1.0 0.0 1.0628033 0.0 0.0 1.0 -2.5 0.0 0.0 0.0 1.0 1.0 0.0 0.0 -3.5 0.0 1.0 0.0 1.0628033 0.0 0.0 1.0 -2.5 0.0 0.0 0.0 1.0 1.0 0.0 0.0 -3.5 0.0 1.0 0.0 1.0628033 0.0 0.0 1.0 -2.5 0.0 0.0 0.0 1.0 1.0 0.0 0.0 -3.5 0.0 1.0 0.0 1.0628033 0.0 0.0 1.0 -2.5 0.0 0.0 0.0 1.0 1.0 0.0 0.0 -3.5 0.0 1.0 0.0 1.0628033 0.0 0.0 1.0 -2.5 0.0 0.0 0.0 1.0 1.0 0.0 0.0 -3.5 0.0 1.0 0.0 1.0628033 0.0 0.0 1.0 -2.5 0.0 0.0 0.0 1.0 1.0 0.0 0.0 -3.5 0.0 1.0 0.0 1.0628033 0.0 0.0 1.0 -2.5 0.0 0.0 0.0 1.0 1.0 0.0 0.0 -3.5 0.0 1.0 0.0 1.0628033 0.0 0.0 1.0 -2.5 0.0 0.0 0.0 1.0 1.0 0.0 0.0 -3.5 0.0 1.0 0.0 1.0628033 0.0 0.0 1.0 -2.5 0.0 0.0 0.0 1.0 1.0 0.0 0.0 -3.5 0.0 1.0 0.0 1.0628033 0.0 0.0 1.0 -2.5 0.0 0.0 0.0 1.0 1.0 0.0 0.0 -3.5 0.0 1.0 0.0 1.0628033 0.0 0.0 1.0 -2.5 0.0 0.0 0.0 1.0 1.0 0.0 0.0 -3.5 0.0 1.0 0.0 1.0628033 0.0 0.0 1.0 -2.5 0.0 0.0 0.0 1.0 1.0 0.0 0.0 -3.5 0.0 1.0 0.0 1.0628033 0.0 0.0 1.0 -2.5 0.0 0.0 0.0 1.0 1.0 0.0 0.0 -3.5 0.0 1.0 0.0 1.0628033 0.0 0.0 1.0 -2.5 0.0 0.0 0.0 1.0 1.0 0.0 0.0 -3.5 0.0 1.0 0.0 1.0628033 0.0 0.0 1.0 -2.5 0.0 0.0 0.0 1.0 1.0 0.0 0.0 -3.5 0.0 1.0 0.0 1.0628033 0.0 0.0 1.0 -2.5 0.0 0.0 0.0 1.0 1.0 0.0 0.0 -3.5 0.0 1.0 0.0 1.0628033 0.0 0.0 1.0 -2.5 0.0 0.0 0.0 1.0 1.0 0.0 0.0 -3.5 0.0 1.0 0.0 1.0628033 0.0 0.0 1.0 -2.5 0.0 0.0 0.0 1.0 1.0 0.0 0.0 -3.5 0.0 1.0 0.0 1.0628033 0.0 0.0 1.0 -2.5 0.0 0.0 0.0 1.0 1.0 0.0 0.0 -3.5 0.0 1.0 0.0 1.0628033 0.0 0.0 1.0 -2.5 0.0 0.0 0.0 1.0 1.0 0.0 0.0 -3.5 0.0 1.0 0.0 1.0628033 0.0 0.0 1.0 -2.5 0.0 0.0 0.0 1.0 1.0 0.0 0.0 -3.5 0.0 1.0 0.0 1.0628033 0.0 0.0 1.0 -2.5 0.0 0.0 0.0 1.0 1.0 0.0 0.0 -3.5 0.0 1.0 0.0 1.0628033 0.0 0.0 1.0 -2.5 0.0 0.0 0.0 1.0 1.0 0.0 0.0 -3.5 0.0 1.0 0.0 1.0628033 0.0 0.0 1.0 -2.5 0.0 0.0 0.0 1.0 1.0 0.0 0.0 -3.5 0.0 1.0 0.0 1.0628033 0.0 0.0 1.0 -2.5 0.0 0.0 0.0 1.0 1.0 0.0 0.0 -3.5 0.0 1.0 0.0 1.0628033 0.0 0.0 1.0 -2.5 0.0 0.0 0.0 1.0 1.0 0.0 0.0 -3.5 0.0 1.0 0.0 1.0628033 0.0 0.0 1.0 -2.5 0.0 0.0 0.0 1.0 1.0 0.0 0.0 -3.5 0.0 1.0 0.0 1.0628033 0.0 0.0 1.0 -2.5 0.0 0.0 0.0 1.0 1.0 0.0 0.0 -3.5 0.0 1.0 0.0 1.0628033 0.0 0.0 1.0 -2.5 0.0 0.0 0.0 1.0 1.0 0.0 0.0 -3.5 0.0 1.0 0.0 1.0628033 0.0 0.0 1.0 -2.5 0.0 0.0 0.0 1.0 1.0 0.0 0.0 -3.5 0.0 1.0 0.0 1.0628033 0.0 0.0 1.0 -2.5 0.0 0.0 0.0 1.0 1.0 0.0 0.0 -3.5 0.0 1.0 0.0 1.0628033 0.0 0.0 1.0 -2.5 0.0 0.0 0.0 1.0 1.0 0.0 0.0 -3.5 0.0 1.0 0.0 1.0628033 0.0 0.0 1.0 -2.5 0.0 0.0 0.0 1.0 1.0 0.0 0.0 -3.5 0.0 1.0 0.0 1.0628033 0.0 0.0 1.0 -2.5 0.0 0.0 0.0 1.0 1.0 0.0 0.0 -3.5 0.0 1.0 0.0 1.0628033 0.0 0.0 1.0 -2.5 0.0 0.0 0.0 1.0 1.0 0.0 0.0 -3.5 0.0 1.0 0.0 1.0628033 0.0 0.0 1.0 -2.5 0.0 0.0 0.0 1.0 1.0 0.0 0.0 -3.5 0.0 1.0 0.0 1.0628033 0.0 0.0 1.0 -2.5 0.0 0.0 0.0 1.0 1.0 0.0 0.0 -3.5 0.0 1.0 0.0 1.0628033 0.0 0.0 1.0 -2.5 0.0 0.0 0.0 1.0 1.0 0.0 0.0 -3.5 0.0 1.0 0.0 1.0628033 0.0 0.0 1.0 -2.5 0.0 0.0 0.0 1.0 1.0 0.0 0.0 -3.5 0.0 1.0 0.0 1.0628033 0.0 0.0 1.0 -2.5 0.0 0.0 0.0 1.0 1.0 0.0 0.0 -3.5 0.0 1.0 0.0 1.0628033 0.0 0.0 1.0 -2.5 0.0 0.0 0.0 1.0 1.0 0.0 0.0 -3.5 0.0 1.0 0.0 1.0628033 0.0 0.0 1.0 -2.5 0.0 0.0 0.0 1.0 1.0 0.0 0.0 -3.5 0.0 1.0 0.0 1.0628033 0.0 0.0 1.0 -2.5 0.0 0.0 0.0 1.0 1.0 0.0 0.0 -3.5 0.0 1.0 0.0 1.0628033 0.0 0.0 1.0 -2.5 0.0 0.0 0.0 1.0 1.0 0.0 0.0 -3.5 0.0 1.0 0.0 1.0628033 0.0 0.0 1.0 -2.5 0.0 0.0 0.0 1.0 1.0 0.0 0.0 -3.5 0.0 1.0 0.0 1.0628033 0.0 0.0 1.0 -2.5 0.0 0.0 0.0 1.0 1.0 0.0 0.0 -3.5 0.0 1.0 0.0 1.0628033 0.0 0.0 1.0 -2.5 0.0 0.0 0.0 1.0 1.0 0.0 0.0 -3.5 0.0 1.0 0.0 1.0628033 0.0 0.0 1.0 -2.5 0.0 0.0 0.0 1.0 1.0 0.0 0.0 -3.5 0.0 1.0 0.0 1.0628033 0.0 0.0 1.0 -2.5 0.0 0.0 0.0 1.0 1.0 0.0 0.0 -3.5 0.0 1.0 0.0 1.0628033 0.0 0.0 1.0 -2.5 0.0 0.0 0.0 1.0 1.0 0.0 0.0 -3.5 0.0 1.0 0.0 1.0628033 0.0 0.0 1.0 -2.5 0.0 0.0 0.0 1.0 </float_array>
          <technique_common>
            <accessor count="52" source="#Left_Wing1-local-anim-outSource-local-array" stride="16">
              <param type="float4x4"/>
            </accessor>
          </technique_common>
        </source>
        <sampler id="Left_Wing1-local-anim-localSampler">
          <input semantic="INPUT" source="#Left_Wing1-local-anim-inSource-TIME"/>
          <input semantic="OUTPUT" source="#Left_Wing1-local-anim-outSource-local"/>
          <input semantic="INTERPOLATION" source="#Left_Wing1-local-anim-interpolation"/>
        </sampler>
        <channel source="#Left_Wing1-local-anim-localSampler" target="Left_Wing1-local/matrix"/>
      </animation>
    </animation>
    <animation id="Left_Wing2-global-anim" name="Left_Wing2-global-anim">
      <animation>
        <source id="Left_Wing2-global-anim-inSource-TIME">
          <float_array count="52" id="Left_Wing2-global-anim-inSource-TIME-array">0.0 0.041666668 0.083333336 0.125 0.16666667 0.20833333 0.25 0.29166666 0.33333334 0.375 0.41666666 0.45833334 0.5 0.5416667 0.5833333 0.625 0.6666667 0.7083333 0.75 0.7916667 0.8333333 0.875 0.9166667 0.9583333 1.0 1.0416666 1.0833334 1.125 1.1666666 1.2083334 1.25 1.2916666 1.3333334 1.375 1.4166666 1.4583334 1.5 1.5416666 1.5833334 1.625 1.6666666 1.7083334 1.75 1.7916666 1.8333334 1.875 1.9166666 1.9583334 2.0 2.0416667 2.0833333 2.125 </float_array>
          <technique_common>
            <accessor count="52" source="#Left_Wing2-global-anim-inSource-TIME-array">
              <param name="TIME" type="float"/>
            </accessor>
          </technique_common>
        </source>
        <source id="Left_Wing2-global-anim-interpolation">
          <Name_array count="52" id="Left_Wing2-global-anim-interpolation-array">LINEAR LINEAR LINEAR LINEAR LINEAR LINEAR LINEAR LINEAR LINEAR LINEAR LINEAR LINEAR LINEAR LINEAR LINEAR LINEAR LINEAR LINEAR LINEAR LINEAR LINEAR LINEAR LINEAR LINEAR LINEAR LINEAR LINEAR LINEAR LINEAR LINEAR LINEAR LINEAR LINEAR LINEAR LINEAR LINEAR LINEAR LINEAR LINEAR LINEAR LINEAR LINEAR LINEAR LINEAR LINEAR LINEAR LINEAR LINEAR LINEAR LINEAR LINEAR LINEAR </Name_array>
          <technique_common>
            <accessor count="52" source="#Left_Wing2-global-anim-interpolation-array">
              <param type="name"/>
            </accessor>
          </technique_common>
        </source>
        <source id="Left_Wing2-global-anim-outSource-global">
          <float_array count="832" id="Left_Wing2-global-anim-outSource-global-array">1.0 0.0 0.0 -8.0 0.0 1.0 0.0 1.0 0.0 0.0 1.0 1.0000002 0.0 0.0 0.0 1.0 1.0 0.0 0.0 -8.0 0.0 1.0 0.0 1.0 0.0 0.0 1.0 1.0000002 0.0 0.0 0.0 1.0 1.0 0.0 0.0 -8.0 0.0 1.0 0.0 1.0 0.0 0.0 1.0 1.0000002 0.0 0.0 0.0 1.0 0.9812554 -0.19271232 0.0 -8.0 0.19271232 0.9812554 0.0 1.0 0.0 0.0 1.0000001 1.0000002 0.0 0.0 0.0 1.0 0.952248 -0.30532604 0.0 -8.0 0.30532604 0.952248 0.0 1.0 0.0 0.0 1.0000001 1.0000002 0.0 0.0 0.0 1.0 0.93969256 -0.34202012 0.0 -8.0 0.34202012 0.93969256 0.0 1.0 0.0 0.0 0.99999994 1.0000002 0.0 0.0 0.0 1.0 0.8433916 -0.5372998 0.0 -8.0 0.5372998 0.8433916 0.0 1.0 0.0 0.0 1.0000002 1.0000002 0.0 0.0 0.0 1.0 0.70710665 -0.70710695 0.0 -8.0 0.70710695 0.70710665 0.0 1.0 0.0 0.0 1.0 1.0000002 0.0 0.0 0.0 1.0 0.7071067 -0.7071069 0.0 -8.0 0.7071069 0.7071067 0.0 1.0 0.0 0.0 1.0 1.0000002 0.0 0.0 0.0 1.0 0.7071067 -0.7071068 0.0 -8.0 0.7071068 0.7071067 0.0 1.0 0.0 0.0 1.0 1.0000002 0.0 0.0 0.0 1.0 0.9238797 -0.38268352 0.0 -8.0 0.38268352 0.9238797 0.0 1.0 0.0 0.0 1.0000001 1.0000002 0.0 0.0 0.0 1.0 1.0 0.0 0.0 -8.0 0.0 1.0 0.0 1.0 0.0 0.0 1.0 1.0000002 0.0 0.0 0.0 1.0 0.98480767 0.17364842 0.0 -8.0 -0.17364842 0.98480767 0.0 1.0 0.0 0.0 0.99999994 1.0000002 0.0 0.0 0.0 1.0 0.9961947 -0.08715567 0.0 -8.0 0.08715567 0.9961947 0.0 1.0 0.0 0.0 1.0 1.0000002 0.0 0.0 0.0 1.0 0.93969256 -0.34202018 0.0 -8.0 0.34202018 0.93969256 0.0 1.0 0.0 0.0 0.99999994 1.0000002 0.0 0.0 0.0 1.0 0.9220134 -0.387158 0.0 -8.0 0.387158 0.9220134 0.0 1.0 0.0 0.0 1.0 1.0000002 0.0 0.0 0.0 1.0 0.85616696 -0.5166995 0.0 -8.0 0.5166995 0.85616696 0.0 1.0 0.0 0.0 1.0000001 1.0000002 0.0 0.0 0.0 1.0 0.7071067 -0.7071068 0.0 -8.0 0.7071068 0.7071067 0.0 1.0 0.0 0.0 1.0 1.0000002 0.0 0.0 0.0 1.0 0.9978589 -0.065402925 0.0 -8.0 0.065402925 0.9978589 0.0 1.0 0.0 0.0 1.0 1.0000002 0.0 0.0 0.0 1.0 0.98480767 0.17364843 0.0 -8.0 -0.17364843 0.98480767 0.0 1.0 0.0 0.0 0.99999994 1.0000002 0.0 0.0 0.0 1.0 0.99830824 0.05814505 0.0 -8.0 -0.05814505 0.99830824 0.0 1.0 0.0 0.0 1.0000001 1.0000002 0.0 0.0 0.0 1.0 0.97304505 -0.23061575 0.0 -8.0 0.23061575 0.97304505 0.0 1.0 0.0 0.0 1.0000001 1.0000002 0.0 0.0 0.0 1.0 0.9396928 -0.34202018 0.0 -8.0 0.34202018 0.9396928 0.0 1.0 0.0 0.0 1.0000001 1.0000002 0.0 0.0 0.0 1.0 0.8433916 -0.53729975 0.0 -8.0 0.53729975 0.8433916 0.0 1.0 0.0 0.0 1.0000002 1.0000002 0.0 0.0 0.0 1.0 0.7071067 -0.7071068 0.0 -8.0 0.7071068 0.7071067 0.0 1.0 0.0 0.0 1.0 1.0000002 0.0 0.0 0.0 1.0 0.98480767 0.17364843 0.0 -8.0 -0.17364843 0.98480767 0.0 1.0 0.0 0.0 0.99999994 1.0000002 0.0 0.0 0.0 1.0 0.9968685 -0.05749179 -0.054294456 -8.0 0.05607752 0.9980552 -0.027223188 1.0 0.055753972 0.02409324 0.9981538 1.0000002 0.0 0.0 0.0 1.0 0.78773654 -0.59749603 -0.14989822 -8.0 0.58108175 0.8015097 -0.14115933 1.0 0.20448704 0.024093237 0.9785726 1.0000002 0.0 0.0 0.0 1.0 0.6208852 -0.76604444 -0.16636573 -8.0 0.73994213 0.64278764 -0.19826695 1.0 0.25881913 0.0 0.9659259 1.0000002 0.0 0.0 0.0 1.0 0.6384598 -0.64244056 -0.4238389 -8.0 0.5970348 0.76093084 -0.2540353 1.0000001 0.4857146 -0.09085523 0.86938304 1.0000002 0.0 0.0 0.0 1.0 0.5902174 -0.5046183 -0.6300827 -8.0 0.45307276 0.8530801 -0.25880468 1.0000002 0.66810846 -0.13272224 0.73213136 1.0000002 0.0 0.0 0.0 1.0 0.50269854 -0.37146637 -0.7805812 -8.0 0.3232667 0.9182346 -0.22878793 1.0000002 0.8017437 -0.13732457 0.5816779 1.0000002 0.0 0.0 0.0 1.0 0.39913732 -0.2545774 -0.8808405 -8.0 0.21537708 0.9598334 -0.17981333 1.0000004 0.89123636 -0.11794263 0.4379354 1.0000002 0.0 0.0 0.0 1.0 0.29727212 -0.15950355 -0.94137555 -8.0 0.13162139 0.9833802 -0.12505664 1.0000004 0.9456771 -0.08672931 0.31332555 1.0000002 0.0 0.0 0.0 1.0 0.20922446 -0.08765652 -0.9739311 -8.0 0.070837505 0.9947162 -0.074309595 1.0000005 0.97529864 -0.053443454 0.21432835 1.0000002 0.0 0.0 0.0 1.0 0.1424655 -0.038172442 -0.98906344 -8.0 0.030360227 0.9989544 -0.034181066 1.0000005 0.98933405 -0.025158567 0.14347544 1.0000002 0.0 0.0 0.0 1.0 0.10112369 -0.00941246 -0.9948294 -8.0 0.0074113533 0.9999347 -0.008707404 1.0000005 0.99484634 -0.0064925067 0.10118681 1.0000002 0.0 0.0 0.0 1.0 0.08715582 0.0 -0.9961948 -8.0 0.0 1.0000001 0.0 1.0000005 0.9961948 0.0 0.08715582 1.0000002 0.0 0.0 0.0 1.0 0.08715582 0.0 -0.9961948 -8.0 0.0 1.0000001 0.0 1.0000005 0.9961948 0.0 0.08715582 1.0000002 0.0 0.0 0.0 1.0 0.0871557 0.0 -0.9961947 -8.0 0.0 1.0 0.0 1.0000005 0.9961947 0.0 0.0871557 1.0000002 0.0 0.0 0.0 1.0 0.08715591 0.0 -0.9961947 -8.0 0.0 1.0 0.0 1.0000005 0.9961947 0.0 0.08715591 1.0000002 0.0 0.0 0.0 1.0 0.08715582 0.0 -0.9961948 -8.0 0.0 1.0000001 0.0 1.0000005 0.9961948 0.0 0.08715582 1.0000002 0.0 0.0 0.0 1.0 0.08715582 0.0 -0.9961948 -8.0 0.0 1.0000001 0.0 1.0000005 0.9961948 0.0 0.08715582 1.0000002 0.0 0.0 0.0 1.0 0.08715582 0.0 -0.9961948 -8.0 0.0 1.0000001 0.0 1.0000005 0.9961948 0.0 0.08715582 1.0000002 0.0 0.0 0.0 1.0 0.08715582 0.0 -0.9961948 -8.0 0.0 1.0000001 0.0 1.0000005 0.9961948 0.0 0.08715582 1.0000002 0.0 0.0 0.0 1.0 0.08715582 0.0 -0.9961948 -8.0 0.0 1.0000001 0.0 1.0000005 0.9961948 0.0 0.08715582 1.0000002 0.0 0.0 0.0 1.0 0.08715582 0.0 -0.9961948 -8.0 0.0 1.0000001 0.0 1.0000005 0.9961948 0.0 0.08715582 1.0000002 0.0 0.0 0.0 1.0 0.08715582 0.0 -0.9961948 -8.0 0.0 1.0000001 0.0 1.0000005 0.9961948 0.0 0.08715582 1.0000002 0.0 0.0 0.0 1.0 0.08715591 0.0 -0.9961947 -8.0 0.0 1.0 0.0 1.0000005 0.9961947 0.0 0.08715591 1.0000002 0.0 0.0 0.0 1.0 0.0871557 0.0 -0.9961947 -8.0 0.0 1.0 0.0 1.0000005 0.9961947 0.0 0.0871557 1.0000002 0.0 0.0 0.0 1.0 0.08715582 0.0 -0.9961948 -8.0 0.0 1.0000001 0.0 1.0000005 0.9961948 0.0 0.08715582 1.0000002 0.0 0.0 0.0 1.0 0.08715582 0.0 -0.9961948 -8.0 0.0 1.0000001 0.0 1.0000005 0.9961948 0.0 0.08715582 1.0000002 0.0 0.0 0.0 1.0 </float_array>
          <technique_common>
            <accessor count="52" source="#Left_Wing2-global-anim-outSource-global-array" stride="16">
              <param type="float4x4"/>
            </accessor>
          </technique_common>
        </source>
        <sampler id="Left_Wing2-global-anim-globalSampler">
          <input semantic="INPUT" source="#Left_Wing2-global-anim-inSource-TIME"/>
          <input semantic="OUTPUT" source="#Left_Wing2-global-anim-outSource-global"/>
          <input semantic="INTERPOLATION" source="#Left_Wing2-global-anim-interpolation"/>
        </sampler>
        <channel source="#Left_Wing2-global-anim-globalSampler" target="Left_Wing2-global/matrix"/>
      </animation>
    </animation>
    <animation id="Left_Wing2-local-anim" name="Left_Wing2-local-anim">
      <animation>
        <source id="Left_Wing2-local-anim-inSource-TIME">
          <float_array count="52" id="Left_Wing2-local-anim-inSource-TIME-array">0.0 0.041666668 0.083333336 0.125 0.16666667 0.20833333 0.25 0.29166666 0.33333334 0.375 0.41666666 0.45833334 0.5 0.5416667 0.5833333 0.625 0.6666667 0.7083333 0.75 0.7916667 0.8333333 0.875 0.9166667 0.9583333 1.0 1.0416666 1.0833334 1.125 1.1666666 1.2083334 1.25 1.2916666 1.3333334 1.375 1.4166666 1.4583334 1.5 1.5416666 1.5833334 1.625 1.6666666 1.7083334 1.75 1.7916666 1.8333334 1.875 1.9166666 1.9583334 2.0 2.0416667 2.0833333 2.125 </float_array>
          <technique_common>
            <accessor count="52" source="#Left_Wing2-local-anim-inSource-TIME-array">
              <param name="TIME" type="float"/>
            </accessor>
          </technique_common>
        </source>
        <source id="Left_Wing2-local-anim-interpolation">
          <Name_array count="52" id="Left_Wing2-local-anim-interpolation-array">LINEAR LINEAR LINEAR LINEAR LINEAR LINEAR LINEAR LINEAR LINEAR LINEAR LINEAR LINEAR LINEAR LINEAR LINEAR LINEAR LINEAR LINEAR LINEAR LINEAR LINEAR LINEAR LINEAR LINEAR LINEAR LINEAR LINEAR LINEAR LINEAR LINEAR LINEAR LINEAR LINEAR LINEAR LINEAR LINEAR LINEAR LINEAR LINEAR LINEAR LINEAR LINEAR LINEAR LINEAR LINEAR LINEAR LINEAR LINEAR LINEAR LINEAR LINEAR LINEAR </Name_array>
          <technique_common>
            <accessor count="52" source="#Left_Wing2-local-anim-interpolation-array">
              <param type="name"/>
            </accessor>
          </technique_common>
        </source>
        <source id="Left_Wing2-local-anim-outSource-local">
          <float_array count="832" id="Left_Wing2-local-anim-outSource-local-array">1.0 0.0 0.0 -5.5 0.0 1.0 0.0 0.0 0.0 0.0 1.0 -3.0 0.0 0.0 0.0 1.0 1.0 0.0 0.0 -5.5 0.0 1.0 0.0 0.0 0.0 0.0 1.0 -3.0 0.0 0.0 0.0 1.0 1.0 0.0 0.0 -5.5 0.0 1.0 0.0 0.0 0.0 0.0 1.0 -3.0 0.0 0.0 0.0 1.0 1.0 0.0 0.0 -5.5 0.0 1.0 0.0 0.0 0.0 0.0 1.0 -3.0 0.0 0.0 0.0 1.0 1.0 0.0 0.0 -5.5 0.0 1.0 0.0 0.0 0.0 0.0 1.0 -3.0 0.0 0.0 0.0 1.0 1.0 0.0 0.0 -5.5 0.0 1.0 0.0 0.0 0.0 0.0 1.0 -3.0 0.0 0.0 0.0 1.0 1.0 0.0 0.0 -5.5 0.0 1.0 0.0 0.0 0.0 0.0 1.0 -3.0 0.0 0.0 0.0 1.0 1.0 0.0 0.0 -5.5 0.0 1.0 0.0 0.0 0.0 0.0 1.0 -3.0 0.0 0.0 0.0 1.0 1.0 0.0 0.0 -5.5 0.0 1.0 0.0 0.0 0.0 0.0 1.0 -3.0 0.0 0.0 0.0 1.0 1.0 0.0 0.0 -5.5 0.0 1.0 0.0 0.0 0.0 0.0 1.0 -3.0 0.0 0.0 0.0 1.0 1.0 0.0 0.0 -5.5 0.0 1.0 0.0 0.0 0.0 0.0 1.0 -3.0 0.0 0.0 0.0 1.0 1.0 0.0 0.0 -5.5 0.0 1.0 0.0 0.0 0.0 0.0 1.0 -3.0 0.0 0.0 0.0 1.0 1.0 0.0 0.0 -5.5 0.0 1.0 0.0 0.0 0.0 0.0 1.0 -3.0 0.0 0.0 0.0 1.0 1.0 0.0 0.0 -5.5 0.0 1.0 0.0 0.0 0.0 0.0 1.0 -3.0 0.0 0.0 0.0 1.0 1.0 0.0 0.0 -5.5 0.0 1.0 0.0 0.0 0.0 0.0 1.0 -3.0 0.0 0.0 0.0 1.0 1.0 0.0 0.0 -5.5 0.0 1.0 0.0 0.0 0.0 0.0 1.0 -3.0 0.0 0.0 0.0 1.0 1.0 0.0 0.0 -5.5 0.0 1.0 0.0 0.0 0.0 0.0 1.0 -3.0 0.0 0.0 0.0 1.0 1.0 0.0 0.0 -5.5 0.0 1.0 0.0 0.0 0.0 0.0 1.0 -3.0 0.0 0.0 0.0 1.0 1.0 0.0 0.0 -5.5 0.0 1.0 0.0 0.0 0.0 0.0 1.0 -3.0 0.0 0.0 0.0 1.0 1.0 0.0 0.0 -5.5 0.0 1.0 0.0 0.0 0.0 0.0 1.0 -3.0 0.0 0.0 0.0 1.0 1.0 0.0 0.0 -5.5 0.0 1.0 0.0 0.0 0.0 0.0 1.0 -3.0 0.0 0.0 0.0 1.0 1.0 0.0 0.0 -5.5 0.0 1.0 0.0 0.0 0.0 0.0 1.0 -3.0 0.0 0.0 0.0 1.0 1.0 0.0 0.0 -5.5 0.0 1.0 0.0 0.0 0.0 0.0 1.0 -3.0 0.0 0.0 0.0 1.0 1.0 0.0 0.0 -5.5 0.0 1.0 0.0 0.0 0.0 0.0 1.0 -3.0 0.0 0.0 0.0 1.0 1.0 0.0 0.0 -5.5 0.0 1.0 0.0 0.0 0.0 0.0 1.0 -3.0 0.0 0.0 0.0 1.0 1.0 0.0 0.0 -5.5 0.0 1.0 0.0 0.0 0.0 0.0 1.0 -3.0 0.0 0.0 0.0 1.0 1.0 0.0 0.0 -5.5 0.0 1.0 0.0 0.0 0.0 0.0 1.0 -3.0 0.0 0.0 0.0 1.0 1.0 0.0 0.0 -5.5 0.0 1.0 0.0 0.0 0.0 0.0 1.0 -3.0 0.0 0.0 0.0 1.0 1.0 0.0 0.0 -5.5 0.0 1.0 0.0 0.0 0.0 0.0 1.0 -3.0 0.0 0.0 0.0 1.0 1.0 0.0 0.0 -5.5 0.0 1.0 0.0 0.0 0.0 0.0 1.0 -3.0 0.0 0.0 0.0 1.0 1.0 0.0 0.0 -5.5 0.0 1.0 0.0 0.0 0.0 0.0 1.0 -3.0 0.0 0.0 0.0 1.0 1.0 0.0 0.0 -5.5 0.0 1.0 0.0 0.0 0.0 0.0 1.0 -3.0 0.0 0.0 0.0 1.0 1.0 0.0 0.0 -5.5 0.0 1.0 0.0 0.0 0.0 0.0 1.0 -3.0 0.0 0.0 0.0 1.0 1.0 0.0 0.0 -5.5 0.0 1.0 0.0 0.0 0.0 0.0 1.0 -3.0 0.0 0.0 0.0 1.0 1.0 0.0 0.0 -5.5 0.0 1.0 0.0 0.0 0.0 0.0 1.0 -3.0 0.0 0.0 0.0 1.0 1.0 0.0 0.0 -5.5 0.0 1.0 0.0 0.0 0.0 0.0 1.0 -3.0 0.0 0.0 0.0 1.0 1.0 0.0 0.0 -5.5 0.0 1.0 0.0 0.0 0.0 0.0 1.0 -3.0 0.0 0.0 0.0 1.0 1.0 0.0 0.0 -5.5 0.0 1.0 0.0 0.0 0.0 0.0 1.0 -3.0 0.0 0.0 0.0 1.0 1.0 0.0 0.0 -5.5 0.0 1.0 0.0 0.0 0.0 0.0 1.0 -3.0 0.0 0.0 0.0 1.0 1.0 0.0 0.0 -5.5 0.0 1.0 0.0 0.0 0.0 0.0 1.0 -3.0 0.0 0.0 0.0 1.0 1.0 0.0 0.0 -5.5 0.0 1.0 0.0 0.0 0.0 0.0 1.0 -3.0 0.0 0.0 0.0 1.0 1.0 0.0 0.0 -5.5 0.0 1.0 0.0 0.0 0.0 0.0 1.0 -3.0 0.0 0.0 0.0 1.0 1.0 0.0 0.0 -5.5 0.0 1.0 0.0 0.0 0.0 0.0 1.0 -3.0 0.0 0.0 0.0 1.0 1.0 0.0 0.0 -5.5 0.0 1.0 0.0 0.0 0.0 0.0 1.0 -3.0 0.0 0.0 0.0 1.0 1.0 0.0 0.0 -5.5 0.0 1.0 0.0 0.0 0.0 0.0 1.0 -3.0 0.0 0.0 0.0 1.0 1.0 0.0 0.0 -5.5 0.0 1.0 0.0 0.0 0.0 0.0 1.0 -3.0 0.0 0.0 0.0 1.0 1.0 0.0 0.0 -5.5 0.0 1.0 0.0 0.0 0.0 0.0 1.0 -3.0 0.0 0.0 0.0 1.0 1.0 0.0 0.0 -5.5 0.0 1.0 0.0 0.0 0.0 0.0 1.0 -3.0 0.0 0.0 0.0 1.0 1.0 0.0 0.0 -5.5 0.0 1.0 0.0 0.0 0.0 0.0 1.0 -3.0 0.0 0.0 0.0 1.0 1.0 0.0 0.0 -5.5 0.0 1.0 0.0 0.0 0.0 0.0 1.0 -3.0 0.0 0.0 0.0 1.0 1.0 0.0 0.0 -5.5 0.0 1.0 0.0 0.0 0.0 0.0 1.0 -3.0 0.0 0.0 0.0 1.0 1.0 0.0 0.0 -5.5 0.0 1.0 0.0 0.0 0.0 0.0 1.0 -3.0 0.0 0.0 0.0 1.0 </float_array>
          <technique_common>
            <accessor count="52" source="#Left_Wing2-local-anim-outSource-local-array" stride="16">
              <param type="float4x4"/>
            </accessor>
          </technique_common>
        </source>
        <sampler id="Left_Wing2-local-anim-localSampler">
          <input semantic="INPUT" source="#Left_Wing2-local-anim-inSource-TIME"/>
          <input semantic="OUTPUT" source="#Left_Wing2-local-anim-outSource-local"/>
          <input semantic="INTERPOLATION" source="#Left_Wing2-local-anim-interpolation"/>
        </sampler>
        <channel source="#Left_Wing2-local-anim-localSampler" target="Left_Wing2-local/matrix"/>
      </animation>
    </animation>
    <animation id="Right_Claw-global-anim" name="Right_Claw-global-anim">
      <animation>
        <source id="Right_Claw-global-anim-inSource-TIME">
          <float_array count="52" id="Right_Claw-global-anim-inSource-TIME-array">0.0 0.041666668 0.083333336 0.125 0.16666667 0.20833333 0.25 0.29166666 0.33333334 0.375 0.41666666 0.45833334 0.5 0.5416667 0.5833333 0.625 0.6666667 0.7083333 0.75 0.7916667 0.8333333 0.875 0.9166667 0.9583333 1.0 1.0416666 1.0833334 1.125 1.1666666 1.2083334 1.25 1.2916666 1.3333334 1.375 1.4166666 1.4583334 1.5 1.5416666 1.5833334 1.625 1.6666666 1.7083334 1.75 1.7916666 1.8333334 1.875 1.9166666 1.9583334 2.0 2.0416667 2.0833333 2.125 </float_array>
          <technique_common>
            <accessor count="52" source="#Right_Claw-global-anim-inSource-TIME-array">
              <param name="TIME" type="float"/>
            </accessor>
          </technique_common>
        </source>
        <source id="Right_Claw-global-anim-interpolation">
          <Name_array count="52" id="Right_Claw-global-anim-interpolation-array">LINEAR LINEAR LINEAR LINEAR LINEAR LINEAR LINEAR LINEAR LINEAR LINEAR LINEAR LINEAR LINEAR LINEAR LINEAR LINEAR LINEAR LINEAR LINEAR LINEAR LINEAR LINEAR LINEAR LINEAR LINEAR LINEAR LINEAR LINEAR LINEAR LINEAR LINEAR LINEAR LINEAR LINEAR LINEAR LINEAR LINEAR LINEAR LINEAR LINEAR LINEAR LINEAR LINEAR LINEAR LINEAR LINEAR LINEAR LINEAR LINEAR LINEAR LINEAR LINEAR </Name_array>
          <technique_common>
            <accessor count="52" source="#Right_Claw-global-anim-interpolation-array">
              <param type="name"/>
            </accessor>
          </technique_common>
        </source>
        <source id="Right_Claw-global-anim-outSource-global">
          <float_array count="832" id="Right_Claw-global-anim-outSource-global-array">1.0 0.0 0.0 1.0 0.0 0.258819 -0.9659258 -4.5 0.0 0.9659258 0.258819 -0.5 0.0 0.0 0.0 1.0 1.0 0.0 0.0 1.0 0.0 0.258819 -0.9659258 -4.5 0.0 0.9659258 0.258819 -0.5 0.0 0.0 0.0 1.0 1.0 0.0 0.0 1.0 0.0 0.258819 -0.9659258 -4.5 0.0 0.9659258 0.258819 -0.5 0.0 0.0 0.0 1.0 1.0 0.0 0.0 1.0 0.0 0.258819 -0.9659258 -4.5 0.0 0.9659258 0.258819 -0.5 0.0 0.0 0.0 1.0 1.0000001 0.0 0.0 1.0 0.0 0.25881913 -0.9659259 -4.5 0.0 0.9659259 0.25881913 -0.5 0.0 0.0 0.0 1.0 1.0 0.0 0.0 1.0 0.0 0.258819 -0.9659258 -4.5 0.0 0.9659258 0.258819 -0.5 0.0 0.0 0.0 1.0 1.0 0.0 0.0 1.0 0.0 0.258819 -0.9659258 -4.5 0.0 0.9659258 0.258819 -0.5 0.0 0.0 0.0 1.0 1.0 0.0 0.0 1.0 0.0 0.258819 -0.9659258 -4.5 0.0 0.9659258 0.258819 -0.5 0.0 0.0 0.0 1.0 1.0 0.0 0.0 1.0 0.0 0.258819 -0.9659258 -4.5 0.0 0.9659258 0.258819 -0.5 0.0 0.0 0.0 1.0 1.0 0.0 0.0 1.0 0.0 0.258819 -0.9659258 -4.5 0.0 0.9659258 0.258819 -0.5 0.0 0.0 0.0 1.0 1.0 0.0 0.0 1.0 0.0 0.258819 -0.9659258 -4.5 0.0 0.9659258 0.258819 -0.5 0.0 0.0 0.0 1.0 1.0 0.0 0.0 1.0 0.0 0.258819 -0.9659258 -4.5 0.0 0.9659258 0.258819 -0.5 0.0 0.0 0.0 1.0 1.0 0.0 0.0 1.0 0.0 0.258819 -0.9659258 -4.5 0.0 0.9659258 0.258819 -0.5 0.0 0.0 0.0 1.0 1.0 0.0 0.0 1.0 0.0 0.258819 -0.9659258 -4.5 0.0 0.9659258 0.258819 -0.5 0.0 0.0 0.0 1.0 1.0 0.0 0.0 1.0 0.0 0.258819 -0.9659258 -4.5 0.0 0.9659258 0.258819 -0.5 0.0 0.0 0.0 1.0 1.0 0.0 0.0 1.0 0.0 0.258819 -0.9659258 -4.5 0.0 0.9659258 0.258819 -0.5 0.0 0.0 0.0 1.0 0.9999968 2.7606147E-4 0.002559757 1.0 0.002369781 0.28992125 -0.9570477 -4.5 -0.0010063318 0.95705056 0.28991964 -0.5 0.0 0.0 0.0 1.0 0.9999472 6.059599E-4 0.010273643 1.0 0.009266531 0.38128197 -0.9244125 -4.5 -0.004477311 0.92445874 0.38125616 -0.5 0.0 0.0 0.0 1.0 0.99973357 -5.06849E-4 0.023083087 1.0 0.019909821 0.5251654 -0.85076743 -4.5 -0.011691225 0.85100025 0.5250355 -0.5 0.0 0.0 0.0 1.0 0.9991705 -0.0054889964 0.040354326 1.0 0.032563712 0.7027548 -0.7106867 -4.5 -0.024458237 0.7114111 0.7023505 -0.5 0.0 0.0 0.0 1.0 0.99811316 -0.01654077 0.0591338 1.0 0.043576844 0.86929333 -0.49237224 -4.5 -0.0432604 0.49402002 0.8683738 -0.5 0.0 0.0 0.0 1.0 0.9969877 -0.029207036 0.07185123 1.0 0.048509672 0.9576469 -0.28382972 -4.5 -0.060518283 0.2864602 0.95617896 -0.5 0.0 0.0 0.0 1.0 0.99607694 -0.039847992 0.0790141 1.0 0.049579047 0.9908803 -0.12529351 -4.5 -0.073300816 0.1287194 0.9889685 -0.5 0.0 0.0 0.0 1.0 0.9954988 -0.046738867 0.0824488 1.0 0.04922032 0.9983863 -0.02832453 -4.5 -0.08099189 0.032255188 0.9961928 -0.5 0.0 0.0 0.0 1.0 0.99530214 -0.049105946 0.08344216 1.0 0.048934262 0.9987937 0.004102692 -4.5 -0.083542965 -2.3748726E-7 0.9965043 -0.5 0.0 0.0 0.0 1.0 0.9953021 -0.047286883 0.08448631 1.0 0.04893426 0.99864817 -0.01753427 -4.5 -0.08354295 0.021586169 0.9962704 -0.5 0.0 0.0 0.0 1.0 0.99530196 -0.04170003 0.087379 1.0 0.048934247 0.99540097 -0.082355 -4.5 -0.083542936 0.08624392 0.9927651 -0.5 0.0 0.0 0.0 1.0 0.99530196 -0.035937123 0.08990276 1.0 0.04893425 0.98795086 -0.14682798 -4.5 -0.08354294 0.1505375 0.985068 -0.5 0.0 0.0 0.0 1.0 0.99530196 -0.03398121 0.09066013 1.0 0.04893425 0.98453844 -0.16819459 -4.5 -0.083542936 0.17184079 0.9815759 -0.5 0.0 0.0 0.0 1.0 0.9953021 -0.015808038 0.0955201 1.0 0.04893425 0.9334293 -0.3554087 -4.5 -0.083542936 0.3584132 0.9298176 -0.5 0.0 0.0 0.0 1.0 0.9953019 -0.0045725256 0.096711285 1.0 0.04893424 0.8856691 -0.46173096 -4.5 -0.083542936 0.46429425 0.881732 -0.5 0.0 0.0 0.0 1.0 0.9953019 -8.0591254E-4 0.09681597 1.0 0.048934244 0.86703193 -0.49584374 -4.5 -0.08354294 0.4982519 0.862998 -0.5 0.0 0.0 0.0 1.0 0.9973542 0.0023779105 0.07265614 0.99580246 0.03802964 0.834724 -0.5493537 -4.158197 -0.06195414 0.55066335 0.8324251 -0.5001311 0.0 0.0 0.0 1.0 0.9988245 0.004062702 0.04830361 0.991605 0.025789335 0.79921395 -0.60049313 -3.816394 -0.04104454 0.6010329 0.7981697 -0.5002621 0.0 0.0 0.0 1.0 0.9997062 0.0042410716 0.023865186 0.98740745 0.012267007 0.76065737 -0.64903766 -3.4745913 -0.020905845 0.6491397 0.7603819 -0.50039315 0.0 0.0 0.0 1.0 0.99976933 0.0022400634 0.021370253 0.9889815 0.009523937 0.8453245 -0.5341687 -3.6027675 -0.019261366 0.53424895 0.845108 -0.50034404 0.0 0.0 0.0 1.0 0.99992025 -0.0013848679 0.012556364 0.9937037 0.0030630631 0.99089015 -0.13463825 -3.9872956 -0.012255521 0.13466597 0.99081534 -0.5001966 0.0 0.0 0.0 1.0 0.99999505 -0.0010187686 0.0030322955 0.99842596 9.799734E-5 0.95724183 0.28928947 -4.371824 -0.0031973585 -0.2892877 0.957237 -0.5000491 0.0 0.0 0.0 1.0 1.0000001 0.0 0.0 1.0 0.0 0.90630776 0.42261848 -4.5 0.0 -0.42261848 0.90630776 -0.5 0.0 0.0 0.0 1.0 0.99999994 0.0 0.0 1.0 0.0 0.916285 0.40052685 -4.5 0.0 -0.40052685 0.916285 -0.5 0.0 0.0 0.0 1.0 1.0000001 0.0 0.0 1.0 0.0 0.9429648 0.33289284 -4.5 0.0 -0.33289284 0.9429648 -0.5 0.0 0.0 0.0 1.0 1.0 0.0 0.0 1.0 0.0 0.976296 0.21643972 -4.5 0.0 -0.21643972 0.976296 -0.5 0.0 0.0 0.0 1.0 1.0 0.0 0.0 1.0 0.0 0.9953028 0.09681095 -4.5 0.0 -0.09681095 0.9953028 -0.5 0.0 0.0 0.0 1.0 1.0000001 0.0 0.0 1.0 0.0 0.9997064 0.024238305 -4.5 0.0 -0.024238305 0.9997064 -0.5 0.0 0.0 0.0 1.0 1.0 0.0 0.0 1.0 0.0 1.0 0.0 -4.5 0.0 0.0 1.0 -0.5 0.0 0.0 0.0 1.0 1.0 0.0 0.0 1.0 0.0 1.0 0.0 -4.5 0.0 0.0 1.0 -0.5 0.0 0.0 0.0 1.0 1.0 0.0 0.0 1.0 0.0 1.0 0.0 -4.5 0.0 0.0 1.0 -0.5 0.0 0.0 0.0 1.0 1.0 0.0 0.0 1.0 0.0 1.0 0.0 -4.5 0.0 0.0 1.0 -0.5 0.0 0.0 0.0 1.0 1.0 0.0 0.0 1.0 0.0 1.0 0.0 -4.5 0.0 0.0 1.0 -0.5 0.0 0.0 0.0 1.0 1.0 0.0 0.0 1.0 0.0 1.0 0.0 -4.5 0.0 0.0 1.0 -0.5 0.0 0.0 0.0 1.0 1.0 0.0 0.0 1.0 0.0 1.0 0.0 -4.5 0.0 0.0 1.0 -0.5 0.0 0.0 0.0 1.0 1.0 0.0 0.0 1.0 0.0 1.0 0.0 -4.5 0.0 0.0 1.0 -0.5 0.0 0.0 0.0 1.0 </float_array>
          <technique_common>
            <accessor count="52" source="#Right_Claw-global-anim-outSource-global-array" stride="16">
              <param type="float4x4"/>
            </accessor>
          </technique_common>
        </source>
        <sampler id="Right_Claw-global-anim-globalSampler">
          <input semantic="INPUT" source="#Right_Claw-global-anim-inSource-TIME"/>
          <input semantic="OUTPUT" source="#Right_Claw-global-anim-outSource-global"/>
          <input semantic="INTERPOLATION" source="#Right_Claw-global-anim-interpolation"/>
        </sampler>
        <channel source="#Right_Claw-global-anim-globalSampler" target="Right_Claw-global/matrix"/>
      </animation>
    </animation>
    <animation id="Right_Claw-local-anim" name="Right_Claw-local-anim">
      <animation>
        <source id="Right_Claw-local-anim-inSource-TIME">
          <float_array count="52" id="Right_Claw-local-anim-inSource-TIME-array">0.0 0.041666668 0.083333336 0.125 0.16666667 0.20833333 0.25 0.29166666 0.33333334 0.375 0.41666666 0.45833334 0.5 0.5416667 0.5833333 0.625 0.6666667 0.7083333 0.75 0.7916667 0.8333333 0.875 0.9166667 0.9583333 1.0 1.0416666 1.0833334 1.125 1.1666666 1.2083334 1.25 1.2916666 1.3333334 1.375 1.4166666 1.4583334 1.5 1.5416666 1.5833334 1.625 1.6666666 1.7083334 1.75 1.7916666 1.8333334 1.875 1.9166666 1.9583334 2.0 2.0416667 2.0833333 2.125 </float_array>
          <technique_common>
            <accessor count="52" source="#Right_Claw-local-anim-inSource-TIME-array">
              <param name="TIME" type="float"/>
            </accessor>
          </technique_common>
        </source>
        <source id="Right_Claw-local-anim-interpolation">
          <Name_array count="52" id="Right_Claw-local-anim-interpolation-array">LINEAR LINEAR LINEAR LINEAR LINEAR LINEAR LINEAR LINEAR LINEAR LINEAR LINEAR LINEAR LINEAR LINEAR LINEAR LINEAR LINEAR LINEAR LINEAR LINEAR LINEAR LINEAR LINEAR LINEAR LINEAR LINEAR LINEAR LINEAR LINEAR LINEAR LINEAR LINEAR LINEAR LINEAR LINEAR LINEAR LINEAR LINEAR LINEAR LINEAR LINEAR LINEAR LINEAR LINEAR LINEAR LINEAR LINEAR LINEAR LINEAR LINEAR LINEAR LINEAR </Name_array>
          <technique_common>
            <accessor count="52" source="#Right_Claw-local-anim-interpolation-array">
              <param type="name"/>
            </accessor>
          </technique_common>
        </source>
        <source id="Right_Claw-local-anim-outSource-local">
          <float_array count="832" id="Right_Claw-local-anim-outSource-local-array">1.0 0.0 0.0 0.0 0.0 1.0 0.0 -1.9999999 0.0 0.0 1.0 1.5 0.0 0.0 0.0 1.0 1.0 0.0 0.0 0.0 0.0 1.0 0.0 -1.9999999 0.0 0.0 1.0 1.5 0.0 0.0 0.0 1.0 1.0 0.0 0.0 0.0 0.0 1.0 0.0 -1.9999999 0.0 0.0 1.0 1.5 0.0 0.0 0.0 1.0 1.0 0.0 0.0 0.0 0.0 1.0 0.0 -1.9999999 0.0 0.0 1.0 1.5 0.0 0.0 0.0 1.0 1.0 0.0 0.0 0.0 0.0 1.0 0.0 -1.9999999 0.0 0.0 1.0 1.5 0.0 0.0 0.0 1.0 1.0 0.0 0.0 0.0 0.0 1.0 0.0 -1.9999999 0.0 0.0 1.0 1.5 0.0 0.0 0.0 1.0 1.0 0.0 0.0 0.0 0.0 1.0 0.0 -1.9999999 0.0 0.0 1.0 1.5 0.0 0.0 0.0 1.0 1.0 0.0 0.0 0.0 0.0 1.0 0.0 -1.9999999 0.0 0.0 1.0 1.5 0.0 0.0 0.0 1.0 1.0 0.0 0.0 0.0 0.0 1.0 0.0 -1.9999999 0.0 0.0 1.0 1.5 0.0 0.0 0.0 1.0 1.0 0.0 0.0 0.0 0.0 1.0 0.0 -1.9999999 0.0 0.0 1.0 1.5 0.0 0.0 0.0 1.0 1.0 0.0 0.0 0.0 0.0 1.0 0.0 -1.9999999 0.0 0.0 1.0 1.5 0.0 0.0 0.0 1.0 1.0 0.0 0.0 0.0 0.0 1.0 0.0 -1.9999999 0.0 0.0 1.0 1.5 0.0 0.0 0.0 1.0 1.0 0.0 0.0 0.0 0.0 1.0 0.0 -1.9999999 0.0 0.0 1.0 1.5 0.0 0.0 0.0 1.0 1.0 0.0 0.0 0.0 0.0 1.0 0.0 -1.9999999 0.0 0.0 1.0 1.5 0.0 0.0 0.0 1.0 1.0 0.0 0.0 0.0 0.0 1.0 0.0 -1.9999999 0.0 0.0 1.0 1.5 0.0 0.0 0.0 1.0 1.0 0.0 0.0 0.0 0.0 1.0 0.0 -1.9999999 0.0 0.0 1.0 1.5 0.0 0.0 0.0 1.0 1.0 0.0 0.0 0.0 0.0 1.0 0.0 -1.9999999 0.0 0.0 1.0 1.5 0.0 0.0 0.0 1.0 1.0 0.0 0.0 0.0 0.0 1.0 0.0 -1.9999999 0.0 0.0 1.0 1.5 0.0 0.0 0.0 1.0 1.0 0.0 0.0 0.0 0.0 1.0 0.0 -1.9999999 0.0 0.0 1.0 1.5 0.0 0.0 0.0 1.0 1.0 0.0 0.0 0.0 0.0 1.0 0.0 -1.9999999 0.0 0.0 1.0 1.5 0.0 0.0 0.0 1.0 1.0 0.0 0.0 0.0 0.0 1.0 0.0 -1.9999999 0.0 0.0 1.0 1.5 0.0 0.0 0.0 1.0 1.0 0.0 0.0 0.0 0.0 1.0 0.0 -1.9999999 0.0 0.0 1.0 1.5 0.0 0.0 0.0 1.0 1.0 0.0 0.0 0.0 0.0 1.0 0.0 -1.9999999 0.0 0.0 1.0 1.5 0.0 0.0 0.0 1.0 1.0 0.0 0.0 0.0 0.0 1.0 0.0 -1.9999999 0.0 0.0 1.0 1.5 0.0 0.0 0.0 1.0 1.0 0.0 0.0 0.0 0.0 1.0 0.0 -1.9999999 0.0 0.0 1.0 1.5 0.0 0.0 0.0 1.0 1.0 0.0 0.0 0.0 0.0 1.0 0.0 -1.9999999 0.0 0.0 1.0 1.5 0.0 0.0 0.0 1.0 1.0 0.0 0.0 0.0 0.0 1.0 0.0 -1.9999999 0.0 0.0 1.0 1.5 0.0 0.0 0.0 1.0 1.0 0.0 0.0 0.0 0.0 1.0 0.0 -1.9999999 0.0 0.0 1.0 1.5 0.0 0.0 0.0 1.0 1.0 0.0 0.0 0.0 0.0 1.0 0.0 -1.9999999 0.0 0.0 1.0 1.5 0.0 0.0 0.0 1.0 1.0 0.0 0.0 0.0 0.0 1.0 0.0 -1.9999999 0.0 0.0 1.0 1.5 0.0 0.0 0.0 1.0 1.0 0.0 0.0 0.0 0.0 1.0 0.0 -1.9999999 0.0 0.0 1.0 1.5 0.0 0.0 0.0 1.0 1.0 0.0 0.0 0.0 0.0 1.0 0.0 -1.9999999 0.0 0.0 1.0 1.5 0.0 0.0 0.0 1.0 1.0 0.0 0.0 0.0 0.0 1.0 0.0 -1.9999999 0.0 0.0 1.0 1.5 0.0 0.0 0.0 1.0 1.0 0.0 0.0 0.0 0.0 1.0 0.0 -1.9999999 0.0 0.0 1.0 1.5 0.0 0.0 0.0 1.0 1.0 0.0 0.0 0.0 0.0 1.0 0.0 -1.9999999 0.0 0.0 1.0 1.5 0.0 0.0 0.0 1.0 1.0 0.0 0.0 0.0 0.0 1.0 0.0 -1.9999999 0.0 0.0 1.0 1.5 0.0 0.0 0.0 1.0 1.0 0.0 0.0 0.0 0.0 1.0 0.0 -1.9999999 0.0 0.0 1.0 1.5 0.0 0.0 0.0 1.0 1.0 0.0 0.0 0.0 0.0 1.0 0.0 -1.9999999 0.0 0.0 1.0 1.5 0.0 0.0 0.0 1.0 1.0 0.0 0.0 0.0 0.0 1.0 0.0 -1.9999999 0.0 0.0 1.0 1.5 0.0 0.0 0.0 1.0 1.0 0.0 0.0 0.0 0.0 1.0 0.0 -1.9999999 0.0 0.0 1.0 1.5 0.0 0.0 0.0 1.0 1.0 0.0 0.0 0.0 0.0 1.0 0.0 -1.9999999 0.0 0.0 1.0 1.5 0.0 0.0 0.0 1.0 1.0 0.0 0.0 0.0 0.0 1.0 0.0 -1.9999999 0.0 0.0 1.0 1.5 0.0 0.0 0.0 1.0 1.0 0.0 0.0 0.0 0.0 1.0 0.0 -1.9999999 0.0 0.0 1.0 1.5 0.0 0.0 0.0 1.0 1.0 0.0 0.0 0.0 0.0 1.0 0.0 -1.9999999 0.0 0.0 1.0 1.5 0.0 0.0 0.0 1.0 1.0 0.0 0.0 0.0 0.0 1.0 0.0 -1.9999999 0.0 0.0 1.0 1.5 0.0 0.0 0.0 1.0 1.0 0.0 0.0 0.0 0.0 1.0 0.0 -1.9999999 0.0 0.0 1.0 1.5 0.0 0.0 0.0 1.0 1.0 0.0 0.0 0.0 0.0 1.0 0.0 -1.9999999 0.0 0.0 1.0 1.5 0.0 0.0 0.0 1.0 1.0 0.0 0.0 0.0 0.0 1.0 0.0 -1.9999999 0.0 0.0 1.0 1.5 0.0 0.0 0.0 1.0 1.0 0.0 0.0 0.0 0.0 1.0 0.0 -1.9999999 0.0 0.0 1.0 1.5 0.0 0.0 0.0 1.0 1.0 0.0 0.0 0.0 0.0 1.0 0.0 -1.9999999 0.0 0.0 1.0 1.5 0.0 0.0 0.0 1.0 1.0 0.0 0.0 0.0 0.0 1.0 0.0 -1.9999999 0.0 0.0 1.0 1.5 0.0 0.0 0.0 1.0 1.0 0.0 0.0 0.0 0.0 1.0 0.0 -1.9999999 0.0 0.0 1.0 1.5 0.0 0.0 0.0 1.0 </float_array>
          <technique_common>
            <accessor count="52" source="#Right_Claw-local-anim-outSource-local-array" stride="16">
              <param type="float4x4"/>
            </accessor>
          </technique_common>
        </source>
        <sampler id="Right_Claw-local-anim-localSampler">
          <input semantic="INPUT" source="#Right_Claw-local-anim-inSource-TIME"/>
          <input semantic="OUTPUT" source="#Right_Claw-local-anim-outSource-local"/>
          <input semantic="INTERPOLATION" source="#Right_Claw-local-anim-interpolation"/>
        </sampler>
        <channel source="#Right_Claw-local-anim-localSampler" target="Right_Claw-local/matrix"/>
      </animation>
    </animation>
    <animation id="Tail1-global-anim" name="Tail1-global-anim">
      <animation>
        <source id="Tail1-global-anim-inSource-TIME">
          <float_array count="52" id="Tail1-global-anim-inSource-TIME-array">0.0 0.041666668 0.083333336 0.125 0.16666667 0.20833333 0.25 0.29166666 0.33333334 0.375 0.41666666 0.45833334 0.5 0.5416667 0.5833333 0.625 0.6666667 0.7083333 0.75 0.7916667 0.8333333 0.875 0.9166667 0.9583333 1.0 1.0416666 1.0833334 1.125 1.1666666 1.2083334 1.25 1.2916666 1.3333334 1.375 1.4166666 1.4583334 1.5 1.5416666 1.5833334 1.625 1.6666666 1.7083334 1.75 1.7916666 1.8333334 1.875 1.9166666 1.9583334 2.0 2.0416667 2.0833333 2.125 </float_array>
          <technique_common>
            <accessor count="52" source="#Tail1-global-anim-inSource-TIME-array">
              <param name="TIME" type="float"/>
            </accessor>
          </technique_common>
        </source>
        <source id="Tail1-global-anim-interpolation">
          <Name_array count="52" id="Tail1-global-anim-interpolation-array">LINEAR LINEAR LINEAR LINEAR LINEAR LINEAR LINEAR LINEAR LINEAR LINEAR LINEAR LINEAR LINEAR LINEAR LINEAR LINEAR LINEAR LINEAR LINEAR LINEAR LINEAR LINEAR LINEAR LINEAR LINEAR LINEAR LINEAR LINEAR LINEAR LINEAR LINEAR LINEAR LINEAR LINEAR LINEAR LINEAR LINEAR LINEAR LINEAR LINEAR LINEAR LINEAR LINEAR LINEAR LINEAR LINEAR LINEAR LINEAR LINEAR LINEAR LINEAR LINEAR </Name_array>
          <technique_common>
            <accessor count="52" source="#Tail1-global-anim-interpolation-array">
              <param type="name"/>
            </accessor>
          </technique_common>
        </source>
        <source id="Tail1-global-anim-outSource-global">
          <float_array count="832" id="Tail1-global-anim-outSource-global-array">1.0 0.0 0.0 -0.5 0.0 1.0 0.0 0.0 0.0 0.0 1.0 -5.0 0.0 0.0 0.0 1.0 1.0000001 0.0 0.0 -0.5 0.0 0.9999766 -0.0068595815 0.0 0.0 0.0068595815 0.9999766 -5.0 0.0 0.0 0.0 1.0 1.0000001 0.0 0.0 -0.5 0.0 0.99962366 -0.027435098 0.0 0.0 0.027435098 0.99962366 -5.0 0.0 0.0 0.0 1.0 1.0000001 0.0 0.0 -0.5 0.0 0.998095 -0.061697505 0.0 0.0 0.061697505 0.998095 -5.0 0.0 0.0 0.0 1.0 1.0 0.0 0.0 -0.5 0.0 0.99435294 -0.106124125 0.0 0.0 0.106124125 0.99435294 -5.0 0.0 0.0 0.0 1.0 1.0000001 0.0 0.0 -0.5 0.0 0.99012905 -0.14015955 0.0 0.0 0.14015955 0.99012905 -5.0 0.0 0.0 0.0 1.0 1.0000001 0.0 0.0 -0.5 0.0 0.9870353 -0.16050415 0.0 0.0 0.16050415 0.9870353 -5.0 0.0 0.0 0.0 1.0 1.0 0.0 0.0 -0.5 0.0 0.98591095 -0.16727103 0.0 0.0 0.16727103 0.98591095 -5.0 0.0 0.0 0.0 1.0 1.0 0.0 0.0 -0.5 0.0 0.9877139 -0.15627348 0.0 0.0 0.15627348 0.9877139 -5.0 0.0 0.0 0.0 1.0 1.0000002 0.0 0.0 -0.5 0.0 0.9923858 -0.123169854 0.0 0.0 0.123169854 0.9923858 -5.0 0.0 0.0 0.0 1.0 1.0000002 0.0 0.0 -0.5 0.0 0.9977053 -0.06770951 0.0 0.0 0.06770951 0.9977053 -5.0 0.0 0.0 0.0 1.0 1.0 0.0 0.0 -0.5 0.0 0.9999475 0.010249354 0.0 0.0 -0.010249354 0.9999475 -5.0 0.0 0.0 0.0 1.0 1.0 0.0 0.0 -0.5 0.0 0.9961076 0.0881459 0.0 0.0 -0.0881459 0.9961076 -5.0 0.0 0.0 0.0 1.0 1.0000001 0.0 0.0 -0.5 0.0 0.9896526 0.14348553 0.0 0.0 -0.14348553 0.9896526 -5.0 0.0 0.0 0.0 1.0 1.0000001 0.0 0.0 -0.5 0.0 0.98430324 0.1764865 0.0 0.0 -0.1764865 0.98430324 -5.0 0.0 0.0 0.0 1.0 1.0 0.0 0.0 -0.5 0.0 0.9822751 0.18744472 0.0 0.0 -0.18744472 0.9822751 -5.0 0.0 0.0 0.0 1.0 1.0000001 0.0 0.0 -0.5 0.0 0.9867964 0.16196635 0.0 0.0 -0.16196635 0.9867964 -5.0 0.0 0.0 0.0 1.0 1.0 0.0 0.0 -0.5 0.0 0.99638534 0.084949024 0.0 0.0 -0.084949024 0.99638534 -5.0 0.0 0.0 0.0 1.0 1.0 0.0 0.0 -0.5 0.0 0.9999725 0.007420003 0.0 0.0 -0.007420003 0.9999725 -5.0 0.0 0.0 0.0 1.0 1.0 0.0 0.0 -0.5 0.0 0.9998297 -0.018456021 0.0 0.0 0.018456021 0.9998297 -5.0 0.0 0.0 0.0 1.0 1.0 0.0 0.0 -0.5 0.0 0.9998941 0.0145557765 0.0 0.0 -0.0145557765 0.9998941 -5.0 0.0 0.0 0.0 1.0 1.0000001 0.0 0.0 -0.5 0.0 0.99355495 0.1133522 0.0 0.0 -0.1133522 0.99355495 -5.0 0.0 0.0 0.0 1.0 1.0 0.0 0.0 -0.5 0.0 0.9774779 0.21103767 0.0 0.0 -0.21103767 0.9774779 -5.0 0.0 0.0 0.0 1.0 1.0 0.0 0.0 -0.5 0.0 0.9699795 0.24318661 0.0 0.0 -0.24318661 0.9699795 -5.0 0.0 0.0 0.0 1.0 1.0 0.0 0.0 -0.5 0.0 0.9737505 0.22761813 0.0 0.0 -0.22761813 0.9737505 -5.0 0.0 0.0 0.0 1.0 1.0000001 0.0 0.0 -0.5 0.0 0.9835608 0.18057823 0.0 0.0 -0.18057823 0.9835608 -5.0 0.0 0.0 0.0 1.0 1.0 0.0 0.0 -0.5 0.0 0.9910997 0.13312139 0.0 0.0 -0.13312139 0.9910997 -5.0 0.0 0.0 0.0 1.0 1.0 0.0 0.0 -0.5 0.0 0.99310493 0.11722867 0.0 0.0 -0.11722867 0.99310493 -5.0 0.0 0.0 0.0 1.0 1.0000001 0.0 0.0 -0.5 0.0 0.9907387 0.13578351 0.0 0.0 -0.13578351 0.9907387 -5.0 0.0 0.0 0.0 1.0 1.0000001 0.0 0.0 -0.5 0.0 0.98156345 0.19113697 0.0 0.0 -0.19113697 0.98156345 -5.0 0.0 0.0 0.0 1.0 1.0000001 0.0 0.0 -0.5 0.0 0.9692982 0.24588875 0.0 0.0 -0.24588875 0.9692982 -5.0 0.0 0.0 0.0 1.0 1.0 0.0 0.0 -0.5 0.0 0.96452934 0.2639757 0.0 0.0 -0.2639757 0.96452934 -5.0 0.0 0.0 0.0 1.0 1.0000002 0.0 0.0 -0.5 0.0 0.9673329 0.2535103 0.0 0.0 -0.2535103 0.9673329 -5.0 0.0 0.0 0.0 1.0 1.0000001 0.0 0.0 -0.5 0.0 0.97506034 0.2219403 0.0 0.0 -0.2219403 0.97506034 -5.0 0.0 0.0 0.0 1.0 1.0 0.0 0.0 -0.5 0.0 0.98175776 0.19013582 0.0 0.0 -0.19013582 0.98175776 -5.0 0.0 0.0 0.0 1.0 1.0 0.0 0.0 -0.5 0.0 0.9837601 0.17948805 0.0 0.0 -0.17948805 0.9837601 -5.0 0.0 0.0 0.0 1.0 1.0000001 0.0 0.0 -0.5 0.0 0.9876123 0.15691426 0.0 0.0 -0.15691426 0.9876123 -5.0 0.0 0.0 0.0 1.0 1.0 0.0 0.0 -0.5 0.0 0.9960542 0.08874669 0.0 0.0 -0.08874669 0.9960542 -5.0 0.0 0.0 0.0 1.0 1.0000001 0.0 0.0 -0.5 0.0 0.9996714 -0.025636634 0.0 0.0 0.025636634 0.9996714 -5.0 0.0 0.0 0.0 1.0 1.0000001 0.0 0.0 -0.5 0.0 0.9901962 -0.13968416 0.0 0.0 0.13968416 0.9901962 -5.0 0.0 0.0 0.0 1.0 1.0 0.0 0.0 -0.5 0.0 0.9782712 -0.20732945 0.0 0.0 0.20732945 0.9782712 -5.0 0.0 0.0 0.0 1.0 1.0 0.0 0.0 -0.5 0.0 0.9732671 -0.22967611 0.0 0.0 0.22967611 0.9732671 -5.0 0.0 0.0 0.0 1.0 1.0000002 0.0 0.0 -0.5 0.0 0.977078 -0.21288237 0.0 0.0 0.21288237 0.977078 -5.0 0.0 0.0 0.0 1.0 1.0 0.0 0.0 -0.5 0.0 0.9867675 -0.16214211 0.0 0.0 0.16214211 0.9867675 -5.0 0.0 0.0 0.0 1.0 1.0 0.0 0.0 -0.5 0.0 0.99705565 -0.07668105 0.0 0.0 0.07668105 0.99705565 -5.0 0.0 0.0 0.0 1.0 1.0 0.0 0.0 -0.5 0.0 0.9999563 0.009348153 0.0 0.0 -0.009348153 0.9999563 -5.0 0.0 0.0 0.0 1.0 1.0 0.0 0.0 -0.5 0.0 0.9981394 0.06097334 0.0 0.0 -0.06097334 0.9981394 -5.0 0.0 0.0 0.0 1.0 1.0000001 0.0 0.0 -0.5 0.0 0.9969415 0.078152336 0.0 0.0 -0.078152336 0.9969415 -5.0 0.0 0.0 0.0 1.0 1.0 0.0 0.0 -0.5 0.0 0.997658 0.068399645 0.0 0.0 -0.068399645 0.997658 -5.0 0.0 0.0 0.0 1.0 1.0000001 0.0 0.0 -0.5 0.0 0.99923515 0.03910608 0.0 0.0 -0.03910608 0.99923515 -5.0 0.0 0.0 0.0 1.0 1.0000001 0.0 0.0 -0.5 0.0 0.99995226 0.009778861 0.0 0.0 -0.009778861 0.99995226 -5.0 0.0 0.0 0.0 1.0 1.0 0.0 0.0 -0.5 0.0 1.0 0.0 0.0 0.0 0.0 1.0 -5.0 0.0 0.0 0.0 1.0 </float_array>
          <technique_common>
            <accessor count="52" source="#Tail1-global-anim-outSource-global-array" stride="16">
              <param type="float4x4"/>
            </accessor>
          </technique_common>
        </source>
        <sampler id="Tail1-global-anim-globalSampler">
          <input semantic="INPUT" source="#Tail1-global-anim-inSource-TIME"/>
          <input semantic="OUTPUT" source="#Tail1-global-anim-outSource-global"/>
          <input semantic="INTERPOLATION" source="#Tail1-global-anim-interpolation"/>
        </sampler>
        <channel source="#Tail1-global-anim-globalSampler" target="Tail1-global/matrix"/>
      </animation>
    </animation>
    <animation id="Tail1-local-anim" name="Tail1-local-anim">
      <animation>
        <source id="Tail1-local-anim-inSource-TIME">
          <float_array count="52" id="Tail1-local-anim-inSource-TIME-array">0.0 0.041666668 0.083333336 0.125 0.16666667 0.20833333 0.25 0.29166666 0.33333334 0.375 0.41666666 0.45833334 0.5 0.5416667 0.5833333 0.625 0.6666667 0.7083333 0.75 0.7916667 0.8333333 0.875 0.9166667 0.9583333 1.0 1.0416666 1.0833334 1.125 1.1666666 1.2083334 1.25 1.2916666 1.3333334 1.375 1.4166666 1.4583334 1.5 1.5416666 1.5833334 1.625 1.6666666 1.7083334 1.75 1.7916666 1.8333334 1.875 1.9166666 1.9583334 2.0 2.0416667 2.0833333 2.125 </float_array>
          <technique_common>
            <accessor count="52" source="#Tail1-local-anim-inSource-TIME-array">
              <param name="TIME" type="float"/>
            </accessor>
          </technique_common>
        </source>
        <source id="Tail1-local-anim-interpolation">
          <Name_array count="52" id="Tail1-local-anim-interpolation-array">LINEAR LINEAR LINEAR LINEAR LINEAR LINEAR LINEAR LINEAR LINEAR LINEAR LINEAR LINEAR LINEAR LINEAR LINEAR LINEAR LINEAR LINEAR LINEAR LINEAR LINEAR LINEAR LINEAR LINEAR LINEAR LINEAR LINEAR LINEAR LINEAR LINEAR LINEAR LINEAR LINEAR LINEAR LINEAR LINEAR LINEAR LINEAR LINEAR LINEAR LINEAR LINEAR LINEAR LINEAR LINEAR LINEAR LINEAR LINEAR LINEAR LINEAR LINEAR LINEAR </Name_array>
          <technique_common>
            <accessor count="52" source="#Tail1-local-anim-interpolation-array">
              <param type="name"/>
            </accessor>
          </technique_common>
        </source>
        <source id="Tail1-local-anim-outSource-local">
          <float_array count="832" id="Tail1-local-anim-outSource-local-array">1.0 0.0 0.0 5.9604645E-7 0.0 1.0 0.0 0.0 0.0 0.0 1.0 -3.5 0.0 0.0 0.0 1.0 1.0 0.0 0.0 5.9604645E-7 0.0 1.0 0.0 0.0 0.0 0.0 1.0 -3.5 0.0 0.0 0.0 1.0 1.0 0.0 0.0 5.9604645E-7 0.0 1.0 0.0 0.0 0.0 0.0 1.0 -3.5 0.0 0.0 0.0 1.0 1.0 0.0 0.0 5.9604645E-7 0.0 1.0 0.0 0.0 0.0 0.0 1.0 -3.5 0.0 0.0 0.0 1.0 1.0 0.0 0.0 5.9604645E-7 0.0 1.0 0.0 0.0 0.0 0.0 1.0 -3.5 0.0 0.0 0.0 1.0 1.0 0.0 0.0 5.9604645E-7 0.0 1.0 0.0 0.0 0.0 0.0 1.0 -3.5 0.0 0.0 0.0 1.0 1.0 0.0 0.0 5.9604645E-7 0.0 1.0 0.0 0.0 0.0 0.0 1.0 -3.5 0.0 0.0 0.0 1.0 1.0 0.0 0.0 5.9604645E-7 0.0 1.0 0.0 0.0 0.0 0.0 1.0 -3.5 0.0 0.0 0.0 1.0 1.0 0.0 0.0 5.9604645E-7 0.0 1.0 0.0 0.0 0.0 0.0 1.0 -3.5 0.0 0.0 0.0 1.0 1.0 0.0 0.0 5.9604645E-7 0.0 1.0 0.0 0.0 0.0 0.0 1.0 -3.5 0.0 0.0 0.0 1.0 1.0 0.0 0.0 5.9604645E-7 0.0 1.0 0.0 0.0 0.0 0.0 1.0 -3.5 0.0 0.0 0.0 1.0 1.0 0.0 0.0 5.9604645E-7 0.0 1.0 0.0 0.0 0.0 0.0 1.0 -3.5 0.0 0.0 0.0 1.0 1.0 0.0 0.0 5.9604645E-7 0.0 1.0 0.0 0.0 0.0 0.0 1.0 -3.5 0.0 0.0 0.0 1.0 1.0 0.0 0.0 5.9604645E-7 0.0 1.0 0.0 0.0 0.0 0.0 1.0 -3.5 0.0 0.0 0.0 1.0 1.0 0.0 0.0 5.9604645E-7 0.0 1.0 0.0 0.0 0.0 0.0 1.0 -3.5 0.0 0.0 0.0 1.0 1.0 0.0 0.0 5.9604645E-7 0.0 1.0 0.0 0.0 0.0 0.0 1.0 -3.5 0.0 0.0 0.0 1.0 1.0 0.0 0.0 5.9604645E-7 0.0 1.0 0.0 0.0 0.0 0.0 1.0 -3.5 0.0 0.0 0.0 1.0 1.0 0.0 0.0 5.9604645E-7 0.0 1.0 0.0 0.0 0.0 0.0 1.0 -3.5 0.0 0.0 0.0 1.0 1.0 0.0 0.0 5.9604645E-7 0.0 1.0 0.0 0.0 0.0 0.0 1.0 -3.5 0.0 0.0 0.0 1.0 1.0 0.0 0.0 5.9604645E-7 0.0 1.0 0.0 0.0 0.0 0.0 1.0 -3.5 0.0 0.0 0.0 1.0 1.0 0.0 0.0 5.9604645E-7 0.0 1.0 0.0 0.0 0.0 0.0 1.0 -3.5 0.0 0.0 0.0 1.0 1.0 0.0 0.0 5.9604645E-7 0.0 1.0 0.0 0.0 0.0 0.0 1.0 -3.5 0.0 0.0 0.0 1.0 1.0 0.0 0.0 5.9604645E-7 0.0 1.0 0.0 0.0 0.0 0.0 1.0 -3.5 0.0 0.0 0.0 1.0 1.0 0.0 0.0 5.9604645E-7 0.0 1.0 0.0 0.0 0.0 0.0 1.0 -3.5 0.0 0.0 0.0 1.0 1.0 0.0 0.0 5.9604645E-7 0.0 1.0 0.0 0.0 0.0 0.0 1.0 -3.5 0.0 0.0 0.0 1.0 1.0 0.0 0.0 5.9604645E-7 0.0 1.0 0.0 0.0 0.0 0.0 1.0 -3.5 0.0 0.0 0.0 1.0 1.0 0.0 0.0 5.9604645E-7 0.0 1.0 0.0 0.0 0.0 0.0 1.0 -3.5 0.0 0.0 0.0 1.0 1.0 0.0 0.0 5.9604645E-7 0.0 1.0 0.0 0.0 0.0 0.0 1.0 -3.5 0.0 0.0 0.0 1.0 1.0 0.0 0.0 5.9604645E-7 0.0 1.0 0.0 0.0 0.0 0.0 1.0 -3.5 0.0 0.0 0.0 1.0 1.0 0.0 0.0 5.9604645E-7 0.0 1.0 0.0 0.0 0.0 0.0 1.0 -3.5 0.0 0.0 0.0 1.0 1.0 0.0 0.0 5.9604645E-7 0.0 1.0 0.0 0.0 0.0 0.0 1.0 -3.5 0.0 0.0 0.0 1.0 1.0 0.0 0.0 5.9604645E-7 0.0 1.0 0.0 0.0 0.0 0.0 1.0 -3.5 0.0 0.0 0.0 1.0 1.0 0.0 0.0 5.9604645E-7 0.0 1.0 0.0 0.0 0.0 0.0 1.0 -3.5 0.0 0.0 0.0 1.0 1.0 0.0 0.0 5.9604645E-7 0.0 1.0 0.0 0.0 0.0 0.0 1.0 -3.5 0.0 0.0 0.0 1.0 1.0 0.0 0.0 5.9604645E-7 0.0 1.0 0.0 0.0 0.0 0.0 1.0 -3.5 0.0 0.0 0.0 1.0 1.0 0.0 0.0 5.9604645E-7 0.0 1.0 0.0 0.0 0.0 0.0 1.0 -3.5 0.0 0.0 0.0 1.0 1.0 0.0 0.0 5.9604645E-7 0.0 1.0 0.0 0.0 0.0 0.0 1.0 -3.5 0.0 0.0 0.0 1.0 1.0 0.0 0.0 5.9604645E-7 0.0 1.0 0.0 0.0 0.0 0.0 1.0 -3.5 0.0 0.0 0.0 1.0 1.0 0.0 0.0 5.9604645E-7 0.0 1.0 0.0 0.0 0.0 0.0 1.0 -3.5 0.0 0.0 0.0 1.0 1.0 0.0 0.0 5.9604645E-7 0.0 1.0 0.0 0.0 0.0 0.0 1.0 -3.5 0.0 0.0 0.0 1.0 1.0 0.0 0.0 5.9604645E-7 0.0 1.0 0.0 0.0 0.0 0.0 1.0 -3.5 0.0 0.0 0.0 1.0 1.0 0.0 0.0 5.9604645E-7 0.0 1.0 0.0 0.0 0.0 0.0 1.0 -3.5 0.0 0.0 0.0 1.0 1.0 0.0 0.0 5.9604645E-7 0.0 1.0 0.0 0.0 0.0 0.0 1.0 -3.5 0.0 0.0 0.0 1.0 1.0 0.0 0.0 5.9604645E-7 0.0 1.0 0.0 0.0 0.0 0.0 1.0 -3.5 0.0 0.0 0.0 1.0 1.0 0.0 0.0 5.9604645E-7 0.0 1.0 0.0 0.0 0.0 0.0 1.0 -3.5 0.0 0.0 0.0 1.0 1.0 0.0 0.0 5.9604645E-7 0.0 1.0 0.0 0.0 0.0 0.0 1.0 -3.5 0.0 0.0 0.0 1.0 1.0 0.0 0.0 5.9604645E-7 0.0 1.0 0.0 0.0 0.0 0.0 1.0 -3.5 0.0 0.0 0.0 1.0 1.0 0.0 0.0 5.9604645E-7 0.0 1.0 0.0 0.0 0.0 0.0 1.0 -3.5 0.0 0.0 0.0 1.0 1.0 0.0 0.0 5.9604645E-7 0.0 1.0 0.0 0.0 0.0 0.0 1.0 -3.5 0.0 0.0 0.0 1.0 1.0 0.0 0.0 5.9604645E-7 0.0 1.0 0.0 0.0 0.0 0.0 1.0 -3.5 0.0 0.0 0.0 1.0 1.0 0.0 0.0 5.9604645E-7 0.0 1.0 0.0 0.0 0.0 0.0 1.0 -3.5 0.0 0.0 0.0 1.0 1.0 0.0 0.0 5.9604645E-7 0.0 1.0 0.0 0.0 0.0 0.0 1.0 -3.5 0.0 0.0 0.0 1.0 </float_array>
          <technique_common>
            <accessor count="52" source="#Tail1-local-anim-outSource-local-array" stride="16">
              <param type="float4x4"/>
            </accessor>
          </technique_common>
        </source>
        <sampler id="Tail1-local-anim-localSampler">
          <input semantic="INPUT" source="#Tail1-local-anim-inSource-TIME"/>
          <input semantic="OUTPUT" source="#Tail1-local-anim-outSource-local"/>
          <input semantic="INTERPOLATION" source="#Tail1-local-anim-interpolation"/>
        </sampler>
        <channel source="#Tail1-local-anim-localSampler" target="Tail1-local/matrix"/>
      </animation>
    </animation>
    <animation id="Tail2-global-anim" name="Tail2-global-anim">
      <animation>
        <source id="Tail2-global-anim-inSource-TIME">
          <float_array count="52" id="Tail2-global-anim-inSource-TIME-array">0.0 0.041666668 0.083333336 0.125 0.16666667 0.20833333 0.25 0.29166666 0.33333334 0.375 0.41666666 0.45833334 0.5 0.5416667 0.5833333 0.625 0.6666667 0.7083333 0.75 0.7916667 0.8333333 0.875 0.9166667 0.9583333 1.0 1.0416666 1.0833334 1.125 1.1666666 1.2083334 1.25 1.2916666 1.3333334 1.375 1.4166666 1.4583334 1.5 1.5416666 1.5833334 1.625 1.6666666 1.7083334 1.75 1.7916666 1.8333334 1.875 1.9166666 1.9583334 2.0 2.0416667 2.0833333 2.125 </float_array>
          <technique_common>
            <accessor count="52" source="#Tail2-global-anim-inSource-TIME-array">
              <param name="TIME" type="float"/>
            </accessor>
          </technique_common>
        </source>
        <source id="Tail2-global-anim-interpolation">
          <Name_array count="52" id="Tail2-global-anim-interpolation-array">LINEAR LINEAR LINEAR LINEAR LINEAR LINEAR LINEAR LINEAR LINEAR LINEAR LINEAR LINEAR LINEAR LINEAR LINEAR LINEAR LINEAR LINEAR LINEAR LINEAR LINEAR LINEAR LINEAR LINEAR LINEAR LINEAR LINEAR LINEAR LINEAR LINEAR LINEAR LINEAR LINEAR LINEAR LINEAR LINEAR LINEAR LINEAR LINEAR LINEAR LINEAR LINEAR LINEAR LINEAR LINEAR LINEAR LINEAR LINEAR LINEAR LINEAR LINEAR LINEAR </Name_array>
          <technique_common>
            <accessor count="52" source="#Tail2-global-anim-interpolation-array">
              <param type="name"/>
            </accessor>
          </technique_common>
        </source>
        <source id="Tail2-global-anim-outSource-global">
          <float_array count="832" id="Tail2-global-anim-outSource-global-array">1.0 0.0 0.0 0.0 0.0 1.0 0.0 0.0 0.0 0.0 1.0 -6.0 0.0 0.0 0.0 1.0 1.0 0.0 0.0 0.0 0.0 1.0 0.0 0.0 0.0 0.0 1.0 -6.0 0.0 0.0 0.0 1.0 1.0 0.0 0.0 0.0 0.0 1.0 0.0 0.0 0.0 0.0 1.0 -6.0 0.0 0.0 0.0 1.0 1.0 0.0 0.0 0.0 0.0 1.0 0.0 0.0 0.0 0.0 1.0 -6.0 0.0 0.0 0.0 1.0 1.0 0.0 0.0 0.0 0.0 1.0 0.0 0.0 0.0 0.0 1.0 -6.0 0.0 0.0 0.0 1.0 1.0 0.0 0.0 0.0 0.0 1.0 0.0 0.0 0.0 0.0 1.0 -6.0 0.0 0.0 0.0 1.0 1.0 0.0 0.0 0.0 0.0 1.0 0.0 0.0 0.0 0.0 1.0 -6.0 0.0 0.0 0.0 1.0 1.0 0.0 0.0 0.0 0.0 1.0 0.0 0.0 0.0 0.0 1.0 -6.0 0.0 0.0 0.0 1.0 1.0 0.0 0.0 0.0 0.0 0.99999833 0.0018235166 0.0 0.0 -0.0018235166 0.99999833 -6.0 0.0 0.0 0.0 1.0 1.0000001 0.0 0.0 0.0 0.0 0.9999735 0.007294006 0.0 0.0 -0.007294006 0.9999735 -6.0 0.0 0.0 0.0 1.0 1.0 0.0 0.0 0.0 0.0 0.9998653 0.01641092 0.0 0.0 -0.01641092 0.9998653 -6.0 0.0 0.0 0.0 1.0 1.0 0.0 0.0 0.0 0.0 0.9995744 0.029172145 0.0 0.0 -0.029172145 0.9995744 -6.0 0.0 0.0 0.0 1.0 1.0 0.0 0.0 0.0 0.0 0.9989611 0.04557215 0.0 0.0 -0.04557215 0.9989611 -6.0 0.0 0.0 0.0 1.0 1.0000001 0.0 0.0 0.0 0.0 0.9980787 0.061959896 0.0 0.0 -0.061959896 0.9980787 -6.0 0.0 0.0 0.0 1.0 1.0 0.0 0.0 0.0 0.0 0.99720645 0.07469458 0.0 0.0 -0.07469458 0.99720645 -6.0 0.0 0.0 0.0 1.0 0.99999994 0.0 0.0 0.0 0.0 0.996484 0.08378348 0.0 0.0 -0.08378348 0.996484 -6.0 0.0 0.0 0.0 1.0 0.99999994 0.0 0.0 0.0 0.0 0.9960107 0.0892335 0.0 0.0 -0.0892335 0.9960107 -6.0 0.0 0.0 0.0 1.0 0.99999994 0.0 0.0 0.0 0.0 0.99584633 0.0910496 0.0 0.0 -0.0910496 0.99584633 -6.0 0.0 0.0 0.0 1.0 1.0 0.0 0.0 0.0 0.0 0.9971571 0.07535079 0.0 0.0 -0.07535079 0.9971571 -6.0 0.0 0.0 0.0 1.0 1.0000001 0.0 0.0 0.0 0.0 0.9996036 0.028157784 0.0 0.0 -0.028157784 0.9996036 -6.0 0.0 0.0 0.0 1.0 1.0000001 0.0 0.0 0.0 0.0 0.9998177 -0.01909812 0.0 0.0 0.01909812 0.9998177 -6.0 0.0 0.0 0.0 1.0 1.0 0.0 0.0 0.0 0.0 0.99939275 -0.034845807 0.0 0.0 0.034845807 0.99939275 -6.0 0.0 0.0 0.0 1.0 1.0000002 0.0 0.0 0.0 0.0 0.99980813 -0.019597484 0.0 0.0 0.019597484 0.99980813 -6.0 0.0 0.0 0.0 1.0 1.0000001 0.0 0.0 0.0 0.0 0.9996579 0.026160665 0.0 0.0 -0.026160665 0.9996579 -6.0 0.0 0.0 0.0 1.0 1.0 0.0 0.0 0.0 0.0 0.99741447 0.071864046 0.0 0.0 -0.071864046 0.99741447 -6.0 0.0 0.0 0.0 1.0 0.99999994 0.0 0.0 0.0 0.0 0.9962022 0.08706977 0.0 0.0 -0.08706977 0.9962022 -6.0 0.0 0.0 0.0 1.0 0.99999994 0.0 0.0 0.0 0.0 0.99743026 0.0716436 0.0 0.0 -0.0716436 0.99743026 -6.0 0.0 0.0 0.0 1.0 1.0 0.0 0.0 0.0 0.0 0.9996805 0.025276966 0.0 0.0 -0.025276966 0.9996805 -6.0 0.0 0.0 0.0 1.0 0.99999994 0.0 0.0 0.0 0.0 0.9997764 -0.02114415 0.0 0.0 0.02114415 0.9997764 -6.0 0.0 0.0 0.0 1.0 1.0 0.0 0.0 0.0 0.0 0.99932957 -0.03661268 0.0 0.0 0.03661268 0.99932957 -6.0 0.0 0.0 0.0 1.0 1.0 0.0 0.0 0.0 0.0 0.9997615 -0.021838907 0.0 0.0 0.021838907 0.9997615 -6.0 0.0 0.0 0.0 1.0 1.0000002 0.0 0.0 0.0 0.0 0.9997471 0.022498125 0.0 0.0 -0.022498125 0.9997471 -6.0 0.0 0.0 0.0 1.0 1.0000001 0.0 0.0 0.0 0.0 0.99776715 0.06679093 0.0 0.0 -0.06679093 0.99776715 -6.0 0.0 0.0 0.0 1.0 1.0 0.0 0.0 0.0 0.0 0.9966709 0.08153031 0.0 0.0 -0.08153031 0.9966709 -6.0 0.0 0.0 0.0 1.0 1.0000001 0.0 0.0 0.0 0.0 0.99650556 0.08352763 0.0 0.0 -0.08352763 0.99650556 -6.0 0.0 0.0 0.0 1.0 0.99999994 0.0 0.0 0.0 0.0 0.9959852 0.089517646 0.0 0.0 -0.089517646 0.9959852 -6.0 0.0 0.0 0.0 1.0 1.0000001 0.0 0.0 0.0 0.0 0.99513745 0.098496675 0.0 0.0 -0.098496675 0.99513745 -6.0 0.0 0.0 0.0 1.0 1.0 0.0 0.0 0.0 0.0 0.9945272 0.104478195 0.0 0.0 -0.104478195 0.9945272 -6.0 0.0 0.0 0.0 1.0 1.0 0.0 0.0 0.0 0.0 0.9943158 0.10647117 0.0 0.0 -0.10647117 0.9943158 -6.0 0.0 0.0 0.0 1.0 1.0000001 0.0 0.0 0.0 0.0 0.99590766 0.09037774 0.0 0.0 -0.09037774 0.99590766 -6.0 0.0 0.0 0.0 1.0 1.0000001 0.0 0.0 0.0 0.0 0.99911886 0.04197245 0.0 0.0 -0.04197245 0.99911886 -6.0 0.0 0.0 0.0 1.0 1.0000001 0.0 0.0 0.0 0.0 0.99952614 -0.03078501 0.0 0.0 0.03078501 0.99952614 -6.0 0.0 0.0 0.0 1.0 1.0000001 0.0 0.0 0.0 0.0 0.99685705 -0.07922319 0.0 0.0 0.07922319 0.99685705 -6.0 0.0 0.0 0.0 1.0 1.0 0.0 0.0 0.0 0.0 0.99544543 -0.09533345 0.0 0.0 0.09533345 0.99544543 -6.0 0.0 0.0 0.0 1.0 1.0000002 0.0 0.0 0.0 0.0 0.9968603 -0.07918258 0.0 0.0 0.07918258 0.9968603 -6.0 0.0 0.0 0.0 1.0 1.0 0.0 0.0 0.0 0.0 0.99953103 -0.03062205 0.0 0.0 0.03062205 0.99953103 -6.0 0.0 0.0 0.0 1.0 1.0 0.0 0.0 0.0 0.0 0.99910414 0.042318564 0.0 0.0 -0.042318564 0.99910414 -6.0 0.0 0.0 0.0 1.0 1.0000001 0.0 0.0 0.0 0.0 0.9958652 0.09084451 0.0 0.0 -0.09084451 0.9958652 -6.0 0.0 0.0 0.0 1.0 1.0 0.0 0.0 0.0 0.0 0.9942614 0.10697769 0.0 0.0 -0.10697769 0.9942614 -6.0 0.0 0.0 0.0 1.0 1.0 0.0 0.0 0.0 0.0 0.99652725 0.083267875 0.0 0.0 -0.083267875 0.99652725 -6.0 0.0 0.0 0.0 1.0 1.0000002 0.0 0.0 0.0 0.0 0.9997166 0.023816165 0.0 0.0 -0.023816165 0.9997166 -6.0 0.0 0.0 0.0 1.0 1.0 0.0 0.0 0.0 0.0 1.0 0.0 0.0 0.0 0.0 1.0 -6.0 0.0 0.0 0.0 1.0 </float_array>
          <technique_common>
            <accessor count="52" source="#Tail2-global-anim-outSource-global-array" stride="16">
              <param type="float4x4"/>
            </accessor>
          </technique_common>
        </source>
        <sampler id="Tail2-global-anim-globalSampler">
          <input semantic="INPUT" source="#Tail2-global-anim-inSource-TIME"/>
          <input semantic="OUTPUT" source="#Tail2-global-anim-outSource-global"/>
          <input semantic="INTERPOLATION" source="#Tail2-global-anim-interpolation"/>
        </sampler>
        <channel source="#Tail2-global-anim-globalSampler" target="Tail2-global/matrix"/>
      </animation>
    </animation>
    <animation id="Tail2-local-anim" name="Tail2-local-anim">
      <animation>
        <source id="Tail2-local-anim-inSource-TIME">
          <float_array count="52" id="Tail2-local-anim-inSource-TIME-array">0.0 0.041666668 0.083333336 0.125 0.16666667 0.20833333 0.25 0.29166666 0.33333334 0.375 0.41666666 0.45833334 0.5 0.5416667 0.5833333 0.625 0.6666667 0.7083333 0.75 0.7916667 0.8333333 0.875 0.9166667 0.9583333 1.0 1.0416666 1.0833334 1.125 1.1666666 1.2083334 1.25 1.2916666 1.3333334 1.375 1.4166666 1.4583334 1.5 1.5416666 1.5833334 1.625 1.6666666 1.7083334 1.75 1.7916666 1.8333334 1.875 1.9166666 1.9583334 2.0 2.0416667 2.0833333 2.125 </float_array>
          <technique_common>
            <accessor count="52" source="#Tail2-local-anim-inSource-TIME-array">
              <param name="TIME" type="float"/>
            </accessor>
          </technique_common>
        </source>
        <source id="Tail2-local-anim-interpolation">
          <Name_array count="52" id="Tail2-local-anim-interpolation-array">LINEAR LINEAR LINEAR LINEAR LINEAR LINEAR LINEAR LINEAR LINEAR LINEAR LINEAR LINEAR LINEAR LINEAR LINEAR LINEAR LINEAR LINEAR LINEAR LINEAR LINEAR LINEAR LINEAR LINEAR LINEAR LINEAR LINEAR LINEAR LINEAR LINEAR LINEAR LINEAR LINEAR LINEAR LINEAR LINEAR LINEAR LINEAR LINEAR LINEAR LINEAR LINEAR LINEAR LINEAR LINEAR LINEAR LINEAR LINEAR LINEAR LINEAR LINEAR LINEAR </Name_array>
          <technique_common>
            <accessor count="52" source="#Tail2-local-anim-interpolation-array">
              <param type="name"/>
            </accessor>
          </technique_common>
        </source>
        <source id="Tail2-local-anim-outSource-local">
          <float_array count="832" id="Tail2-local-anim-outSource-local-array">1.0 0.0 0.0 0.0 0.0 1.0 0.0 0.0 0.0 0.0 1.0 0.0 0.0 0.0 0.0 1.0 1.0 0.0 0.0 0.0 0.0 1.0 0.0 0.0 0.0 0.0 1.0 0.0 0.0 0.0 0.0 1.0 1.0 0.0 0.0 0.0 0.0 1.0 0.0 0.0 0.0 0.0 1.0 0.0 0.0 0.0 0.0 1.0 1.0 0.0 0.0 0.0 0.0 1.0 0.0 0.0 0.0 0.0 1.0 0.0 0.0 0.0 0.0 1.0 1.0 0.0 0.0 0.0 0.0 1.0 0.0 0.0 0.0 0.0 1.0 0.0 0.0 0.0 0.0 1.0 1.0 0.0 0.0 0.0 0.0 1.0 0.0 0.0 0.0 0.0 1.0 0.0 0.0 0.0 0.0 1.0 1.0 0.0 0.0 0.0 0.0 1.0 0.0 0.0 0.0 0.0 1.0 0.0 0.0 0.0 0.0 1.0 1.0 0.0 0.0 0.0 0.0 1.0 0.0 0.0 0.0 0.0 1.0 0.0 0.0 0.0 0.0 1.0 1.0 0.0 0.0 0.0 0.0 1.0 0.0 0.0 0.0 0.0 1.0 0.0 0.0 0.0 0.0 1.0 1.0 0.0 0.0 0.0 0.0 1.0 0.0 0.0 0.0 0.0 1.0 0.0 0.0 0.0 0.0 1.0 1.0 0.0 0.0 0.0 0.0 1.0 0.0 0.0 0.0 0.0 1.0 0.0 0.0 0.0 0.0 1.0 1.0 0.0 0.0 0.0 0.0 1.0 0.0 0.0 0.0 0.0 1.0 0.0 0.0 0.0 0.0 1.0 1.0 0.0 0.0 0.0 0.0 1.0 0.0 0.0 0.0 0.0 1.0 0.0 0.0 0.0 0.0 1.0 1.0 0.0 0.0 0.0 0.0 1.0 0.0 0.0 0.0 0.0 1.0 0.0 0.0 0.0 0.0 1.0 1.0 0.0 0.0 0.0 0.0 1.0 0.0 0.0 0.0 0.0 1.0 0.0 0.0 0.0 0.0 1.0 1.0 0.0 0.0 0.0 0.0 1.0 0.0 0.0 0.0 0.0 1.0 0.0 0.0 0.0 0.0 1.0 1.0 0.0 0.0 0.0 0.0 1.0 0.0 0.0 0.0 0.0 1.0 0.0 0.0 0.0 0.0 1.0 1.0 0.0 0.0 0.0 0.0 1.0 0.0 0.0 0.0 0.0 1.0 0.0 0.0 0.0 0.0 1.0 1.0 0.0 0.0 0.0 0.0 1.0 0.0 0.0 0.0 0.0 1.0 0.0 0.0 0.0 0.0 1.0 1.0 0.0 0.0 0.0 0.0 1.0 0.0 0.0 0.0 0.0 1.0 0.0 0.0 0.0 0.0 1.0 1.0 0.0 0.0 0.0 0.0 1.0 0.0 0.0 0.0 0.0 1.0 0.0 0.0 0.0 0.0 1.0 1.0 0.0 0.0 0.0 0.0 1.0 0.0 0.0 0.0 0.0 1.0 0.0 0.0 0.0 0.0 1.0 1.0 0.0 0.0 0.0 0.0 1.0 0.0 0.0 0.0 0.0 1.0 0.0 0.0 0.0 0.0 1.0 1.0 0.0 0.0 0.0 0.0 1.0 0.0 0.0 0.0 0.0 1.0 0.0 0.0 0.0 0.0 1.0 1.0 0.0 0.0 0.0 0.0 1.0 0.0 0.0 0.0 0.0 1.0 0.0 0.0 0.0 0.0 1.0 1.0 0.0 0.0 0.0 0.0 1.0 0.0 0.0 0.0 0.0 1.0 0.0 0.0 0.0 0.0 1.0 1.0 0.0 0.0 0.0 0.0 1.0 0.0 0.0 0.0 0.0 1.0 0.0 0.0 0.0 0.0 1.0 1.0 0.0 0.0 0.0 0.0 1.0 0.0 0.0 0.0 0.0 1.0 0.0 0.0 0.0 0.0 1.0 1.0 0.0 0.0 0.0 0.0 1.0 0.0 0.0 0.0 0.0 1.0 0.0 0.0 0.0 0.0 1.0 1.0 0.0 0.0 0.0 0.0 1.0 0.0 0.0 0.0 0.0 1.0 0.0 0.0 0.0 0.0 1.0 1.0 0.0 0.0 0.0 0.0 1.0 0.0 0.0 0.0 0.0 1.0 0.0 0.0 0.0 0.0 1.0 1.0 0.0 0.0 0.0 0.0 1.0 0.0 0.0 0.0 0.0 1.0 0.0 0.0 0.0 0.0 1.0 1.0 0.0 0.0 0.0 0.0 1.0 0.0 0.0 0.0 0.0 1.0 0.0 0.0 0.0 0.0 1.0 1.0 0.0 0.0 0.0 0.0 1.0 0.0 0.0 0.0 0.0 1.0 0.0 0.0 0.0 0.0 1.0 1.0 0.0 0.0 0.0 0.0 1.0 0.0 0.0 0.0 0.0 1.0 0.0 0.0 0.0 0.0 1.0 1.0 0.0 0.0 0.0 0.0 1.0 0.0 0.0 0.0 0.0 1.0 0.0 0.0 0.0 0.0 1.0 1.0 0.0 0.0 0.0 0.0 1.0 0.0 0.0 0.0 0.0 1.0 0.0 0.0 0.0 0.0 1.0 1.0 0.0 0.0 0.0 0.0 1.0 0.0 0.0 0.0 0.0 1.0 0.0 0.0 0.0 0.0 1.0 1.0 0.0 0.0 0.0 0.0 1.0 0.0 0.0 0.0 0.0 1.0 0.0 0.0 0.0 0.0 1.0 1.0 0.0 0.0 0.0 0.0 1.0 0.0 0.0 0.0 0.0 1.0 0.0 0.0 0.0 0.0 1.0 1.0 0.0 0.0 0.0 0.0 1.0 0.0 0.0 0.0 0.0 1.0 0.0 0.0 0.0 0.0 1.0 1.0 0.0 0.0 0.0 0.0 1.0 0.0 0.0 0.0 0.0 1.0 0.0 0.0 0.0 0.0 1.0 1.0 0.0 0.0 0.0 0.0 1.0 0.0 0.0 0.0 0.0 1.0 0.0 0.0 0.0 0.0 1.0 1.0 0.0 0.0 0.0 0.0 1.0 0.0 0.0 0.0 0.0 1.0 0.0 0.0 0.0 0.0 1.0 1.0 0.0 0.0 0.0 0.0 1.0 0.0 0.0 0.0 0.0 1.0 0.0 0.0 0.0 0.0 1.0 1.0 0.0 0.0 0.0 0.0 1.0 0.0 0.0 0.0 0.0 1.0 0.0 0.0 0.0 0.0 1.0 1.0 0.0 0.0 0.0 0.0 1.0 0.0 0.0 0.0 0.0 1.0 0.0 0.0 0.0 0.0 1.0 1.0 0.0 0.0 0.0 0.0 1.0 0.0 0.0 0.0 0.0 1.0 0.0 0.0 0.0 0.0 1.0 1.0 0.0 0.0 0.0 0.0 1.0 0.0 0.0 0.0 0.0 1.0 0.0 0.0 0.0 0.0 1.0 1.0 0.0 0.0 0.0 0.0 1.0 0.0 0.0 0.0 0.0 1.0 0.0 0.0 0.0 0.0 1.0 1.0 0.0 0.0 0.0 0.0 1.0 0.0 0.0 0.0 0.0 1.0 0.0 0.0 0.0 0.0 1.0 1.0 0.0 0.0 0.0 0.0 1.0 0.0 0.0 0.0 0.0 1.0 0.0 0.0 0.0 0.0 1.0 </float_array>
          <technique_common>
            <accessor count="52" source="#Tail2-local-anim-outSource-local-array" stride="16">
              <param type="float4x4"/>
            </accessor>
          </technique_common>
        </source>
        <sampler id="Tail2-local-anim-localSampler">
          <input semantic="INPUT" source="#Tail2-local-anim-inSource-TIME"/>
          <input semantic="OUTPUT" source="#Tail2-local-anim-outSource-local"/>
          <input semantic="INTERPOLATION" source="#Tail2-local-anim-interpolation"/>
        </sampler>
        <channel source="#Tail2-local-anim-localSampler" target="Tail2-local/matrix"/>
      </animation>
    </animation>
    <animation id="Left_Claw-global-anim" name="Left_Claw-global-anim">
      <animation>
        <source id="Left_Claw-global-anim-inSource-TIME">
          <float_array count="52" id="Left_Claw-global-anim-inSource-TIME-array">0.0 0.041666668 0.083333336 0.125 0.16666667 0.20833333 0.25 0.29166666 0.33333334 0.375 0.41666666 0.45833334 0.5 0.5416667 0.5833333 0.625 0.6666667 0.7083333 0.75 0.7916667 0.8333333 0.875 0.9166667 0.9583333 1.0 1.0416666 1.0833334 1.125 1.1666666 1.2083334 1.25 1.2916666 1.3333334 1.375 1.4166666 1.4583334 1.5 1.5416666 1.5833334 1.625 1.6666666 1.7083334 1.75 1.7916666 1.8333334 1.875 1.9166666 1.9583334 2.0 2.0416667 2.0833333 2.125 </float_array>
          <technique_common>
            <accessor count="52" source="#Left_Claw-global-anim-inSource-TIME-array">
              <param name="TIME" type="float"/>
            </accessor>
          </technique_common>
        </source>
        <source id="Left_Claw-global-anim-interpolation">
          <Name_array count="52" id="Left_Claw-global-anim-interpolation-array">LINEAR LINEAR LINEAR LINEAR LINEAR LINEAR LINEAR LINEAR LINEAR LINEAR LINEAR LINEAR LINEAR LINEAR LINEAR LINEAR LINEAR LINEAR LINEAR LINEAR LINEAR LINEAR LINEAR LINEAR LINEAR LINEAR LINEAR LINEAR LINEAR LINEAR LINEAR LINEAR LINEAR LINEAR LINEAR LINEAR LINEAR LINEAR LINEAR LINEAR LINEAR LINEAR LINEAR LINEAR LINEAR LINEAR LINEAR LINEAR LINEAR LINEAR LINEAR LINEAR </Name_array>
          <technique_common>
            <accessor count="52" source="#Left_Claw-global-anim-interpolation-array">
              <param type="name"/>
            </accessor>
          </technique_common>
        </source>
        <source id="Left_Claw-global-anim-outSource-global">
          <float_array count="832" id="Left_Claw-global-anim-outSource-global-array">1.0 0.0 0.0 -2.0 0.0 0.258819 -0.9659258 -4.5 0.0 0.9659258 0.258819 -0.5 0.0 0.0 0.0 1.0 1.0 0.0 0.0 -2.0 0.0 0.258819 -0.9659258 -4.5 0.0 0.9659258 0.258819 -0.5 0.0 0.0 0.0 1.0 1.0 0.0 0.0 -2.0 0.0 0.258819 -0.9659258 -4.5 0.0 0.9659258 0.258819 -0.5 0.0 0.0 0.0 1.0 1.0 0.0 0.0 -2.0 0.0 0.258819 -0.9659258 -4.5 0.0 0.9659258 0.258819 -0.5 0.0 0.0 0.0 1.0 1.0000001 0.0 0.0 -2.0 0.0 0.25881913 -0.9659259 -4.5 0.0 0.9659259 0.25881913 -0.5 0.0 0.0 0.0 1.0 1.0 0.0 0.0 -2.0 0.0 0.258819 -0.9659258 -4.5 0.0 0.9659258 0.258819 -0.5 0.0 0.0 0.0 1.0 1.0 0.0 0.0 -2.0 0.0 0.258819 -0.9659258 -4.5 0.0 0.9659258 0.258819 -0.5 0.0 0.0 0.0 1.0 1.0 0.0 0.0 -2.0 0.0 0.258819 -0.9659258 -4.5 0.0 0.9659258 0.258819 -0.5 0.0 0.0 0.0 1.0 1.0 0.0 0.0 -2.0 0.0 0.258819 -0.9659258 -4.5 0.0 0.9659258 0.258819 -0.5 0.0 0.0 0.0 1.0 1.0 0.0 0.0 -2.0 0.0 0.258819 -0.9659258 -4.5 0.0 0.9659258 0.258819 -0.5 0.0 0.0 0.0 1.0 1.0 0.0 0.0 -2.0 0.0 0.258819 -0.9659258 -4.5 0.0 0.9659258 0.258819 -0.5 0.0 0.0 0.0 1.0 1.0 0.0 0.0 -2.0 0.0 0.258819 -0.9659258 -4.5 0.0 0.9659258 0.258819 -0.5 0.0 0.0 0.0 1.0 1.0 0.0 0.0 -2.0 0.0 0.258819 -0.9659258 -4.5 0.0 0.9659258 0.258819 -0.5 0.0 0.0 0.0 1.0 1.0 0.0 0.0 -2.0 0.0 0.258819 -0.9659258 -4.5 0.0 0.9659258 0.258819 -0.5 0.0 0.0 0.0 1.0 1.0 0.0 0.0 -2.0 0.0 0.258819 -0.9659258 -4.5 0.0 0.9659258 0.258819 -0.5 0.0 0.0 0.0 1.0 1.0 0.0 0.0 -2.0 0.0 0.258819 -0.9659258 -4.5 0.0 0.9659258 0.258819 -0.5 0.0 0.0 0.0 1.0 0.9999918 2.5304477E-4 -0.004100793 -2.0 -0.0039979788 0.28997168 -0.9570271 -4.5 9.4694307E-4 0.9570354 0.28997025 -0.5 0.0 0.0 0.0 1.0 0.9998654 0.0018065851 -0.016323235 -2.0 -0.015778005 0.3814647 -0.924249 -4.5 0.0045570014 0.9243819 0.38144174 -0.5 0.0 0.0 0.0 1.0 0.99932116 0.0070023118 -0.03616824 -2.0 -0.034449924 0.5254769 -0.8501102 -4.5 0.013052837 0.85077906 0.5253614 -0.5 0.0 0.0 0.0 1.0 0.99788785 0.019489193 -0.061968435 -2.0 -0.057749942 0.7029697 -0.7088714 -4.5 0.029746596 0.7109528 0.7026104 -0.5 0.0 0.0 0.0 1.0 0.9951981 0.041925624 -0.08845037 -2.0 -0.080029234 0.8688141 -0.48862854 -4.5 0.05636086 0.49336067 0.8679972 -0.5 0.0 0.0 0.0 1.0 0.9923376 0.06525251 -0.10492152 -2.0 -0.09229219 0.95604765 -0.2783079 -4.5 0.08214967 0.2858588 0.95474416 -0.5 0.0 0.0 0.0 1.0 0.9900245 0.08388579 -0.11320207 -2.0 -0.09728235 0.98817307 -0.118533455 -4.5 0.10191997 0.12836358 0.9864761 -0.5 0.0 0.0 0.0 1.0 0.9885578 0.095619835 -0.1166631 -2.0 -0.098696835 0.99489856 -0.020876354 -4.5 0.11407176 0.032151762 0.9929521 -0.5 0.0 0.0 0.0 1.0 0.988059 0.09959877 -0.11755737 -2.0 -0.09890122 0.9950278 0.011767078 -4.5 0.11814482 -4.656613E-10 0.99299645 -0.5 0.0 0.0 0.0 1.0 0.98805904 0.09982426 -0.117365964 -2.0 -0.09890122 0.9950034 0.013677098 -4.5 0.11814482 -0.0019061426 0.9929947 -0.5 0.0 0.0 0.0 1.0 0.98805904 0.10049852 -0.116789125 -2.0 -0.098901235 0.9949081 0.019407127 -4.5 0.11814482 -0.007624798 0.99296725 -0.5 0.0 0.0 0.0 1.0 0.988059 0.101614945 -0.115819044 -2.0 -0.09890122 0.994676 0.028956447 -4.5 0.11814482 -0.017156031 0.9928483 -0.5 0.0 0.0 0.0 1.0 0.98805887 0.103162296 -0.11444292 -2.0 -0.098901205 0.9941969 0.04232175 -4.5 0.1181448 -0.03049784 0.9925279 -0.5 0.0 0.0 0.0 1.0 0.988059 0.10469105 -0.11304614 -2.0 -0.09890122 0.9935384 0.055679414 -4.5 0.11814481 -0.04383414 0.9920285 -0.5 0.0 0.0 0.0 1.0 0.98805904 0.10577137 -0.112036005 -2.0 -0.09890122 0.9929582 0.06521392 -4.5 0.118144825 -0.053354695 0.99156207 -0.5 0.0 0.0 0.0 1.0 0.9880589 0.10641484 -0.111425005 -2.0 -0.09890123 0.99256605 0.07093131 -4.5 0.11814482 -0.059064243 0.99123824 -0.5 0.0 0.0 0.0 1.0 0.9880589 0.10662853 -0.11122052 -2.0 -0.09890122 0.99242806 0.072836496 -4.5 0.11814481 -0.0609669 0.9911231 -0.5 0.0 0.0 0.0 1.0 0.98805904 0.09635588 -0.120229766 -2.0 -0.098901235 0.99497867 -0.01537232 -4.5 0.118144825 0.027079627 0.9926272 -0.5 0.0 0.0 0.0 1.0 0.988059 0.08532545 -0.12829347 -2.0 -0.09890123 0.9897044 -0.10346025 -4.5 0.1181448 0.114913195 0.98632497 -0.5 0.0 0.0 0.0 1.0 0.988059 0.073624015 -0.13534828 -2.0 -0.09890123 0.9766469 -0.19073454 -4.5 0.11814482 0.20184305 0.97226614 -0.5 0.0 0.0 0.0 1.0 0.9932582 0.047563333 -0.1057171 -1.9913247 -0.077748686 0.9497577 -0.30317587 -4.1519566 0.08598556 0.30935127 0.94705254 -0.50038564 0.0 0.0 0.0 1.0 0.99700725 0.024971243 -0.07316347 -1.9826494 -0.05295482 0.9100965 -0.41099876 -3.803913 0.056322675 0.41364312 0.9086952 -0.5007713 0.0 0.0 0.0 1.0 0.99925286 0.0061711175 -0.03815334 -1.9739741 -0.02487452 0.85823137 -0.5126599 -3.4558697 0.029580709 0.5132259 0.8577436 -0.5011569 0.0 0.0 0.0 1.0 0.9993078 0.006591169 -0.03661225 -1.9750152 -0.02343287 0.8759143 -0.48189747 -3.497635 0.028892921 0.48242182 0.8754624 -0.5011107 0.0 0.0 0.0 1.0 0.99946237 0.007519378 -0.0319128 -1.9781382 -0.019266902 0.9222524 -0.38610774 -3.6229305 0.026528368 0.38651502 0.92190146 -0.5009718 0.0 0.0 0.0 1.0 0.99968183 0.007940676 -0.023945784 -1.9833435 -0.0129565075 0.97603184 -0.21724205 -3.8317566 0.0216468 0.21748315 0.9758241 -0.5007404 0.0 0.0 0.0 1.0 0.99989766 0.006159171 -0.012931508 -1.9906306 -0.005775619 0.9995486 0.029490978 -4.124113 0.013107308 -0.029413264 0.9994816 -0.5004165 0.0 0.0 0.0 1.0 1.0 0.0 0.0 -2.0 0.0 0.9396925 0.3420203 -4.5 0.0 -0.3420203 0.9396925 -0.5 0.0 0.0 0.0 1.0 1.0 0.0 0.0 -2.0 0.0 0.9433675 0.3317497 -4.5 0.0 -0.3317497 0.9433675 -0.5 0.0 0.0 0.0 1.0 1.0000001 0.0 0.0 -2.0 0.0 0.953717 0.30070597 -4.5 0.0 -0.30070597 0.953717 -0.5 0.0 0.0 0.0 1.0 1.0000001 0.0 0.0 -2.0 0.0 0.9686917 0.24826737 -4.5 0.0 -0.24826737 0.9686917 -0.5 0.0 0.0 0.0 1.0 1.0 0.0 0.0 -2.0 0.0 0.9848078 0.17364825 -4.5 0.0 -0.17364825 0.9848078 -0.5 0.0 0.0 0.0 1.0 1.0000001 0.0 0.0 -2.0 0.0 0.99518484 0.09801713 -4.5 0.0 -0.09801713 0.99518484 -0.5 0.0 0.0 0.0 1.0 1.0000002 0.0 0.0 -2.0 0.0 0.9990484 0.043619346 -4.5 0.0 -0.043619346 0.9990484 -0.5 0.0 0.0 0.0 1.0 1.0000002 0.0 0.0 -2.0 0.0 0.9999407 0.010908007 -4.5 0.0 -0.010908007 0.9999407 -0.5 0.0 0.0 0.0 1.0 1.0 0.0 0.0 -2.0 0.0 1.0 -5.9604645E-8 -4.5 0.0 5.9604645E-8 1.0 -0.5 0.0 0.0 0.0 1.0 </float_array>
          <technique_common>
            <accessor count="52" source="#Left_Claw-global-anim-outSource-global-array" stride="16">
              <param type="float4x4"/>
            </accessor>
          </technique_common>
        </source>
        <sampler id="Left_Claw-global-anim-globalSampler">
          <input semantic="INPUT" source="#Left_Claw-global-anim-inSource-TIME"/>
          <input semantic="OUTPUT" source="#Left_Claw-global-anim-outSource-global"/>
          <input semantic="INTERPOLATION" source="#Left_Claw-global-anim-interpolation"/>
        </sampler>
        <channel source="#Left_Claw-global-anim-globalSampler" target="Left_Claw-global/matrix"/>
      </animation>
    </animation>
    <animation id="Left_Claw-local-anim" name="Left_Claw-local-anim">
      <animation>
        <source id="Left_Claw-local-anim-inSource-TIME">
          <float_array count="52" id="Left_Claw-local-anim-inSource-TIME-array">0.0 0.041666668 0.083333336 0.125 0.16666667 0.20833333 0.25 0.29166666 0.33333334 0.375 0.41666666 0.45833334 0.5 0.5416667 0.5833333 0.625 0.6666667 0.7083333 0.75 0.7916667 0.8333333 0.875 0.9166667 0.9583333 1.0 1.0416666 1.0833334 1.125 1.1666666 1.2083334 1.25 1.2916666 1.3333334 1.375 1.4166666 1.4583334 1.5 1.5416666 1.5833334 1.625 1.6666666 1.7083334 1.75 1.7916666 1.8333334 1.875 1.9166666 1.9583334 2.0 2.0416667 2.0833333 2.125 </float_array>
          <technique_common>
            <accessor count="52" source="#Left_Claw-local-anim-inSource-TIME-array">
              <param name="TIME" type="float"/>
            </accessor>
          </technique_common>
        </source>
        <source id="Left_Claw-local-anim-interpolation">
          <Name_array count="52" id="Left_Claw-local-anim-interpolation-array">LINEAR LINEAR LINEAR LINEAR LINEAR LINEAR LINEAR LINEAR LINEAR LINEAR LINEAR LINEAR LINEAR LINEAR LINEAR LINEAR LINEAR LINEAR LINEAR LINEAR LINEAR LINEAR LINEAR LINEAR LINEAR LINEAR LINEAR LINEAR LINEAR LINEAR LINEAR LINEAR LINEAR LINEAR LINEAR LINEAR LINEAR LINEAR LINEAR LINEAR LINEAR LINEAR LINEAR LINEAR LINEAR LINEAR LINEAR LINEAR LINEAR LINEAR LINEAR LINEAR </Name_array>
          <technique_common>
            <accessor count="52" source="#Left_Claw-local-anim-interpolation-array">
              <param type="name"/>
            </accessor>
          </technique_common>
        </source>
        <source id="Left_Claw-local-anim-outSource-local">
          <float_array count="832" id="Left_Claw-local-anim-outSource-local-array">1.0 0.0 0.0 0.0 0.0 1.0 0.0 -1.9999999 0.0 0.0 1.0 1.5 0.0 0.0 0.0 1.0 1.0 0.0 0.0 0.0 0.0 1.0 0.0 -1.9999999 0.0 0.0 1.0 1.5 0.0 0.0 0.0 1.0 1.0 0.0 0.0 0.0 0.0 1.0 0.0 -1.9999999 0.0 0.0 1.0 1.5 0.0 0.0 0.0 1.0 1.0 0.0 0.0 0.0 0.0 1.0 0.0 -1.9999999 0.0 0.0 1.0 1.5 0.0 0.0 0.0 1.0 1.0 0.0 0.0 0.0 0.0 1.0 0.0 -1.9999999 0.0 0.0 1.0 1.5 0.0 0.0 0.0 1.0 1.0 0.0 0.0 0.0 0.0 1.0 0.0 -1.9999999 0.0 0.0 1.0 1.5 0.0 0.0 0.0 1.0 1.0 0.0 0.0 0.0 0.0 1.0 0.0 -1.9999999 0.0 0.0 1.0 1.5 0.0 0.0 0.0 1.0 1.0 0.0 0.0 0.0 0.0 1.0 0.0 -1.9999999 0.0 0.0 1.0 1.5 0.0 0.0 0.0 1.0 1.0 0.0 0.0 0.0 0.0 1.0 0.0 -1.9999999 0.0 0.0 1.0 1.5 0.0 0.0 0.0 1.0 1.0 0.0 0.0 0.0 0.0 1.0 0.0 -1.9999999 0.0 0.0 1.0 1.5 0.0 0.0 0.0 1.0 1.0 0.0 0.0 0.0 0.0 1.0 0.0 -1.9999999 0.0 0.0 1.0 1.5 0.0 0.0 0.0 1.0 1.0 0.0 0.0 0.0 0.0 1.0 0.0 -1.9999999 0.0 0.0 1.0 1.5 0.0 0.0 0.0 1.0 1.0 0.0 0.0 0.0 0.0 1.0 0.0 -1.9999999 0.0 0.0 1.0 1.5 0.0 0.0 0.0 1.0 1.0 0.0 0.0 0.0 0.0 1.0 0.0 -1.9999999 0.0 0.0 1.0 1.5 0.0 0.0 0.0 1.0 1.0 0.0 0.0 0.0 0.0 1.0 0.0 -1.9999999 0.0 0.0 1.0 1.5 0.0 0.0 0.0 1.0 1.0 0.0 0.0 0.0 0.0 1.0 0.0 -1.9999999 0.0 0.0 1.0 1.5 0.0 0.0 0.0 1.0 1.0 0.0 0.0 0.0 0.0 1.0 0.0 -1.9999999 0.0 0.0 1.0 1.5 0.0 0.0 0.0 1.0 1.0 0.0 0.0 0.0 0.0 1.0 0.0 -1.9999999 0.0 0.0 1.0 1.5 0.0 0.0 0.0 1.0 1.0 0.0 0.0 0.0 0.0 1.0 0.0 -1.9999999 0.0 0.0 1.0 1.5 0.0 0.0 0.0 1.0 1.0 0.0 0.0 0.0 0.0 1.0 0.0 -1.9999999 0.0 0.0 1.0 1.5 0.0 0.0 0.0 1.0 1.0 0.0 0.0 0.0 0.0 1.0 0.0 -1.9999999 0.0 0.0 1.0 1.5 0.0 0.0 0.0 1.0 1.0 0.0 0.0 0.0 0.0 1.0 0.0 -1.9999999 0.0 0.0 1.0 1.5 0.0 0.0 0.0 1.0 1.0 0.0 0.0 0.0 0.0 1.0 0.0 -1.9999999 0.0 0.0 1.0 1.5 0.0 0.0 0.0 1.0 1.0 0.0 0.0 0.0 0.0 1.0 0.0 -1.9999999 0.0 0.0 1.0 1.5 0.0 0.0 0.0 1.0 1.0 0.0 0.0 0.0 0.0 1.0 0.0 -1.9999999 0.0 0.0 1.0 1.5 0.0 0.0 0.0 1.0 1.0 0.0 0.0 0.0 0.0 1.0 0.0 -1.9999999 0.0 0.0 1.0 1.5 0.0 0.0 0.0 1.0 1.0 0.0 0.0 0.0 0.0 1.0 0.0 -1.9999999 0.0 0.0 1.0 1.5 0.0 0.0 0.0 1.0 1.0 0.0 0.0 0.0 0.0 1.0 0.0 -1.9999999 0.0 0.0 1.0 1.5 0.0 0.0 0.0 1.0 1.0 0.0 0.0 0.0 0.0 1.0 0.0 -1.9999999 0.0 0.0 1.0 1.5 0.0 0.0 0.0 1.0 1.0 0.0 0.0 0.0 0.0 1.0 0.0 -1.9999999 0.0 0.0 1.0 1.5 0.0 0.0 0.0 1.0 1.0 0.0 0.0 0.0 0.0 1.0 0.0 -1.9999999 0.0 0.0 1.0 1.5 0.0 0.0 0.0 1.0 1.0 0.0 0.0 0.0 0.0 1.0 0.0 -1.9999999 0.0 0.0 1.0 1.5 0.0 0.0 0.0 1.0 1.0 0.0 0.0 0.0 0.0 1.0 0.0 -1.9999999 0.0 0.0 1.0 1.5 0.0 0.0 0.0 1.0 1.0 0.0 0.0 0.0 0.0 1.0 0.0 -1.9999999 0.0 0.0 1.0 1.5 0.0 0.0 0.0 1.0 1.0 0.0 0.0 0.0 0.0 1.0 0.0 -1.9999999 0.0 0.0 1.0 1.5 0.0 0.0 0.0 1.0 1.0 0.0 0.0 0.0 0.0 1.0 0.0 -1.9999999 0.0 0.0 1.0 1.5 0.0 0.0 0.0 1.0 1.0 0.0 0.0 0.0 0.0 1.0 0.0 -1.9999999 0.0 0.0 1.0 1.5 0.0 0.0 0.0 1.0 1.0 0.0 0.0 0.0 0.0 1.0 0.0 -1.9999999 0.0 0.0 1.0 1.5 0.0 0.0 0.0 1.0 1.0 0.0 0.0 0.0 0.0 1.0 0.0 -1.9999999 0.0 0.0 1.0 1.5 0.0 0.0 0.0 1.0 1.0 0.0 0.0 0.0 0.0 1.0 0.0 -1.9999999 0.0 0.0 1.0 1.5 0.0 0.0 0.0 1.0 1.0 0.0 0.0 0.0 0.0 1.0 0.0 -1.9999999 0.0 0.0 1.0 1.5 0.0 0.0 0.0 1.0 1.0 0.0 0.0 0.0 0.0 1.0 0.0 -1.9999999 0.0 0.0 1.0 1.5 0.0 0.0 0.0 1.0 1.0 0.0 0.0 0.0 0.0 1.0 0.0 -1.9999999 0.0 0.0 1.0 1.5 0.0 0.0 0.0 1.0 1.0 0.0 0.0 0.0 0.0 1.0 0.0 -1.9999999 0.0 0.0 1.0 1.5 0.0 0.0 0.0 1.0 1.0 0.0 0.0 0.0 0.0 1.0 0.0 -1.9999999 0.0 0.0 1.0 1.5 0.0 0.0 0.0 1.0 1.0 0.0 0.0 0.0 0.0 1.0 0.0 -1.9999999 0.0 0.0 1.0 1.5 0.0 0.0 0.0 1.0 1.0 0.0 0.0 0.0 0.0 1.0 0.0 -1.9999999 0.0 0.0 1.0 1.5 0.0 0.0 0.0 1.0 1.0 0.0 0.0 0.0 0.0 1.0 0.0 -1.9999999 0.0 0.0 1.0 1.5 0.0 0.0 0.0 1.0 1.0 0.0 0.0 0.0 0.0 1.0 0.0 -1.9999999 0.0 0.0 1.0 1.5 0.0 0.0 0.0 1.0 1.0 0.0 0.0 0.0 0.0 1.0 0.0 -1.9999999 0.0 0.0 1.0 1.5 0.0 0.0 0.0 1.0 1.0 0.0 0.0 0.0 0.0 1.0 0.0 -1.9999999 0.0 0.0 1.0 1.5 0.0 0.0 0.0 1.0 1.0 0.0 0.0 0.0 0.0 1.0 0.0 -1.9999999 0.0 0.0 1.0 1.5 0.0 0.0 0.0 1.0 </float_array>
          <technique_common>
            <accessor count="52" source="#Left_Claw-local-anim-outSource-local-array" stride="16">
              <param type="float4x4"/>
            </accessor>
          </technique_common>
        </source>
        <sampler id="Left_Claw-local-anim-localSampler">
          <input semantic="INPUT" source="#Left_Claw-local-anim-inSource-TIME"/>
          <input semantic="OUTPUT" source="#Left_Claw-local-anim-outSource-local"/>
          <input semantic="INTERPOLATION" source="#Left_Claw-local-anim-interpolation"/>
        </sampler>
        <channel source="#Left_Claw-local-anim-localSampler" target="Left_Claw-local/matrix"/>
      </animation>
    </animation>
  </library_animations>
  <library_visual_scenes>
    <visual_scene id="DefaultScene">
      <node id="World-global" name="World-global" sid="World-global">
        <matrix sid="matrix">1.0 0.0 -8.742278E-8 0.0 0.0 1.0 0.0 0.0 -8.742278E-8 0.0 -1.0 0.0 0.0 0.0 0.0 1.0 </matrix>
        <node id="Controller-global" name="Controller-global" sid="Controller-global">
          <matrix sid="matrix">1.0 0.0 0.0 0.0 0.0 1.0 0.0 9.0 0.0 0.0 1.0 0.0 0.0 0.0 0.0 1.0 </matrix>
          <node id="Body-global" name="Body-global" sid="Body-global">
            <matrix sid="matrix">1.0 0.0 0.0 0.0 0.0 1.0 0.0 0.0 0.0 0.0 1.0 0.0 0.0 0.0 0.0 1.0 </matrix>
            <node id="Body-local" name="Body-local" sid="Body-local">
              <matrix sid="matrix">1.0 0.0 0.0 -0.5000001 0.0 1.0 0.0 -0.50000024 0.0 0.0 1.0 -0.49999952 0.0 0.0 0.0 1.0 </matrix>
              <instance_geometry url="#Body-Geom">
                <bind_material>
                  <technique_common>
                    <instance_material symbol="Body-Material" target="#Body-Material">
                      <bind_vertex_input input_semantic="TEXCOORD" input_set="0" semantic="Body-tex-bind"/>
                    </instance_material>
                  </technique_common>
                </bind_material>
              </instance_geometry>
            </node>
            <node id="Neck-global" name="Neck-global" sid="Neck-global">
              <matrix sid="matrix">1.0000001 0.0 0.0 -0.5 0.0 0.0 -1.0000001 3.5762787E-7 0.0 1.0000001 0.0 3.0 0.0 0.0 0.0 1.0 </matrix>
              <node id="Neck-local" name="Neck-local" sid="Neck-local">
                <matrix sid="matrix">1.0 0.0 0.0 -0.014010668 0.0 1.0 0.0 3.9999998 0.0 0.0 1.0 1.7881393E-7 0.0 0.0 0.0 1.0 </matrix>
                <instance_geometry url="#Neck-Geom">
                  <bind_material>
                    <technique_common>
                      <instance_material symbol="Neck-Material" target="#Neck-Material">
                        <bind_vertex_input input_semantic="TEXCOORD" input_set="0" semantic="Neck-tex-bind"/>
                      </instance_material>
                    </technique_common>
                  </bind_material>
                </instance_geometry>
              </node>
              <node id="Head-global" name="Head-global" sid="Head-global">
                <matrix sid="matrix">1.0000001 0.0 0.0 0.0 0.0 -2.682209E-7 1.0 7.9999995 0.0 -1.0 -2.682209E-7 0.99999857 0.0 0.0 0.0 1.0 </matrix>
                <node id="Head-local" name="Head-local" sid="Head-local">
                  <matrix sid="matrix">1.0 0.0 0.0 0.0 0.0 1.0 0.0 0.49999997 0.0 0.0 1.0 5.5 0.0 0.0 0.0 1.0 </matrix>
                  <instance_geometry url="#Head-Geom">
                    <bind_material>
                      <technique_common>
                        <instance_material symbol="Head-Material" target="#Head-Material">
                          <bind_vertex_input input_semantic="TEXCOORD" input_set="0" semantic="Head-tex-bind"/>
                        </instance_material>
                      </technique_common>
                    </bind_material>
                  </instance_geometry>
                </node>
              </node>
            </node>
            <node id="Right_Wing1-global" name="Right_Wing1-global" sid="Right_Wing1-global">
              <matrix sid="matrix">1.0 0.0 0.0 1.5 0.0 1.0 0.0 0.9597521 0.0 0.0 1.0 2.0 0.0 0.0 0.0 1.0 </matrix>
              <node id="Right_Wing1-local" name="Right_Wing1-local" sid="Right_Wing1-local">
                <matrix sid="matrix">1.0 0.0 0.0 3.5 0.0 1.0 0.0 1.0 0.0 0.0 1.0 -2.5 0.0 0.0 0.0 1.0 </matrix>
                <instance_geometry url="#Right_Wing1-Geom">
                  <bind_material>
                    <technique_common>
                      <instance_material symbol="Right_Wing1-Material" target="#Right_Wing1-Material">
                        <bind_vertex_input input_semantic="TEXCOORD" input_set="0" semantic="Right_Wing1-tex-bind"/>
                      </instance_material>
                    </technique_common>
                  </bind_material>
                </instance_geometry>
              </node>
              <node id="Right_Wing2-global" name="Right_Wing2-global" sid="Right_Wing2-global">
                <matrix sid="matrix">1.0 0.0 0.0 8.0 0.0 1.0 0.0 0.99999905 0.0 0.0 1.0 0.99999976 0.0 0.0 0.0 1.0 </matrix>
                <node id="Right_Wing2-local" name="Right_Wing2-local" sid="Right_Wing2-local">
                  <matrix sid="matrix">1.0 0.0 0.0 5.5 0.0 1.0 0.0 0.0 0.0 0.0 1.0 -3.0 0.0 0.0 0.0 1.0 </matrix>
                  <instance_geometry url="#Right_Wing2-Geom">
                    <bind_material>
                      <technique_common>
                        <instance_material symbol="Right_Wing2-Material" target="#Right_Wing2-Material">
                          <bind_vertex_input input_semantic="TEXCOORD" input_set="0" semantic="Right_Wing2-tex-bind"/>
                        </instance_material>
                      </technique_common>
                    </bind_material>
                  </instance_geometry>
                </node>
              </node>
            </node>
            <node id="Left_Wing1-global" name="Left_Wing1-global" sid="Left_Wing1-global">
              <matrix sid="matrix">1.0 0.0 0.0 -2.5 0.0 1.0 0.0 1.3467846 0.0 0.0 1.0 2.0 0.0 0.0 0.0 1.0 </matrix>
              <node id="Left_Wing1-local" name="Left_Wing1-local" sid="Left_Wing1-local">
                <matrix sid="matrix">1.0 0.0 0.0 -3.5 0.0 1.0 0.0 1.0628033 0.0 0.0 1.0 -2.5 0.0 0.0 0.0 1.0 </matrix>
                <instance_geometry url="#Left_Wing1-Geom">
                  <bind_material>
                    <technique_common>
                      <instance_material symbol="Left_Wing1-Material" target="#Left_Wing1-Material">
                        <bind_vertex_input input_semantic="TEXCOORD" input_set="0" semantic="Left_Wing1-tex-bind"/>
                      </instance_material>
                    </technique_common>
                  </bind_material>
                </instance_geometry>
              </node>
              <node id="Left_Wing2-global" name="Left_Wing2-global" sid="Left_Wing2-global">
                <matrix sid="matrix">1.0 0.0 0.0 -8.0 0.0 1.0 0.0 1.0 0.0 0.0 1.0 1.0000002 0.0 0.0 0.0 1.0 </matrix>
                <node id="Left_Wing2-local" name="Left_Wing2-local" sid="Left_Wing2-local">
                  <matrix sid="matrix">1.0 0.0 0.0 -5.5 0.0 1.0 0.0 0.0 0.0 0.0 1.0 -3.0 0.0 0.0 0.0 1.0 </matrix>
                  <instance_geometry url="#Left_Wing2-Geom">
                    <bind_material>
                      <technique_common>
                        <instance_material symbol="Left_Wing2-Material" target="#Left_Wing2-Material">
                          <bind_vertex_input input_semantic="TEXCOORD" input_set="0" semantic="Left_Wing2-tex-bind"/>
                        </instance_material>
                      </technique_common>
                    </bind_material>
                  </instance_geometry>
                </node>
              </node>
            </node>
            <node id="Right_Claw-global" name="Right_Claw-global" sid="Right_Claw-global">
              <matrix sid="matrix">1.0 0.0 0.0 1.0 0.0 0.258819 -0.9659258 -4.5 0.0 0.9659258 0.258819 -0.5 0.0 0.0 0.0 1.0 </matrix>
              <node id="Right_Claw-local" name="Right_Claw-local" sid="Right_Claw-local">
                <matrix sid="matrix">1.0 0.0 0.0 0.0 0.0 1.0 0.0 -1.9999999 0.0 0.0 1.0 1.5 0.0 0.0 0.0 1.0 </matrix>
                <instance_geometry url="#RIght_Claw-Geom">
                  <bind_material>
                    <technique_common>
                      <instance_material symbol="RIght_Claw-Material" target="#RIght_Claw-Material">
                        <bind_vertex_input input_semantic="TEXCOORD" input_set="0" semantic="RIght_Claw-tex-bind"/>
                      </instance_material>
                    </technique_common>
                  </bind_material>
                </instance_geometry>
              </node>
            </node>
            <node id="Tail1-global" name="Tail1-global" sid="Tail1-global">
              <matrix sid="matrix">1.0 0.0 0.0 -0.5 0.0 1.0 0.0 0.0 0.0 0.0 1.0 -5.0 0.0 0.0 0.0 1.0 </matrix>
              <node id="Tail1-local" name="Tail1-local" sid="Tail1-local">
                <matrix sid="matrix">1.0 0.0 0.0 5.9604645E-7 0.0 1.0 0.0 0.0 0.0 0.0 1.0 -3.5 0.0 0.0 0.0 1.0 </matrix>
                <instance_geometry url="#Tail1-Geom">
                  <bind_material>
                    <technique_common>
                      <instance_material symbol="Tail1-Material" target="#Tail1-Material">
                        <bind_vertex_input input_semantic="TEXCOORD" input_set="0" semantic="Tail1-tex-bind"/>
                      </instance_material>
                    </technique_common>
                  </bind_material>
                </instance_geometry>
              </node>
              <node id="Tail2-global" name="Tail2-global" sid="Tail2-global">
                <matrix sid="matrix">1.0 0.0 0.0 0.0 0.0 1.0 0.0 0.0 0.0 0.0 1.0 -6.0 0.0 0.0 0.0 1.0 </matrix>
              </node>
            </node>
            <node id="Left_Claw-global" name="Left_Claw-global" sid="Left_Claw-global">
              <matrix sid="matrix">1.0 0.0 0.0 -2.0 0.0 0.258819 -0.9659258 -4.5 0.0 0.9659258 0.258819 -0.5 0.0 0.0 0.0 1.0 </matrix>
              <node id="Left_Claw-local" name="Left_Claw-local" sid="Left_Claw-local">
                <matrix sid="matrix">1.0 0.0 0.0 0.0 0.0 1.0 0.0 -1.9999999 0.0 0.0 1.0 1.5 0.0 0.0 0.0 1.0 </matrix>
                <instance_geometry url="#Left_Claw-Geom">
                  <bind_material>
                    <technique_common>
                      <instance_material symbol="Left_Claw-Material" target="#Left_Claw-Material">
                        <bind_vertex_input input_semantic="TEXCOORD" input_set="0" semantic="Left_Claw-tex-bind"/>
                      </instance_material>
                    </technique_common>
                  </bind_material>
                </instance_geometry>
              </node>
            </node>
          </node>
        </node>
      </node>
    </visual_scene>
  </library_visual_scenes>
  <scene>
    <instance_visual_scene url="#DefaultScene"/>
  </scene>
</COLLADA>
