<?xml version="1.0" encoding="UTF-8"?>
<COLLADA xmlns="http://www.collada.org/2005/11/COLLADASchema" version="1.4.1">
  <asset>
    <created>2025-03-01T22:10:29Z</created>
    <modified>2025-03-01T22:10:29Z</modified>
    <revision>1.0</revision>
  </asset>
  <library_images>
    <image id="Body-diffuse-tex" name="Body-diffuse-tex">
      <init_from>Toucan Eat_res/Toucan Eat_Body_diffuse.png</init_from>
    </image>
    <image id="Body-emissive-tex" name="Body-emissive-tex">
      <init_from>Toucan Eat_res/Toucan Eat_Body_emissive.png</init_from>
    </image>
    <image id="Neck-diffuse-tex" name="Neck-diffuse-tex">
      <init_from>Toucan Eat_res/Toucan Eat_Neck_diffuse.png</init_from>
    </image>
    <image id="Neck-emissive-tex" name="Neck-emissive-tex">
      <init_from>Toucan Eat_res/Toucan Eat_Neck_emissive.png</init_from>
    </image>
    <image id="Head-diffuse-tex" name="Head-diffuse-tex">
      <init_from>Toucan Eat_res/Toucan Eat_Head_diffuse.png</init_from>
    </image>
    <image id="Head-emissive-tex" name="Head-emissive-tex">
      <init_from>Toucan Eat_res/Toucan Eat_Head_emissive.png</init_from>
    </image>
    <image id="Right_Wing1-diffuse-tex" name="Right_Wing1-diffuse-tex">
      <init_from>Toucan Eat_res/Toucan Eat_Right_Wing1_diffuse.png</init_from>
    </image>
    <image id="Right_Wing1-emissive-tex" name="Right_Wing1-emissive-tex">
      <init_from>Toucan Eat_res/Toucan Eat_Right_Wing1_emissive.png</init_from>
    </image>
    <image id="Right_Wing2-diffuse-tex" name="Right_Wing2-diffuse-tex">
      <init_from>Toucan Eat_res/Toucan Eat_Right_Wing2_diffuse.png</init_from>
    </image>
    <image id="Right_Wing2-emissive-tex" name="Right_Wing2-emissive-tex">
      <init_from>Toucan Eat_res/Toucan Eat_Right_Wing2_emissive.png</init_from>
    </image>
    <image id="Left_Wing1-diffuse-tex" name="Left_Wing1-diffuse-tex">
      <init_from>Toucan Eat_res/Toucan Eat_Left_Wing1_diffuse.png</init_from>
    </image>
    <image id="Left_Wing1-emissive-tex" name="Left_Wing1-emissive-tex">
      <init_from>Toucan Eat_res/Toucan Eat_Left_Wing1_emissive.png</init_from>
    </image>
    <image id="Left_Wing2-diffuse-tex" name="Left_Wing2-diffuse-tex">
      <init_from>Toucan Eat_res/Toucan Eat_Left_Wing2_diffuse.png</init_from>
    </image>
    <image id="Left_Wing2-emissive-tex" name="Left_Wing2-emissive-tex">
      <init_from>Toucan Eat_res/Toucan Eat_Left_Wing2_emissive.png</init_from>
    </image>
    <image id="RIght_Claw-diffuse-tex" name="RIght_Claw-diffuse-tex">
      <init_from>Toucan Eat_res/Toucan Eat_RIght_Claw_diffuse.png</init_from>
    </image>
    <image id="RIght_Claw-emissive-tex" name="RIght_Claw-emissive-tex">
      <init_from>Toucan Eat_res/Toucan Eat_RIght_Claw_emissive.png</init_from>
    </image>
    <image id="Tail1-diffuse-tex" name="Tail1-diffuse-tex">
      <init_from>Toucan Eat_res/Toucan Eat_Tail1_diffuse.png</init_from>
    </image>
    <image id="Tail1-emissive-tex" name="Tail1-emissive-tex">
      <init_from>Toucan Eat_res/Toucan Eat_Tail1_emissive.png</init_from>
    </image>
    <image id="Left_Claw-diffuse-tex" name="Left_Claw-diffuse-tex">
      <init_from>Toucan Eat_res/Toucan Eat_Left_Claw_diffuse.png</init_from>
    </image>
    <image id="Left_Claw-emissive-tex" name="Left_Claw-emissive-tex">
      <init_from>Toucan Eat_res/Toucan Eat_Left_Claw_emissive.png</init_from>
    </image>
  </library_images>
  <library_effects>
    <effect id="Body-Effect">
      <profile_COMMON>
        <newparam sid="Body-diffuse-surface">
          <surface type="2D">
            <init_from>Body-diffuse-tex</init_from>
            <format>A8R8G8B8</format>
          </surface>
        </newparam>
        <newparam sid="Body-emissive-surface">
          <surface type="2D">
            <init_from>Body-emissive-tex</init_from>
            <format>A8R8G8B8</format>
          </surface>
        </newparam>
        <newparam sid="Body-diffuse-sampler">
          <sampler2D>
            <source>Body-diffuse-surface</source>
            <wrap_s>CLAMP</wrap_s>
            <wrap_t>CLAMP</wrap_t>
            <minfilter>NONE</minfilter>
            <magfilter>NONE</magfilter>
            <mipfilter>NONE</mipfilter>
          </sampler2D>
        </newparam>
        <newparam sid="Body-emissive-sampler">
          <sampler2D>
            <source>Body-emissive-surface</source>
            <wrap_s>CLAMP</wrap_s>
            <wrap_t>CLAMP</wrap_t>
            <minfilter>NONE</minfilter>
            <magfilter>NONE</magfilter>
            <mipfilter>NONE</mipfilter>
          </sampler2D>
        </newparam>
        <technique sid="phong1">
          <phong>
            <emission>
              <texture texcoord="Body-tex-bind" texture="Body-emissive-sampler"/>
            </emission>
            <ambient>
              <color>1.0 1.0 1.0 1.0</color>
            </ambient>
            <diffuse>
              <texture texcoord="Body-tex-bind" texture="Body-diffuse-sampler"/>
            </diffuse>
            <specular>
              <color>0.0 0.0 0.0 1.0</color>
            </specular>
            <shininess>
              <float>5.0</float>
            </shininess>
            <reflective>
              <color>1.0 1.0 1.0 1.0</color>
            </reflective>
            <reflectivity>
              <float>0.2</float>
            </reflectivity>
            <transparent>
              <color>1.0 1.0 1.0 1.0</color>
            </transparent>
            <transparency>
              <float>1.0</float>
            </transparency>
          </phong>
        </technique>
      </profile_COMMON>
    </effect>
    <effect id="Neck-Effect">
      <profile_COMMON>
        <newparam sid="Neck-diffuse-surface">
          <surface type="2D">
            <init_from>Neck-diffuse-tex</init_from>
            <format>A8R8G8B8</format>
          </surface>
        </newparam>
        <newparam sid="Neck-emissive-surface">
          <surface type="2D">
            <init_from>Neck-emissive-tex</init_from>
            <format>A8R8G8B8</format>
          </surface>
        </newparam>
        <newparam sid="Neck-diffuse-sampler">
          <sampler2D>
            <source>Neck-diffuse-surface</source>
            <wrap_s>CLAMP</wrap_s>
            <wrap_t>CLAMP</wrap_t>
            <minfilter>NONE</minfilter>
            <magfilter>NONE</magfilter>
            <mipfilter>NONE</mipfilter>
          </sampler2D>
        </newparam>
        <newparam sid="Neck-emissive-sampler">
          <sampler2D>
            <source>Neck-emissive-surface</source>
            <wrap_s>CLAMP</wrap_s>
            <wrap_t>CLAMP</wrap_t>
            <minfilter>NONE</minfilter>
            <magfilter>NONE</magfilter>
            <mipfilter>NONE</mipfilter>
          </sampler2D>
        </newparam>
        <technique sid="phong1">
          <phong>
            <emission>
              <texture texcoord="Neck-tex-bind" texture="Neck-emissive-sampler"/>
            </emission>
            <ambient>
              <color>1.0 1.0 1.0 1.0</color>
            </ambient>
            <diffuse>
              <texture texcoord="Neck-tex-bind" texture="Neck-diffuse-sampler"/>
            </diffuse>
            <specular>
              <color>0.0 0.0 0.0 1.0</color>
            </specular>
            <shininess>
              <float>5.0</float>
            </shininess>
            <reflective>
              <color>1.0 1.0 1.0 1.0</color>
            </reflective>
            <reflectivity>
              <float>0.2</float>
            </reflectivity>
            <transparent>
              <color>1.0 1.0 1.0 1.0</color>
            </transparent>
            <transparency>
              <float>1.0</float>
            </transparency>
          </phong>
        </technique>
      </profile_COMMON>
    </effect>
    <effect id="Head-Effect">
      <profile_COMMON>
        <newparam sid="Head-diffuse-surface">
          <surface type="2D">
            <init_from>Head-diffuse-tex</init_from>
            <format>A8R8G8B8</format>
          </surface>
        </newparam>
        <newparam sid="Head-emissive-surface">
          <surface type="2D">
            <init_from>Head-emissive-tex</init_from>
            <format>A8R8G8B8</format>
          </surface>
        </newparam>
        <newparam sid="Head-diffuse-sampler">
          <sampler2D>
            <source>Head-diffuse-surface</source>
            <wrap_s>CLAMP</wrap_s>
            <wrap_t>CLAMP</wrap_t>
            <minfilter>NONE</minfilter>
            <magfilter>NONE</magfilter>
            <mipfilter>NONE</mipfilter>
          </sampler2D>
        </newparam>
        <newparam sid="Head-emissive-sampler">
          <sampler2D>
            <source>Head-emissive-surface</source>
            <wrap_s>CLAMP</wrap_s>
            <wrap_t>CLAMP</wrap_t>
            <minfilter>NONE</minfilter>
            <magfilter>NONE</magfilter>
            <mipfilter>NONE</mipfilter>
          </sampler2D>
        </newparam>
        <technique sid="phong1">
          <phong>
            <emission>
              <texture texcoord="Head-tex-bind" texture="Head-emissive-sampler"/>
            </emission>
            <ambient>
              <color>1.0 1.0 1.0 1.0</color>
            </ambient>
            <diffuse>
              <texture texcoord="Head-tex-bind" texture="Head-diffuse-sampler"/>
            </diffuse>
            <specular>
              <color>0.0 0.0 0.0 1.0</color>
            </specular>
            <shininess>
              <float>5.0</float>
            </shininess>
            <reflective>
              <color>1.0 1.0 1.0 1.0</color>
            </reflective>
            <reflectivity>
              <float>0.2</float>
            </reflectivity>
            <transparent>
              <color>1.0 1.0 1.0 1.0</color>
            </transparent>
            <transparency>
              <float>1.0</float>
            </transparency>
          </phong>
        </technique>
      </profile_COMMON>
    </effect>
    <effect id="Right_Wing1-Effect">
      <profile_COMMON>
        <newparam sid="Right_Wing1-diffuse-surface">
          <surface type="2D">
            <init_from>Right_Wing1-diffuse-tex</init_from>
            <format>A8R8G8B8</format>
          </surface>
        </newparam>
        <newparam sid="Right_Wing1-emissive-surface">
          <surface type="2D">
            <init_from>Right_Wing1-emissive-tex</init_from>
            <format>A8R8G8B8</format>
          </surface>
        </newparam>
        <newparam sid="Right_Wing1-diffuse-sampler">
          <sampler2D>
            <source>Right_Wing1-diffuse-surface</source>
            <wrap_s>CLAMP</wrap_s>
            <wrap_t>CLAMP</wrap_t>
            <minfilter>NONE</minfilter>
            <magfilter>NONE</magfilter>
            <mipfilter>NONE</mipfilter>
          </sampler2D>
        </newparam>
        <newparam sid="Right_Wing1-emissive-sampler">
          <sampler2D>
            <source>Right_Wing1-emissive-surface</source>
            <wrap_s>CLAMP</wrap_s>
            <wrap_t>CLAMP</wrap_t>
            <minfilter>NONE</minfilter>
            <magfilter>NONE</magfilter>
            <mipfilter>NONE</mipfilter>
          </sampler2D>
        </newparam>
        <technique sid="phong1">
          <phong>
            <emission>
              <texture texcoord="Right_Wing1-tex-bind" texture="Right_Wing1-emissive-sampler"/>
            </emission>
            <ambient>
              <color>1.0 1.0 1.0 1.0</color>
            </ambient>
            <diffuse>
              <texture texcoord="Right_Wing1-tex-bind" texture="Right_Wing1-diffuse-sampler"/>
            </diffuse>
            <specular>
              <color>0.0 0.0 0.0 1.0</color>
            </specular>
            <shininess>
              <float>5.0</float>
            </shininess>
            <reflective>
              <color>1.0 1.0 1.0 1.0</color>
            </reflective>
            <reflectivity>
              <float>0.2</float>
            </reflectivity>
            <transparent>
              <color>1.0 1.0 1.0 1.0</color>
            </transparent>
            <transparency>
              <float>1.0</float>
            </transparency>
          </phong>
        </technique>
      </profile_COMMON>
    </effect>
    <effect id="Right_Wing2-Effect">
      <profile_COMMON>
        <newparam sid="Right_Wing2-diffuse-surface">
          <surface type="2D">
            <init_from>Right_Wing2-diffuse-tex</init_from>
            <format>A8R8G8B8</format>
          </surface>
        </newparam>
        <newparam sid="Right_Wing2-emissive-surface">
          <surface type="2D">
            <init_from>Right_Wing2-emissive-tex</init_from>
            <format>A8R8G8B8</format>
          </surface>
        </newparam>
        <newparam sid="Right_Wing2-diffuse-sampler">
          <sampler2D>
            <source>Right_Wing2-diffuse-surface</source>
            <wrap_s>CLAMP</wrap_s>
            <wrap_t>CLAMP</wrap_t>
            <minfilter>NONE</minfilter>
            <magfilter>NONE</magfilter>
            <mipfilter>NONE</mipfilter>
          </sampler2D>
        </newparam>
        <newparam sid="Right_Wing2-emissive-sampler">
          <sampler2D>
            <source>Right_Wing2-emissive-surface</source>
            <wrap_s>CLAMP</wrap_s>
            <wrap_t>CLAMP</wrap_t>
            <minfilter>NONE</minfilter>
            <magfilter>NONE</magfilter>
            <mipfilter>NONE</mipfilter>
          </sampler2D>
        </newparam>
        <technique sid="phong1">
          <phong>
            <emission>
              <texture texcoord="Right_Wing2-tex-bind" texture="Right_Wing2-emissive-sampler"/>
            </emission>
            <ambient>
              <color>1.0 1.0 1.0 1.0</color>
            </ambient>
            <diffuse>
              <texture texcoord="Right_Wing2-tex-bind" texture="Right_Wing2-diffuse-sampler"/>
            </diffuse>
            <specular>
              <color>0.0 0.0 0.0 1.0</color>
            </specular>
            <shininess>
              <float>5.0</float>
            </shininess>
            <reflective>
              <color>1.0 1.0 1.0 1.0</color>
            </reflective>
            <reflectivity>
              <float>0.2</float>
            </reflectivity>
            <transparent>
              <color>1.0 1.0 1.0 1.0</color>
            </transparent>
            <transparency>
              <float>1.0</float>
            </transparency>
          </phong>
        </technique>
      </profile_COMMON>
    </effect>
    <effect id="Left_Wing1-Effect">
      <profile_COMMON>
        <newparam sid="Left_Wing1-diffuse-surface">
          <surface type="2D">
            <init_from>Left_Wing1-diffuse-tex</init_from>
            <format>A8R8G8B8</format>
          </surface>
        </newparam>
        <newparam sid="Left_Wing1-emissive-surface">
          <surface type="2D">
            <init_from>Left_Wing1-emissive-tex</init_from>
            <format>A8R8G8B8</format>
          </surface>
        </newparam>
        <newparam sid="Left_Wing1-diffuse-sampler">
          <sampler2D>
            <source>Left_Wing1-diffuse-surface</source>
            <wrap_s>CLAMP</wrap_s>
            <wrap_t>CLAMP</wrap_t>
            <minfilter>NONE</minfilter>
            <magfilter>NONE</magfilter>
            <mipfilter>NONE</mipfilter>
          </sampler2D>
        </newparam>
        <newparam sid="Left_Wing1-emissive-sampler">
          <sampler2D>
            <source>Left_Wing1-emissive-surface</source>
            <wrap_s>CLAMP</wrap_s>
            <wrap_t>CLAMP</wrap_t>
            <minfilter>NONE</minfilter>
            <magfilter>NONE</magfilter>
            <mipfilter>NONE</mipfilter>
          </sampler2D>
        </newparam>
        <technique sid="phong1">
          <phong>
            <emission>
              <texture texcoord="Left_Wing1-tex-bind" texture="Left_Wing1-emissive-sampler"/>
            </emission>
            <ambient>
              <color>1.0 1.0 1.0 1.0</color>
            </ambient>
            <diffuse>
              <texture texcoord="Left_Wing1-tex-bind" texture="Left_Wing1-diffuse-sampler"/>
            </diffuse>
            <specular>
              <color>0.0 0.0 0.0 1.0</color>
            </specular>
            <shininess>
              <float>5.0</float>
            </shininess>
            <reflective>
              <color>1.0 1.0 1.0 1.0</color>
            </reflective>
            <reflectivity>
              <float>0.2</float>
            </reflectivity>
            <transparent>
              <color>1.0 1.0 1.0 1.0</color>
            </transparent>
            <transparency>
              <float>1.0</float>
            </transparency>
          </phong>
        </technique>
      </profile_COMMON>
    </effect>
    <effect id="Left_Wing2-Effect">
      <profile_COMMON>
        <newparam sid="Left_Wing2-diffuse-surface">
          <surface type="2D">
            <init_from>Left_Wing2-diffuse-tex</init_from>
            <format>A8R8G8B8</format>
          </surface>
        </newparam>
        <newparam sid="Left_Wing2-emissive-surface">
          <surface type="2D">
            <init_from>Left_Wing2-emissive-tex</init_from>
            <format>A8R8G8B8</format>
          </surface>
        </newparam>
        <newparam sid="Left_Wing2-diffuse-sampler">
          <sampler2D>
            <source>Left_Wing2-diffuse-surface</source>
            <wrap_s>CLAMP</wrap_s>
            <wrap_t>CLAMP</wrap_t>
            <minfilter>NONE</minfilter>
            <magfilter>NONE</magfilter>
            <mipfilter>NONE</mipfilter>
          </sampler2D>
        </newparam>
        <newparam sid="Left_Wing2-emissive-sampler">
          <sampler2D>
            <source>Left_Wing2-emissive-surface</source>
            <wrap_s>CLAMP</wrap_s>
            <wrap_t>CLAMP</wrap_t>
            <minfilter>NONE</minfilter>
            <magfilter>NONE</magfilter>
            <mipfilter>NONE</mipfilter>
          </sampler2D>
        </newparam>
        <technique sid="phong1">
          <phong>
            <emission>
              <texture texcoord="Left_Wing2-tex-bind" texture="Left_Wing2-emissive-sampler"/>
            </emission>
            <ambient>
              <color>1.0 1.0 1.0 1.0</color>
            </ambient>
            <diffuse>
              <texture texcoord="Left_Wing2-tex-bind" texture="Left_Wing2-diffuse-sampler"/>
            </diffuse>
            <specular>
              <color>0.0 0.0 0.0 1.0</color>
            </specular>
            <shininess>
              <float>5.0</float>
            </shininess>
            <reflective>
              <color>1.0 1.0 1.0 1.0</color>
            </reflective>
            <reflectivity>
              <float>0.2</float>
            </reflectivity>
            <transparent>
              <color>1.0 1.0 1.0 1.0</color>
            </transparent>
            <transparency>
              <float>1.0</float>
            </transparency>
          </phong>
        </technique>
      </profile_COMMON>
    </effect>
    <effect id="RIght_Claw-Effect">
      <profile_COMMON>
        <newparam sid="RIght_Claw-diffuse-surface">
          <surface type="2D">
            <init_from>RIght_Claw-diffuse-tex</init_from>
            <format>A8R8G8B8</format>
          </surface>
        </newparam>
        <newparam sid="RIght_Claw-emissive-surface">
          <surface type="2D">
            <init_from>RIght_Claw-emissive-tex</init_from>
            <format>A8R8G8B8</format>
          </surface>
        </newparam>
        <newparam sid="RIght_Claw-diffuse-sampler">
          <sampler2D>
            <source>RIght_Claw-diffuse-surface</source>
            <wrap_s>CLAMP</wrap_s>
            <wrap_t>CLAMP</wrap_t>
            <minfilter>NONE</minfilter>
            <magfilter>NONE</magfilter>
            <mipfilter>NONE</mipfilter>
          </sampler2D>
        </newparam>
        <newparam sid="RIght_Claw-emissive-sampler">
          <sampler2D>
            <source>RIght_Claw-emissive-surface</source>
            <wrap_s>CLAMP</wrap_s>
            <wrap_t>CLAMP</wrap_t>
            <minfilter>NONE</minfilter>
            <magfilter>NONE</magfilter>
            <mipfilter>NONE</mipfilter>
          </sampler2D>
        </newparam>
        <technique sid="phong1">
          <phong>
            <emission>
              <texture texcoord="RIght_Claw-tex-bind" texture="RIght_Claw-emissive-sampler"/>
            </emission>
            <ambient>
              <color>1.0 1.0 1.0 1.0</color>
            </ambient>
            <diffuse>
              <texture texcoord="RIght_Claw-tex-bind" texture="RIght_Claw-diffuse-sampler"/>
            </diffuse>
            <specular>
              <color>0.0 0.0 0.0 1.0</color>
            </specular>
            <shininess>
              <float>5.0</float>
            </shininess>
            <reflective>
              <color>1.0 1.0 1.0 1.0</color>
            </reflective>
            <reflectivity>
              <float>0.2</float>
            </reflectivity>
            <transparent>
              <color>1.0 1.0 1.0 1.0</color>
            </transparent>
            <transparency>
              <float>1.0</float>
            </transparency>
          </phong>
        </technique>
      </profile_COMMON>
    </effect>
    <effect id="Tail1-Effect">
      <profile_COMMON>
        <newparam sid="Tail1-diffuse-surface">
          <surface type="2D">
            <init_from>Tail1-diffuse-tex</init_from>
            <format>A8R8G8B8</format>
          </surface>
        </newparam>
        <newparam sid="Tail1-emissive-surface">
          <surface type="2D">
            <init_from>Tail1-emissive-tex</init_from>
            <format>A8R8G8B8</format>
          </surface>
        </newparam>
        <newparam sid="Tail1-diffuse-sampler">
          <sampler2D>
            <source>Tail1-diffuse-surface</source>
            <wrap_s>CLAMP</wrap_s>
            <wrap_t>CLAMP</wrap_t>
            <minfilter>NONE</minfilter>
            <magfilter>NONE</magfilter>
            <mipfilter>NONE</mipfilter>
          </sampler2D>
        </newparam>
        <newparam sid="Tail1-emissive-sampler">
          <sampler2D>
            <source>Tail1-emissive-surface</source>
            <wrap_s>CLAMP</wrap_s>
            <wrap_t>CLAMP</wrap_t>
            <minfilter>NONE</minfilter>
            <magfilter>NONE</magfilter>
            <mipfilter>NONE</mipfilter>
          </sampler2D>
        </newparam>
        <technique sid="phong1">
          <phong>
            <emission>
              <texture texcoord="Tail1-tex-bind" texture="Tail1-emissive-sampler"/>
            </emission>
            <ambient>
              <color>1.0 1.0 1.0 1.0</color>
            </ambient>
            <diffuse>
              <texture texcoord="Tail1-tex-bind" texture="Tail1-diffuse-sampler"/>
            </diffuse>
            <specular>
              <color>0.0 0.0 0.0 1.0</color>
            </specular>
            <shininess>
              <float>5.0</float>
            </shininess>
            <reflective>
              <color>1.0 1.0 1.0 1.0</color>
            </reflective>
            <reflectivity>
              <float>0.2</float>
            </reflectivity>
            <transparent>
              <color>1.0 1.0 1.0 1.0</color>
            </transparent>
            <transparency>
              <float>1.0</float>
            </transparency>
          </phong>
        </technique>
      </profile_COMMON>
    </effect>
    <effect id="Left_Claw-Effect">
      <profile_COMMON>
        <newparam sid="Left_Claw-diffuse-surface">
          <surface type="2D">
            <init_from>Left_Claw-diffuse-tex</init_from>
            <format>A8R8G8B8</format>
          </surface>
        </newparam>
        <newparam sid="Left_Claw-emissive-surface">
          <surface type="2D">
            <init_from>Left_Claw-emissive-tex</init_from>
            <format>A8R8G8B8</format>
          </surface>
        </newparam>
        <newparam sid="Left_Claw-diffuse-sampler">
          <sampler2D>
            <source>Left_Claw-diffuse-surface</source>
            <wrap_s>CLAMP</wrap_s>
            <wrap_t>CLAMP</wrap_t>
            <minfilter>NONE</minfilter>
            <magfilter>NONE</magfilter>
            <mipfilter>NONE</mipfilter>
          </sampler2D>
        </newparam>
        <newparam sid="Left_Claw-emissive-sampler">
          <sampler2D>
            <source>Left_Claw-emissive-surface</source>
            <wrap_s>CLAMP</wrap_s>
            <wrap_t>CLAMP</wrap_t>
            <minfilter>NONE</minfilter>
            <magfilter>NONE</magfilter>
            <mipfilter>NONE</mipfilter>
          </sampler2D>
        </newparam>
        <technique sid="phong1">
          <phong>
            <emission>
              <texture texcoord="Left_Claw-tex-bind" texture="Left_Claw-emissive-sampler"/>
            </emission>
            <ambient>
              <color>1.0 1.0 1.0 1.0</color>
            </ambient>
            <diffuse>
              <texture texcoord="Left_Claw-tex-bind" texture="Left_Claw-diffuse-sampler"/>
            </diffuse>
            <specular>
              <color>0.0 0.0 0.0 1.0</color>
            </specular>
            <shininess>
              <float>5.0</float>
            </shininess>
            <reflective>
              <color>1.0 1.0 1.0 1.0</color>
            </reflective>
            <reflectivity>
              <float>0.2</float>
            </reflectivity>
            <transparent>
              <color>1.0 1.0 1.0 1.0</color>
            </transparent>
            <transparency>
              <float>1.0</float>
            </transparency>
          </phong>
        </technique>
      </profile_COMMON>
    </effect>
  </library_effects>
  <library_materials>
    <material id="Body-Material">
      <instance_effect url="#Body-Effect"/>
    </material>
    <material id="Neck-Material">
      <instance_effect url="#Neck-Effect"/>
    </material>
    <material id="Head-Material">
      <instance_effect url="#Head-Effect"/>
    </material>
    <material id="Right_Wing1-Material">
      <instance_effect url="#Right_Wing1-Effect"/>
    </material>
    <material id="Right_Wing2-Material">
      <instance_effect url="#Right_Wing2-Effect"/>
    </material>
    <material id="Left_Wing1-Material">
      <instance_effect url="#Left_Wing1-Effect"/>
    </material>
    <material id="Left_Wing2-Material">
      <instance_effect url="#Left_Wing2-Effect"/>
    </material>
    <material id="RIght_Claw-Material">
      <instance_effect url="#RIght_Claw-Effect"/>
    </material>
    <material id="Tail1-Material">
      <instance_effect url="#Tail1-Effect"/>
    </material>
    <material id="Left_Claw-Material">
      <instance_effect url="#Left_Claw-Effect"/>
    </material>
  </library_materials>
  <library_geometries>
    <geometry id="Body-Geom" name="Body-Geom">
      <mesh>
        <source id="Body-Pos">
          <float_array count="768" id="Body-Pos-array">-2.5 -3.5 3.5000005 -2.5 3.4999995 3.5000005 -2.5 3.4999995 -4.5 -2.5 -3.5 -4.5 -2.5 -4.5 3.5000005 -2.5 -3.5 3.5000005 -2.5 -3.5 -3.5 -2.5 -4.5 -3.5 -2.5 -0.5000001 5.5 -2.5 2.4999993 5.5 -2.5 2.4999993 3.5000005 -2.5 -0.5000001 3.5000005 -2.5 -1.5000001 -4.5 -2.5 1.4999998 -4.5 -2.5 1.4999998 -5.5 -2.5 -1.5000001 -5.5 -2.5 -1.5000001 4.5000005 -2.5 -0.5000001 4.5000005 -2.5 -0.5000001 3.5000005 -2.5 -1.5000001 3.5000005 -1.5 3.4999995 5.5 -1.5 4.5 5.5 -1.5 4.5 -1.4999999 -1.5 3.4999995 -1.4999999 -1.5 2.4999993 5.5 -1.5 3.4999995 5.5 -1.5 3.4999995 3.5000005 -1.5 2.4999993 3.5000005 -1.5 -2.5 -4.5 -1.5 -1.5000001 -4.5 -1.5 -1.5000001 -5.5 -1.5 -2.5 -5.5 -1.5 1.4999998 -4.5 -1.5 2.4999993 -4.5 -1.5 2.4999993 -5.5 -1.5 1.4999998 -5.5 -1.5 -2.5 4.5000005 -1.5 -1.5000001 4.5000005 -1.5 -1.5000001 3.5000005 -1.5 -2.5 3.5000005 -1.5 -1.5000001 5.5 -1.5 -0.5000001 5.5 -1.5 -0.5000001 4.5000005 -1.5 -1.5000001 4.5000005 1.5 3.4999995 -1.4999999 1.5 4.5 -1.4999999 1.5 4.5 5.5 1.5 3.4999995 5.5 1.5 2.4999993 3.5000005 1.5 3.4999995 3.5000005 1.5 3.4999995 5.5 1.5 2.4999993 5.5 1.5 -2.5 -5.5 1.5 -1.5000001 -5.5 1.5 -1.5000001 -4.5 1.5 -2.5 -4.5 1.5 1.4999998 -5.5 1.5 2.4999993 -5.5 1.5 2.4999993 -4.5 1.5 1.4999998 -4.5 1.5 -2.5 3.5000005 1.5 -1.5000001 3.5000005 1.5 -1.5000001 4.5000005 1.5 -2.5 4.5000005 1.5 -1.5000001 4.5000005 1.5 -0.5000001 4.5000005 1.5 -0.5000001 5.5 1.5 -1.5000001 5.5 2.5 -3.5 -4.5 2.5 3.4999995 -4.5 2.5 3.4999995 3.5000005 2.5 -3.5 3.5000005 2.5 -4.5 -3.5 2.5 -3.5 -3.5 2.5 -3.5 3.5000005 2.5 -4.5 3.5000005 2.5 -0.5000001 3.5000005 2.5 2.4999993 3.5000005 2.5 2.4999993 5.5 2.5 -0.5000001 5.5 2.5 -1.5000001 -5.5 2.5 1.4999998 -5.5 2.5 1.4999998 -4.5 2.5 -1.5000001 -4.5 2.5 -1.5000001 3.5000005 2.5 -0.5000001 3.5000005 2.5 -0.5000001 4.5000005 2.5 -1.5000001 4.5000005 -2.5 -4.5 -3.5 2.5 -4.5 -3.5 2.5 -4.5 3.5000005 -2.5 -4.5 3.5000005 -2.5 -3.5 -4.5 2.5 -3.5 -4.5 2.5 -3.5 -3.5 -2.5 -3.5 -3.5 -1.5 -2.5 -5.5 1.5 -2.5 -5.5 1.5 -2.5 -4.5 -1.5 -2.5 -4.5 -1.5 -2.5 3.5000005 1.5 -2.5 3.5000005 1.5 -2.5 4.5000005 -1.5 -2.5 4.5000005 -1.5 -1.5000001 4.5000005 1.5 -1.5000001 4.5000005 1.5 -1.5000001 5.5 -1.5 -1.5000001 5.5 -2.5 -1.5000001 -5.5 -1.5 -1.5000001 -5.5 -1.5 -1.5000001 -4.5 -2.5 -1.5000001 -4.5 1.5 -1.5000001 -5.5 2.5 -1.5000001 -5.5 2.5 -1.5000001 -4.5 1.5 -1.5000001 -4.5 -2.5 -1.5000001 3.5000005 -1.5 -1.5000001 3.5000005 -1.5 -1.5000001 4.5000005 -2.5 -1.5000001 4.5000005 1.5 -1.5000001 3.5000005 2.5 -1.5000001 3.5000005 2.5 -1.5000001 4.5000005 1.5 -1.5000001 4.5000005 -2.5 -0.5000001 4.5000005 -1.5 -0.5000001 4.5000005 -1.5 -0.5000001 5.5 -2.5 -0.5000001 5.5 1.5 -0.5000001 4.5000005 2.5 -0.5000001 4.5000005 2.5 -0.5000001 5.5 1.5 -0.5000001 5.5 -2.5 1.4999998 -4.5 -1.5 1.4999998 -4.5 -1.5 1.4999998 -5.5 -2.5 1.4999998 -5.5 1.5 1.4999998 -4.5 2.5 1.4999998 -4.5 2.5 1.4999998 -5.5 1.5 1.4999998 -5.5 -1.5 2.4999993 -4.5 1.5 2.4999993 -4.5 1.5 2.4999993 -5.5 -1.5 2.4999993 -5.5 -2.5 2.4999993 5.5 -1.5 2.4999993 5.5 -1.5 2.4999993 3.5000005 -2.5 2.4999993 3.5000005 1.5 2.4999993 5.5 2.5 2.4999993 5.5 2.5 2.4999993 3.5000005 1.5 2.4999993 3.5000005 -2.5 3.4999995 -1.4999999 2.5 3.4999995 -1.4999999 2.5 3.4999995 -4.5 -2.5 3.4999995 -4.5 -2.5 3.4999995 3.5000005 -1.5 3.4999995 3.5000005 -1.5 3.4999995 -1.4999999 -2.5 3.4999995 -1.4999999 1.5 3.4999995 3.5000005 2.5 3.4999995 3.5000005 2.5 3.4999995 -1.4999999 1.5 3.4999995 -1.4999999 -1.5 4.5 5.5 1.5 4.5 5.5 1.5 4.5 -1.4999999 -1.5 4.5 -1.4999999 -1.5 2.4999993 -5.5 1.5 2.4999993 -5.5 1.5 -2.5 -5.5 -1.5 -2.5 -5.5 -2.5 1.4999998 -5.5 -1.5 1.4999998 -5.5 -1.5 -1.5000001 -5.5 -2.5 -1.5000001 -5.5 1.5 1.4999998 -5.5 2.5 1.4999998 -5.5 2.5 -1.5000001 -5.5 1.5 -1.5000001 -5.5 -2.5 -2.5 -4.5 2.5 -2.5 -4.5 2.5 -3.5 -4.5 -2.5 -3.5 -4.5 -2.5 3.4999995 -4.5 2.5 3.4999995 -4.5 2.5 2.4999993 -4.5 -2.5 2.4999993 -4.5 -2.5 -1.5000001 -4.5 -1.5 -1.5000001 -4.5 -1.5 -2.5 -4.5 -2.5 -2.5 -4.5 1.5 -1.5000001 -4.5 2.5 -1.5000001 -4.5 2.5 -2.5 -4.5 1.5 -2.5 -4.5 -2.5 2.4999993 -4.5 -1.5 2.4999993 -4.5 -1.5 1.4999998 -4.5 -2.5 1.4999998 -4.5 1.5 2.4999993 -4.5 2.5 2.4999993 -4.5 2.5 1.4999998 -4.5 1.5 1.4999998 -4.5 -2.5 -3.5 -3.5 2.5 -3.5 -3.5 2.5 -4.5 -3.5 -2.5 -4.5 -3.5 -1.5 4.5 -1.4999999 1.5 4.5 -1.4999999 1.5 3.4999995 -1.4999999 -1.5 3.4999995 -1.4999999 -2.5 -4.5 3.5000005 2.5 -4.5 3.5000005 2.5 -2.5 3.5000005 -2.5 -2.5 3.5000005 -2.5 -2.5 3.5000005 -1.5 -2.5 3.5000005 -1.5 -1.5000001 3.5000005 -2.5 -1.5000001 3.5000005 1.5 -2.5 3.5000005 2.5 -2.5 3.5000005 2.5 -1.5000001 3.5000005 1.5 -1.5000001 3.5000005 -2.5 2.4999993 3.5000005 -1.5 2.4999993 3.5000005 -1.5 3.4999995 3.5000005 -2.5 3.4999995 3.5000005 1.5 2.4999993 3.5000005 2.5 2.4999993 3.5000005 2.5 3.4999995 3.5000005 1.5 3.4999995 3.5000005 -1.5 -2.5 4.5000005 1.5 -2.5 4.5000005 1.5 -1.5000001 4.5000005 -1.5 -1.5000001 4.5000005 -2.5 -1.5000001 4.5000005 -1.5 -1.5000001 4.5000005 -1.5 -0.5000001 4.5000005 -2.5 -0.5000001 4.5000005 1.5 -1.5000001 4.5000005 2.5 -1.5000001 4.5000005 2.5 -0.5000001 4.5000005 1.5 -0.5000001 4.5000005 -1.5 -1.5000001 5.5 1.5 -1.5000001 5.5 1.5 4.5 5.5 -1.5 4.5 5.5 -2.5 -0.5000001 5.5 -1.5 -0.5000001 5.5 -1.5 2.4999993 5.5 -2.5 2.4999993 5.5 1.5 -0.5000001 5.5 2.5 -0.5000001 5.5 2.5 2.4999993 5.5 1.5 2.4999993 5.5 </float_array>
          <technique_common>
            <accessor count="256" source="#Body-Pos-array" stride="3">
              <param name="X" type="float"/>
              <param name="Y" type="float"/>
              <param name="Z" type="float"/>
            </accessor>
          </technique_common>
        </source>
        <source id="Body-UV">
          <float_array count="512" id="Body-UV-array">0.0 0.5 0.21875 0.5 0.21875 1.0 0.0 1.0 0.0 0.5625 0.03125 0.5625 0.03125 1.0 0.0 1.0 0.34375 0.8125 0.34375 1.0 0.28125 1.0 0.28125 0.8125 0.3125 0.5 0.3125 0.6875 0.28125 0.6875 0.28125 0.5 0.0625 0.9375 0.09375 0.9375 0.09375 1.0 0.0625 1.0 0.0625 0.5625 0.09375 0.5625 0.09375 1.0 0.0625 1.0 0.0625 0.875 0.09375 0.875 0.09375 1.0 0.0625 1.0 0.0625 0.9375 0.09375 0.9375 0.09375 1.0 0.0625 1.0 0.0625 0.9375 0.09375 0.9375 0.09375 1.0 0.0625 1.0 0.0625 0.9375 0.09375 0.9375 0.09375 1.0 0.0625 1.0 0.0625 0.9375 0.09375 0.9375 0.09375 1.0 0.0625 1.0 0.0625 1.0 0.09375 1.0 0.09375 0.5625 0.0625 0.5625 0.0625 1.0 0.09375 1.0 0.09375 0.875 0.0625 0.875 0.0625 1.0 0.09375 1.0 0.09375 0.9375 0.0625 0.9375 0.0625 1.0 0.09375 1.0 0.09375 0.9375 0.0625 0.9375 0.0625 1.0 0.09375 1.0 0.09375 0.9375 0.0625 0.9375 0.0625 1.0 0.09375 1.0 0.09375 0.9375 0.0625 0.9375 0.0 1.0 0.21875 1.0 0.21875 0.5 0.0 0.5 0.0 1.0 0.03125 1.0 0.03125 0.5625 0.0 0.5625 0.40625 0.8125 0.40625 1.0 0.46875 1.0 0.46875 0.8125 0.0625 0.8125 0.0625 1.0 0.09375 1.0 0.09375 0.8125 0.0625 1.0 0.09375 1.0 0.09375 0.9375 0.0625 0.9375 0.53125 1.0 0.6875 1.0 0.6875 0.5625 0.53125 0.5625 0.0 0.6875 0.0 1.0 0.03125 1.0 0.03125 0.6875 0.0625 0.8125 0.0625 1.0 0.09375 1.0 0.09375 0.8125 0.0625 0.8125 0.0625 1.0 0.09375 1.0 0.09375 0.8125 0.0625 0.8125 0.0625 1.0 0.09375 1.0 0.09375 0.8125 0.0625 1.0 0.09375 1.0 0.09375 0.9375 0.0625 0.9375 0.0625 1.0 0.09375 1.0 0.09375 0.9375 0.0625 0.9375 0.0625 1.0 0.09375 1.0 0.09375 0.9375 0.0625 0.9375 0.0625 1.0 0.09375 1.0 0.09375 0.9375 0.0625 0.9375 0.0625 1.0 0.09375 1.0 0.09375 0.9375 0.0625 0.9375 0.0625 1.0 0.09375 1.0 0.09375 0.9375 0.0625 0.9375 0.0625 0.9375 0.09375 0.9375 0.09375 1.0 0.0625 1.0 0.0625 0.9375 0.09375 0.9375 0.09375 1.0 0.0625 1.0 0.09375 0.8125 0.09375 1.0 0.0625 1.0 0.0625 0.8125 0.0625 0.875 0.09375 0.875 0.09375 1.0 0.0625 1.0 0.0625 0.875 0.09375 0.875 0.09375 1.0 0.0625 1.0 0.15625 0.6875 0.15625 1.0 0.0625 1.0 0.0625 0.6875 0.0625 0.6875 0.09375 0.6875 0.09375 1.0 0.0625 1.0 0.0625 0.6875 0.09375 0.6875 0.09375 1.0 0.0625 1.0 0.0625 0.5625 0.15625 0.5625 0.15625 1.0 0.0625 1.0 0.0625 0.6875 0.15625 0.6875 0.15625 1.0 0.0625 1.0 0.0625 0.8125 0.09375 0.8125 0.09375 1.0 0.0625 1.0 0.0625 0.8125 0.09375 0.8125 0.09375 1.0 0.0625 1.0 0.03125 0.6875 0.03125 1.0 0.0 1.0 0.0 0.6875 0.09375 0.6875 0.09375 1.0 0.0625 1.0 0.0625 0.6875 0.0 0.9375 0.03125 0.9375 0.03125 1.0 0.0 1.0 0.0 0.9375 0.03125 0.9375 0.03125 1.0 0.0 1.0 0.0625 0.9375 0.09375 0.9375 0.09375 1.0 0.0625 1.0 0.0625 0.9375 0.09375 0.9375 0.09375 1.0 0.0625 1.0 0.03125 0.6875 0.03125 1.0 0.0 1.0 0.0 0.6875 0.09375 0.8125 0.09375 1.0 0.0625 1.0 0.0625 0.8125 0.40625 0.375 0.40625 0.6875 0.46875 0.6875 0.46875 0.375 0.0625 1.0 0.09375 1.0 0.09375 0.9375 0.0625 0.9375 0.0625 1.0 0.09375 1.0 0.09375 0.9375 0.0625 0.9375 0.0625 1.0 0.09375 1.0 0.09375 0.9375 0.0625 0.9375 0.0625 1.0 0.09375 1.0 0.09375 0.9375 0.0625 0.9375 0.0625 0.8125 0.0625 1.0 0.09375 1.0 0.09375 0.8125 0.0625 1.0 0.09375 1.0 0.09375 0.9375 0.0625 0.9375 0.0625 1.0 0.09375 1.0 0.09375 0.9375 0.0625 0.9375 0.0625 1.0 0.15625 1.0 0.15625 0.625 0.0625 0.625 0.0625 1.0 0.09375 1.0 0.09375 0.8125 0.0625 0.8125 0.0625 1.0 0.09375 1.0 0.09375 0.8125 0.0625 0.8125 </float_array>
          <technique_common>
            <accessor count="256" source="#Body-UV-array" stride="2">
              <param name="S" type="float"/>
              <param name="T" type="float"/>
            </accessor>
          </technique_common>
        </source>
        <source id="Body-Normal">
          <float_array count="18" id="Body-Normal-array">-1.0 0.0 0.0 1.0 0.0 0.0 0.0 -1.0 0.0 0.0 1.0 0.0 0.0 0.0 -1.0 0.0 0.0 1.0</float_array>
          <technique_common>
            <accessor count="6" source="#Body-Normal-array" stride="3">
              <param name="X" type="float"/>
              <param name="Y" type="float"/>
              <param name="Z" type="float"/>
            </accessor>
          </technique_common>
        </source>
        <vertices id="Body-Vertices">
          <input semantic="POSITION" source="#Body-Pos"/>
        </vertices>
        <polylist count="64" material="Body-Material">
          <input offset="0" semantic="VERTEX" source="#Body-Vertices"/>
          <input offset="1" semantic="TEXCOORD" set="0" source="#Body-UV"/>
          <input offset="2" semantic="NORMAL" source="#Body-Normal"/>
          <vcount>4 4 4 4 4 4 4 4 4 4 4 4 4 4 4 4 4 4 4 4 4 4 4 4 4 4 4 4 4 4 4 4 4 4 4 4 4 4 4 4 4 4 4 4 4 4 4 4 4 4 4 4 4 4 4 4 4 4 4 4 4 4 4 4 </vcount>
          <p>0 0 0 1 1 0 2 2 0 3 3 0 4 4 0 5 5 0 6 6 0 7 7 0 8 8 0 9 9 0 10 10 0 11 11 0 12 12 0 13 13 0 14 14 0 15 15 0 16 16 0 17 17 0 18 18 0 19 19 0 20 20 0 21 21 0 22 22 0 23 23 0 24 24 0 25 25 0 26 26 0 27 27 0 28 28 0 29 29 0 30 30 0 31 31 0 32 32 0 33 33 0 34 34 0 35 35 0 36 36 0 37 37 0 38 38 0 39 39 0 40 40 0 41 41 0 42 42 0 43 43 0 44 44 1 45 45 1 46 46 1 47 47 1 48 48 1 49 49 1 50 50 1 51 51 1 52 52 1 53 53 1 54 54 1 55 55 1 56 56 1 57 57 1 58 58 1 59 59 1 60 60 1 61 61 1 62 62 1 63 63 1 64 64 1 65 65 1 66 66 1 67 67 1 68 68 1 69 69 1 70 70 1 71 71 1 72 72 1 73 73 1 74 74 1 75 75 1 76 76 1 77 77 1 78 78 1 79 79 1 80 80 1 81 81 1 82 82 1 83 83 1 84 84 1 85 85 1 86 86 1 87 87 1 88 88 2 89 89 2 90 90 2 91 91 2 92 92 2 93 93 2 94 94 2 95 95 2 96 96 2 97 97 2 98 98 2 99 99 2 100 100 2 101 101 2 102 102 2 103 103 2 104 104 2 105 105 2 106 106 2 107 107 2 108 108 2 109 109 2 110 110 2 111 111 2 112 112 2 113 113 2 114 114 2 115 115 2 116 116 2 117 117 2 118 118 2 119 119 2 120 120 2 121 121 2 122 122 2 123 123 2 124 124 2 125 125 2 126 126 2 127 127 2 128 128 2 129 129 2 130 130 2 131 131 2 132 132 3 133 133 3 134 134 3 135 135 3 136 136 3 137 137 3 138 138 3 139 139 3 140 140 3 141 141 3 142 142 3 143 143 3 144 144 3 145 145 3 146 146 3 147 147 3 148 148 3 149 149 3 150 150 3 151 151 3 152 152 3 153 153 3 154 154 3 155 155 3 156 156 3 157 157 3 158 158 3 159 159 3 160 160 3 161 161 3 162 162 3 163 163 3 164 164 3 165 165 3 166 166 3 167 167 3 168 168 4 169 169 4 170 170 4 171 171 4 172 172 4 173 173 4 174 174 4 175 175 4 176 176 4 177 177 4 178 178 4 179 179 4 180 180 4 181 181 4 182 182 4 183 183 4 184 184 4 185 185 4 186 186 4 187 187 4 188 188 4 189 189 4 190 190 4 191 191 4 192 192 4 193 193 4 194 194 4 195 195 4 196 196 4 197 197 4 198 198 4 199 199 4 200 200 4 201 201 4 202 202 4 203 203 4 204 204 4 205 205 4 206 206 4 207 207 4 208 208 4 209 209 4 210 210 4 211 211 4 212 212 5 213 213 5 214 214 5 215 215 5 216 216 5 217 217 5 218 218 5 219 219 5 220 220 5 221 221 5 222 222 5 223 223 5 224 224 5 225 225 5 226 226 5 227 227 5 228 228 5 229 229 5 230 230 5 231 231 5 232 232 5 233 233 5 234 234 5 235 235 5 236 236 5 237 237 5 238 238 5 239 239 5 240 240 5 241 241 5 242 242 5 243 243 5 244 244 5 245 245 5 246 246 5 247 247 5 248 248 5 249 249 5 250 250 5 251 251 5 252 252 5 253 253 5 254 254 5 255 255 5 </p>
        </polylist>
      </mesh>
    </geometry>
    <geometry id="Neck-Geom" name="Neck-Geom">
      <mesh>
        <source id="Neck-Pos">
          <float_array count="168" id="Neck-Pos-array">-2.0 -3.0 3.0 -2.0 2.0000002 3.0 -2.0 2.0000002 -1.9999999 -2.0 -3.0 -1.9999999 -2.0 2.0000002 3.0 -2.0 3.0 3.0 -2.0 3.0 -0.99999994 -2.0 2.0000002 -0.99999994 -2.0 -3.0 -1.9999999 -2.0 0.0 -1.9999999 -2.0 0.0 -3.0 -2.0 -3.0 -3.0 2.0 -3.0 -1.9999999 2.0 2.0000002 -1.9999999 2.0 2.0000002 3.0 2.0 -3.0 3.0 2.0 2.0000002 -0.99999994 2.0 3.0 -0.99999994 2.0 3.0 3.0 2.0 2.0000002 3.0 2.0 -3.0 -3.0 2.0 0.0 -3.0 2.0 0.0 -1.9999999 2.0 -3.0 -1.9999999 -2.0 -3.0 -3.0 2.0 -3.0 -3.0 2.0 -3.0 3.0 -2.0 -3.0 3.0 -2.0 0.0 -1.9999999 2.0 0.0 -1.9999999 2.0 0.0 -3.0 -2.0 0.0 -3.0 -2.0 2.0000002 -0.99999994 2.0 2.0000002 -0.99999994 2.0 2.0000002 -1.9999999 -2.0 2.0000002 -1.9999999 -2.0 3.0 3.0 2.0 3.0 3.0 2.0 3.0 -0.99999994 -2.0 3.0 -0.99999994 -2.0 0.0 -3.0 2.0 0.0 -3.0 2.0 -3.0 -3.0 -2.0 -3.0 -3.0 -2.0 2.0000002 -1.9999999 2.0 2.0000002 -1.9999999 2.0 0.0 -1.9999999 -2.0 0.0 -1.9999999 -2.0 3.0 -0.99999994 2.0 3.0 -0.99999994 2.0 2.0000002 -0.99999994 -2.0 2.0000002 -0.99999994 -2.0 -3.0 3.0 2.0 -3.0 3.0 2.0 3.0 3.0 -2.0 3.0 3.0 </float_array>
          <technique_common>
            <accessor count="56" source="#Neck-Pos-array" stride="3">
              <param name="X" type="float"/>
              <param name="Y" type="float"/>
              <param name="Z" type="float"/>
            </accessor>
          </technique_common>
        </source>
        <source id="Neck-UV">
          <float_array count="112" id="Neck-UV-array">0.0 0.6875 0.15625 0.6875 0.15625 1.0 0.0 1.0 0.25 0.75 0.28125 0.75 0.28125 1.0 0.25 1.0 0.03125 0.8125 0.03125 1.0 0.0 1.0 0.0 0.8125 0.0 1.0 0.15625 1.0 0.15625 0.6875 0.0 0.6875 0.25 1.0 0.28125 1.0 0.28125 0.75 0.25 0.75 0.0 0.8125 0.0 1.0 0.03125 1.0 0.03125 0.8125 0.0 0.5 0.125 0.5 0.125 0.125 0.0 0.125 0.03125 0.25 0.03125 0.5 0.0 0.5 0.0 0.25 0.03125 0.25 0.03125 0.5 0.0 0.5 0.0 0.25 0.25 0.25 0.375 0.25 0.375 0.5 0.25 0.5 0.09375 0.25 0.09375 0.5 0.0 0.5 0.0 0.25 0.0625 0.25 0.0625 0.5 0.0 0.5 0.0 0.25 0.03125 0.25 0.03125 0.5 0.0 0.5 0.0 0.25 0.5 1.0 0.625 1.0 0.625 0.625 0.5 0.625 </float_array>
          <technique_common>
            <accessor count="56" source="#Neck-UV-array" stride="2">
              <param name="S" type="float"/>
              <param name="T" type="float"/>
            </accessor>
          </technique_common>
        </source>
        <source id="Neck-Normal">
          <float_array count="18" id="Neck-Normal-array">-1.0 0.0 0.0 1.0 0.0 0.0 0.0 -1.0 0.0 0.0 1.0 0.0 0.0 0.0 -1.0 0.0 0.0 1.0</float_array>
          <technique_common>
            <accessor count="6" source="#Neck-Normal-array" stride="3">
              <param name="X" type="float"/>
              <param name="Y" type="float"/>
              <param name="Z" type="float"/>
            </accessor>
          </technique_common>
        </source>
        <vertices id="Neck-Vertices">
          <input semantic="POSITION" source="#Neck-Pos"/>
        </vertices>
        <polylist count="14" material="Neck-Material">
          <input offset="0" semantic="VERTEX" source="#Neck-Vertices"/>
          <input offset="1" semantic="TEXCOORD" set="0" source="#Neck-UV"/>
          <input offset="2" semantic="NORMAL" source="#Neck-Normal"/>
          <vcount>4 4 4 4 4 4 4 4 4 4 4 4 4 4 </vcount>
          <p>0 0 0 1 1 0 2 2 0 3 3 0 4 4 0 5 5 0 6 6 0 7 7 0 8 8 0 9 9 0 10 10 0 11 11 0 12 12 1 13 13 1 14 14 1 15 15 1 16 16 1 17 17 1 18 18 1 19 19 1 20 20 1 21 21 1 22 22 1 23 23 1 24 24 2 25 25 2 26 26 2 27 27 2 28 28 3 29 29 3 30 30 3 31 31 3 32 32 3 33 33 3 34 34 3 35 35 3 36 36 3 37 37 3 38 38 3 39 39 3 40 40 4 41 41 4 42 42 4 43 43 4 44 44 4 45 45 4 46 46 4 47 47 4 48 48 4 49 49 4 50 50 4 51 51 4 52 52 5 53 53 5 54 54 5 55 55 5 </p>
        </polylist>
      </mesh>
    </geometry>
    <geometry id="Head-Geom" name="Head-Geom">
      <mesh>
        <source id="Head-Pos">
          <float_array count="384" id="Head-Pos-array">-2.5 -2.4999998 -2.4999998 -2.5 2.4999998 -2.4999998 -2.5 2.4999998 -7.4999995 -2.5 -2.4999998 -7.4999995 -2.5 2.4999998 -2.4999998 -2.5 3.4999995 -2.4999998 -2.5 3.4999995 -6.4999995 -2.5 2.4999998 -6.4999995 -1.4999999 -2.4999998 2.5000002 -1.4999999 2.4999998 2.5000002 -1.4999999 2.4999998 -2.4999998 -1.4999999 -2.4999998 -2.4999998 -1.4999999 -2.4999998 6.5000005 -1.4999999 1.4999996 6.5000005 -1.4999999 1.4999996 2.5000002 -1.4999999 -2.4999998 2.5000002 -1.4999999 -2.4999998 7.4999995 -1.4999999 0.49999988 7.4999995 -1.4999999 0.49999988 6.5000005 -1.4999999 -2.4999998 6.5000005 -0.49999994 -3.4999995 7.4999995 -0.49999994 -2.4999998 7.4999995 -0.49999994 -2.4999998 6.5000005 -0.49999994 -3.4999995 6.5000005 0.5000002 -3.4999995 6.5000005 0.5000002 -2.4999998 6.5000005 0.5000002 -2.4999998 7.4999995 0.5000002 -3.4999995 7.4999995 1.5 -2.4999998 -2.4999998 1.5 2.4999998 -2.4999998 1.5 2.4999998 2.5000002 1.5 -2.4999998 2.5000002 1.5 -2.4999998 2.5000002 1.5 1.4999996 2.5000002 1.5 1.4999996 6.5000005 1.5 -2.4999998 6.5000005 1.5 -2.4999998 6.5000005 1.5 0.49999988 6.5000005 1.5 0.49999988 7.4999995 1.5 -2.4999998 7.4999995 2.5 -2.4999998 -7.4999995 2.5 2.4999998 -7.4999995 2.5 2.4999998 -2.4999998 2.5 -2.4999998 -2.4999998 2.5 2.4999998 -6.4999995 2.5 3.4999995 -6.4999995 2.5 3.4999995 -2.4999998 2.5 2.4999998 -2.4999998 -0.49999994 -3.4999995 6.5000005 0.5000002 -3.4999995 6.5000005 0.5000002 -3.4999995 7.4999995 -0.49999994 -3.4999995 7.4999995 -1.4999999 -2.4999998 -2.4999998 1.5 -2.4999998 -2.4999998 1.5 -2.4999998 6.5000005 -1.4999999 -2.4999998 6.5000005 -2.5 -2.4999998 -7.4999995 2.5 -2.4999998 -7.4999995 2.5 -2.4999998 -2.4999998 -2.5 -2.4999998 -2.4999998 -1.4999999 -2.4999998 6.5000005 -0.49999994 -2.4999998 6.5000005 -0.49999994 -2.4999998 7.4999995 -1.4999999 -2.4999998 7.4999995 0.5000002 -2.4999998 6.5000005 1.5 -2.4999998 6.5000005 1.5 -2.4999998 7.4999995 0.5000002 -2.4999998 7.4999995 -1.4999999 0.49999988 7.4999995 1.5 0.49999988 7.4999995 1.5 0.49999988 6.5000005 -1.4999999 0.49999988 6.5000005 -1.4999999 1.4999996 6.5000005 1.5 1.4999996 6.5000005 1.5 1.4999996 2.5000002 -1.4999999 1.4999996 2.5000002 -1.4999999 2.4999998 2.5000002 1.5 2.4999998 2.5000002 1.5 2.4999998 -2.4999998 -1.4999999 2.4999998 -2.4999998 -2.5 2.4999998 -6.4999995 2.5 2.4999998 -6.4999995 2.5 2.4999998 -7.4999995 -2.5 2.4999998 -7.4999995 -2.5 3.4999995 -2.4999998 2.5 3.4999995 -2.4999998 2.5 3.4999995 -6.4999995 -2.5 3.4999995 -6.4999995 -2.5 2.4999998 -7.4999995 2.5 2.4999998 -7.4999995 2.5 -2.4999998 -7.4999995 -2.5 -2.4999998 -7.4999995 -2.5 3.4999995 -6.4999995 2.5 3.4999995 -6.4999995 2.5 2.4999998 -6.4999995 -2.5 2.4999998 -6.4999995 -0.49999994 -2.4999998 6.5000005 0.5000002 -2.4999998 6.5000005 0.5000002 -3.4999995 6.5000005 -0.49999994 -3.4999995 6.5000005 -2.5 -2.4999998 -2.4999998 -1.4999999 -2.4999998 -2.4999998 -1.4999999 3.4999995 -2.4999998 -2.5 3.4999995 -2.4999998 1.5 -2.4999998 -2.4999998 2.5 -2.4999998 -2.4999998 2.5 3.4999995 -2.4999998 1.5 3.4999995 -2.4999998 -1.4999999 2.4999998 -2.4999998 1.5 2.4999998 -2.4999998 1.5 3.4999995 -2.4999998 -1.4999999 3.4999995 -2.4999998 -1.4999999 1.4999996 2.5000002 1.5 1.4999996 2.5000002 1.5 2.4999998 2.5000002 -1.4999999 2.4999998 2.5000002 -1.4999999 0.49999988 6.5000005 1.5 0.49999988 6.5000005 1.5 1.4999996 6.5000005 -1.4999999 1.4999996 6.5000005 -1.4999999 -2.4999998 7.4999995 1.5 -2.4999998 7.4999995 1.5 0.49999988 7.4999995 -1.4999999 0.49999988 7.4999995 -0.49999994 -3.4999995 7.4999995 0.5000002 -3.4999995 7.4999995 0.5000002 -2.4999998 7.4999995 -0.49999994 -2.4999998 7.4999995 </float_array>
          <technique_common>
            <accessor count="128" source="#Head-Pos-array" stride="3">
              <param name="X" type="float"/>
              <param name="Y" type="float"/>
              <param name="Z" type="float"/>
            </accessor>
          </technique_common>
        </source>
        <source id="Head-UV">
          <float_array count="256" id="Head-UV-array">0.0 0.921875 0.078125 0.921875 0.078125 1.0 0.0 1.0 0.109375 0.9375 0.125 0.9375 0.125 1.0 0.109375 1.0 0.15625 0.921875 0.234375 0.921875 0.234375 1.0 0.15625 1.0 0.0 0.828125 0.0625 0.828125 0.0625 0.890625 0.0 0.890625 0.109375 0.84375 0.109375 0.890625 0.09375 0.890625 0.09375 0.84375 0.0 0.78125 0.015625 0.78125 0.015625 0.796875 0.0 0.796875 0.046875 0.796875 0.0625 0.796875 0.0625 0.78125 0.046875 0.78125 0.140625 0.890625 0.21875 0.890625 0.21875 0.8125 0.140625 0.8125 0.265625 1.0 0.328125 1.0 0.328125 0.9375 0.265625 0.9375 0.09375 0.84375 0.09375 0.890625 0.109375 0.890625 0.109375 0.84375 0.0 1.0 0.078125 1.0 0.078125 0.921875 0.0 0.921875 0.109375 1.0 0.125 1.0 0.125 0.9375 0.109375 0.9375 0.265625 0.984375 0.28125 0.984375 0.28125 0.96875 0.265625 0.96875 0.265625 0.90625 0.3125 0.90625 0.3125 0.765625 0.265625 0.765625 0.34375 0.90625 0.421875 0.90625 0.421875 0.828125 0.34375 0.828125 0.265625 0.984375 0.28125 0.984375 0.28125 0.96875 0.265625 0.96875 0.265625 0.984375 0.28125 0.984375 0.28125 0.96875 0.265625 0.96875 0.109375 0.765625 0.109375 0.8125 0.09375 0.8125 0.09375 0.765625 0.359375 0.9375 0.40625 0.9375 0.40625 1.0 0.359375 1.0 0.453125 0.828125 0.5 0.828125 0.5 0.90625 0.453125 0.90625 0.015625 0.65625 0.015625 0.734375 0.0 0.734375 0.0 0.65625 0.109375 0.65625 0.109375 0.734375 0.046875 0.734375 0.046875 0.65625 0.140625 0.65625 0.21875 0.65625 0.21875 0.734375 0.140625 0.734375 0.015625 0.65625 0.015625 0.734375 0.0 0.734375 0.0 0.65625 0.265625 0.96875 0.28125 0.96875 0.28125 0.984375 0.265625 0.984375 0.0 0.625 0.015625 0.625 0.015625 0.53125 0.0 0.53125 0.0 0.625 0.015625 0.625 0.015625 0.53125 0.0 0.53125 0.0625 0.953125 0.0625 1.0 0.078125 1.0 0.078125 0.953125 0.4375 0.953125 0.4375 1.0 0.453125 1.0 0.453125 0.953125 0.09375 0.765625 0.09375 0.8125 0.109375 0.8125 0.109375 0.765625 0.046875 0.625 0.09375 0.625 0.09375 0.578125 0.046875 0.578125 0.265625 0.984375 0.28125 0.984375 0.28125 0.96875 0.265625 0.96875 </float_array>
          <technique_common>
            <accessor count="128" source="#Head-UV-array" stride="2">
              <param name="S" type="float"/>
              <param name="T" type="float"/>
            </accessor>
          </technique_common>
        </source>
        <source id="Head-Normal">
          <float_array count="18" id="Head-Normal-array">-1.0 0.0 0.0 1.0 0.0 0.0 0.0 -1.0 0.0 0.0 1.0 0.0 0.0 0.0 -1.0 0.0 0.0 1.0</float_array>
          <technique_common>
            <accessor count="6" source="#Head-Normal-array" stride="3">
              <param name="X" type="float"/>
              <param name="Y" type="float"/>
              <param name="Z" type="float"/>
            </accessor>
          </technique_common>
        </source>
        <vertices id="Head-Vertices">
          <input semantic="POSITION" source="#Head-Pos"/>
        </vertices>
        <polylist count="32" material="Head-Material">
          <input offset="0" semantic="VERTEX" source="#Head-Vertices"/>
          <input offset="1" semantic="TEXCOORD" set="0" source="#Head-UV"/>
          <input offset="2" semantic="NORMAL" source="#Head-Normal"/>
          <vcount>4 4 4 4 4 4 4 4 4 4 4 4 4 4 4 4 4 4 4 4 4 4 4 4 4 4 4 4 4 4 4 4 </vcount>
          <p>0 0 0 1 1 0 2 2 0 3 3 0 4 4 0 5 5 0 6 6 0 7 7 0 8 8 0 9 9 0 10 10 0 11 11 0 12 12 0 13 13 0 14 14 0 15 15 0 16 16 0 17 17 0 18 18 0 19 19 0 20 20 0 21 21 0 22 22 0 23 23 0 24 24 1 25 25 1 26 26 1 27 27 1 28 28 1 29 29 1 30 30 1 31 31 1 32 32 1 33 33 1 34 34 1 35 35 1 36 36 1 37 37 1 38 38 1 39 39 1 40 40 1 41 41 1 42 42 1 43 43 1 44 44 1 45 45 1 46 46 1 47 47 1 48 48 2 49 49 2 50 50 2 51 51 2 52 52 2 53 53 2 54 54 2 55 55 2 56 56 2 57 57 2 58 58 2 59 59 2 60 60 2 61 61 2 62 62 2 63 63 2 64 64 2 65 65 2 66 66 2 67 67 2 68 68 3 69 69 3 70 70 3 71 71 3 72 72 3 73 73 3 74 74 3 75 75 3 76 76 3 77 77 3 78 78 3 79 79 3 80 80 3 81 81 3 82 82 3 83 83 3 84 84 3 85 85 3 86 86 3 87 87 3 88 88 4 89 89 4 90 90 4 91 91 4 92 92 4 93 93 4 94 94 4 95 95 4 96 96 4 97 97 4 98 98 4 99 99 4 100 100 5 101 101 5 102 102 5 103 103 5 104 104 5 105 105 5 106 106 5 107 107 5 108 108 5 109 109 5 110 110 5 111 111 5 112 112 5 113 113 5 114 114 5 115 115 5 116 116 5 117 117 5 118 118 5 119 119 5 120 120 5 121 121 5 122 122 5 123 123 5 124 124 5 125 125 5 126 126 5 127 127 5 </p>
        </polylist>
      </mesh>
    </geometry>
    <geometry id="Right_Wing1-Geom" name="Right_Wing1-Geom">
      <mesh>
        <source id="Right_Wing1-Pos">
          <float_array count="264" id="Right_Wing1-Pos-array">-4.5 -1.0 4.5 -4.5 1.0 4.5 -4.5 1.0 0.50000024 -4.5 -1.0 0.50000024 -2.5 -1.0 0.50000024 -2.5 1.0 0.50000024 -2.5 1.0 -1.4999999 -2.5 -1.0 -1.4999999 0.50000024 -1.0 -1.4999999 0.50000024 1.0 -1.4999999 0.50000024 1.0 -4.5 0.50000024 -1.0 -4.5 1.5000002 0.0 3.5 1.5000002 1.0 3.5 1.5000002 1.0 4.5 1.5000002 0.0 4.5 2.5 -1.0 3.5 2.5 0.0 3.5 2.5 0.0 4.5 2.5 -1.0 4.5 4.5 -1.0 -4.5 4.5 1.0 -4.5 4.5 1.0 3.5 4.5 -1.0 3.5 -2.5 -1.0 -1.4999999 4.5 -1.0 -1.4999999 4.5 -1.0 3.5 -2.5 -1.0 3.5 0.50000024 -1.0 -4.5 4.5 -1.0 -4.5 4.5 -1.0 -1.4999999 0.50000024 -1.0 -1.4999999 -4.5 -1.0 0.50000024 -2.5 -1.0 0.50000024 -2.5 -1.0 4.5 -4.5 -1.0 4.5 -2.5 -1.0 3.5 2.5 -1.0 3.5 2.5 -1.0 4.5 -2.5 -1.0 4.5 1.5000002 0.0 4.5 2.5 0.0 4.5 2.5 0.0 3.5 1.5000002 0.0 3.5 -2.5 1.0 3.5 4.5 1.0 3.5 4.5 1.0 -1.4999999 -2.5 1.0 -1.4999999 0.50000024 1.0 -1.4999999 4.5 1.0 -1.4999999 4.5 1.0 -4.5 0.50000024 1.0 -4.5 -4.5 1.0 4.5 -2.5 1.0 4.5 -2.5 1.0 0.50000024 -4.5 1.0 0.50000024 -2.5 1.0 4.5 1.5000002 1.0 4.5 1.5000002 1.0 3.5 -2.5 1.0 3.5 0.50000024 1.0 -4.5 4.5 1.0 -4.5 4.5 -1.0 -4.5 0.50000024 -1.0 -4.5 -2.5 1.0 -1.4999999 0.50000024 1.0 -1.4999999 0.50000024 -1.0 -1.4999999 -2.5 -1.0 -1.4999999 -4.5 1.0 0.50000024 -2.5 1.0 0.50000024 -2.5 -1.0 0.50000024 -4.5 -1.0 0.50000024 2.5 -1.0 3.5 4.5 -1.0 3.5 4.5 1.0 3.5 2.5 1.0 3.5 1.5000002 0.0 3.5 2.5 0.0 3.5 2.5 1.0 3.5 1.5000002 1.0 3.5 -4.5 -1.0 4.5 2.5 -1.0 4.5 2.5 0.0 4.5 -4.5 0.0 4.5 -4.5 0.0 4.5 1.5000002 0.0 4.5 1.5000002 1.0 4.5 -4.5 1.0 4.5 </float_array>
          <technique_common>
            <accessor count="88" source="#Right_Wing1-Pos-array" stride="3">
              <param name="X" type="float"/>
              <param name="Y" type="float"/>
              <param name="Z" type="float"/>
            </accessor>
          </technique_common>
        </source>
        <source id="Right_Wing1-UV">
          <float_array count="176" id="Right_Wing1-UV-array">0.0 0.875 0.0625 0.875 0.0625 1.0 0.0 1.0 0.0 0.9375 0.0625 0.9375 0.0625 1.0 0.0 1.0 0.0 0.71875 0.0625 0.71875 0.0625 0.8125 0.0 0.8125 0.0 1.0 0.03125 1.0 0.03125 0.96875 0.0 0.96875 0.0 1.0 0.03125 1.0 0.03125 0.96875 0.0 0.96875 0.125 1.0 0.1875 1.0 0.1875 0.75 0.125 0.75 0.34375 0.78125 0.34375 1.0 0.5 1.0 0.5 0.78125 0.0 0.53125 0.0 0.65625 0.09375 0.65625 0.09375 0.53125 0.03125 0.65625 0.09375 0.65625 0.09375 0.53125 0.03125 0.53125 0.15625 0.84375 0.15625 1.0 0.1875 1.0 0.1875 0.84375 0.0 0.96875 0.03125 0.96875 0.03125 1.0 0.0 1.0 0.5 0.4375 0.5 0.65625 0.34375 0.65625 0.34375 0.4375 0.25 0.53125 0.25 0.65625 0.15625 0.65625 0.15625 0.53125 0.5625 0.875 0.625 0.875 0.625 1.0 0.5625 1.0 0.28125 0.875 0.28125 1.0 0.25 1.0 0.25 0.875 0.5 0.84375 0.5 0.96875 0.4375 0.96875 0.4375 0.84375 0.4375 0.875 0.4375 0.96875 0.375 0.96875 0.375 0.875 0.0 0.71875 0.0625 0.71875 0.0625 0.78125 0.0 0.78125 0.0 1.0 0.0625 1.0 0.0625 0.9375 0.0 0.9375 0.25 0.96875 0.28125 0.96875 0.28125 0.9375 0.25 0.9375 0.375 0.4375 0.375 0.65625 0.40625 0.65625 0.40625 0.4375 0.4375 0.4375 0.4375 0.625 0.46875 0.625 0.46875 0.4375 </float_array>
          <technique_common>
            <accessor count="88" source="#Right_Wing1-UV-array" stride="2">
              <param name="S" type="float"/>
              <param name="T" type="float"/>
            </accessor>
          </technique_common>
        </source>
        <source id="Right_Wing1-Normal">
          <float_array count="18" id="Right_Wing1-Normal-array">-1.0 0.0 0.0 1.0 0.0 0.0 0.0 -1.0 0.0 0.0 1.0 0.0 0.0 0.0 -1.0 0.0 0.0 1.0</float_array>
          <technique_common>
            <accessor count="6" source="#Right_Wing1-Normal-array" stride="3">
              <param name="X" type="float"/>
              <param name="Y" type="float"/>
              <param name="Z" type="float"/>
            </accessor>
          </technique_common>
        </source>
        <vertices id="Right_Wing1-Vertices">
          <input semantic="POSITION" source="#Right_Wing1-Pos"/>
        </vertices>
        <polylist count="22" material="Right_Wing1-Material">
          <input offset="0" semantic="VERTEX" source="#Right_Wing1-Vertices"/>
          <input offset="1" semantic="TEXCOORD" set="0" source="#Right_Wing1-UV"/>
          <input offset="2" semantic="NORMAL" source="#Right_Wing1-Normal"/>
          <vcount>4 4 4 4 4 4 4 4 4 4 4 4 4 4 4 4 4 4 4 4 4 4 </vcount>
          <p>0 0 0 1 1 0 2 2 0 3 3 0 4 4 0 5 5 0 6 6 0 7 7 0 8 8 0 9 9 0 10 10 0 11 11 0 12 12 1 13 13 1 14 14 1 15 15 1 16 16 1 17 17 1 18 18 1 19 19 1 20 20 1 21 21 1 22 22 1 23 23 1 24 24 2 25 25 2 26 26 2 27 27 2 28 28 2 29 29 2 30 30 2 31 31 2 32 32 2 33 33 2 34 34 2 35 35 2 36 36 2 37 37 2 38 38 2 39 39 2 40 40 3 41 41 3 42 42 3 43 43 3 44 44 3 45 45 3 46 46 3 47 47 3 48 48 3 49 49 3 50 50 3 51 51 3 52 52 3 53 53 3 54 54 3 55 55 3 56 56 3 57 57 3 58 58 3 59 59 3 60 60 4 61 61 4 62 62 4 63 63 4 64 64 4 65 65 4 66 66 4 67 67 4 68 68 4 69 69 4 70 70 4 71 71 4 72 72 5 73 73 5 74 74 5 75 75 5 76 76 5 77 77 5 78 78 5 79 79 5 80 80 5 81 81 5 82 82 5 83 83 5 84 84 5 85 85 5 86 86 5 87 87 5 </p>
        </polylist>
      </mesh>
    </geometry>
    <geometry id="Right_Wing2-Geom" name="Right_Wing2-Geom">
      <mesh>
        <source id="Right_Wing2-Pos">
          <float_array count="516" id="Right_Wing2-Pos-array">-5.5 -1.0 2.9999998 -5.5 1.0 2.9999998 -5.5 1.0 -4.0 -5.5 -1.0 -4.0 1.4999999 -1.0 4.0 1.4999999 0.0 4.0 1.4999999 0.0 2.9999998 1.4999999 -1.0 2.9999998 -2.5 0.0 -4.0 -2.5 1.0 -4.0 -2.5 1.0 -2.0 -2.5 0.0 -2.0 -0.49999985 0.0 -1.0 -0.49999985 1.0 -1.0 -0.49999985 1.0 0.0 -0.49999985 0.0 0.0 0.5000002 0.0 0.0 0.5000002 1.0 0.0 0.5000002 1.0 2.0 0.5000002 0.0 2.0 0.5000002 -1.0 -4.0 0.5000002 0.0 -4.0 0.5000002 0.0 -3.0 0.5000002 -1.0 -3.0 0.5000002 0.0 -2.0 0.5000002 1.0 -2.0 0.5000002 1.0 -1.0 0.5000002 0.0 -1.0 1.4999999 0.0 2.0 1.4999999 1.0 2.0 1.4999999 1.0 2.9999998 1.4999999 0.0 2.9999998 2.5000002 -1.0 -3.0 2.5000002 0.0 -3.0 2.5000002 0.0 -2.0 2.5000002 -1.0 -2.0 2.5000002 -1.0 0.0 2.5000002 0.0 0.0 2.5000002 0.0 1.0 2.5000002 -1.0 1.0 3.5000005 -1.0 1.0 3.5000005 0.0 1.0 3.5000005 0.0 2.0 3.5000005 -1.0 2.0 4.5000005 -1.0 -2.0 4.5000005 0.0 -2.0 4.5000005 0.0 0.0 4.5000005 -1.0 0.0 5.5 -1.0 2.0 5.5 0.0 2.0 5.5 0.0 4.0 5.5 -1.0 4.0 -5.5 -1.0 -3.0 2.5000002 -1.0 -3.0 2.5000002 -1.0 2.9999998 -5.5 -1.0 2.9999998 -5.5 -1.0 -4.0 0.5000002 -1.0 -4.0 0.5000002 -1.0 -3.0 -5.5 -1.0 -3.0 2.5000002 -1.0 2.0 5.5 -1.0 2.0 5.5 -1.0 4.0 2.5000002 -1.0 4.0 2.5000002 -1.0 -2.0 4.5000005 -1.0 -2.0 4.5000005 -1.0 0.0 2.5000002 -1.0 0.0 2.5000002 -1.0 1.0 3.5000005 -1.0 1.0 3.5000005 -1.0 2.0 2.5000002 -1.0 2.0 1.4999999 -1.0 2.9999998 2.5000002 -1.0 2.9999998 2.5000002 -1.0 4.0 1.4999999 -1.0 4.0 0.5000002 0.0 2.0 2.5000002 0.0 2.0 2.5000002 0.0 -3.0 0.5000002 0.0 -3.0 1.4999999 0.0 4.0 5.5 0.0 4.0 5.5 0.0 2.0 1.4999999 0.0 2.0 -2.5 0.0 -2.0 0.5000002 0.0 -2.0 0.5000002 0.0 -4.0 -2.5 0.0 -4.0 2.5000002 0.0 0.0 4.5000005 0.0 0.0 4.5000005 0.0 -2.0 2.5000002 0.0 -2.0 -0.49999985 0.0 0.0 0.5000002 0.0 0.0 0.5000002 0.0 -1.0 -0.49999985 0.0 -1.0 2.5000002 0.0 2.0 3.5000005 0.0 2.0 3.5000005 0.0 1.0 2.5000002 0.0 1.0 -5.5 1.0 2.9999998 -2.5 1.0 2.9999998 -2.5 1.0 -4.0 -5.5 1.0 -4.0 -2.5 1.0 2.9999998 0.5000002 1.0 2.9999998 0.5000002 1.0 0.0 -2.5 1.0 0.0 -2.5 1.0 -1.0 0.5000002 1.0 -1.0 0.5000002 1.0 -2.0 -2.5 1.0 -2.0 -2.5 1.0 0.0 -0.49999985 1.0 0.0 -0.49999985 1.0 -1.0 -2.5 1.0 -1.0 0.5000002 1.0 2.9999998 1.4999999 1.0 2.9999998 1.4999999 1.0 2.0 0.5000002 1.0 2.0 -5.5 0.0 -4.0 0.5000002 0.0 -4.0 0.5000002 -1.0 -4.0 -5.5 -1.0 -4.0 -5.5 1.0 -4.0 -2.5 1.0 -4.0 -2.5 0.0 -4.0 -5.5 0.0 -4.0 0.5000002 0.0 -3.0 2.5000002 0.0 -3.0 2.5000002 -1.0 -3.0 0.5000002 -1.0 -3.0 -2.5 1.0 -2.0 0.5000002 1.0 -2.0 0.5000002 0.0 -2.0 -2.5 0.0 -2.0 2.5000002 0.0 -2.0 4.5000005 0.0 -2.0 4.5000005 -1.0 -2.0 2.5000002 -1.0 -2.0 -0.49999985 1.0 0.0 0.5000002 1.0 0.0 0.5000002 0.0 0.0 -0.49999985 0.0 0.0 2.5000002 0.0 1.0 3.5000005 0.0 1.0 3.5000005 -1.0 1.0 2.5000002 -1.0 1.0 3.5000005 0.0 2.0 5.5 0.0 2.0 5.5 -1.0 2.0 3.5000005 -1.0 2.0 0.5000002 1.0 2.0 1.4999999 1.0 2.0 1.4999999 0.0 2.0 0.5000002 0.0 2.0 -0.49999985 0.0 -1.0 0.5000002 0.0 -1.0 0.5000002 1.0 -1.0 -0.49999985 1.0 -1.0 2.5000002 -1.0 0.0 4.5000005 -1.0 0.0 4.5000005 0.0 0.0 2.5000002 0.0 0.0 -5.5 -1.0 2.9999998 1.4999999 -1.0 2.9999998 1.4999999 1.0 2.9999998 -5.5 1.0 2.9999998 1.4999999 -1.0 4.0 5.5 -1.0 4.0 5.5 0.0 4.0 1.4999999 0.0 4.0 </float_array>
          <technique_common>
            <accessor count="172" source="#Right_Wing2-Pos-array" stride="3">
              <param name="X" type="float"/>
              <param name="Y" type="float"/>
              <param name="Z" type="float"/>
            </accessor>
          </technique_common>
        </source>
        <source id="Right_Wing2-UV">
          <float_array count="344" id="Right_Wing2-UV-array">0.0 0.78125 0.0625 0.78125 0.0625 1.0 0.0 1.0 0.0 0.96875 0.03125 0.96875 0.03125 1.0 0.0 1.0 0.0 1.0 0.03125 1.0 0.03125 0.9375 0.0 0.9375 0.0 1.0 0.03125 1.0 0.03125 0.96875 0.0 0.96875 0.0 0.71875 0.03125 0.71875 0.03125 0.65625 0.0 0.65625 0.0 1.0 0.03125 1.0 0.03125 0.96875 0.0 0.96875 0.0 1.0 0.03125 1.0 0.03125 0.96875 0.0 0.96875 0.0 1.0 0.03125 1.0 0.03125 0.96875 0.0 0.96875 0.0 1.0 0.03125 1.0 0.03125 0.96875 0.0 0.96875 0.0 1.0 0.03125 1.0 0.03125 0.96875 0.0 0.96875 0.0 1.0 0.03125 1.0 0.03125 0.96875 0.0 0.96875 0.125 1.0 0.15625 1.0 0.15625 0.9375 0.125 0.9375 0.125 1.0 0.15625 1.0 0.15625 0.9375 0.125 0.9375 0.40625 0.75 0.40625 1.0 0.59375 1.0 0.59375 0.75 0.4375 0.78125 0.4375 0.96875 0.46875 0.96875 0.46875 0.78125 0.125 0.78125 0.125 0.875 0.1875 0.875 0.1875 0.78125 0.4375 1.0 0.5 1.0 0.5 0.9375 0.4375 0.9375 0.0 1.0 0.03125 1.0 0.03125 0.96875 0.0 0.96875 0.0 1.0 0.03125 1.0 0.03125 0.96875 0.0 0.96875 0.25 0.71875 0.3125 0.71875 0.3125 0.875 0.25 0.875 0.71875 0.875 0.71875 1.0 0.65625 1.0 0.65625 0.875 0.71875 0.71875 0.71875 0.8125 0.65625 0.8125 0.65625 0.71875 0.4375 0.9375 0.5 0.9375 0.5 1.0 0.4375 1.0 0.0 0.96875 0.03125 0.96875 0.03125 1.0 0.0 1.0 0.0 0.96875 0.03125 0.96875 0.03125 1.0 0.0 1.0 0.0 0.375 0.09375 0.375 0.09375 0.59375 0.0 0.59375 0.15625 0.5 0.25 0.5 0.25 0.59375 0.15625 0.59375 0.46875 0.84375 0.46875 0.9375 0.4375 0.9375 0.4375 0.84375 0.03125 0.9375 0.03125 1.0 0.0 1.0 0.0 0.9375 0.0 0.96875 0.03125 0.96875 0.03125 1.0 0.0 1.0 0.46875 0.78125 0.46875 0.96875 0.4375 0.96875 0.4375 0.78125 0.03125 0.90625 0.03125 1.0 0.0 1.0 0.0 0.90625 0.03125 0.9375 0.03125 1.0 0.0 1.0 0.0 0.9375 0.46875 0.84375 0.46875 0.9375 0.4375 0.9375 0.4375 0.84375 0.03125 0.9375 0.03125 1.0 0.0 1.0 0.0 0.9375 0.4375 0.875 0.46875 0.875 0.46875 0.90625 0.4375 0.90625 0.0 0.96875 0.03125 0.96875 0.03125 1.0 0.0 1.0 0.03125 0.9375 0.03125 1.0 0.0 1.0 0.0 0.9375 0.0 0.96875 0.03125 0.96875 0.03125 1.0 0.0 1.0 0.0 1.0 0.03125 1.0 0.03125 0.96875 0.0 0.96875 0.46875 0.90625 0.46875 0.96875 0.5 0.96875 0.5 0.90625 0.0 0.78125 0.0 1.0 0.0625 1.0 0.0625 0.78125 0.6875 0.875 0.6875 1.0 0.71875 1.0 0.71875 0.875 </float_array>
          <technique_common>
            <accessor count="172" source="#Right_Wing2-UV-array" stride="2">
              <param name="S" type="float"/>
              <param name="T" type="float"/>
            </accessor>
          </technique_common>
        </source>
        <source id="Right_Wing2-Normal">
          <float_array count="18" id="Right_Wing2-Normal-array">-1.0 0.0 0.0 1.0 0.0 0.0 0.0 -1.0 0.0 0.0 1.0 0.0 0.0 0.0 -1.0 0.0 0.0 1.0</float_array>
          <technique_common>
            <accessor count="6" source="#Right_Wing2-Normal-array" stride="3">
              <param name="X" type="float"/>
              <param name="Y" type="float"/>
              <param name="Z" type="float"/>
            </accessor>
          </technique_common>
        </source>
        <vertices id="Right_Wing2-Vertices">
          <input semantic="POSITION" source="#Right_Wing2-Pos"/>
        </vertices>
        <polylist count="43" material="Right_Wing2-Material">
          <input offset="0" semantic="VERTEX" source="#Right_Wing2-Vertices"/>
          <input offset="1" semantic="TEXCOORD" set="0" source="#Right_Wing2-UV"/>
          <input offset="2" semantic="NORMAL" source="#Right_Wing2-Normal"/>
          <vcount>4 4 4 4 4 4 4 4 4 4 4 4 4 4 4 4 4 4 4 4 4 4 4 4 4 4 4 4 4 4 4 4 4 4 4 4 4 4 4 4 4 4 4 </vcount>
          <p>0 0 0 1 1 0 2 2 0 3 3 0 4 4 0 5 5 0 6 6 0 7 7 0 8 8 1 9 9 1 10 10 1 11 11 1 12 12 1 13 13 1 14 14 1 15 15 1 16 16 1 17 17 1 18 18 1 19 19 1 20 20 1 21 21 1 22 22 1 23 23 1 24 24 1 25 25 1 26 26 1 27 27 1 28 28 1 29 29 1 30 30 1 31 31 1 32 32 1 33 33 1 34 34 1 35 35 1 36 36 1 37 37 1 38 38 1 39 39 1 40 40 1 41 41 1 42 42 1 43 43 1 44 44 1 45 45 1 46 46 1 47 47 1 48 48 1 49 49 1 50 50 1 51 51 1 52 52 2 53 53 2 54 54 2 55 55 2 56 56 2 57 57 2 58 58 2 59 59 2 60 60 2 61 61 2 62 62 2 63 63 2 64 64 2 65 65 2 66 66 2 67 67 2 68 68 2 69 69 2 70 70 2 71 71 2 72 72 2 73 73 2 74 74 2 75 75 2 76 76 3 77 77 3 78 78 3 79 79 3 80 80 3 81 81 3 82 82 3 83 83 3 84 84 3 85 85 3 86 86 3 87 87 3 88 88 3 89 89 3 90 90 3 91 91 3 92 92 3 93 93 3 94 94 3 95 95 3 96 96 3 97 97 3 98 98 3 99 99 3 100 100 3 101 101 3 102 102 3 103 103 3 104 104 3 105 105 3 106 106 3 107 107 3 108 108 3 109 109 3 110 110 3 111 111 3 112 112 3 113 113 3 114 114 3 115 115 3 116 116 3 117 117 3 118 118 3 119 119 3 120 120 4 121 121 4 122 122 4 123 123 4 124 124 4 125 125 4 126 126 4 127 127 4 128 128 4 129 129 4 130 130 4 131 131 4 132 132 4 133 133 4 134 134 4 135 135 4 136 136 4 137 137 4 138 138 4 139 139 4 140 140 4 141 141 4 142 142 4 143 143 4 144 144 4 145 145 4 146 146 4 147 147 4 148 148 4 149 149 4 150 150 4 151 151 4 152 152 4 153 153 4 154 154 4 155 155 4 156 156 5 157 157 5 158 158 5 159 159 5 160 160 5 161 161 5 162 162 5 163 163 5 164 164 5 165 165 5 166 166 5 167 167 5 168 168 5 169 169 5 170 170 5 171 171 5 </p>
        </polylist>
      </mesh>
    </geometry>
    <geometry id="Left_Wing1-Geom" name="Left_Wing1-Geom">
      <mesh>
        <source id="Left_Wing1-Pos">
          <float_array count="264" id="Left_Wing1-Pos-array">-4.5 -1.0 3.5 -4.5 1.0 3.5 -4.5 1.0 -4.5 -4.5 -1.0 -4.5 -2.5 -1.0 4.5 -2.5 0.0 4.5 -2.5 0.0 3.5 -2.5 -1.0 3.5 -1.4999999 0.0 4.5 -1.4999999 1.0 4.5 -1.4999999 1.0 3.5 -1.4999999 0.0 3.5 -0.49999997 -1.0 -4.5 -0.49999997 1.0 -4.5 -0.49999997 1.0 -1.4999999 -0.49999997 -1.0 -1.4999999 2.5 -1.0 -1.4999999 2.5 1.0 -1.4999999 2.5 1.0 0.50000024 2.5 -1.0 0.50000024 4.5 -1.0 0.50000024 4.5 1.0 0.50000024 4.5 1.0 4.5 4.5 -1.0 4.5 -4.5 -1.0 -1.4999999 2.5 -1.0 -1.4999999 2.5 -1.0 3.5 -4.5 -1.0 3.5 -4.5 -1.0 -4.5 -0.49999997 -1.0 -4.5 -0.49999997 -1.0 -1.4999999 -4.5 -1.0 -1.4999999 2.5 -1.0 0.50000024 4.5 -1.0 0.50000024 4.5 -1.0 4.5 2.5 -1.0 4.5 -2.5 -1.0 3.5 2.5 -1.0 3.5 2.5 -1.0 4.5 -2.5 -1.0 4.5 -2.5 0.0 4.5 -1.4999999 0.0 4.5 -1.4999999 0.0 3.5 -2.5 0.0 3.5 -4.5 1.0 3.5 2.5 1.0 3.5 2.5 1.0 -1.4999999 -4.5 1.0 -1.4999999 -4.5 1.0 -1.4999999 -0.49999997 1.0 -1.4999999 -0.49999997 1.0 -4.5 -4.5 1.0 -4.5 2.5 1.0 4.5 4.5 1.0 4.5 4.5 1.0 0.50000024 2.5 1.0 0.50000024 -1.4999999 1.0 4.5 2.5 1.0 4.5 2.5 1.0 3.5 -1.4999999 1.0 3.5 -4.5 1.0 -4.5 -0.49999997 1.0 -4.5 -0.49999997 -1.0 -4.5 -4.5 -1.0 -4.5 -0.49999997 1.0 -1.4999999 2.5 1.0 -1.4999999 2.5 -1.0 -1.4999999 -0.49999997 -1.0 -1.4999999 2.5 1.0 0.50000024 4.5 1.0 0.50000024 4.5 -1.0 0.50000024 2.5 -1.0 0.50000024 -4.5 -1.0 3.5 -2.5 -1.0 3.5 -2.5 1.0 3.5 -4.5 1.0 3.5 -2.5 0.0 3.5 -1.4999999 0.0 3.5 -1.4999999 1.0 3.5 -2.5 1.0 3.5 -1.4999999 -1.0 4.5 4.5 -1.0 4.5 4.5 1.0 4.5 -1.4999999 1.0 4.5 -2.5 -1.0 4.5 -1.4999999 -1.0 4.5 -1.4999999 0.0 4.5 -2.5 0.0 4.5 </float_array>
          <technique_common>
            <accessor count="88" source="#Left_Wing1-Pos-array" stride="3">
              <param name="X" type="float"/>
              <param name="Y" type="float"/>
              <param name="Z" type="float"/>
            </accessor>
          </technique_common>
        </source>
        <source id="Left_Wing1-UV">
          <float_array count="176" id="Left_Wing1-UV-array">0.0 0.75 0.0625 0.75 0.0625 1.0 0.0 1.0 0.0 0.96875 0.03125 0.96875 0.03125 1.0 0.0 1.0 0.0 0.96875 0.03125 0.96875 0.03125 1.0 0.0 1.0 0.125 1.0 0.1875 1.0 0.1875 0.90625 0.125 0.90625 0.0 1.0 0.0625 1.0 0.0625 0.9375 0.0 0.9375 0.125 0.84375 0.1875 0.84375 0.1875 0.71875 0.125 0.71875 0.34375 0.78125 0.34375 1.0 0.5 1.0 0.5 0.78125 0.0 0.53125 0.0 0.65625 0.09375 0.65625 0.09375 0.53125 0.0 0.65625 0.0625 0.65625 0.0625 0.53125 0.0 0.53125 0.03125 0.84375 0.03125 1.0 0.0625 1.0 0.0625 0.84375 0.0 0.96875 0.03125 0.96875 0.03125 1.0 0.0 1.0 0.5 0.4375 0.5 0.65625 0.34375 0.65625 0.34375 0.4375 0.25 0.53125 0.25 0.65625 0.15625 0.65625 0.15625 0.53125 0.5625 0.875 0.625 0.875 0.625 1.0 0.5625 1.0 0.28125 0.71875 0.28125 0.84375 0.25 0.84375 0.25 0.71875 0.5 0.8125 0.5 0.9375 0.4375 0.9375 0.4375 0.8125 0.5 0.875 0.5 0.96875 0.4375 0.96875 0.4375 0.875 0.0 0.875 0.0625 0.875 0.0625 0.9375 0.0 0.9375 0.0 1.0 0.0625 1.0 0.0625 0.9375 0.0 0.9375 0.03125 0.84375 0.0625 0.84375 0.0625 0.8125 0.03125 0.8125 0.40625 0.46875 0.40625 0.65625 0.46875 0.65625 0.46875 0.46875 0.0 1.0 0.03125 1.0 0.03125 0.96875 0.0 0.96875 </float_array>
          <technique_common>
            <accessor count="88" source="#Left_Wing1-UV-array" stride="2">
              <param name="S" type="float"/>
              <param name="T" type="float"/>
            </accessor>
          </technique_common>
        </source>
        <source id="Left_Wing1-Normal">
          <float_array count="18" id="Left_Wing1-Normal-array">-1.0 0.0 0.0 1.0 0.0 0.0 0.0 -1.0 0.0 0.0 1.0 0.0 0.0 0.0 -1.0 0.0 0.0 1.0</float_array>
          <technique_common>
            <accessor count="6" source="#Left_Wing1-Normal-array" stride="3">
              <param name="X" type="float"/>
              <param name="Y" type="float"/>
              <param name="Z" type="float"/>
            </accessor>
          </technique_common>
        </source>
        <vertices id="Left_Wing1-Vertices">
          <input semantic="POSITION" source="#Left_Wing1-Pos"/>
        </vertices>
        <polylist count="22" material="Left_Wing1-Material">
          <input offset="0" semantic="VERTEX" source="#Left_Wing1-Vertices"/>
          <input offset="1" semantic="TEXCOORD" set="0" source="#Left_Wing1-UV"/>
          <input offset="2" semantic="NORMAL" source="#Left_Wing1-Normal"/>
          <vcount>4 4 4 4 4 4 4 4 4 4 4 4 4 4 4 4 4 4 4 4 4 4 </vcount>
          <p>0 0 0 1 1 0 2 2 0 3 3 0 4 4 0 5 5 0 6 6 0 7 7 0 8 8 0 9 9 0 10 10 0 11 11 0 12 12 1 13 13 1 14 14 1 15 15 1 16 16 1 17 17 1 18 18 1 19 19 1 20 20 1 21 21 1 22 22 1 23 23 1 24 24 2 25 25 2 26 26 2 27 27 2 28 28 2 29 29 2 30 30 2 31 31 2 32 32 2 33 33 2 34 34 2 35 35 2 36 36 2 37 37 2 38 38 2 39 39 2 40 40 3 41 41 3 42 42 3 43 43 3 44 44 3 45 45 3 46 46 3 47 47 3 48 48 3 49 49 3 50 50 3 51 51 3 52 52 3 53 53 3 54 54 3 55 55 3 56 56 3 57 57 3 58 58 3 59 59 3 60 60 4 61 61 4 62 62 4 63 63 4 64 64 4 65 65 4 66 66 4 67 67 4 68 68 4 69 69 4 70 70 4 71 71 4 72 72 5 73 73 5 74 74 5 75 75 5 76 76 5 77 77 5 78 78 5 79 79 5 80 80 5 81 81 5 82 82 5 83 83 5 84 84 5 85 85 5 86 86 5 87 87 5 </p>
        </polylist>
      </mesh>
    </geometry>
    <geometry id="Left_Wing2-Geom" name="Left_Wing2-Geom">
      <mesh>
        <source id="Left_Wing2-Pos">
          <float_array count="528" id="Left_Wing2-Pos-array">-5.5 -1.0 4.0 -5.5 0.0 4.0 -5.5 0.0 2.0 -5.5 -1.0 2.0 -4.5 -1.0 0.0 -4.5 0.0 0.0 -4.5 0.0 -2.0 -4.5 -1.0 -2.0 -3.5 -1.0 2.0 -3.5 0.0 2.0 -3.5 0.0 1.0 -3.5 -1.0 1.0 -2.5 -1.0 -2.0 -2.5 0.0 -2.0 -2.5 0.0 -3.0 -2.5 -1.0 -3.0 -2.5 -1.0 1.0 -2.5 0.0 1.0 -2.5 0.0 0.0 -2.5 -1.0 0.0 -1.4999999 0.0 2.9999998 -1.4999999 1.0 2.9999998 -1.4999999 1.0 2.0 -1.4999999 0.0 2.0 -0.49999985 0.0 2.0 -0.49999985 1.0 2.0 -0.49999985 1.0 0.0 -0.49999985 0.0 0.0 -0.49999985 -1.0 -3.0 -0.49999985 0.0 -3.0 -0.49999985 0.0 -4.0 -0.49999985 -1.0 -4.0 -0.49999985 0.0 -1.0 -0.49999985 1.0 -1.0 -0.49999985 1.0 -2.0 -0.49999985 0.0 -2.0 0.5000002 0.0 0.0 0.5000002 1.0 0.0 0.5000002 1.0 -1.0 0.5000002 0.0 -1.0 2.5000002 0.0 -2.0 2.5000002 1.0 -2.0 2.5000002 1.0 -4.0 2.5000002 0.0 -4.0 -1.4999999 -1.0 2.9999998 -1.4999999 0.0 2.9999998 -1.4999999 0.0 4.0 -1.4999999 -1.0 4.0 5.5 -1.0 -4.0 5.5 1.0 -4.0 5.5 1.0 2.9999998 5.5 -1.0 2.9999998 -2.5 -1.0 -3.0 5.5 -1.0 -3.0 5.5 -1.0 2.9999998 -2.5 -1.0 2.9999998 -0.49999985 -1.0 -4.0 5.5 -1.0 -4.0 5.5 -1.0 -3.0 -0.49999985 -1.0 -3.0 -5.5 -1.0 2.0 -2.5 -1.0 2.0 -2.5 -1.0 4.0 -5.5 -1.0 4.0 -4.5 -1.0 -2.0 -2.5 -1.0 -2.0 -2.5 -1.0 0.0 -4.5 -1.0 0.0 -3.5 -1.0 1.0 -2.5 -1.0 1.0 -2.5 -1.0 2.0 -3.5 -1.0 2.0 -2.5 -1.0 2.9999998 -1.4999999 -1.0 2.9999998 -1.4999999 -1.0 4.0 -2.5 -1.0 4.0 -4.5 0.0 0.0 -0.49999985 0.0 0.0 -0.49999985 0.0 -2.0 -4.5 0.0 -2.0 -5.5 0.0 4.0 -1.4999999 0.0 4.0 -1.4999999 0.0 2.0 -5.5 0.0 2.0 -0.49999985 0.0 -2.0 2.5000002 0.0 -2.0 2.5000002 0.0 -4.0 -0.49999985 0.0 -4.0 -2.5 0.0 2.0 -0.49999985 0.0 2.0 -0.49999985 0.0 0.0 -2.5 0.0 0.0 -2.5 0.0 -2.0 -0.49999985 0.0 -2.0 -0.49999985 0.0 -3.0 -2.5 0.0 -3.0 -0.49999985 0.0 0.0 0.5000002 0.0 0.0 0.5000002 0.0 -1.0 -0.49999985 0.0 -1.0 -3.5 0.0 2.0 -2.5 0.0 2.0 -2.5 0.0 1.0 -3.5 0.0 1.0 0.5000002 1.0 2.9999998 5.5 1.0 2.9999998 5.5 1.0 -2.0 0.5000002 1.0 -2.0 2.5000002 1.0 -2.0 5.5 1.0 -2.0 5.5 1.0 -4.0 2.5000002 1.0 -4.0 -0.49999985 1.0 2.9999998 0.5000002 1.0 2.9999998 0.5000002 1.0 0.0 -0.49999985 1.0 0.0 -0.49999985 1.0 -1.0 0.5000002 1.0 -1.0 0.5000002 1.0 -2.0 -0.49999985 1.0 -2.0 -1.4999999 1.0 2.9999998 -0.49999985 1.0 2.9999998 -0.49999985 1.0 2.0 -1.4999999 1.0 2.0 -0.49999985 0.0 -4.0 5.5 0.0 -4.0 5.5 -1.0 -4.0 -0.49999985 -1.0 -4.0 2.5000002 1.0 -4.0 5.5 1.0 -4.0 5.5 0.0 -4.0 2.5000002 0.0 -4.0 -2.5 0.0 -3.0 -0.49999985 0.0 -3.0 -0.49999985 -1.0 -3.0 -2.5 -1.0 -3.0 -0.49999985 1.0 -2.0 2.5000002 1.0 -2.0 2.5000002 0.0 -2.0 -0.49999985 0.0 -2.0 -4.5 0.0 -2.0 -2.5 0.0 -2.0 -2.5 -1.0 -2.0 -4.5 -1.0 -2.0 -0.49999985 1.0 0.0 0.5000002 1.0 0.0 0.5000002 0.0 0.0 -0.49999985 0.0 0.0 -3.5 0.0 1.0 -2.5 0.0 1.0 -2.5 -1.0 1.0 -3.5 -1.0 1.0 -5.5 0.0 2.0 -3.5 0.0 2.0 -3.5 -1.0 2.0 -5.5 -1.0 2.0 -1.4999999 1.0 2.0 -0.49999985 1.0 2.0 -0.49999985 0.0 2.0 -1.4999999 0.0 2.0 -0.49999985 0.0 -1.0 0.5000002 0.0 -1.0 0.5000002 1.0 -1.0 -0.49999985 1.0 -1.0 -4.5 -1.0 0.0 -2.5 -1.0 0.0 -2.5 0.0 0.0 -4.5 0.0 0.0 -1.4999999 -1.0 2.9999998 5.5 -1.0 2.9999998 5.5 1.0 2.9999998 -1.4999999 1.0 2.9999998 -5.5 -1.0 4.0 -1.4999999 -1.0 4.0 -1.4999999 0.0 4.0 -5.5 0.0 4.0 </float_array>
          <technique_common>
            <accessor count="176" source="#Left_Wing2-Pos-array" stride="3">
              <param name="X" type="float"/>
              <param name="Y" type="float"/>
              <param name="Z" type="float"/>
            </accessor>
          </technique_common>
        </source>
        <source id="Left_Wing2-UV">
          <float_array count="352" id="Left_Wing2-UV-array">0.0 0.9375 0.03125 0.9375 0.03125 1.0 0.0 1.0 0.0 0.9375 0.03125 0.9375 0.03125 1.0 0.0 1.0 0.0 0.96875 0.03125 0.96875 0.03125 1.0 0.0 1.0 0.0 0.96875 0.03125 0.96875 0.03125 1.0 0.0 1.0 0.0 0.96875 0.03125 0.96875 0.03125 1.0 0.0 1.0 0.0 0.96875 0.03125 0.96875 0.03125 1.0 0.0 1.0 0.0 0.8125 0.03125 0.8125 0.03125 0.875 0.0 0.875 0.0 0.96875 0.03125 0.96875 0.03125 1.0 0.0 1.0 0.0 0.96875 0.03125 0.96875 0.03125 1.0 0.0 1.0 0.0 0.96875 0.03125 0.96875 0.03125 1.0 0.0 1.0 0.0 0.6875 0.03125 0.6875 0.03125 0.75 0.0 0.75 0.0 1.0 0.03125 1.0 0.03125 0.96875 0.0 0.96875 0.09375 1.0 0.15625 1.0 0.15625 0.78125 0.09375 0.78125 0.40625 0.75 0.40625 1.0 0.59375 1.0 0.59375 0.75 0.4375 0.78125 0.4375 0.96875 0.46875 0.96875 0.46875 0.78125 0.21875 0.90625 0.21875 1.0 0.28125 1.0 0.28125 0.90625 0.09375 0.71875 0.15625 0.71875 0.15625 0.65625 0.09375 0.65625 0.0 1.0 0.03125 1.0 0.03125 0.96875 0.0 0.96875 0.0 1.0 0.03125 1.0 0.03125 0.96875 0.0 0.96875 0.28125 0.71875 0.28125 0.84375 0.21875 0.84375 0.21875 0.71875 0.71875 0.875 0.71875 1.0 0.65625 1.0 0.65625 0.875 0.71875 0.71875 0.71875 0.8125 0.65625 0.8125 0.65625 0.71875 0.09375 0.9375 0.15625 0.9375 0.15625 1.0 0.09375 1.0 0.125 0.9375 0.125 1.0 0.09375 1.0 0.09375 0.9375 0.0 0.96875 0.03125 0.96875 0.03125 1.0 0.0 1.0 0.0 0.96875 0.03125 0.96875 0.03125 1.0 0.0 1.0 0.0 0.4375 0.15625 0.4375 0.15625 0.59375 0.0 0.59375 0.15625 0.90625 0.15625 1.0 0.09375 1.0 0.09375 0.90625 0.4375 0.78125 0.46875 0.78125 0.46875 0.875 0.4375 0.875 0.0 0.96875 0.03125 0.96875 0.03125 1.0 0.0 1.0 0.0 0.96875 0.03125 0.96875 0.03125 1.0 0.0 1.0 0.46875 0.78125 0.46875 0.96875 0.4375 0.96875 0.4375 0.78125 0.125 0.90625 0.125 1.0 0.09375 1.0 0.09375 0.90625 0.125 0.9375 0.125 1.0 0.09375 1.0 0.09375 0.9375 0.53125 0.875 0.53125 0.96875 0.5 0.96875 0.5 0.875 0.125 0.9375 0.125 1.0 0.09375 1.0 0.09375 0.9375 0.4375 0.875 0.46875 0.875 0.46875 0.90625 0.4375 0.90625 0.0 0.96875 0.03125 0.96875 0.03125 1.0 0.0 1.0 0.125 0.9375 0.125 1.0 0.09375 1.0 0.09375 0.9375 0.0 0.96875 0.03125 0.96875 0.03125 1.0 0.0 1.0 0.0 1.0 0.03125 1.0 0.03125 0.96875 0.0 0.96875 0.0 0.9375 0.0 1.0 0.03125 1.0 0.03125 0.9375 0.09375 0.78125 0.09375 1.0 0.15625 1.0 0.15625 0.78125 0.6875 0.875 0.6875 1.0 0.71875 1.0 0.71875 0.875 </float_array>
          <technique_common>
            <accessor count="176" source="#Left_Wing2-UV-array" stride="2">
              <param name="S" type="float"/>
              <param name="T" type="float"/>
            </accessor>
          </technique_common>
        </source>
        <source id="Left_Wing2-Normal">
          <float_array count="18" id="Left_Wing2-Normal-array">-1.0 0.0 0.0 1.0 0.0 0.0 0.0 -1.0 0.0 0.0 1.0 0.0 0.0 0.0 -1.0 0.0 0.0 1.0</float_array>
          <technique_common>
            <accessor count="6" source="#Left_Wing2-Normal-array" stride="3">
              <param name="X" type="float"/>
              <param name="Y" type="float"/>
              <param name="Z" type="float"/>
            </accessor>
          </technique_common>
        </source>
        <vertices id="Left_Wing2-Vertices">
          <input semantic="POSITION" source="#Left_Wing2-Pos"/>
        </vertices>
        <polylist count="44" material="Left_Wing2-Material">
          <input offset="0" semantic="VERTEX" source="#Left_Wing2-Vertices"/>
          <input offset="1" semantic="TEXCOORD" set="0" source="#Left_Wing2-UV"/>
          <input offset="2" semantic="NORMAL" source="#Left_Wing2-Normal"/>
          <vcount>4 4 4 4 4 4 4 4 4 4 4 4 4 4 4 4 4 4 4 4 4 4 4 4 4 4 4 4 4 4 4 4 4 4 4 4 4 4 4 4 4 4 4 4 </vcount>
          <p>0 0 0 1 1 0 2 2 0 3 3 0 4 4 0 5 5 0 6 6 0 7 7 0 8 8 0 9 9 0 10 10 0 11 11 0 12 12 0 13 13 0 14 14 0 15 15 0 16 16 0 17 17 0 18 18 0 19 19 0 20 20 0 21 21 0 22 22 0 23 23 0 24 24 0 25 25 0 26 26 0 27 27 0 28 28 0 29 29 0 30 30 0 31 31 0 32 32 0 33 33 0 34 34 0 35 35 0 36 36 0 37 37 0 38 38 0 39 39 0 40 40 0 41 41 0 42 42 0 43 43 0 44 44 1 45 45 1 46 46 1 47 47 1 48 48 1 49 49 1 50 50 1 51 51 1 52 52 2 53 53 2 54 54 2 55 55 2 56 56 2 57 57 2 58 58 2 59 59 2 60 60 2 61 61 2 62 62 2 63 63 2 64 64 2 65 65 2 66 66 2 67 67 2 68 68 2 69 69 2 70 70 2 71 71 2 72 72 2 73 73 2 74 74 2 75 75 2 76 76 3 77 77 3 78 78 3 79 79 3 80 80 3 81 81 3 82 82 3 83 83 3 84 84 3 85 85 3 86 86 3 87 87 3 88 88 3 89 89 3 90 90 3 91 91 3 92 92 3 93 93 3 94 94 3 95 95 3 96 96 3 97 97 3 98 98 3 99 99 3 100 100 3 101 101 3 102 102 3 103 103 3 104 104 3 105 105 3 106 106 3 107 107 3 108 108 3 109 109 3 110 110 3 111 111 3 112 112 3 113 113 3 114 114 3 115 115 3 116 116 3 117 117 3 118 118 3 119 119 3 120 120 3 121 121 3 122 122 3 123 123 3 124 124 4 125 125 4 126 126 4 127 127 4 128 128 4 129 129 4 130 130 4 131 131 4 132 132 4 133 133 4 134 134 4 135 135 4 136 136 4 137 137 4 138 138 4 139 139 4 140 140 4 141 141 4 142 142 4 143 143 4 144 144 4 145 145 4 146 146 4 147 147 4 148 148 4 149 149 4 150 150 4 151 151 4 152 152 4 153 153 4 154 154 4 155 155 4 156 156 4 157 157 4 158 158 4 159 159 4 160 160 5 161 161 5 162 162 5 163 163 5 164 164 5 165 165 5 166 166 5 167 167 5 168 168 5 169 169 5 170 170 5 171 171 5 172 172 5 173 173 5 174 174 5 175 175 5 </p>
        </polylist>
      </mesh>
    </geometry>
    <geometry id="RIght_Claw-Geom" name="RIght_Claw-Geom">
      <mesh>
        <source id="RIght_Claw-Pos">
          <float_array count="228" id="RIght_Claw-Pos-array">-1.4999999 -2.5 2.0 -1.4999999 -1.5 2.0 -1.4999999 -1.5 -2.0 -1.4999999 -2.5 -2.0 -0.5 -1.5 -1.0 -0.5 2.5 -1.0 -0.5 2.5 -2.0 -0.5 -1.5 -2.0 0.4999999 -2.5 2.0 0.4999999 -1.5 2.0 0.4999999 -1.5 0.0 0.4999999 -2.5 0.0 -0.5 -2.5 0.0 -0.5 -1.5 0.0 -0.5 -1.5 2.0 -0.5 -2.5 2.0 0.4999999 -1.5 -2.0 0.4999999 2.5 -2.0 0.4999999 2.5 -1.0 0.4999999 -1.5 -1.0 1.4999999 -2.5 -2.0 1.4999999 -1.5 -2.0 1.4999999 -1.5 2.0 1.4999999 -2.5 2.0 -1.4999999 -2.5 -2.0 1.4999999 -2.5 -2.0 1.4999999 -2.5 0.0 -1.4999999 -2.5 0.0 -1.4999999 -2.5 0.0 -0.5 -2.5 0.0 -0.5 -2.5 2.0 -1.4999999 -2.5 2.0 0.4999999 -2.5 0.0 1.4999999 -2.5 0.0 1.4999999 -2.5 2.0 0.4999999 -2.5 2.0 -1.4999999 -1.5 2.0 -0.5 -1.5 2.0 -0.5 -1.5 -2.0 -1.4999999 -1.5 -2.0 0.4999999 -1.5 2.0 1.4999999 -1.5 2.0 1.4999999 -1.5 -2.0 0.4999999 -1.5 -2.0 -0.5 -1.5 0.0 0.4999999 -1.5 0.0 0.4999999 -1.5 -1.0 -0.5 -1.5 -1.0 -0.5 2.5 -1.0 0.4999999 2.5 -1.0 0.4999999 2.5 -2.0 -0.5 2.5 -2.0 -0.5 2.5 -2.0 0.4999999 2.5 -2.0 0.4999999 -1.5 -2.0 -0.5 -1.5 -2.0 -1.4999999 -1.5 -2.0 1.4999999 -1.5 -2.0 1.4999999 -2.5 -2.0 -1.4999999 -2.5 -2.0 -0.5 -1.5 -1.0 0.4999999 -1.5 -1.0 0.4999999 2.5 -1.0 -0.5 2.5 -1.0 -0.5 -2.5 0.0 0.4999999 -2.5 0.0 0.4999999 -1.5 0.0 -0.5 -1.5 0.0 -1.4999999 -2.5 2.0 -0.5 -2.5 2.0 -0.5 -1.5 2.0 -1.4999999 -1.5 2.0 0.4999999 -2.5 2.0 1.4999999 -2.5 2.0 1.4999999 -1.5 2.0 0.4999999 -1.5 2.0 </float_array>
          <technique_common>
            <accessor count="76" source="#RIght_Claw-Pos-array" stride="3">
              <param name="X" type="float"/>
              <param name="Y" type="float"/>
              <param name="Z" type="float"/>
            </accessor>
          </technique_common>
        </source>
        <source id="RIght_Claw-UV">
          <float_array count="152" id="RIght_Claw-UV-array">0.0 0.75 0.0625 0.75 0.0625 1.0 0.0 1.0 0.25 0.75 0.25 1.0 0.1875 1.0 0.1875 0.75 0.0 0.75 0.0625 0.75 0.0625 0.875 0.0 0.875 0.0 0.875 0.0625 0.875 0.0625 0.75 0.0 0.75 0.4375 0.75 0.4375 1.0 0.5 1.0 0.5 0.75 0.0 1.0 0.0625 1.0 0.0625 0.75 0.0 0.75 0.625 0.8125 0.625 1.0 0.75 1.0 0.75 0.8125 0.0 0.875 0.0625 0.875 0.0625 0.75 0.0 0.75 0.0 0.875 0.0625 0.875 0.0625 0.75 0.0 0.75 0.0 0.75 0.0625 0.75 0.0625 1.0 0.0 1.0 0.0 0.75 0.0625 0.75 0.0625 1.0 0.0 1.0 0.0 0.875 0.0625 0.875 0.0625 0.9375 0.0 0.9375 0.1875 0.9375 0.25 0.9375 0.25 1.0 0.1875 1.0 0.0 0.3125 0.0625 0.3125 0.0625 0.5625 0.0 0.5625 0.0625 0.8125 0.0625 1.0 0.0 1.0 0.0 0.8125 0.0 0.5625 0.0625 0.5625 0.0625 0.3125 0.0 0.3125 0.0 0.9375 0.0625 0.9375 0.0625 0.875 0.0 0.875 0.0 0.8125 0.0625 0.8125 0.0625 0.75 0.0 0.75 0.0 0.8125 0.0625 0.8125 0.0625 0.75 0.0 0.75 </float_array>
          <technique_common>
            <accessor count="76" source="#RIght_Claw-UV-array" stride="2">
              <param name="S" type="float"/>
              <param name="T" type="float"/>
            </accessor>
          </technique_common>
        </source>
        <source id="RIght_Claw-Normal">
          <float_array count="18" id="RIght_Claw-Normal-array">-1.0 0.0 0.0 1.0 0.0 0.0 0.0 -1.0 0.0 0.0 1.0 0.0 0.0 0.0 -1.0 0.0 0.0 1.0</float_array>
          <technique_common>
            <accessor count="6" source="#RIght_Claw-Normal-array" stride="3">
              <param name="X" type="float"/>
              <param name="Y" type="float"/>
              <param name="Z" type="float"/>
            </accessor>
          </technique_common>
        </source>
        <vertices id="RIght_Claw-Vertices">
          <input semantic="POSITION" source="#RIght_Claw-Pos"/>
        </vertices>
        <polylist count="19" material="RIght_Claw-Material">
          <input offset="0" semantic="VERTEX" source="#RIght_Claw-Vertices"/>
          <input offset="1" semantic="TEXCOORD" set="0" source="#RIght_Claw-UV"/>
          <input offset="2" semantic="NORMAL" source="#RIght_Claw-Normal"/>
          <vcount>4 4 4 4 4 4 4 4 4 4 4 4 4 4 4 4 4 4 4 </vcount>
          <p>0 0 0 1 1 0 2 2 0 3 3 0 4 4 0 5 5 0 6 6 0 7 7 0 8 8 0 9 9 0 10 10 0 11 11 0 12 12 1 13 13 1 14 14 1 15 15 1 16 16 1 17 17 1 18 18 1 19 19 1 20 20 1 21 21 1 22 22 1 23 23 1 24 24 2 25 25 2 26 26 2 27 27 2 28 28 2 29 29 2 30 30 2 31 31 2 32 32 2 33 33 2 34 34 2 35 35 2 36 36 3 37 37 3 38 38 3 39 39 3 40 40 3 41 41 3 42 42 3 43 43 3 44 44 3 45 45 3 46 46 3 47 47 3 48 48 3 49 49 3 50 50 3 51 51 3 52 52 4 53 53 4 54 54 4 55 55 4 56 56 4 57 57 4 58 58 4 59 59 4 60 60 5 61 61 5 62 62 5 63 63 5 64 64 5 65 65 5 66 66 5 67 67 5 68 68 5 69 69 5 70 70 5 71 71 5 72 72 5 73 73 5 74 74 5 75 75 5 </p>
        </polylist>
      </mesh>
    </geometry>
    <geometry id="Tail1-Geom" name="Tail1-Geom">
      <mesh>
        <source id="Tail1-Pos">
          <float_array count="876" id="Tail1-Pos-array">-5.0 -1.0 -0.5000001 -5.0 0.0 -0.5000001 -5.0 0.0 -2.5 -5.0 -1.0 -2.5 -4.0 -1.0 1.5 -4.0 0.0 1.5 -4.0 0.0 -0.5000001 -4.0 -1.0 -0.5000001 -3.0 0.0 1.5 -3.0 1.0 1.5 -3.0 1.0 -1.5 -3.0 0.0 -1.5 -3.0 -1.0 -1.5 -3.0 0.0 -1.5 -3.0 0.0 -3.5000002 -3.0 -1.0 -3.5000002 -3.0 -1.0 2.4999998 -3.0 0.0 2.4999998 -3.0 0.0 1.5 -3.0 -1.0 1.5 -1.9999999 -1.0 4.5 -1.9999999 1.0 4.5 -1.9999999 1.0 2.4999998 -1.9999999 -1.0 2.4999998 -1.9999999 0.0 2.4999998 -1.9999999 1.0 2.4999998 -1.9999999 1.0 1.5 -1.9999999 0.0 1.5 -0.99999994 -1.0 -2.5 -0.99999994 0.0 -2.5 -0.99999994 0.0 -4.5 -0.99999994 -1.0 -4.5 -0.99999994 0.0 -0.5000001 -0.99999994 1.0 -0.5000001 -0.99999994 1.0 -2.5 -0.99999994 0.0 -2.5 1.9999999 -1.0 -2.5 1.9999999 0.0 -2.5 1.9999999 0.0 -3.5000002 1.9999999 -1.0 -3.5000002 1.9999999 0.0 -0.5000001 1.9999999 1.0 -0.5000001 1.9999999 1.0 -1.5 1.9999999 0.0 -1.5 4.0000005 -1.0 -1.5 4.0000005 0.0 -1.5 4.0000005 0.0 -2.5 4.0000005 -1.0 -2.5 -4.0 -1.0 -2.5 -4.0 0.0 -2.5 -4.0 0.0 -1.5 -4.0 -1.0 -1.5 -1.9999999 -1.0 -3.5000002 -1.9999999 0.0 -3.5000002 -1.9999999 0.0 -2.5 -1.9999999 -1.0 -2.5 -1.9999999 0.0 -1.5 -1.9999999 1.0 -1.5 -1.9999999 1.0 -0.5000001 -1.9999999 0.0 -0.5000001 1.0000002 -1.0 -4.5 1.0000002 0.0 -4.5 1.0000002 0.0 -2.5 1.0000002 -1.0 -2.5 1.0000002 0.0 -2.5 1.0000002 1.0 -2.5 1.0000002 1.0 -0.5000001 1.0000002 0.0 -0.5000001 1.9999999 -1.0 2.4999998 1.9999999 1.0 2.4999998 1.9999999 1.0 4.5 1.9999999 -1.0 4.5 1.9999999 0.0 1.5 1.9999999 1.0 1.5 1.9999999 1.0 2.4999998 1.9999999 0.0 2.4999998 3.0 0.0 -1.5 3.0 1.0 -1.5 3.0 1.0 1.5 3.0 0.0 1.5 3.0 -1.0 -3.5000002 3.0 0.0 -3.5000002 3.0 0.0 -1.5 3.0 -1.0 -1.5 3.0 -1.0 1.5 3.0 0.0 1.5 3.0 0.0 2.4999998 3.0 -1.0 2.4999998 4.0000005 -1.0 -0.5000001 4.0000005 0.0 -0.5000001 4.0000005 0.0 1.5 4.0000005 -1.0 1.5 5.0 -1.0 -2.5 5.0 0.0 -2.5 5.0 0.0 -0.5000001 5.0 -1.0 -0.5000001 -3.0 -1.0 -2.5 3.0 -1.0 -2.5 3.0 -1.0 2.4999998 -3.0 -1.0 2.4999998 -1.9999999 -1.0 2.4999998 1.9999999 -1.0 2.4999998 1.9999999 -1.0 4.5 -1.9999999 -1.0 4.5 -0.99999994 -1.0 -4.5 1.0000002 -1.0 -4.5 1.0000002 -1.0 -2.5 -0.99999994 -1.0 -2.5 -4.0 -1.0 -1.5 -3.0 -1.0 -1.5 -3.0 -1.0 1.5 -4.0 -1.0 1.5 -5.0 -1.0 -2.5 -4.0 -1.0 -2.5 -4.0 -1.0 -0.5000001 -5.0 -1.0 -0.5000001 4.0000005 -1.0 -2.5 5.0 -1.0 -2.5 5.0 -1.0 -0.5000001 4.0000005 -1.0 -0.5000001 3.0 -1.0 -1.5 4.0000005 -1.0 -1.5 4.0000005 -1.0 1.5 3.0 -1.0 1.5 -3.0 -1.0 -3.5000002 -1.9999999 -1.0 -3.5000002 -1.9999999 -1.0 -2.5 -3.0 -1.0 -2.5 1.9999999 -1.0 -3.5000002 3.0 -1.0 -3.5000002 3.0 -1.0 -2.5 1.9999999 -1.0 -2.5 -0.99999994 0.0 -2.5 1.0000002 0.0 -2.5 1.0000002 0.0 -4.5 -0.99999994 0.0 -4.5 -4.0 0.0 1.5 -3.0 0.0 1.5 -3.0 0.0 -1.5 -4.0 0.0 -1.5 -3.0 0.0 -1.5 -1.9999999 0.0 -1.5 -1.9999999 0.0 -3.5000002 -3.0 0.0 -3.5000002 1.9999999 0.0 -1.5 3.0 0.0 -1.5 3.0 0.0 -3.5000002 1.9999999 0.0 -3.5000002 -5.0 0.0 -0.5000001 -4.0 0.0 -0.5000001 -4.0 0.0 -2.5 -5.0 0.0 -2.5 -1.9999999 0.0 -0.5000001 -0.99999994 0.0 -0.5000001 -0.99999994 0.0 -2.5 -1.9999999 0.0 -2.5 1.0000002 0.0 -0.5000001 1.9999999 0.0 -0.5000001 1.9999999 0.0 -2.5 1.0000002 0.0 -2.5 4.0000005 0.0 -0.5000001 5.0 0.0 -0.5000001 5.0 0.0 -2.5 4.0000005 0.0 -2.5 3.0 0.0 1.5 4.0000005 0.0 1.5 4.0000005 0.0 -1.5 3.0 0.0 -1.5 -3.0 0.0 2.4999998 -1.9999999 0.0 2.4999998 -1.9999999 0.0 1.5 -3.0 0.0 1.5 1.9999999 0.0 2.4999998 3.0 0.0 2.4999998 3.0 0.0 1.5 1.9999999 0.0 1.5 -0.99999994 1.0 4.5 1.0000002 1.0 4.5 1.0000002 1.0 -2.5 -0.99999994 1.0 -2.5 -1.9999999 1.0 4.5 -0.99999994 1.0 4.5 -0.99999994 1.0 -0.5000001 -1.9999999 1.0 -0.5000001 1.0000002 1.0 1.5 3.0 1.0 1.5 3.0 1.0 -0.5000001 1.0000002 1.0 -0.5000001 -3.0 1.0 1.5 -1.9999999 1.0 1.5 -1.9999999 1.0 -1.5 -3.0 1.0 -1.5 1.0000002 1.0 4.5 1.9999999 1.0 4.5 1.9999999 1.0 1.5 1.0000002 1.0 1.5 1.9999999 1.0 -0.5000001 3.0 1.0 -0.5000001 3.0 1.0 -1.5 1.9999999 1.0 -1.5 -0.99999994 0.0 -4.5 1.0000002 0.0 -4.5 1.0000002 -1.0 -4.5 -0.99999994 -1.0 -4.5 -3.0 0.0 -3.5000002 -1.9999999 0.0 -3.5000002 -1.9999999 -1.0 -3.5000002 -3.0 -1.0 -3.5000002 1.9999999 0.0 -3.5000002 3.0 0.0 -3.5000002 3.0 -1.0 -3.5000002 1.9999999 -1.0 -3.5000002 -0.99999994 1.0 -2.5 1.0000002 1.0 -2.5 1.0000002 0.0 -2.5 -0.99999994 0.0 -2.5 -5.0 0.0 -2.5 -4.0 0.0 -2.5 -4.0 -1.0 -2.5 -5.0 -1.0 -2.5 -1.9999999 0.0 -2.5 -0.99999994 0.0 -2.5 -0.99999994 -1.0 -2.5 -1.9999999 -1.0 -2.5 1.0000002 0.0 -2.5 1.9999999 0.0 -2.5 1.9999999 -1.0 -2.5 1.0000002 -1.0 -2.5 4.0000005 0.0 -2.5 5.0 0.0 -2.5 5.0 -1.0 -2.5 4.0000005 -1.0 -2.5 -4.0 0.0 -1.5 -3.0 0.0 -1.5 -3.0 -1.0 -1.5 -4.0 -1.0 -1.5 3.0 0.0 -1.5 4.0000005 0.0 -1.5 4.0000005 -1.0 -1.5 3.0 -1.0 -1.5 -3.0 1.0 -1.5 -1.9999999 1.0 -1.5 -1.9999999 0.0 -1.5 -3.0 0.0 -1.5 1.9999999 1.0 -1.5 3.0 1.0 -1.5 3.0 0.0 -1.5 1.9999999 0.0 -1.5 -1.9999999 1.0 -0.5000001 -0.99999994 1.0 -0.5000001 -0.99999994 0.0 -0.5000001 -1.9999999 0.0 -0.5000001 1.0000002 1.0 -0.5000001 1.9999999 1.0 -0.5000001 1.9999999 0.0 -0.5000001 1.0000002 0.0 -0.5000001 -5.0 -1.0 -0.5000001 -4.0 -1.0 -0.5000001 -4.0 0.0 -0.5000001 -5.0 0.0 -0.5000001 4.0000005 -1.0 -0.5000001 5.0 -1.0 -0.5000001 5.0 0.0 -0.5000001 4.0000005 0.0 -0.5000001 -4.0 -1.0 1.5 -3.0 -1.0 1.5 -3.0 0.0 1.5 -4.0 0.0 1.5 3.0 -1.0 1.5 4.0000005 -1.0 1.5 4.0000005 0.0 1.5 3.0 0.0 1.5 -3.0 0.0 1.5 -1.9999999 0.0 1.5 -1.9999999 1.0 1.5 -3.0 1.0 1.5 1.9999999 0.0 1.5 3.0 0.0 1.5 3.0 1.0 1.5 1.9999999 1.0 1.5 -3.0 -1.0 2.4999998 -1.9999999 -1.0 2.4999998 -1.9999999 0.0 2.4999998 -3.0 0.0 2.4999998 1.9999999 -1.0 2.4999998 3.0 -1.0 2.4999998 3.0 0.0 2.4999998 1.9999999 0.0 2.4999998 -1.9999999 -1.0 4.5 1.9999999 -1.0 4.5 1.9999999 1.0 4.5 -1.9999999 1.0 4.5 </float_array>
          <technique_common>
            <accessor count="292" source="#Tail1-Pos-array" stride="3">
              <param name="X" type="float"/>
              <param name="Y" type="float"/>
              <param name="Z" type="float"/>
            </accessor>
          </technique_common>
        </source>
        <source id="Tail1-UV">
          <float_array count="584" id="Tail1-UV-array">0.0 0.875 0.03125 0.875 0.03125 1.0 0.0 1.0 0.0 0.625 0.03125 0.625 0.03125 0.75 0.0 0.75 0.09375 0.8125 0.125 0.8125 0.125 1.0 0.09375 1.0 0.0 0.875 0.03125 0.875 0.03125 1.0 0.0 1.0 0.09375 0.875 0.125 0.875 0.125 0.9375 0.09375 0.9375 0.1875 0.875 0.25 0.875 0.25 1.0 0.1875 1.0 0.0 0.9375 0.03125 0.9375 0.03125 1.0 0.0 1.0 0.0 0.875 0.03125 0.875 0.03125 1.0 0.0 1.0 0.0 0.875 0.03125 0.875 0.03125 1.0 0.0 1.0 0.0 0.9375 0.03125 0.9375 0.03125 1.0 0.0 1.0 0.0 0.9375 0.03125 0.9375 0.03125 1.0 0.0 1.0 0.0 0.9375 0.03125 0.9375 0.03125 1.0 0.0 1.0 0.0 1.0 0.03125 1.0 0.03125 0.9375 0.0 0.9375 0.0 1.0 0.03125 1.0 0.03125 0.9375 0.0 0.9375 0.0 1.0 0.03125 1.0 0.03125 0.9375 0.0 0.9375 0.0 1.0 0.03125 1.0 0.03125 0.875 0.0 0.875 0.0 1.0 0.03125 1.0 0.03125 0.875 0.0 0.875 0.1875 1.0 0.25 1.0 0.25 0.875 0.1875 0.875 0.0 1.0 0.03125 1.0 0.03125 0.9375 0.0 0.9375 0.09375 1.0 0.125 1.0 0.125 0.8125 0.09375 0.8125 0.0 1.0 0.03125 1.0 0.03125 0.875 0.0 0.875 0.1875 1.0 0.21875 1.0 0.21875 0.9375 0.1875 0.9375 0.09375 1.0 0.125 1.0 0.125 0.875 0.09375 0.875 0.0 1.0 0.03125 1.0 0.03125 0.875 0.0 0.875 0.375 0.625 0.375 1.0 0.53125 1.0 0.53125 0.625 0.4375 0.75 0.4375 1.0 0.5 1.0 0.5 0.75 0.375 1.0 0.4375 1.0 0.4375 0.875 0.375 0.875 0.375 1.0 0.40625 1.0 0.40625 0.8125 0.375 0.8125 0.0 1.0 0.03125 1.0 0.03125 0.875 0.0 0.875 0.0 1.0 0.03125 1.0 0.03125 0.875 0.0 0.875 0.375 1.0 0.40625 1.0 0.40625 0.8125 0.375 0.8125 0.0 1.0 0.03125 1.0 0.03125 0.9375 0.0 0.9375 0.0 1.0 0.03125 1.0 0.03125 0.9375 0.0 0.9375 0.375 0.875 0.4375 0.875 0.4375 1.0 0.375 1.0 0.375 0.8125 0.40625 0.8125 0.40625 1.0 0.375 1.0 0.0 0.875 0.03125 0.875 0.03125 1.0 0.0 1.0 0.0 0.875 0.03125 0.875 0.03125 1.0 0.0 1.0 0.0 0.875 0.03125 0.875 0.03125 1.0 0.0 1.0 0.0 0.875 0.03125 0.875 0.03125 1.0 0.0 1.0 0.0 0.875 0.03125 0.875 0.03125 1.0 0.0 1.0 0.0 0.875 0.03125 0.875 0.03125 1.0 0.0 1.0 0.375 0.8125 0.40625 0.8125 0.40625 1.0 0.375 1.0 0.1875 0.9375 0.21875 0.9375 0.21875 1.0 0.1875 1.0 0.1875 0.9375 0.21875 0.9375 0.21875 1.0 0.1875 1.0 0.59375 0.5625 0.65625 0.5625 0.65625 1.0 0.59375 1.0 0.09375 0.375 0.125 0.375 0.125 0.6875 0.09375 0.6875 0.40625 0.875 0.46875 0.875 0.46875 1.0 0.40625 1.0 0.09375 0.8125 0.125 0.8125 0.125 1.0 0.09375 1.0 0.09375 0.8125 0.125 0.8125 0.125 1.0 0.09375 1.0 0.0 0.9375 0.03125 0.9375 0.03125 1.0 0.0 1.0 0.03125 0.875 0.03125 1.0 0.0 1.0 0.0 0.875 0.0 0.9375 0.03125 0.9375 0.03125 1.0 0.0 1.0 0.0 0.9375 0.03125 0.9375 0.03125 1.0 0.0 1.0 0.03125 0.875 0.03125 1.0 0.0 1.0 0.0 0.875 0.0 0.9375 0.03125 0.9375 0.03125 1.0 0.0 1.0 0.0 0.9375 0.03125 0.9375 0.03125 1.0 0.0 1.0 0.0 0.9375 0.03125 0.9375 0.03125 1.0 0.0 1.0 0.0 0.9375 0.03125 0.9375 0.03125 1.0 0.0 1.0 0.0 0.9375 0.03125 0.9375 0.03125 1.0 0.0 1.0 0.0 0.9375 0.03125 0.9375 0.03125 1.0 0.0 1.0 0.0 0.9375 0.03125 0.9375 0.03125 1.0 0.0 1.0 0.0 0.9375 0.03125 0.9375 0.03125 1.0 0.0 1.0 0.0 0.9375 0.03125 0.9375 0.03125 1.0 0.0 1.0 0.0 0.9375 0.03125 0.9375 0.03125 1.0 0.0 1.0 0.0 1.0 0.03125 1.0 0.03125 0.9375 0.0 0.9375 0.0 1.0 0.03125 1.0 0.03125 0.9375 0.0 0.9375 0.1875 1.0 0.21875 1.0 0.21875 0.9375 0.1875 0.9375 0.1875 1.0 0.21875 1.0 0.21875 0.9375 0.1875 0.9375 0.1875 1.0 0.21875 1.0 0.21875 0.9375 0.1875 0.9375 0.1875 1.0 0.21875 1.0 0.21875 0.9375 0.1875 0.9375 0.1875 1.0 0.21875 1.0 0.21875 0.9375 0.1875 0.9375 0.1875 1.0 0.21875 1.0 0.21875 0.9375 0.1875 0.9375 0.4375 0.75 0.4375 1.0 0.5 1.0 0.5 0.75 </float_array>
          <technique_common>
            <accessor count="292" source="#Tail1-UV-array" stride="2">
              <param name="S" type="float"/>
              <param name="T" type="float"/>
            </accessor>
          </technique_common>
        </source>
        <source id="Tail1-Normal">
          <float_array count="18" id="Tail1-Normal-array">-1.0 0.0 0.0 1.0 0.0 0.0 0.0 -1.0 0.0 0.0 1.0 0.0 0.0 0.0 -1.0 0.0 0.0 1.0</float_array>
          <technique_common>
            <accessor count="6" source="#Tail1-Normal-array" stride="3">
              <param name="X" type="float"/>
              <param name="Y" type="float"/>
              <param name="Z" type="float"/>
            </accessor>
          </technique_common>
        </source>
        <vertices id="Tail1-Vertices">
          <input semantic="POSITION" source="#Tail1-Pos"/>
        </vertices>
        <polylist count="73" material="Tail1-Material">
          <input offset="0" semantic="VERTEX" source="#Tail1-Vertices"/>
          <input offset="1" semantic="TEXCOORD" set="0" source="#Tail1-UV"/>
          <input offset="2" semantic="NORMAL" source="#Tail1-Normal"/>
          <vcount>4 4 4 4 4 4 4 4 4 4 4 4 4 4 4 4 4 4 4 4 4 4 4 4 4 4 4 4 4 4 4 4 4 4 4 4 4 4 4 4 4 4 4 4 4 4 4 4 4 4 4 4 4 4 4 4 4 4 4 4 4 4 4 4 4 4 4 4 4 4 4 4 4 </vcount>
          <p>0 0 0 1 1 0 2 2 0 3 3 0 4 4 0 5 5 0 6 6 0 7 7 0 8 8 0 9 9 0 10 10 0 11 11 0 12 12 0 13 13 0 14 14 0 15 15 0 16 16 0 17 17 0 18 18 0 19 19 0 20 20 0 21 21 0 22 22 0 23 23 0 24 24 0 25 25 0 26 26 0 27 27 0 28 28 0 29 29 0 30 30 0 31 31 0 32 32 0 33 33 0 34 34 0 35 35 0 36 36 0 37 37 0 38 38 0 39 39 0 40 40 0 41 41 0 42 42 0 43 43 0 44 44 0 45 45 0 46 46 0 47 47 0 48 48 1 49 49 1 50 50 1 51 51 1 52 52 1 53 53 1 54 54 1 55 55 1 56 56 1 57 57 1 58 58 1 59 59 1 60 60 1 61 61 1 62 62 1 63 63 1 64 64 1 65 65 1 66 66 1 67 67 1 68 68 1 69 69 1 70 70 1 71 71 1 72 72 1 73 73 1 74 74 1 75 75 1 76 76 1 77 77 1 78 78 1 79 79 1 80 80 1 81 81 1 82 82 1 83 83 1 84 84 1 85 85 1 86 86 1 87 87 1 88 88 1 89 89 1 90 90 1 91 91 1 92 92 1 93 93 1 94 94 1 95 95 1 96 96 2 97 97 2 98 98 2 99 99 2 100 100 2 101 101 2 102 102 2 103 103 2 104 104 2 105 105 2 106 106 2 107 107 2 108 108 2 109 109 2 110 110 2 111 111 2 112 112 2 113 113 2 114 114 2 115 115 2 116 116 2 117 117 2 118 118 2 119 119 2 120 120 2 121 121 2 122 122 2 123 123 2 124 124 2 125 125 2 126 126 2 127 127 2 128 128 2 129 129 2 130 130 2 131 131 2 132 132 3 133 133 3 134 134 3 135 135 3 136 136 3 137 137 3 138 138 3 139 139 3 140 140 3 141 141 3 142 142 3 143 143 3 144 144 3 145 145 3 146 146 3 147 147 3 148 148 3 149 149 3 150 150 3 151 151 3 152 152 3 153 153 3 154 154 3 155 155 3 156 156 3 157 157 3 158 158 3 159 159 3 160 160 3 161 161 3 162 162 3 163 163 3 164 164 3 165 165 3 166 166 3 167 167 3 168 168 3 169 169 3 170 170 3 171 171 3 172 172 3 173 173 3 174 174 3 175 175 3 176 176 3 177 177 3 178 178 3 179 179 3 180 180 3 181 181 3 182 182 3 183 183 3 184 184 3 185 185 3 186 186 3 187 187 3 188 188 3 189 189 3 190 190 3 191 191 3 192 192 3 193 193 3 194 194 3 195 195 3 196 196 3 197 197 3 198 198 3 199 199 3 200 200 4 201 201 4 202 202 4 203 203 4 204 204 4 205 205 4 206 206 4 207 207 4 208 208 4 209 209 4 210 210 4 211 211 4 212 212 4 213 213 4 214 214 4 215 215 4 216 216 4 217 217 4 218 218 4 219 219 4 220 220 4 221 221 4 222 222 4 223 223 4 224 224 4 225 225 4 226 226 4 227 227 4 228 228 4 229 229 4 230 230 4 231 231 4 232 232 4 233 233 4 234 234 4 235 235 4 236 236 4 237 237 4 238 238 4 239 239 4 240 240 4 241 241 4 242 242 4 243 243 4 244 244 4 245 245 4 246 246 4 247 247 4 248 248 4 249 249 4 250 250 4 251 251 4 252 252 4 253 253 4 254 254 4 255 255 4 256 256 5 257 257 5 258 258 5 259 259 5 260 260 5 261 261 5 262 262 5 263 263 5 264 264 5 265 265 5 266 266 5 267 267 5 268 268 5 269 269 5 270 270 5 271 271 5 272 272 5 273 273 5 274 274 5 275 275 5 276 276 5 277 277 5 278 278 5 279 279 5 280 280 5 281 281 5 282 282 5 283 283 5 284 284 5 285 285 5 286 286 5 287 287 5 288 288 5 289 289 5 290 290 5 291 291 5 </p>
        </polylist>
      </mesh>
    </geometry>
    <geometry id="Left_Claw-Geom" name="Left_Claw-Geom">
      <mesh>
        <source id="Left_Claw-Pos">
          <float_array count="228" id="Left_Claw-Pos-array">-1.4999999 -2.5 2.0 -1.4999999 -1.5 2.0 -1.4999999 -1.5 -2.0 -1.4999999 -2.5 -2.0 -0.5 -1.5 -1.0 -0.5 2.5 -1.0 -0.5 2.5 -2.0 -0.5 -1.5 -2.0 0.4999999 -2.5 2.0 0.4999999 -1.5 2.0 0.4999999 -1.5 0.0 0.4999999 -2.5 0.0 -0.5 -2.5 0.0 -0.5 -1.5 0.0 -0.5 -1.5 2.0 -0.5 -2.5 2.0 0.4999999 -1.5 -2.0 0.4999999 2.5 -2.0 0.4999999 2.5 -1.0 0.4999999 -1.5 -1.0 1.4999999 -2.5 -2.0 1.4999999 -1.5 -2.0 1.4999999 -1.5 2.0 1.4999999 -2.5 2.0 -1.4999999 -2.5 -2.0 1.4999999 -2.5 -2.0 1.4999999 -2.5 0.0 -1.4999999 -2.5 0.0 -1.4999999 -2.5 0.0 -0.5 -2.5 0.0 -0.5 -2.5 2.0 -1.4999999 -2.5 2.0 0.4999999 -2.5 0.0 1.4999999 -2.5 0.0 1.4999999 -2.5 2.0 0.4999999 -2.5 2.0 -1.4999999 -1.5 2.0 -0.5 -1.5 2.0 -0.5 -1.5 -2.0 -1.4999999 -1.5 -2.0 0.4999999 -1.5 2.0 1.4999999 -1.5 2.0 1.4999999 -1.5 -2.0 0.4999999 -1.5 -2.0 -0.5 -1.5 0.0 0.4999999 -1.5 0.0 0.4999999 -1.5 -1.0 -0.5 -1.5 -1.0 -0.5 2.5 -1.0 0.4999999 2.5 -1.0 0.4999999 2.5 -2.0 -0.5 2.5 -2.0 -0.5 2.5 -2.0 0.4999999 2.5 -2.0 0.4999999 -1.5 -2.0 -0.5 -1.5 -2.0 -1.4999999 -1.5 -2.0 1.4999999 -1.5 -2.0 1.4999999 -2.5 -2.0 -1.4999999 -2.5 -2.0 -0.5 -1.5 -1.0 0.4999999 -1.5 -1.0 0.4999999 2.5 -1.0 -0.5 2.5 -1.0 -0.5 -2.5 0.0 0.4999999 -2.5 0.0 0.4999999 -1.5 0.0 -0.5 -1.5 0.0 -1.4999999 -2.5 2.0 -0.5 -2.5 2.0 -0.5 -1.5 2.0 -1.4999999 -1.5 2.0 0.4999999 -2.5 2.0 1.4999999 -2.5 2.0 1.4999999 -1.5 2.0 0.4999999 -1.5 2.0 </float_array>
          <technique_common>
            <accessor count="76" source="#Left_Claw-Pos-array" stride="3">
              <param name="X" type="float"/>
              <param name="Y" type="float"/>
              <param name="Z" type="float"/>
            </accessor>
          </technique_common>
        </source>
        <source id="Left_Claw-UV">
          <float_array count="152" id="Left_Claw-UV-array">0.0 0.75 0.0625 0.75 0.0625 1.0 0.0 1.0 0.25 0.75 0.25 1.0 0.1875 1.0 0.1875 0.75 0.0 0.75 0.0625 0.75 0.0625 0.875 0.0 0.875 0.0 0.875 0.0625 0.875 0.0625 0.75 0.0 0.75 0.4375 0.75 0.4375 1.0 0.5 1.0 0.5 0.75 0.0 1.0 0.0625 1.0 0.0625 0.75 0.0 0.75 0.625 0.8125 0.625 1.0 0.75 1.0 0.75 0.8125 0.0 0.875 0.0625 0.875 0.0625 0.75 0.0 0.75 0.0 0.875 0.0625 0.875 0.0625 0.75 0.0 0.75 0.0 0.75 0.0625 0.75 0.0625 1.0 0.0 1.0 0.0 0.75 0.0625 0.75 0.0625 1.0 0.0 1.0 0.0 0.875 0.0625 0.875 0.0625 0.9375 0.0 0.9375 0.1875 0.9375 0.25 0.9375 0.25 1.0 0.1875 1.0 0.0 0.3125 0.0625 0.3125 0.0625 0.5625 0.0 0.5625 0.0625 0.8125 0.0625 1.0 0.0 1.0 0.0 0.8125 0.0 0.5625 0.0625 0.5625 0.0625 0.3125 0.0 0.3125 0.0 0.9375 0.0625 0.9375 0.0625 0.875 0.0 0.875 0.0 0.8125 0.0625 0.8125 0.0625 0.75 0.0 0.75 0.0 0.8125 0.0625 0.8125 0.0625 0.75 0.0 0.75 </float_array>
          <technique_common>
            <accessor count="76" source="#Left_Claw-UV-array" stride="2">
              <param name="S" type="float"/>
              <param name="T" type="float"/>
            </accessor>
          </technique_common>
        </source>
        <source id="Left_Claw-Normal">
          <float_array count="18" id="Left_Claw-Normal-array">-1.0 0.0 0.0 1.0 0.0 0.0 0.0 -1.0 0.0 0.0 1.0 0.0 0.0 0.0 -1.0 0.0 0.0 1.0</float_array>
          <technique_common>
            <accessor count="6" source="#Left_Claw-Normal-array" stride="3">
              <param name="X" type="float"/>
              <param name="Y" type="float"/>
              <param name="Z" type="float"/>
            </accessor>
          </technique_common>
        </source>
        <vertices id="Left_Claw-Vertices">
          <input semantic="POSITION" source="#Left_Claw-Pos"/>
        </vertices>
        <polylist count="19" material="Left_Claw-Material">
          <input offset="0" semantic="VERTEX" source="#Left_Claw-Vertices"/>
          <input offset="1" semantic="TEXCOORD" set="0" source="#Left_Claw-UV"/>
          <input offset="2" semantic="NORMAL" source="#Left_Claw-Normal"/>
          <vcount>4 4 4 4 4 4 4 4 4 4 4 4 4 4 4 4 4 4 4 </vcount>
          <p>0 0 0 1 1 0 2 2 0 3 3 0 4 4 0 5 5 0 6 6 0 7 7 0 8 8 0 9 9 0 10 10 0 11 11 0 12 12 1 13 13 1 14 14 1 15 15 1 16 16 1 17 17 1 18 18 1 19 19 1 20 20 1 21 21 1 22 22 1 23 23 1 24 24 2 25 25 2 26 26 2 27 27 2 28 28 2 29 29 2 30 30 2 31 31 2 32 32 2 33 33 2 34 34 2 35 35 2 36 36 3 37 37 3 38 38 3 39 39 3 40 40 3 41 41 3 42 42 3 43 43 3 44 44 3 45 45 3 46 46 3 47 47 3 48 48 3 49 49 3 50 50 3 51 51 3 52 52 4 53 53 4 54 54 4 55 55 4 56 56 4 57 57 4 58 58 4 59 59 4 60 60 5 61 61 5 62 62 5 63 63 5 64 64 5 65 65 5 66 66 5 67 67 5 68 68 5 69 69 5 70 70 5 71 71 5 72 72 5 73 73 5 74 74 5 75 75 5 </p>
        </polylist>
      </mesh>
    </geometry>
  </library_geometries>
  <library_animations>
    <animation id="Controller-global-anim" name="Controller-global-anim">
      <animation>
        <source id="Controller-global-anim-inSource-TIME">
          <float_array count="143" id="Controller-global-anim-inSource-TIME-array">0.0 0.041666668 0.083333336 0.125 0.16666667 0.20833333 0.25 0.29166666 0.33333334 0.375 0.41666666 0.45833334 0.5 0.5416667 0.5833333 0.625 0.6666667 0.7083333 0.75 0.7916667 0.8333333 0.875 0.9166667 0.9583333 1.0 1.0416666 1.0833334 1.125 1.1666666 1.2083334 1.25 1.2916666 1.3333334 1.375 1.4166666 1.4583334 1.5 1.5416666 1.5833334 1.625 1.6666666 1.7083334 1.75 1.7916666 1.8333334 1.875 1.9166666 1.9583334 2.0 2.0416667 2.0833333 2.125 2.1666667 2.2083333 2.25 2.2916667 2.3333333 2.375 2.4166667 2.4583333 2.5 2.5416667 2.5833333 2.625 2.6666667 2.7083333 2.75 2.7916667 2.8333333 2.875 2.9166667 2.9583333 3.0 3.0416667 3.0833333 3.125 3.1666667 3.2083333 3.25 3.2916667 3.3333333 3.375 3.4166667 3.4583333 3.5 3.5416667 3.5833333 3.625 3.6666667 3.7083333 3.75 3.7916667 3.8333333 3.875 3.9166667 3.9583333 4.0 4.0416665 4.0833335 4.125 4.1666665 4.2083335 4.25 4.2916665 4.3333335 4.375 4.4166665 4.4583335 4.5 4.5416665 4.5833335 4.625 4.6666665 4.7083335 4.75 4.7916665 4.8333335 4.875 4.9166665 4.9583335 5.0 5.0416665 5.0833335 5.125 5.1666665 5.2083335 5.25 5.2916665 5.3333335 5.375 5.4166665 5.4583335 5.5 5.5416665 5.5833335 5.625 5.6666665 5.7083335 5.75 5.7916665 5.8333335 5.875 5.9166665 </float_array>
          <technique_common>
            <accessor count="143" source="#Controller-global-anim-inSource-TIME-array">
              <param name="TIME" type="float"/>
            </accessor>
          </technique_common>
        </source>
        <source id="Controller-global-anim-interpolation">
          <Name_array count="143" id="Controller-global-anim-interpolation-array">LINEAR LINEAR LINEAR LINEAR LINEAR LINEAR LINEAR LINEAR LINEAR LINEAR LINEAR LINEAR LINEAR LINEAR LINEAR LINEAR LINEAR LINEAR LINEAR LINEAR LINEAR LINEAR LINEAR LINEAR LINEAR LINEAR LINEAR LINEAR LINEAR LINEAR LINEAR LINEAR LINEAR LINEAR LINEAR LINEAR LINEAR LINEAR LINEAR LINEAR LINEAR LINEAR LINEAR LINEAR LINEAR LINEAR LINEAR LINEAR LINEAR LINEAR LINEAR LINEAR LINEAR LINEAR LINEAR LINEAR LINEAR LINEAR LINEAR LINEAR LINEAR LINEAR LINEAR LINEAR LINEAR LINEAR LINEAR LINEAR LINEAR LINEAR LINEAR LINEAR LINEAR LINEAR LINEAR LINEAR LINEAR LINEAR LINEAR LINEAR LINEAR LINEAR LINEAR LINEAR LINEAR LINEAR LINEAR LINEAR LINEAR LINEAR LINEAR LINEAR LINEAR LINEAR LINEAR LINEAR LINEAR LINEAR LINEAR LINEAR LINEAR LINEAR LINEAR LINEAR LINEAR LINEAR LINEAR LINEAR LINEAR LINEAR LINEAR LINEAR LINEAR LINEAR LINEAR LINEAR LINEAR LINEAR LINEAR LINEAR LINEAR LINEAR LINEAR LINEAR LINEAR LINEAR LINEAR LINEAR LINEAR LINEAR LINEAR LINEAR LINEAR LINEAR LINEAR LINEAR LINEAR LINEAR LINEAR LINEAR LINEAR LINEAR LINEAR </Name_array>
          <technique_common>
            <accessor count="143" source="#Controller-global-anim-interpolation-array">
              <param type="name"/>
            </accessor>
          </technique_common>
        </source>
        <source id="Controller-global-anim-outSource-global">
          <float_array count="2288" id="Controller-global-anim-outSource-global-array">1.0 0.0 0.0 0.0 0.0 1.0 0.0 9.0 0.0 0.0 1.0 0.0 0.0 0.0 0.0 1.0 1.0 0.0 0.0 9.325097E-10 0.0 1.0 0.0 9.0 0.0 0.0 1.0 0.003555556 0.0 0.0 0.0 1.0 1.0 0.0 0.0 3.730039E-9 0.0 1.0 0.0 9.0 0.0 0.0 1.0 0.014222224 0.0 0.0 0.0 1.0 1.0 0.0 0.0 8.392587E-9 0.0 1.0 0.0 9.0 0.0 0.0 1.0 0.032 0.0 0.0 0.0 1.0 1.0 0.0 0.0 1.4920156E-8 0.0 1.0 0.0 9.0 0.0 0.0 1.0 0.056888897 0.0 0.0 0.0 1.0 1.0 0.0 0.0 2.3312742E-8 0.0 1.0 0.0 9.0 0.0 0.0 1.0 0.0888889 0.0 0.0 0.0 1.0 1.0 0.0 0.0 3.357035E-8 0.0 1.0 0.0 9.0 0.0 0.0 1.0 0.128 0.0 0.0 0.0 1.0 1.0 0.0 0.0 4.5692968E-8 0.0 1.0 0.0 9.0 0.0 0.0 1.0 0.17422222 0.0 0.0 0.0 1.0 1.0 0.0 0.0 5.921437E-8 0.0 1.0 0.0 9.0 0.0 0.0 1.0 0.22577782 0.0 0.0 0.0 1.0 1.0 0.0 0.0 7.133699E-8 0.0 1.0 0.0 9.0 0.0 0.0 1.0 0.27200004 0.0 0.0 0.0 1.0 1.0 0.0 0.0 8.159458E-8 0.0 1.0 0.0 9.0 0.0 0.0 1.0 0.31111106 0.0 0.0 0.0 1.0 1.0 0.0 0.0 8.998718E-8 0.0 1.0 0.0 9.0 0.0 0.0 1.0 0.34311113 0.0 0.0 0.0 1.0 1.0 0.0 0.0 9.651475E-8 0.0 1.0 0.0 9.0 0.0 0.0 1.0 0.36800003 0.0 0.0 0.0 1.0 1.0 0.0 0.0 1.01177285E-7 0.0 1.0 0.0 9.0 0.0 0.0 1.0 0.38577777 0.0 0.0 0.0 1.0 1.0 0.0 0.0 1.0397481E-7 0.0 1.0 0.0 9.0 0.0 0.0 1.0 0.3964444 0.0 0.0 0.0 1.0 1.0 0.0 0.0 1.0490733E-7 0.0 1.0 0.0 9.0 0.0 0.0 1.0 0.4 0.0 0.0 0.0 1.0 1.0 0.0 0.0 1.0489488E-7 0.0 1.0 0.0 9.0 0.0 0.0 1.0 0.4 0.0 0.0 0.0 1.0 1.0 0.0 0.0 1.04857534E-7 0.0 1.0 0.0 9.0 0.0 0.0 1.0 0.4 0.0 0.0 0.0 1.0 1.0 0.0 0.0 1.0479529E-7 0.0 1.0 0.0 9.0 0.0 0.0 1.0 0.4 0.0 0.0 0.0 1.0 1.0 0.0 0.0 1.0470814E-7 0.0 1.0 0.0 9.0 0.0 0.0 1.0 0.4 0.0 0.0 0.0 1.0 1.0 0.0 0.0 1.04596104E-7 0.0 1.0 0.0 9.0 0.0 0.0 1.0 0.4 0.0 0.0 0.0 1.0 1.0 0.0 0.0 1.0445917E-7 0.0 1.0 0.0 9.0 0.0 0.0 1.0 0.4 0.0 0.0 0.0 1.0 1.0 0.0 0.0 1.0429733E-7 0.0 1.0 0.0 9.0 0.0 0.0 1.0 0.4 0.0 0.0 0.0 1.0 1.0 0.0 0.0 1.041106E-7 0.0 1.0 0.0 9.0 0.0 0.0 1.0 0.4 0.0 0.0 0.0 1.0 1.0 0.0 0.0 1.0389896E-7 0.0 1.0 0.0 9.0 0.0 0.0 1.0 0.4 0.0 0.0 0.0 1.0 1.0 0.0 0.0 1.0366244E-7 0.0 1.0 0.0 9.0 0.0 0.0 1.0 0.4 0.0 0.0 0.0 1.0 1.0 0.0 0.0 1.0340101E-7 0.0 1.0 0.0 9.0 0.0 0.0 1.0 0.4 0.0 0.0 0.0 1.0 1.0 0.0 0.0 1.0311468E-7 0.0 1.0 0.0 9.0 0.0 0.0 1.0 0.4 0.0 0.0 0.0 1.0 1.0 0.0 0.0 1.02803455E-7 0.0 1.0 0.0 9.0 0.0 0.0 1.0 0.4 0.0 0.0 0.0 1.0 1.0 0.0 0.0 1.0246733E-7 0.0 1.0 0.0 9.0 0.0 0.0 1.0 0.4 0.0 0.0 0.0 1.0 1.0 0.0 0.0 1.0210631E-7 0.0 1.0 0.0 9.0 0.0 0.0 1.0 0.4 0.0 0.0 0.0 1.0 1.0 0.0 0.0 1.01720396E-7 0.0 1.0 0.0 9.0 0.0 0.0 1.0 0.4 0.0 0.0 0.0 1.0 1.0 0.0 0.0 1.0130958E-7 0.0 1.0 0.0 9.0 0.0 0.0 1.0 0.4 0.0 0.0 0.0 1.0 1.0 0.0 0.0 1.0087387E-7 0.0 1.0 0.0 9.0 0.0 0.0 1.0 0.4 0.0 0.0 0.0 1.0 1.0 0.0 0.0 1.0041326E-7 0.0 1.0 0.0 9.0 0.0 0.0 1.0 0.4 0.0 0.0 0.0 1.0 1.0 0.0 0.0 9.9927746E-8 0.0 1.0 0.0 9.0 0.0 0.0 1.0 0.4 0.0 0.0 0.0 1.0 1.0 0.0 0.0 9.941734E-8 0.0 1.0 0.0 9.0 0.0 0.0 1.0 0.4 0.0 0.0 0.0 1.0 1.0 0.0 0.0 9.888203E-8 0.0 1.0 0.0 9.0 0.0 0.0 1.0 0.4 0.0 0.0 0.0 1.0 1.0 0.0 0.0 9.8321834E-8 0.0 1.0 0.0 9.0 0.0 0.0 1.0 0.4 0.0 0.0 0.0 1.0 1.0 0.0 0.0 9.773673E-8 0.0 1.0 0.0 9.0 0.0 0.0 1.0 0.4 0.0 0.0 0.0 1.0 1.0 0.0 0.0 9.712674E-8 0.0 1.0 0.0 9.0 0.0 0.0 1.0 0.4 0.0 0.0 0.0 1.0 1.0 0.0 0.0 9.649184E-8 0.0 1.0 0.0 9.0 0.0 0.0 1.0 0.4 0.0 0.0 0.0 1.0 1.0 0.0 0.0 9.583204E-8 0.0 1.0 0.0 9.0 0.0 0.0 1.0 0.4 0.0 0.0 0.0 1.0 1.0 0.0 0.0 9.514735E-8 0.0 1.0 0.0 9.0 0.0 0.0 1.0 0.4 0.0 0.0 0.0 1.0 1.0 0.0 0.0 9.443776E-8 0.0 1.0 0.0 9.0 0.0 0.0 1.0 0.4 0.0 0.0 0.0 1.0 1.0 0.0 0.0 9.370327E-8 0.0 1.0 0.0 9.0 0.0 0.0 1.0 0.4 0.0 0.0 0.0 1.0 1.0 0.0 0.0 9.2943885E-8 0.0 1.0 0.0 9.0 0.0 0.0 1.0 0.4 0.0 0.0 0.0 1.0 1.0 0.0 0.0 9.21596E-8 0.0 1.0 0.0 9.0 0.0 0.0 1.0 0.4 0.0 0.0 0.0 1.0 1.0 0.0 0.0 9.135042E-8 0.0 1.0 0.0 9.0 0.0 0.0 1.0 0.4 0.0 0.0 0.0 1.0 1.0 0.0 0.0 9.051634E-8 0.0 1.0 0.0 9.0 0.0 0.0 1.0 0.4 0.0 0.0 0.0 1.0 1.0 0.0 0.0 8.965736E-8 0.0 1.0 0.0 9.0 0.0 0.0 1.0 0.4 0.0 0.0 0.0 1.0 1.0 0.0 0.0 8.877349E-8 0.0 1.0 0.0 9.0 0.0 0.0 1.0 0.4 0.0 0.0 0.0 1.0 1.0 0.0 0.0 8.786471E-8 0.0 1.0 0.0 9.0 0.0 0.0 1.0 0.4 0.0 0.0 0.0 1.0 1.0 0.0 0.0 8.693104E-8 0.0 1.0 0.0 9.0 0.0 0.0 1.0 0.4 0.0 0.0 0.0 1.0 1.0 0.0 0.0 8.5972474E-8 0.0 1.0 0.0 9.0 0.0 0.0 1.0 0.4 0.0 0.0 0.0 1.0 1.0 0.0 0.0 8.4989004E-8 0.0 1.0 0.0 9.0 0.0 0.0 1.0 0.4 0.0 0.0 0.0 1.0 1.0 0.0 0.0 8.398064E-8 0.0 1.0 0.0 9.0 0.0 0.0 1.0 0.4 0.0 0.0 0.0 1.0 1.0 0.0 0.0 8.294738E-8 0.0 1.0 0.0 9.0 0.0 0.0 1.0 0.4 0.0 0.0 0.0 1.0 1.0 0.0 0.0 8.188921E-8 0.0 1.0 0.0 9.0 0.0 0.0 1.0 0.4 0.0 0.0 0.0 1.0 1.0 0.0 0.0 8.080615E-8 0.0 1.0 0.0 9.0 0.0 0.0 1.0 0.4 0.0 0.0 0.0 1.0 1.0 0.0 0.0 7.96982E-8 0.0 1.0 0.0 9.0 0.0 0.0 1.0 0.4 0.0 0.0 0.0 1.0 1.0 0.0 0.0 7.856534E-8 0.0 1.0 0.0 9.0 0.0 0.0 1.0 0.4 0.0 0.0 0.0 1.0 1.0 0.0 0.0 7.740759E-8 0.0 1.0 0.0 9.0 0.0 0.0 1.0 0.4 0.0 0.0 0.0 1.0 1.0 0.0 0.0 7.6224936E-8 0.0 1.0 0.0 9.0 0.0 0.0 1.0 0.4 0.0 0.0 0.0 1.0 1.0 0.0 0.0 7.50174E-8 0.0 1.0 0.0 9.0 0.0 0.0 1.0 0.4 0.0 0.0 0.0 1.0 1.0 0.0 0.0 7.3784946E-8 0.0 1.0 0.0 9.0 0.0 0.0 1.0 0.4 0.0 0.0 0.0 1.0 1.0 0.0 0.0 7.25276E-8 0.0 1.0 0.0 9.0 0.0 0.0 1.0 0.4 0.0 0.0 0.0 1.0 1.0 0.0 0.0 7.124536E-8 0.0 1.0 0.0 9.0 0.0 0.0 1.0 0.4 0.0 0.0 0.0 1.0 1.0 0.0 0.0 6.9938224E-8 0.0 1.0 0.0 9.0 0.0 0.0 1.0 0.4 0.0 0.0 0.0 1.0 1.0 0.0 0.0 6.863108E-8 0.0 1.0 0.0 9.0 0.0 0.0 1.0 0.4 0.0 0.0 0.0 1.0 1.0 0.0 0.0 6.734884E-8 0.0 1.0 0.0 9.0 0.0 0.0 1.0 0.4 0.0 0.0 0.0 1.0 1.0 0.0 0.0 6.60915E-8 0.0 1.0 0.0 9.0 0.0 0.0 1.0 0.4 0.0 0.0 0.0 1.0 1.0 0.0 0.0 6.485905E-8 0.0 1.0 0.0 9.0 0.0 0.0 1.0 0.4 0.0 0.0 0.0 1.0 1.0 0.0 0.0 6.36515E-8 0.0 1.0 0.0 9.0 0.0 0.0 1.0 0.4 0.0 0.0 0.0 1.0 1.0 0.0 0.0 6.246884E-8 0.0 1.0 0.0 9.0 0.0 0.0 1.0 0.4 0.0 0.0 0.0 1.0 1.0 0.0 0.0 6.13111E-8 0.0 1.0 0.0 9.0 0.0 0.0 1.0 0.4 0.0 0.0 0.0 1.0 1.0 0.0 0.0 6.017824E-8 0.0 1.0 0.0 9.0 0.0 0.0 1.0 0.4 0.0 0.0 0.0 1.0 1.0 0.0 0.0 5.9070278E-8 0.0 1.0 0.0 9.0 0.0 0.0 1.0 0.4 0.0 0.0 0.0 1.0 1.0 0.0 0.0 5.798723E-8 0.0 1.0 0.0 9.0 0.0 0.0 1.0 0.4 0.0 0.0 0.0 1.0 1.0 0.0 0.0 5.6929064E-8 0.0 1.0 0.0 9.0 0.0 0.0 1.0 0.4 0.0 0.0 0.0 1.0 1.0 0.0 0.0 5.5895807E-8 0.0 1.0 0.0 9.0 0.0 0.0 1.0 0.4 0.0 0.0 0.0 1.0 1.0 0.0 0.0 5.4887444E-8 0.0 1.0 0.0 9.0 0.0 0.0 1.0 0.4 0.0 0.0 0.0 1.0 1.0 0.0 0.0 5.390397E-8 0.0 1.0 0.0 9.0 0.0 0.0 1.0 0.4 0.0 0.0 0.0 1.0 1.0 0.0 0.0 5.29454E-8 0.0 1.0 0.0 9.0 0.0 0.0 1.0 0.4 0.0 0.0 0.0 1.0 1.0 0.0 0.0 5.2011732E-8 0.0 1.0 0.0 9.0 0.0 0.0 1.0 0.4 0.0 0.0 0.0 1.0 1.0 0.0 0.0 5.110295E-8 0.0 1.0 0.0 9.0 0.0 0.0 1.0 0.4 0.0 0.0 0.0 1.0 1.0 0.0 0.0 5.0219075E-8 0.0 1.0 0.0 9.0 0.0 0.0 1.0 0.4 0.0 0.0 0.0 1.0 1.0 0.0 0.0 4.9360093E-8 0.0 1.0 0.0 9.0 0.0 0.0 1.0 0.4 0.0 0.0 0.0 1.0 1.0 0.0 0.0 4.8526022E-8 0.0 1.0 0.0 9.0 0.0 0.0 1.0 0.4 0.0 0.0 0.0 1.0 1.0 0.0 0.0 4.771684E-8 0.0 1.0 0.0 9.0 0.0 0.0 1.0 0.4 0.0 0.0 0.0 1.0 1.0 0.0 0.0 4.693256E-8 0.0 1.0 0.0 9.0 0.0 0.0 1.0 0.4 0.0 0.0 0.0 1.0 1.0 0.0 0.0 4.617318E-8 0.0 1.0 0.0 9.0 0.0 0.0 1.0 0.4 0.0 0.0 0.0 1.0 1.0 0.0 0.0 4.5438693E-8 0.0 1.0 0.0 9.0 0.0 0.0 1.0 0.4 0.0 0.0 0.0 1.0 1.0 0.0 0.0 4.47291E-8 0.0 1.0 0.0 9.0 0.0 0.0 1.0 0.4 0.0 0.0 0.0 1.0 1.0 0.0 0.0 4.40444E-8 0.0 1.0 0.0 9.0 0.0 0.0 1.0 0.4 0.0 0.0 0.0 1.0 1.0 0.0 0.0 4.3384603E-8 0.0 1.0 0.0 9.0 0.0 0.0 1.0 0.4 0.0 0.0 0.0 1.0 1.0 0.0 0.0 4.2749697E-8 0.0 1.0 0.0 9.0 0.0 0.0 1.0 0.4 0.0 0.0 0.0 1.0 1.0 0.0 0.0 4.2139703E-8 0.0 1.0 0.0 9.0 0.0 0.0 1.0 0.4 0.0 0.0 0.0 1.0 1.0 0.0 0.0 4.15546E-8 0.0 1.0 0.0 9.0 0.0 0.0 1.0 0.4 0.0 0.0 0.0 1.0 1.0 0.0 0.0 4.0994408E-8 0.0 1.0 0.0 9.0 0.0 0.0 1.0 0.4 0.0 0.0 0.0 1.0 1.0 0.0 0.0 4.04591E-8 0.0 1.0 0.0 9.0 0.0 0.0 1.0 0.4 0.0 0.0 0.0 1.0 1.0 0.0 0.0 3.9948688E-8 0.0 1.0 0.0 9.0 0.0 0.0 1.0 0.4 0.0 0.0 0.0 1.0 1.0 0.0 0.0 3.9463195E-8 0.0 1.0 0.0 9.0 0.0 0.0 1.0 0.4 0.0 0.0 0.0 1.0 1.0 0.0 0.0 3.900258E-8 0.0 1.0 0.0 9.0 0.0 0.0 1.0 0.4 0.0 0.0 0.0 1.0 1.0 0.0 0.0 3.856686E-8 0.0 1.0 0.0 9.0 0.0 0.0 1.0 0.4 0.0 0.0 0.0 1.0 1.0 0.0 0.0 3.8156045E-8 0.0 1.0 0.0 9.0 0.0 0.0 1.0 0.4 0.0 0.0 0.0 1.0 1.0 0.0 0.0 3.777012E-8 0.0 1.0 0.0 9.0 0.0 0.0 1.0 0.4 0.0 0.0 0.0 1.0 1.0 0.0 0.0 3.74091E-8 0.0 1.0 0.0 9.0 0.0 0.0 1.0 0.4 0.0 0.0 0.0 1.0 1.0 0.0 0.0 3.707298E-8 0.0 1.0 0.0 9.0 0.0 0.0 1.0 0.4 0.0 0.0 0.0 1.0 1.0 0.0 0.0 3.6761755E-8 0.0 1.0 0.0 9.0 0.0 0.0 1.0 0.4 0.0 0.0 0.0 1.0 1.0 0.0 0.0 3.6475434E-8 0.0 1.0 0.0 9.0 0.0 0.0 1.0 0.4 0.0 0.0 0.0 1.0 1.0 0.0 0.0 3.621401E-8 0.0 1.0 0.0 9.0 0.0 0.0 1.0 0.4 0.0 0.0 0.0 1.0 1.0 0.0 0.0 3.597748E-8 0.0 1.0 0.0 9.0 0.0 0.0 1.0 0.4 0.0 0.0 0.0 1.0 1.0 0.0 0.0 3.5765858E-8 0.0 1.0 0.0 9.0 0.0 0.0 1.0 0.4 0.0 0.0 0.0 1.0 1.0 0.0 0.0 3.557912E-8 0.0 1.0 0.0 9.0 0.0 0.0 1.0 0.4 0.0 0.0 0.0 1.0 1.0 0.0 0.0 3.5417273E-8 0.0 1.0 0.0 9.0 0.0 0.0 1.0 0.4 0.0 0.0 0.0 1.0 1.0 0.0 0.0 3.5280337E-8 0.0 1.0 0.0 9.0 0.0 0.0 1.0 0.4 0.0 0.0 0.0 1.0 1.0 0.0 0.0 3.51683E-8 0.0 1.0 0.0 9.0 0.0 0.0 1.0 0.4 0.0 0.0 0.0 1.0 1.0 0.0 0.0 3.508115E-8 0.0 1.0 0.0 9.0 0.0 0.0 1.0 0.4 0.0 0.0 0.0 1.0 1.0 0.0 0.0 3.50189E-8 0.0 1.0 0.0 9.0 0.0 0.0 1.0 0.4 0.0 0.0 0.0 1.0 1.0 0.0 0.0 3.498156E-8 0.0 1.0 0.0 9.0 0.0 0.0 1.0 0.4 0.0 0.0 0.0 1.0 1.0 0.0 0.0 3.4969112E-8 0.0 1.0 0.0 9.0 0.0 0.0 1.0 0.4 0.0 0.0 0.0 1.0 1.0 0.0 0.0 3.4658274E-8 0.0 1.0 0.0 9.0 0.0 0.0 1.0 0.39644444 0.0 0.0 0.0 1.0 1.0 0.0 0.0 3.3725765E-8 0.0 1.0 0.0 9.0 0.0 0.0 1.0 0.38577777 0.0 0.0 0.0 1.0 1.0 0.0 0.0 3.2171585E-8 0.0 1.0 0.0 9.0 0.0 0.0 1.0 0.368 0.0 0.0 0.0 1.0 1.0 0.0 0.0 2.9995725E-8 0.0 1.0 0.0 9.0 0.0 0.0 1.0 0.3431111 0.0 0.0 0.0 1.0 1.0 0.0 0.0 2.7198197E-8 0.0 1.0 0.0 9.0 0.0 0.0 1.0 0.3111111 0.0 0.0 0.0 1.0 1.0 0.0 0.0 2.3778995E-8 0.0 1.0 0.0 9.0 0.0 0.0 1.0 0.272 0.0 0.0 0.0 1.0 1.0 0.0 0.0 1.973812E-8 0.0 1.0 0.0 9.0 0.0 0.0 1.0 0.22577779 0.0 0.0 0.0 1.0 1.0 0.0 0.0 1.5230988E-8 0.0 1.0 0.0 9.0 0.0 0.0 1.0 0.17422219 0.0 0.0 0.0 1.0 1.0 0.0 0.0 1.1190114E-8 0.0 1.0 0.0 9.0 0.0 0.0 1.0 0.12799996 0.0 0.0 0.0 1.0 1.0 0.0 0.0 7.770918E-9 0.0 1.0 0.0 9.0 0.0 0.0 1.0 0.08888894 0.0 0.0 0.0 1.0 1.0 0.0 0.0 4.9733835E-9 0.0 1.0 0.0 9.0 0.0 0.0 1.0 0.05688888 0.0 0.0 0.0 1.0 1.0 0.0 0.0 2.7975275E-9 0.0 1.0 0.0 9.0 0.0 0.0 1.0 0.031999975 0.0 0.0 0.0 1.0 1.0 0.0 0.0 1.2433468E-9 0.0 1.0 0.0 9.0 0.0 0.0 1.0 0.0142222345 0.0 0.0 0.0 1.0 1.0 0.0 0.0 3.1083758E-10 0.0 1.0 0.0 9.0 0.0 0.0 1.0 0.0035555959 0.0 0.0 0.0 1.0 1.0 0.0 0.0 0.0 0.0 1.0 0.0 9.0 0.0 0.0 1.0 0.0 0.0 0.0 0.0 1.0 1.0 0.0 0.0 0.0 0.0 1.0 0.0 9.0 0.0 0.0 1.0 0.0 0.0 0.0 0.0 1.0 1.0 0.0 0.0 0.0 0.0 1.0 0.0 9.0 0.0 0.0 1.0 0.0 0.0 0.0 0.0 1.0 1.0 0.0 0.0 0.0 0.0 1.0 0.0 9.0 0.0 0.0 1.0 0.0 0.0 0.0 0.0 1.0 1.0 0.0 0.0 0.0 0.0 1.0 0.0 9.0 0.0 0.0 1.0 0.0 0.0 0.0 0.0 1.0 1.0 0.0 0.0 0.0 0.0 1.0 0.0 9.0 0.0 0.0 1.0 0.0 0.0 0.0 0.0 1.0 1.0 0.0 0.0 0.0 0.0 1.0 0.0 9.0 0.0 0.0 1.0 0.0 0.0 0.0 0.0 1.0 </float_array>
          <technique_common>
            <accessor count="143" source="#Controller-global-anim-outSource-global-array" stride="16">
              <param type="float4x4"/>
            </accessor>
          </technique_common>
        </source>
        <sampler id="Controller-global-anim-globalSampler">
          <input semantic="INPUT" source="#Controller-global-anim-inSource-TIME"/>
          <input semantic="OUTPUT" source="#Controller-global-anim-outSource-global"/>
          <input semantic="INTERPOLATION" source="#Controller-global-anim-interpolation"/>
        </sampler>
        <channel source="#Controller-global-anim-globalSampler" target="Controller-global/matrix"/>
      </animation>
    </animation>
    <animation id="Controller-local-anim" name="Controller-local-anim">
      <animation>
        <source id="Controller-local-anim-inSource-TIME">
          <float_array count="143" id="Controller-local-anim-inSource-TIME-array">0.0 0.041666668 0.083333336 0.125 0.16666667 0.20833333 0.25 0.29166666 0.33333334 0.375 0.41666666 0.45833334 0.5 0.5416667 0.5833333 0.625 0.6666667 0.7083333 0.75 0.7916667 0.8333333 0.875 0.9166667 0.9583333 1.0 1.0416666 1.0833334 1.125 1.1666666 1.2083334 1.25 1.2916666 1.3333334 1.375 1.4166666 1.4583334 1.5 1.5416666 1.5833334 1.625 1.6666666 1.7083334 1.75 1.7916666 1.8333334 1.875 1.9166666 1.9583334 2.0 2.0416667 2.0833333 2.125 2.1666667 2.2083333 2.25 2.2916667 2.3333333 2.375 2.4166667 2.4583333 2.5 2.5416667 2.5833333 2.625 2.6666667 2.7083333 2.75 2.7916667 2.8333333 2.875 2.9166667 2.9583333 3.0 3.0416667 3.0833333 3.125 3.1666667 3.2083333 3.25 3.2916667 3.3333333 3.375 3.4166667 3.4583333 3.5 3.5416667 3.5833333 3.625 3.6666667 3.7083333 3.75 3.7916667 3.8333333 3.875 3.9166667 3.9583333 4.0 4.0416665 4.0833335 4.125 4.1666665 4.2083335 4.25 4.2916665 4.3333335 4.375 4.4166665 4.4583335 4.5 4.5416665 4.5833335 4.625 4.6666665 4.7083335 4.75 4.7916665 4.8333335 4.875 4.9166665 4.9583335 5.0 5.0416665 5.0833335 5.125 5.1666665 5.2083335 5.25 5.2916665 5.3333335 5.375 5.4166665 5.4583335 5.5 5.5416665 5.5833335 5.625 5.6666665 5.7083335 5.75 5.7916665 5.8333335 5.875 5.9166665 </float_array>
          <technique_common>
            <accessor count="143" source="#Controller-local-anim-inSource-TIME-array">
              <param name="TIME" type="float"/>
            </accessor>
          </technique_common>
        </source>
        <source id="Controller-local-anim-interpolation">
          <Name_array count="143" id="Controller-local-anim-interpolation-array">LINEAR LINEAR LINEAR LINEAR LINEAR LINEAR LINEAR LINEAR LINEAR LINEAR LINEAR LINEAR LINEAR LINEAR LINEAR LINEAR LINEAR LINEAR LINEAR LINEAR LINEAR LINEAR LINEAR LINEAR LINEAR LINEAR LINEAR LINEAR LINEAR LINEAR LINEAR LINEAR LINEAR LINEAR LINEAR LINEAR LINEAR LINEAR LINEAR LINEAR LINEAR LINEAR LINEAR LINEAR LINEAR LINEAR LINEAR LINEAR LINEAR LINEAR LINEAR LINEAR LINEAR LINEAR LINEAR LINEAR LINEAR LINEAR LINEAR LINEAR LINEAR LINEAR LINEAR LINEAR LINEAR LINEAR LINEAR LINEAR LINEAR LINEAR LINEAR LINEAR LINEAR LINEAR LINEAR LINEAR LINEAR LINEAR LINEAR LINEAR LINEAR LINEAR LINEAR LINEAR LINEAR LINEAR LINEAR LINEAR LINEAR LINEAR LINEAR LINEAR LINEAR LINEAR LINEAR LINEAR LINEAR LINEAR LINEAR LINEAR LINEAR LINEAR LINEAR LINEAR LINEAR LINEAR LINEAR LINEAR LINEAR LINEAR LINEAR LINEAR LINEAR LINEAR LINEAR LINEAR LINEAR LINEAR LINEAR LINEAR LINEAR LINEAR LINEAR LINEAR LINEAR LINEAR LINEAR LINEAR LINEAR LINEAR LINEAR LINEAR LINEAR LINEAR LINEAR LINEAR LINEAR LINEAR LINEAR LINEAR LINEAR LINEAR LINEAR </Name_array>
          <technique_common>
            <accessor count="143" source="#Controller-local-anim-interpolation-array">
              <param type="name"/>
            </accessor>
          </technique_common>
        </source>
        <source id="Controller-local-anim-outSource-local">
          <float_array count="2288" id="Controller-local-anim-outSource-local-array">1.0 0.0 0.0 0.0 0.0 1.0 0.0 0.0 0.0 0.0 1.0 0.0 0.0 0.0 0.0 1.0 1.0 0.0 0.0 0.0 0.0 1.0 0.0 0.0 0.0 0.0 1.0 0.0 0.0 0.0 0.0 1.0 1.0 0.0 0.0 0.0 0.0 1.0 0.0 0.0 0.0 0.0 1.0 0.0 0.0 0.0 0.0 1.0 1.0 0.0 0.0 0.0 0.0 1.0 0.0 0.0 0.0 0.0 1.0 0.0 0.0 0.0 0.0 1.0 1.0 0.0 0.0 0.0 0.0 1.0 0.0 0.0 0.0 0.0 1.0 0.0 0.0 0.0 0.0 1.0 1.0 0.0 0.0 0.0 0.0 1.0 0.0 0.0 0.0 0.0 1.0 0.0 0.0 0.0 0.0 1.0 1.0 0.0 0.0 0.0 0.0 1.0 0.0 0.0 0.0 0.0 1.0 0.0 0.0 0.0 0.0 1.0 1.0 0.0 0.0 0.0 0.0 1.0 0.0 0.0 0.0 0.0 1.0 0.0 0.0 0.0 0.0 1.0 1.0 0.0 0.0 0.0 0.0 1.0 0.0 0.0 0.0 0.0 1.0 0.0 0.0 0.0 0.0 1.0 1.0 0.0 0.0 0.0 0.0 1.0 0.0 0.0 0.0 0.0 1.0 0.0 0.0 0.0 0.0 1.0 1.0 0.0 0.0 0.0 0.0 1.0 0.0 0.0 0.0 0.0 1.0 0.0 0.0 0.0 0.0 1.0 1.0 0.0 0.0 0.0 0.0 1.0 0.0 0.0 0.0 0.0 1.0 0.0 0.0 0.0 0.0 1.0 1.0 0.0 0.0 0.0 0.0 1.0 0.0 0.0 0.0 0.0 1.0 0.0 0.0 0.0 0.0 1.0 1.0 0.0 0.0 0.0 0.0 1.0 0.0 0.0 0.0 0.0 1.0 0.0 0.0 0.0 0.0 1.0 1.0 0.0 0.0 0.0 0.0 1.0 0.0 0.0 0.0 0.0 1.0 0.0 0.0 0.0 0.0 1.0 1.0 0.0 0.0 0.0 0.0 1.0 0.0 0.0 0.0 0.0 1.0 0.0 0.0 0.0 0.0 1.0 1.0 0.0 0.0 0.0 0.0 1.0 0.0 0.0 0.0 0.0 1.0 0.0 0.0 0.0 0.0 1.0 1.0 0.0 0.0 0.0 0.0 1.0 0.0 0.0 0.0 0.0 1.0 0.0 0.0 0.0 0.0 1.0 1.0 0.0 0.0 0.0 0.0 1.0 0.0 0.0 0.0 0.0 1.0 0.0 0.0 0.0 0.0 1.0 1.0 0.0 0.0 0.0 0.0 1.0 0.0 0.0 0.0 0.0 1.0 0.0 0.0 0.0 0.0 1.0 1.0 0.0 0.0 0.0 0.0 1.0 0.0 0.0 0.0 0.0 1.0 0.0 0.0 0.0 0.0 1.0 1.0 0.0 0.0 0.0 0.0 1.0 0.0 0.0 0.0 0.0 1.0 0.0 0.0 0.0 0.0 1.0 1.0 0.0 0.0 0.0 0.0 1.0 0.0 0.0 0.0 0.0 1.0 0.0 0.0 0.0 0.0 1.0 1.0 0.0 0.0 0.0 0.0 1.0 0.0 0.0 0.0 0.0 1.0 0.0 0.0 0.0 0.0 1.0 1.0 0.0 0.0 0.0 0.0 1.0 0.0 0.0 0.0 0.0 1.0 0.0 0.0 0.0 0.0 1.0 1.0 0.0 0.0 0.0 0.0 1.0 0.0 0.0 0.0 0.0 1.0 0.0 0.0 0.0 0.0 1.0 1.0 0.0 0.0 0.0 0.0 1.0 0.0 0.0 0.0 0.0 1.0 0.0 0.0 0.0 0.0 1.0 1.0 0.0 0.0 0.0 0.0 1.0 0.0 0.0 0.0 0.0 1.0 0.0 0.0 0.0 0.0 1.0 1.0 0.0 0.0 0.0 0.0 1.0 0.0 0.0 0.0 0.0 1.0 0.0 0.0 0.0 0.0 1.0 1.0 0.0 0.0 0.0 0.0 1.0 0.0 0.0 0.0 0.0 1.0 0.0 0.0 0.0 0.0 1.0 1.0 0.0 0.0 0.0 0.0 1.0 0.0 0.0 0.0 0.0 1.0 0.0 0.0 0.0 0.0 1.0 1.0 0.0 0.0 0.0 0.0 1.0 0.0 0.0 0.0 0.0 1.0 0.0 0.0 0.0 0.0 1.0 1.0 0.0 0.0 0.0 0.0 1.0 0.0 0.0 0.0 0.0 1.0 0.0 0.0 0.0 0.0 1.0 1.0 0.0 0.0 0.0 0.0 1.0 0.0 0.0 0.0 0.0 1.0 0.0 0.0 0.0 0.0 1.0 1.0 0.0 0.0 0.0 0.0 1.0 0.0 0.0 0.0 0.0 1.0 0.0 0.0 0.0 0.0 1.0 1.0 0.0 0.0 0.0 0.0 1.0 0.0 0.0 0.0 0.0 1.0 0.0 0.0 0.0 0.0 1.0 1.0 0.0 0.0 0.0 0.0 1.0 0.0 0.0 0.0 0.0 1.0 0.0 0.0 0.0 0.0 1.0 1.0 0.0 0.0 0.0 0.0 1.0 0.0 0.0 0.0 0.0 1.0 0.0 0.0 0.0 0.0 1.0 1.0 0.0 0.0 0.0 0.0 1.0 0.0 0.0 0.0 0.0 1.0 0.0 0.0 0.0 0.0 1.0 1.0 0.0 0.0 0.0 0.0 1.0 0.0 0.0 0.0 0.0 1.0 0.0 0.0 0.0 0.0 1.0 1.0 0.0 0.0 0.0 0.0 1.0 0.0 0.0 0.0 0.0 1.0 0.0 0.0 0.0 0.0 1.0 1.0 0.0 0.0 0.0 0.0 1.0 0.0 0.0 0.0 0.0 1.0 0.0 0.0 0.0 0.0 1.0 1.0 0.0 0.0 0.0 0.0 1.0 0.0 0.0 0.0 0.0 1.0 0.0 0.0 0.0 0.0 1.0 1.0 0.0 0.0 0.0 0.0 1.0 0.0 0.0 0.0 0.0 1.0 0.0 0.0 0.0 0.0 1.0 1.0 0.0 0.0 0.0 0.0 1.0 0.0 0.0 0.0 0.0 1.0 0.0 0.0 0.0 0.0 1.0 1.0 0.0 0.0 0.0 0.0 1.0 0.0 0.0 0.0 0.0 1.0 0.0 0.0 0.0 0.0 1.0 1.0 0.0 0.0 0.0 0.0 1.0 0.0 0.0 0.0 0.0 1.0 0.0 0.0 0.0 0.0 1.0 1.0 0.0 0.0 0.0 0.0 1.0 0.0 0.0 0.0 0.0 1.0 0.0 0.0 0.0 0.0 1.0 1.0 0.0 0.0 0.0 0.0 1.0 0.0 0.0 0.0 0.0 1.0 0.0 0.0 0.0 0.0 1.0 1.0 0.0 0.0 0.0 0.0 1.0 0.0 0.0 0.0 0.0 1.0 0.0 0.0 0.0 0.0 1.0 1.0 0.0 0.0 0.0 0.0 1.0 0.0 0.0 0.0 0.0 1.0 0.0 0.0 0.0 0.0 1.0 1.0 0.0 0.0 0.0 0.0 1.0 0.0 0.0 0.0 0.0 1.0 0.0 0.0 0.0 0.0 1.0 1.0 0.0 0.0 0.0 0.0 1.0 0.0 0.0 0.0 0.0 1.0 0.0 0.0 0.0 0.0 1.0 1.0 0.0 0.0 0.0 0.0 1.0 0.0 0.0 0.0 0.0 1.0 0.0 0.0 0.0 0.0 1.0 1.0 0.0 0.0 0.0 0.0 1.0 0.0 0.0 0.0 0.0 1.0 0.0 0.0 0.0 0.0 1.0 1.0 0.0 0.0 0.0 0.0 1.0 0.0 0.0 0.0 0.0 1.0 0.0 0.0 0.0 0.0 1.0 1.0 0.0 0.0 0.0 0.0 1.0 0.0 0.0 0.0 0.0 1.0 0.0 0.0 0.0 0.0 1.0 1.0 0.0 0.0 0.0 0.0 1.0 0.0 0.0 0.0 0.0 1.0 0.0 0.0 0.0 0.0 1.0 1.0 0.0 0.0 0.0 0.0 1.0 0.0 0.0 0.0 0.0 1.0 0.0 0.0 0.0 0.0 1.0 1.0 0.0 0.0 0.0 0.0 1.0 0.0 0.0 0.0 0.0 1.0 0.0 0.0 0.0 0.0 1.0 1.0 0.0 0.0 0.0 0.0 1.0 0.0 0.0 0.0 0.0 1.0 0.0 0.0 0.0 0.0 1.0 1.0 0.0 0.0 0.0 0.0 1.0 0.0 0.0 0.0 0.0 1.0 0.0 0.0 0.0 0.0 1.0 1.0 0.0 0.0 0.0 0.0 1.0 0.0 0.0 0.0 0.0 1.0 0.0 0.0 0.0 0.0 1.0 1.0 0.0 0.0 0.0 0.0 1.0 0.0 0.0 0.0 0.0 1.0 0.0 0.0 0.0 0.0 1.0 1.0 0.0 0.0 0.0 0.0 1.0 0.0 0.0 0.0 0.0 1.0 0.0 0.0 0.0 0.0 1.0 1.0 0.0 0.0 0.0 0.0 1.0 0.0 0.0 0.0 0.0 1.0 0.0 0.0 0.0 0.0 1.0 1.0 0.0 0.0 0.0 0.0 1.0 0.0 0.0 0.0 0.0 1.0 0.0 0.0 0.0 0.0 1.0 1.0 0.0 0.0 0.0 0.0 1.0 0.0 0.0 0.0 0.0 1.0 0.0 0.0 0.0 0.0 1.0 1.0 0.0 0.0 0.0 0.0 1.0 0.0 0.0 0.0 0.0 1.0 0.0 0.0 0.0 0.0 1.0 1.0 0.0 0.0 0.0 0.0 1.0 0.0 0.0 0.0 0.0 1.0 0.0 0.0 0.0 0.0 1.0 1.0 0.0 0.0 0.0 0.0 1.0 0.0 0.0 0.0 0.0 1.0 0.0 0.0 0.0 0.0 1.0 1.0 0.0 0.0 0.0 0.0 1.0 0.0 0.0 0.0 0.0 1.0 0.0 0.0 0.0 0.0 1.0 1.0 0.0 0.0 0.0 0.0 1.0 0.0 0.0 0.0 0.0 1.0 0.0 0.0 0.0 0.0 1.0 1.0 0.0 0.0 0.0 0.0 1.0 0.0 0.0 0.0 0.0 1.0 0.0 0.0 0.0 0.0 1.0 1.0 0.0 0.0 0.0 0.0 1.0 0.0 0.0 0.0 0.0 1.0 0.0 0.0 0.0 0.0 1.0 1.0 0.0 0.0 0.0 0.0 1.0 0.0 0.0 0.0 0.0 1.0 0.0 0.0 0.0 0.0 1.0 1.0 0.0 0.0 0.0 0.0 1.0 0.0 0.0 0.0 0.0 1.0 0.0 0.0 0.0 0.0 1.0 1.0 0.0 0.0 0.0 0.0 1.0 0.0 0.0 0.0 0.0 1.0 0.0 0.0 0.0 0.0 1.0 1.0 0.0 0.0 0.0 0.0 1.0 0.0 0.0 0.0 0.0 1.0 0.0 0.0 0.0 0.0 1.0 1.0 0.0 0.0 0.0 0.0 1.0 0.0 0.0 0.0 0.0 1.0 0.0 0.0 0.0 0.0 1.0 1.0 0.0 0.0 0.0 0.0 1.0 0.0 0.0 0.0 0.0 1.0 0.0 0.0 0.0 0.0 1.0 1.0 0.0 0.0 0.0 0.0 1.0 0.0 0.0 0.0 0.0 1.0 0.0 0.0 0.0 0.0 1.0 1.0 0.0 0.0 0.0 0.0 1.0 0.0 0.0 0.0 0.0 1.0 0.0 0.0 0.0 0.0 1.0 1.0 0.0 0.0 0.0 0.0 1.0 0.0 0.0 0.0 0.0 1.0 0.0 0.0 0.0 0.0 1.0 1.0 0.0 0.0 0.0 0.0 1.0 0.0 0.0 0.0 0.0 1.0 0.0 0.0 0.0 0.0 1.0 1.0 0.0 0.0 0.0 0.0 1.0 0.0 0.0 0.0 0.0 1.0 0.0 0.0 0.0 0.0 1.0 1.0 0.0 0.0 0.0 0.0 1.0 0.0 0.0 0.0 0.0 1.0 0.0 0.0 0.0 0.0 1.0 1.0 0.0 0.0 0.0 0.0 1.0 0.0 0.0 0.0 0.0 1.0 0.0 0.0 0.0 0.0 1.0 1.0 0.0 0.0 0.0 0.0 1.0 0.0 0.0 0.0 0.0 1.0 0.0 0.0 0.0 0.0 1.0 1.0 0.0 0.0 0.0 0.0 1.0 0.0 0.0 0.0 0.0 1.0 0.0 0.0 0.0 0.0 1.0 1.0 0.0 0.0 0.0 0.0 1.0 0.0 0.0 0.0 0.0 1.0 0.0 0.0 0.0 0.0 1.0 1.0 0.0 0.0 0.0 0.0 1.0 0.0 0.0 0.0 0.0 1.0 0.0 0.0 0.0 0.0 1.0 1.0 0.0 0.0 0.0 0.0 1.0 0.0 0.0 0.0 0.0 1.0 0.0 0.0 0.0 0.0 1.0 1.0 0.0 0.0 0.0 0.0 1.0 0.0 0.0 0.0 0.0 1.0 0.0 0.0 0.0 0.0 1.0 1.0 0.0 0.0 0.0 0.0 1.0 0.0 0.0 0.0 0.0 1.0 0.0 0.0 0.0 0.0 1.0 1.0 0.0 0.0 0.0 0.0 1.0 0.0 0.0 0.0 0.0 1.0 0.0 0.0 0.0 0.0 1.0 1.0 0.0 0.0 0.0 0.0 1.0 0.0 0.0 0.0 0.0 1.0 0.0 0.0 0.0 0.0 1.0 1.0 0.0 0.0 0.0 0.0 1.0 0.0 0.0 0.0 0.0 1.0 0.0 0.0 0.0 0.0 1.0 1.0 0.0 0.0 0.0 0.0 1.0 0.0 0.0 0.0 0.0 1.0 0.0 0.0 0.0 0.0 1.0 1.0 0.0 0.0 0.0 0.0 1.0 0.0 0.0 0.0 0.0 1.0 0.0 0.0 0.0 0.0 1.0 1.0 0.0 0.0 0.0 0.0 1.0 0.0 0.0 0.0 0.0 1.0 0.0 0.0 0.0 0.0 1.0 1.0 0.0 0.0 0.0 0.0 1.0 0.0 0.0 0.0 0.0 1.0 0.0 0.0 0.0 0.0 1.0 1.0 0.0 0.0 0.0 0.0 1.0 0.0 0.0 0.0 0.0 1.0 0.0 0.0 0.0 0.0 1.0 1.0 0.0 0.0 0.0 0.0 1.0 0.0 0.0 0.0 0.0 1.0 0.0 0.0 0.0 0.0 1.0 1.0 0.0 0.0 0.0 0.0 1.0 0.0 0.0 0.0 0.0 1.0 0.0 0.0 0.0 0.0 1.0 1.0 0.0 0.0 0.0 0.0 1.0 0.0 0.0 0.0 0.0 1.0 0.0 0.0 0.0 0.0 1.0 1.0 0.0 0.0 0.0 0.0 1.0 0.0 0.0 0.0 0.0 1.0 0.0 0.0 0.0 0.0 1.0 1.0 0.0 0.0 0.0 0.0 1.0 0.0 0.0 0.0 0.0 1.0 0.0 0.0 0.0 0.0 1.0 1.0 0.0 0.0 0.0 0.0 1.0 0.0 0.0 0.0 0.0 1.0 0.0 0.0 0.0 0.0 1.0 1.0 0.0 0.0 0.0 0.0 1.0 0.0 0.0 0.0 0.0 1.0 0.0 0.0 0.0 0.0 1.0 1.0 0.0 0.0 0.0 0.0 1.0 0.0 0.0 0.0 0.0 1.0 0.0 0.0 0.0 0.0 1.0 1.0 0.0 0.0 0.0 0.0 1.0 0.0 0.0 0.0 0.0 1.0 0.0 0.0 0.0 0.0 1.0 1.0 0.0 0.0 0.0 0.0 1.0 0.0 0.0 0.0 0.0 1.0 0.0 0.0 0.0 0.0 1.0 1.0 0.0 0.0 0.0 0.0 1.0 0.0 0.0 0.0 0.0 1.0 0.0 0.0 0.0 0.0 1.0 1.0 0.0 0.0 0.0 0.0 1.0 0.0 0.0 0.0 0.0 1.0 0.0 0.0 0.0 0.0 1.0 1.0 0.0 0.0 0.0 0.0 1.0 0.0 0.0 0.0 0.0 1.0 0.0 0.0 0.0 0.0 1.0 1.0 0.0 0.0 0.0 0.0 1.0 0.0 0.0 0.0 0.0 1.0 0.0 0.0 0.0 0.0 1.0 1.0 0.0 0.0 0.0 0.0 1.0 0.0 0.0 0.0 0.0 1.0 0.0 0.0 0.0 0.0 1.0 1.0 0.0 0.0 0.0 0.0 1.0 0.0 0.0 0.0 0.0 1.0 0.0 0.0 0.0 0.0 1.0 1.0 0.0 0.0 0.0 0.0 1.0 0.0 0.0 0.0 0.0 1.0 0.0 0.0 0.0 0.0 1.0 1.0 0.0 0.0 0.0 0.0 1.0 0.0 0.0 0.0 0.0 1.0 0.0 0.0 0.0 0.0 1.0 1.0 0.0 0.0 0.0 0.0 1.0 0.0 0.0 0.0 0.0 1.0 0.0 0.0 0.0 0.0 1.0 1.0 0.0 0.0 0.0 0.0 1.0 0.0 0.0 0.0 0.0 1.0 0.0 0.0 0.0 0.0 1.0 1.0 0.0 0.0 0.0 0.0 1.0 0.0 0.0 0.0 0.0 1.0 0.0 0.0 0.0 0.0 1.0 1.0 0.0 0.0 0.0 0.0 1.0 0.0 0.0 0.0 0.0 1.0 0.0 0.0 0.0 0.0 1.0 1.0 0.0 0.0 0.0 0.0 1.0 0.0 0.0 0.0 0.0 1.0 0.0 0.0 0.0 0.0 1.0 1.0 0.0 0.0 0.0 0.0 1.0 0.0 0.0 0.0 0.0 1.0 0.0 0.0 0.0 0.0 1.0 1.0 0.0 0.0 0.0 0.0 1.0 0.0 0.0 0.0 0.0 1.0 0.0 0.0 0.0 0.0 1.0 1.0 0.0 0.0 0.0 0.0 1.0 0.0 0.0 0.0 0.0 1.0 0.0 0.0 0.0 0.0 1.0 1.0 0.0 0.0 0.0 0.0 1.0 0.0 0.0 0.0 0.0 1.0 0.0 0.0 0.0 0.0 1.0 1.0 0.0 0.0 0.0 0.0 1.0 0.0 0.0 0.0 0.0 1.0 0.0 0.0 0.0 0.0 1.0 1.0 0.0 0.0 0.0 0.0 1.0 0.0 0.0 0.0 0.0 1.0 0.0 0.0 0.0 0.0 1.0 1.0 0.0 0.0 0.0 0.0 1.0 0.0 0.0 0.0 0.0 1.0 0.0 0.0 0.0 0.0 1.0 1.0 0.0 0.0 0.0 0.0 1.0 0.0 0.0 0.0 0.0 1.0 0.0 0.0 0.0 0.0 1.0 1.0 0.0 0.0 0.0 0.0 1.0 0.0 0.0 0.0 0.0 1.0 0.0 0.0 0.0 0.0 1.0 1.0 0.0 0.0 0.0 0.0 1.0 0.0 0.0 0.0 0.0 1.0 0.0 0.0 0.0 0.0 1.0 1.0 0.0 0.0 0.0 0.0 1.0 0.0 0.0 0.0 0.0 1.0 0.0 0.0 0.0 0.0 1.0 1.0 0.0 0.0 0.0 0.0 1.0 0.0 0.0 0.0 0.0 1.0 0.0 0.0 0.0 0.0 1.0 1.0 0.0 0.0 0.0 0.0 1.0 0.0 0.0 0.0 0.0 1.0 0.0 0.0 0.0 0.0 1.0 1.0 0.0 0.0 0.0 0.0 1.0 0.0 0.0 0.0 0.0 1.0 0.0 0.0 0.0 0.0 1.0 1.0 0.0 0.0 0.0 0.0 1.0 0.0 0.0 0.0 0.0 1.0 0.0 0.0 0.0 0.0 1.0 1.0 0.0 0.0 0.0 0.0 1.0 0.0 0.0 0.0 0.0 1.0 0.0 0.0 0.0 0.0 1.0 1.0 0.0 0.0 0.0 0.0 1.0 0.0 0.0 0.0 0.0 1.0 0.0 0.0 0.0 0.0 1.0 </float_array>
          <technique_common>
            <accessor count="143" source="#Controller-local-anim-outSource-local-array" stride="16">
              <param type="float4x4"/>
            </accessor>
          </technique_common>
        </source>
        <sampler id="Controller-local-anim-localSampler">
          <input semantic="INPUT" source="#Controller-local-anim-inSource-TIME"/>
          <input semantic="OUTPUT" source="#Controller-local-anim-outSource-local"/>
          <input semantic="INTERPOLATION" source="#Controller-local-anim-interpolation"/>
        </sampler>
        <channel source="#Controller-local-anim-localSampler" target="Controller-local/matrix"/>
      </animation>
    </animation>
    <animation id="Body-global-anim" name="Body-global-anim">
      <animation>
        <source id="Body-global-anim-inSource-TIME">
          <float_array count="143" id="Body-global-anim-inSource-TIME-array">0.0 0.041666668 0.083333336 0.125 0.16666667 0.20833333 0.25 0.29166666 0.33333334 0.375 0.41666666 0.45833334 0.5 0.5416667 0.5833333 0.625 0.6666667 0.7083333 0.75 0.7916667 0.8333333 0.875 0.9166667 0.9583333 1.0 1.0416666 1.0833334 1.125 1.1666666 1.2083334 1.25 1.2916666 1.3333334 1.375 1.4166666 1.4583334 1.5 1.5416666 1.5833334 1.625 1.6666666 1.7083334 1.75 1.7916666 1.8333334 1.875 1.9166666 1.9583334 2.0 2.0416667 2.0833333 2.125 2.1666667 2.2083333 2.25 2.2916667 2.3333333 2.375 2.4166667 2.4583333 2.5 2.5416667 2.5833333 2.625 2.6666667 2.7083333 2.75 2.7916667 2.8333333 2.875 2.9166667 2.9583333 3.0 3.0416667 3.0833333 3.125 3.1666667 3.2083333 3.25 3.2916667 3.3333333 3.375 3.4166667 3.4583333 3.5 3.5416667 3.5833333 3.625 3.6666667 3.7083333 3.75 3.7916667 3.8333333 3.875 3.9166667 3.9583333 4.0 4.0416665 4.0833335 4.125 4.1666665 4.2083335 4.25 4.2916665 4.3333335 4.375 4.4166665 4.4583335 4.5 4.5416665 4.5833335 4.625 4.6666665 4.7083335 4.75 4.7916665 4.8333335 4.875 4.9166665 4.9583335 5.0 5.0416665 5.0833335 5.125 5.1666665 5.2083335 5.25 5.2916665 5.3333335 5.375 5.4166665 5.4583335 5.5 5.5416665 5.5833335 5.625 5.6666665 5.7083335 5.75 5.7916665 5.8333335 5.875 5.9166665 </float_array>
          <technique_common>
            <accessor count="143" source="#Body-global-anim-inSource-TIME-array">
              <param name="TIME" type="float"/>
            </accessor>
          </technique_common>
        </source>
        <source id="Body-global-anim-interpolation">
          <Name_array count="143" id="Body-global-anim-interpolation-array">LINEAR LINEAR LINEAR LINEAR LINEAR LINEAR LINEAR LINEAR LINEAR LINEAR LINEAR LINEAR LINEAR LINEAR LINEAR LINEAR LINEAR LINEAR LINEAR LINEAR LINEAR LINEAR LINEAR LINEAR LINEAR LINEAR LINEAR LINEAR LINEAR LINEAR LINEAR LINEAR LINEAR LINEAR LINEAR LINEAR LINEAR LINEAR LINEAR LINEAR LINEAR LINEAR LINEAR LINEAR LINEAR LINEAR LINEAR LINEAR LINEAR LINEAR LINEAR LINEAR LINEAR LINEAR LINEAR LINEAR LINEAR LINEAR LINEAR LINEAR LINEAR LINEAR LINEAR LINEAR LINEAR LINEAR LINEAR LINEAR LINEAR LINEAR LINEAR LINEAR LINEAR LINEAR LINEAR LINEAR LINEAR LINEAR LINEAR LINEAR LINEAR LINEAR LINEAR LINEAR LINEAR LINEAR LINEAR LINEAR LINEAR LINEAR LINEAR LINEAR LINEAR LINEAR LINEAR LINEAR LINEAR LINEAR LINEAR LINEAR LINEAR LINEAR LINEAR LINEAR LINEAR LINEAR LINEAR LINEAR LINEAR LINEAR LINEAR LINEAR LINEAR LINEAR LINEAR LINEAR LINEAR LINEAR LINEAR LINEAR LINEAR LINEAR LINEAR LINEAR LINEAR LINEAR LINEAR LINEAR LINEAR LINEAR LINEAR LINEAR LINEAR LINEAR LINEAR LINEAR LINEAR LINEAR LINEAR LINEAR LINEAR LINEAR LINEAR </Name_array>
          <technique_common>
            <accessor count="143" source="#Body-global-anim-interpolation-array">
              <param type="name"/>
            </accessor>
          </technique_common>
        </source>
        <source id="Body-global-anim-outSource-global">
          <float_array count="2288" id="Body-global-anim-outSource-global-array">1.0 0.0 0.0 0.0 0.0 1.0 0.0 0.0 0.0 0.0 1.0 0.0 0.0 0.0 0.0 1.0 1.0 0.0 0.0 0.0 0.0 0.9999997 -7.756993E-4 0.0 0.0 7.756993E-4 0.9999997 0.0 0.0 0.0 0.0 1.0 1.0 0.0 0.0 0.0 0.0 0.99999523 -0.003102793 0.0 0.0 0.003102793 0.99999523 0.0 0.0 0.0 0.0 1.0 1.0 0.0 0.0 0.0 0.0 0.9999757 -0.006981238 0.0 0.0 0.006981238 0.9999757 0.0 0.0 0.0 0.0 1.0 1.0000001 0.0 0.0 0.0 0.0 0.9999231 -0.012410873 0.0 0.0 0.012410873 0.9999231 0.0 0.0 0.0 0.0 1.0 1.0000002 0.0 0.0 0.0 0.0 0.9998122 -0.019391274 0.0 0.0 0.019391274 0.9998122 0.0 0.0 0.0 0.0 1.0 1.0000001 0.0 0.0 0.0 0.0 0.99961025 -0.02792155 0.0 0.0 0.02792155 0.99961025 0.0 0.0 0.0 0.0 1.0 1.0 0.0 0.0 0.0 0.0 0.9992777 -0.03800011 0.0 0.0 0.03800011 0.9992777 0.0 0.0 0.0 0.0 1.0 1.0 0.0 0.0 0.0 0.0 0.99878716 -0.049236998 0.0 0.0 0.049236998 0.99878716 0.0 0.0 0.0 0.0 1.0 1.0000001 0.0 0.0 0.0 0.0 0.99824 -0.05930619 0.0 0.0 0.05930619 0.99824 0.0 0.0 0.0 0.0 1.0 0.99999994 0.0 0.0 0.0 0.0 0.9976974 -0.06782156 0.0 0.0 0.06782156 0.9976974 0.0 0.0 0.0 0.0 1.0 1.0 0.0 0.0 0.0 0.0 0.9971997 -0.07478511 0.0 0.0 0.07478511 0.9971997 0.0 0.0 0.0 0.0 1.0 1.0 0.0 0.0 0.0 0.0 0.99677885 -0.08019866 0.0 0.0 0.08019866 0.99677885 0.0 0.0 0.0 0.0 1.0 1.0 0.0 0.0 0.0 0.0 0.9964603 -0.08406404 0.0 0.0 0.08406404 0.9964603 0.0 0.0 0.0 0.0 1.0 1.0000001 0.0 0.0 0.0 0.0 0.99626213 -0.08638268 0.0 0.0 0.08638268 0.99626213 0.0 0.0 0.0 0.0 1.0 1.0 0.0 0.0 0.0 0.0 0.9961947 -0.087155454 0.0 0.0 0.087155454 0.9961947 0.0 0.0 0.0 0.0 1.0 1.0000001 0.0 0.0 0.0 0.0 0.99619484 -0.08715546 0.0 0.0 0.08715546 0.99619484 0.0 0.0 0.0 0.0 1.0 1.0 0.0 0.0 0.0 0.0 0.9961947 -0.087155454 0.0 0.0 0.087155454 0.9961947 0.0 0.0 0.0 0.0 1.0 1.0 0.0 0.0 0.0 0.0 0.9961947 -0.087155454 0.0 0.0 0.087155454 0.9961947 0.0 0.0 0.0 0.0 1.0 1.0 0.0 0.0 0.0 0.0 0.9961947 -0.087155454 0.0 0.0 0.087155454 0.9961947 0.0 0.0 0.0 0.0 1.0 1.0 0.0 0.0 0.0 0.0 0.9961947 -0.08715545 0.0 0.0 0.08715545 0.9961947 0.0 0.0 0.0 0.0 1.0 1.0 0.0 0.0 0.0 0.0 0.9961947 -0.087155454 0.0 0.0 0.087155454 0.9961947 0.0 0.0 0.0 0.0 1.0 1.0 0.0 0.0 0.0 0.0 0.9961947 -0.087155454 0.0 0.0 0.087155454 0.9961947 0.0 0.0 0.0 0.0 1.0 0.99999934 -1.4551915E-11 0.0012553737 0.0 1.0941267E-4 0.9961949 -0.08715539 0.0 -0.0012505967 0.08715546 0.99619406 0.0 0.0 0.0 0.0 1.0 0.9999875 -2.910383E-11 0.005021538 0.0 4.3765447E-4 0.99619484 -0.087154366 0.0 -0.00500243 0.08715547 0.99618226 0.0 0.0 0.0 0.0 1.0 0.99993616 0.0 0.011298442 0.0 9.847209E-4 0.99619466 -0.08714989 0.0 -0.011255449 0.08715545 0.9961311 0.0 0.0 0.0 0.0 1.0 0.99981064 -1.1641532E-10 0.019457819 0.0 0.001695855 0.99619466 -0.08713895 0.0 -0.019383775 0.08715545 0.9960061 0.0 0.0 0.0 0.0 1.0 0.99966884 -1.1641532E-10 0.02573333 0.0 0.0022428003 0.9961947 -0.08712659 0.0 -0.025635406 0.087155454 0.9958648 0.0 0.0 0.0 0.0 1.0 0.99956495 1.1641532E-10 0.029498074 0.0 0.0025709183 0.9961948 -0.087117545 0.0 -0.029385827 0.08715547 0.9957613 0.0 0.0 0.0 0.0 1.0 0.99952704 0.0 0.030752879 0.0 0.0026802814 0.9961947 -0.087114245 0.0 -0.030635856 0.08715546 0.99572355 0.0 0.0 0.0 0.0 1.0 0.99952704 0.0 0.030752879 0.0 0.0026802814 0.9961947 -0.087114245 0.0 -0.030635856 0.08715546 0.99572355 0.0 0.0 0.0 0.0 1.0 0.99952704 1.1641532E-10 0.03075288 0.0 0.0026802816 0.9961947 -0.087114245 0.0 -0.030635858 0.08715546 0.99572355 0.0 0.0 0.0 0.0 1.0 0.99952704 0.0 0.030752879 0.0 0.0026802814 0.9961947 -0.087114245 0.0 -0.030635856 0.08715546 0.99572355 0.0 0.0 0.0 0.0 1.0 0.99952704 0.0 0.030752879 0.0 0.0026802814 0.9961947 -0.087114245 0.0 -0.030635856 0.08715546 0.99572355 0.0 0.0 0.0 0.0 1.0 0.99952704 -1.1641532E-10 0.030752879 0.0 0.0026802816 0.9961947 -0.087114245 0.0 -0.030635856 0.08715546 0.99572355 0.0 0.0 0.0 0.0 1.0 0.99952704 1.1641532E-10 0.030752877 0.0 0.0026802812 0.9961947 -0.087114245 0.0 -0.030635854 0.08715546 0.99572355 0.0 0.0 0.0 0.0 1.0 0.99952704 0.0 0.030752877 0.0 0.0026802814 0.9961947 -0.087114245 0.0 -0.030635854 0.08715546 0.99572355 0.0 0.0 0.0 0.0 1.0 0.99952704 0.0 0.030752879 0.0 0.0026802814 0.9961947 -0.087114245 0.0 -0.030635856 0.08715546 0.99572355 0.0 0.0 0.0 0.0 1.0 0.99952704 0.0 0.030752879 0.0 0.0026802814 0.9961947 -0.087114245 0.0 -0.030635856 0.08715546 0.99572355 0.0 0.0 0.0 0.0 1.0 0.99952704 -1.1641532E-10 0.030752879 0.0 0.0026802816 0.9961947 -0.087114245 0.0 -0.030635856 0.08715546 0.99572355 0.0 0.0 0.0 0.0 1.0 0.99952704 -1.1641532E-10 0.030752879 0.0 0.0026802816 0.9961947 -0.087114245 0.0 -0.030635856 0.08715546 0.99572355 0.0 0.0 0.0 0.0 1.0 0.99952704 0.0 0.030752879 0.0 0.0026802814 0.9961947 -0.087114245 0.0 -0.030635856 0.08715546 0.99572355 0.0 0.0 0.0 0.0 1.0 0.99952704 0.0 0.030752879 0.0 0.0026802814 0.9961947 -0.087114245 0.0 -0.030635856 0.08715546 0.99572355 0.0 0.0 0.0 0.0 1.0 0.99952704 0.0 0.030752879 0.0 0.0026802814 0.9961947 -0.087114245 0.0 -0.030635856 0.08715546 0.99572355 0.0 0.0 0.0 0.0 1.0 0.99952704 0.0 0.030752879 0.0 0.0026802814 0.9961947 -0.087114245 0.0 -0.030635856 0.08715546 0.99572355 0.0 0.0 0.0 0.0 1.0 0.99954146 -1.1641532E-10 0.03028446 0.0 0.0026394562 0.99619484 -0.0871155 0.0 -0.030169219 0.087155476 0.9957379 0.0 0.0 0.0 0.0 1.0 0.99958307 0.0 0.028879141 0.0 0.002516975 0.99619484 -0.08711912 0.0 -0.02876925 0.087155476 0.99577934 0.0 0.0 0.0 0.0 1.0 0.9996478 0.0 0.02653676 0.0 0.0023128237 0.9961947 -0.08712477 0.0 -0.02643578 0.08715547 0.9958439 0.0 0.0 0.0 0.0 1.0 0.9997296 1.1641532E-10 0.023257092 0.0 0.0020269826 0.9961948 -0.0871319 0.0 -0.023168594 0.087155476 0.9959253 0.0 0.0 0.0 0.0 1.0 0.9998188 0.0 0.019039866 0.0 0.001659428 0.99619484 -0.087139666 0.0 -0.018967412 0.08715546 0.99601424 0.0 0.0 0.0 0.0 1.0 0.99990374 1.1641532E-10 0.013884847 0.0 0.0012101401 0.99619484 -0.087147065 0.0 -0.013832011 0.08715547 0.9960988 0.0 0.0 0.0 0.0 1.0 0.9999698 2.0372681E-10 0.0077919345 0.0 6.7910936E-4 0.99619484 -0.087152824 0.0 -0.007762284 0.087155476 0.9961646 0.0 0.0 0.0 0.0 1.0 0.9999995 2.4374458E-10 9.955842E-4 0.0 8.677035E-5 0.9961947 -0.0871554 0.0 -9.917958E-4 0.08715545 0.99619424 0.0 0.0 0.0 0.0 1.0 0.99998707 3.6379788E-10 -0.005097674 0.0 -4.442904E-4 0.9961948 -0.08715432 0.0 0.0050782757 0.087155454 0.99618185 0.0 0.0 0.0 0.0 1.0 0.9999476 4.656613E-10 -0.010253228 0.0 -8.936251E-4 0.9961949 -0.08715088 0.0 0.010214211 0.087155454 0.99614257 0.0 0.0 0.0 0.0 1.0 0.9998953 6.4028427E-10 -0.014471084 0.0 -0.0012612343 0.9961947 -0.08714632 0.0 0.014416017 0.08715544 0.9960904 0.0 0.0 0.0 0.0 1.0 0.99984246 5.820766E-10 -0.017751347 0.0 -0.0015471271 0.9961947 -0.087141715 0.0 0.017683797 0.087155454 0.9960378 0.0 0.0 0.0 0.0 1.0 0.9997981 6.4028427E-10 -0.020094197 0.0 -0.0017513193 0.9961948 -0.08713785 0.0 0.020017732 0.08715545 0.9959936 0.0 0.0 0.0 0.0 1.0 0.99976903 6.4028427E-10 -0.021499831 0.0 -0.001873828 0.9961949 -0.087135315 0.0 0.02141802 0.08715546 0.99596465 0.0 0.0 0.0 0.0 1.0 0.99975884 8.731149E-10 -0.021968361 0.0 -0.001914663 0.9961949 -0.08713442 0.0 0.021884765 0.08715546 0.99595445 0.0 0.0 0.0 0.0 1.0 0.99975884 7.566996E-10 -0.021968361 0.0 -0.001914663 0.9961949 -0.08713442 0.0 0.021884765 0.08715546 0.99595445 0.0 0.0 0.0 0.0 1.0 0.99975884 7.566996E-10 -0.021968361 0.0 -0.001914663 0.9961949 -0.08713442 0.0 0.021884765 0.08715546 0.99595445 0.0 0.0 0.0 0.0 1.0 0.9997587 6.9849193E-10 -0.02196836 0.0 -0.0019146627 0.9961948 -0.087134406 0.0 0.021884764 0.08715545 0.99595433 0.0 0.0 0.0 0.0 1.0 0.9997587 6.9849193E-10 -0.021968361 0.0 -0.0019146629 0.9961948 -0.08713441 0.0 0.021884765 0.087155454 0.99595433 0.0 0.0 0.0 0.0 1.0 0.99975884 7.566996E-10 -0.021968361 0.0 -0.001914663 0.9961949 -0.08713442 0.0 0.021884765 0.08715546 0.99595445 0.0 0.0 0.0 0.0 1.0 0.99975884 6.4028427E-10 -0.021968363 0.0 -0.001914663 0.9961949 -0.08713442 0.0 0.021884767 0.08715546 0.99595445 0.0 0.0 0.0 0.0 1.0 0.99975884 7.566996E-10 -0.021968361 0.0 -0.001914663 0.9961949 -0.08713442 0.0 0.021884765 0.08715546 0.99595445 0.0 0.0 0.0 0.0 1.0 0.9997587 6.4028427E-10 -0.021968361 0.0 -0.0019146628 0.9961948 -0.08713441 0.0 0.021884765 0.087155454 0.99595433 0.0 0.0 0.0 0.0 1.0 0.9997587 6.4028427E-10 -0.02196836 0.0 -0.0019146628 0.9961948 -0.08713441 0.0 0.021884764 0.087155454 0.99595433 0.0 0.0 0.0 0.0 1.0 0.99975884 8.1490725E-10 -0.021968361 0.0 -0.001914663 0.9961949 -0.08713442 0.0 0.021884765 0.08715546 0.99595445 0.0 0.0 0.0 0.0 1.0 0.99975884 8.1490725E-10 -0.021968361 0.0 -0.0019146629 0.9961949 -0.08713441 0.0 0.021884765 0.087155454 0.99595445 0.0 0.0 0.0 0.0 1.0 0.99975884 6.9849193E-10 -0.021968361 0.0 -0.0019146629 0.9961949 -0.08713442 0.0 0.021884765 0.08715546 0.99595445 0.0 0.0 0.0 0.0 1.0 0.99975884 7.566996E-10 -0.021968361 0.0 -0.001914663 0.9961949 -0.08713442 0.0 0.021884765 0.08715546 0.99595445 0.0 0.0 0.0 0.0 1.0 0.99975884 7.566996E-10 -0.021968361 0.0 -0.001914663 0.9961949 -0.08713442 0.0 0.021884765 0.08715546 0.99595445 0.0 0.0 0.0 0.0 1.0 0.99975884 8.1490725E-10 -0.02196836 0.0 -0.0019146629 0.9961949 -0.08713442 0.0 0.021884764 0.08715546 0.99595445 0.0 0.0 0.0 0.0 1.0 0.99975884 6.4028427E-10 -0.021968363 0.0 -0.0019146632 0.9961949 -0.08713443 0.0 0.021884767 0.08715547 0.99595445 0.0 0.0 0.0 0.0 1.0 0.99975884 8.1490725E-10 -0.02196836 0.0 -0.0019146629 0.9961949 -0.08713442 0.0 0.021884764 0.08715546 0.99595445 0.0 0.0 0.0 0.0 1.0 0.99975884 7.566996E-10 -0.021968361 0.0 -0.001914663 0.9961949 -0.08713442 0.0 0.021884765 0.08715546 0.99595445 0.0 0.0 0.0 0.0 1.0 0.99975884 6.9849193E-10 -0.021968361 0.0 -0.0019146629 0.9961949 -0.08713442 0.0 0.021884765 0.08715546 0.99595445 0.0 0.0 0.0 0.0 1.0 0.99975884 7.566996E-10 -0.021968361 0.0 -0.001914663 0.9961949 -0.08713442 0.0 0.021884765 0.08715546 0.99595445 0.0 0.0 0.0 0.0 1.0 0.99975884 7.566996E-10 -0.021968361 0.0 -0.001914663 0.9961949 -0.08713442 0.0 0.021884765 0.08715546 0.99595445 0.0 0.0 0.0 0.0 1.0 0.9997587 6.4028427E-10 -0.021968361 0.0 -0.0019146628 0.9961948 -0.08713441 0.0 0.021884765 0.087155454 0.99595433 0.0 0.0 0.0 0.0 1.0 0.99975884 8.1490725E-10 -0.021968361 0.0 -0.001914663 0.9961949 -0.08713442 0.0 0.021884765 0.08715546 0.99595445 0.0 0.0 0.0 0.0 1.0 0.99975884 7.566996E-10 -0.021968361 0.0 -0.001914663 0.9961949 -0.08713442 0.0 0.021884765 0.08715546 0.99595445 0.0 0.0 0.0 0.0 1.0 0.99975884 6.9849193E-10 -0.021968363 0.0 -0.0019146631 0.9961949 -0.08713442 0.0 0.021884767 0.08715546 0.99595445 0.0 0.0 0.0 0.0 1.0 0.99975884 6.9849193E-10 -0.021968361 0.0 -0.0019146629 0.9961949 -0.08713442 0.0 0.021884765 0.08715546 0.99595445 0.0 0.0 0.0 0.0 1.0 0.9997587 6.9849193E-10 -0.021968361 0.0 -0.0019146628 0.9961948 -0.087134406 0.0 0.021884765 0.08715545 0.99595433 0.0 0.0 0.0 0.0 1.0 0.9997587 7.566996E-10 -0.02196836 0.0 -0.0019146628 0.9961948 -0.08713441 0.0 0.021884764 0.087155454 0.99595433 0.0 0.0 0.0 0.0 1.0 0.99975884 6.9849193E-10 -0.021968361 0.0 -0.0019146629 0.9961949 -0.08713442 0.0 0.021884765 0.08715546 0.99595445 0.0 0.0 0.0 0.0 1.0 0.99975884 8.1490725E-10 -0.021968361 0.0 -0.001914663 0.9961949 -0.08713442 0.0 0.021884765 0.08715546 0.99595445 0.0 0.0 0.0 0.0 1.0 0.99975884 7.566996E-10 -0.021968361 0.0 -0.001914663 0.9961949 -0.08713442 0.0 0.021884765 0.08715546 0.99595445 0.0 0.0 0.0 0.0 1.0 0.99975884 7.566996E-10 -0.021968361 0.0 -0.001914663 0.9961949 -0.08713442 0.0 0.021884765 0.08715546 0.99595445 0.0 0.0 0.0 0.0 1.0 0.99975884 6.9849193E-10 -0.021968361 0.0 -0.0019146629 0.9961949 -0.08713442 0.0 0.021884765 0.08715546 0.99595445 0.0 0.0 0.0 0.0 1.0 0.99975884 8.1490725E-10 -0.021968361 0.0 -0.001914663 0.9961949 -0.08713442 0.0 0.021884765 0.08715546 0.99595445 0.0 0.0 0.0 0.0 1.0 0.99975884 7.566996E-10 -0.021968361 0.0 -0.001914663 0.9961949 -0.08713442 0.0 0.021884765 0.08715546 0.99595445 0.0 0.0 0.0 0.0 1.0 0.99975884 6.9849193E-10 -0.021968361 0.0 -0.0019146629 0.9961949 -0.08713442 0.0 0.021884765 0.08715546 0.99595445 0.0 0.0 0.0 0.0 1.0 0.99975884 7.566996E-10 -0.021968361 0.0 -0.001914663 0.9961949 -0.08713442 0.0 0.021884765 0.08715546 0.99595445 0.0 0.0 0.0 0.0 1.0 0.99975884 7.566996E-10 -0.021968361 0.0 -0.001914663 0.9961949 -0.08713442 0.0 0.021884765 0.08715546 0.99595445 0.0 0.0 0.0 0.0 1.0 0.99975884 7.566996E-10 -0.021968361 0.0 -0.001914663 0.9961949 -0.08713442 0.0 0.021884765 0.08715546 0.99595445 0.0 0.0 0.0 0.0 1.0 0.99975884 7.566996E-10 -0.021968361 0.0 -0.001914663 0.9961949 -0.08713442 0.0 0.021884765 0.08715546 0.99595445 0.0 0.0 0.0 0.0 1.0 0.99975884 8.1490725E-10 -0.02196836 0.0 -0.0019146629 0.9961949 -0.08713442 0.0 0.021884764 0.08715546 0.99595445 0.0 0.0 0.0 0.0 1.0 0.99975884 7.566996E-10 -0.021968361 0.0 -0.001914663 0.9961949 -0.08713442 0.0 0.021884765 0.08715546 0.99595445 0.0 0.0 0.0 0.0 1.0 0.99975884 8.1490725E-10 -0.02196836 0.0 -0.0019146629 0.9961949 -0.08713442 0.0 0.021884764 0.08715546 0.99595445 0.0 0.0 0.0 0.0 1.0 0.99975884 7.566996E-10 -0.021968361 0.0 -0.001914663 0.9961949 -0.08713442 0.0 0.021884765 0.08715546 0.99595445 0.0 0.0 0.0 0.0 1.0 0.99975884 7.566996E-10 -0.021968361 0.0 -0.001914663 0.9961949 -0.08713442 0.0 0.021884765 0.08715546 0.99595445 0.0 0.0 0.0 0.0 1.0 0.99975884 7.566996E-10 -0.021968361 0.0 -0.001914663 0.9961949 -0.08713442 0.0 0.021884765 0.08715546 0.99595445 0.0 0.0 0.0 0.0 1.0 0.99975884 8.1490725E-10 -0.02196836 0.0 -0.0019146629 0.9961949 -0.08713442 0.0 0.021884764 0.08715546 0.99595445 0.0 0.0 0.0 0.0 1.0 0.99975884 6.4028427E-10 -0.021968363 0.0 -0.001914663 0.9961949 -0.08713442 0.0 0.021884767 0.08715546 0.99595445 0.0 0.0 0.0 0.0 1.0 0.99975884 7.566996E-10 -0.021968361 0.0 -0.001914663 0.9961949 -0.08713442 0.0 0.021884765 0.08715546 0.99595445 0.0 0.0 0.0 0.0 1.0 0.99975884 6.4028427E-10 -0.021968363 0.0 -0.001914663 0.9961949 -0.08713442 0.0 0.021884767 0.08715546 0.99595445 0.0 0.0 0.0 0.0 1.0 0.99975884 7.566996E-10 -0.021968361 0.0 -0.001914663 0.9961949 -0.08713442 0.0 0.021884765 0.08715546 0.99595445 0.0 0.0 0.0 0.0 1.0 0.99975884 6.9849193E-10 -0.021968361 0.0 -0.0019146629 0.9961949 -0.08713442 0.0 0.021884765 0.08715546 0.99595445 0.0 0.0 0.0 0.0 1.0 0.99975884 7.566996E-10 -0.021968361 0.0 -0.001914663 0.9961949 -0.08713442 0.0 0.021884765 0.08715546 0.99595445 0.0 0.0 0.0 0.0 1.0 0.99975884 6.4028427E-10 -0.021968363 0.0 -0.001914663 0.9961949 -0.08713442 0.0 0.021884767 0.08715546 0.99595445 0.0 0.0 0.0 0.0 1.0 0.99975884 7.566996E-10 -0.021968361 0.0 -0.001914663 0.9961949 -0.08713442 0.0 0.021884765 0.08715546 0.99595445 0.0 0.0 0.0 0.0 1.0 0.99975884 7.566996E-10 -0.021968361 0.0 -0.001914663 0.9961949 -0.08713442 0.0 0.021884765 0.08715546 0.99595445 0.0 0.0 0.0 0.0 1.0 0.99975884 7.566996E-10 -0.021968361 0.0 -0.001914663 0.9961949 -0.08713442 0.0 0.021884765 0.08715546 0.99595445 0.0 0.0 0.0 0.0 1.0 0.99975884 7.566996E-10 -0.021968361 0.0 -0.001914663 0.9961949 -0.08713442 0.0 0.021884765 0.08715546 0.99595445 0.0 0.0 0.0 0.0 1.0 0.99975884 7.566996E-10 -0.021968361 0.0 -0.001914663 0.9961949 -0.08713442 0.0 0.021884765 0.08715546 0.99595445 0.0 0.0 0.0 0.0 1.0 0.99975884 7.566996E-10 -0.021968361 0.0 -0.001914663 0.9961949 -0.08713442 0.0 0.021884765 0.08715546 0.99595445 0.0 0.0 0.0 0.0 1.0 0.99975884 7.566996E-10 -0.021968361 0.0 -0.001914663 0.9961949 -0.08713442 0.0 0.021884765 0.08715546 0.99595445 0.0 0.0 0.0 0.0 1.0 0.99975884 7.566996E-10 -0.021968361 0.0 -0.001914663 0.9961949 -0.08713442 0.0 0.021884765 0.08715546 0.99595445 0.0 0.0 0.0 0.0 1.0 0.99976295 8.446164E-6 -0.021773234 0.0 -0.0018892434 0.996262 -0.086362034 0.0 0.021691117 0.0863827 0.99602586 0.0 0.0 0.0 0.0 1.0 0.99977547 3.2873882E-5 -0.021187825 0.0 -0.0018138867 0.9964603 -0.08404459 0.0 0.021110063 0.084064156 0.9962367 0.0 0.0 0.0 0.0 1.0 0.9997959 7.055898E-5 -0.020212006 0.0 -0.0016912973 0.9967791 -0.08018107 0.0 0.020141244 0.08019888 0.99657553 0.0 0.0 0.0 0.0 1.0 0.99982244 1.169577E-4 -0.01884559 0.0 -0.0015259843 0.9971997 -0.07476992 0.0 0.01878407 0.074785404 0.9970228 0.0 0.0 0.0 0.0 1.0 0.99985397 1.6570801E-4 -0.017088383 0.0 -0.0013242693 0.9976974 -0.067809194 0.0 0.017037801 0.06782192 0.997552 0.0 0.0 0.0 0.0 1.0 0.99988836 2.0862778E-4 -0.014940222 0.0 -0.0010942888 0.9982398 -0.059296712 0.0 0.014901553 0.059306443 0.9981286 0.0 0.0 0.0 0.0 1.0 0.9999231 2.3571434E-4 -0.01240104 0.0 -8.4600155E-4 0.9987871 -0.049230393 0.0 0.012374395 0.0492371 0.9987105 0.0 0.0 0.0 0.0 1.0 0.9999543 2.3571424E-4 -0.009568621 0.0 -5.991407E-4 0.99927783 -0.037995998 0.0 0.0095527535 0.03799999 0.9992322 0.0 0.0 0.0 0.0 1.0 0.9999754 2.0862752E-4 -0.00702929 0.0 -4.048077E-4 0.9996102 -0.027919112 0.0 0.0070207245 0.027921269 0.99958557 0.0 0.0 0.0 0.0 1.0 0.99998814 1.6570771E-4 -0.0048808944 0.0 -2.603197E-4 0.999812 -0.0193899 0.0 0.004876764 0.019390939 0.99980015 0.0 0.0 0.0 0.0 1.0 0.9999953 1.1695707E-4 -0.003123415 0.0 -1.5571078E-4 0.99992317 -0.012410124 0.0 0.0031217227 0.01241055 0.9999183 0.0 0.0 0.0 0.0 1.0 0.9999985 7.055826E-5 -0.0017567456 0.0 -8.28203E-5 0.99997574 -0.0069808788 0.0 0.0017562103 0.006981014 0.9999742 0.0 0.0 0.0 0.0 1.0 0.99999976 3.287346E-5 -7.8071933E-4 0.0 -3.5295627E-5 0.99999523 -0.0031026676 0.0 7.806136E-4 0.0031026942 0.99999493 0.0 0.0 0.0 0.0 1.0 1.0000001 8.445525E-6 -1.9517183E-4 0.0 -8.596912E-6 0.9999999 -7.7567704E-4 0.0 1.9516522E-4 7.7567867E-4 0.9999998 0.0 0.0 0.0 0.0 1.0 1.0 0.0 0.0 0.0 0.0 1.0 0.0 0.0 0.0 0.0 1.0 0.0 0.0 0.0 0.0 1.0 1.0 0.0 0.0 0.0 0.0 1.0 0.0 0.0 0.0 0.0 1.0 0.0 0.0 0.0 0.0 1.0 1.0 0.0 0.0 0.0 0.0 1.0 0.0 0.0 0.0 0.0 1.0 0.0 0.0 0.0 0.0 1.0 1.0 0.0 0.0 0.0 0.0 1.0 0.0 0.0 0.0 0.0 1.0 0.0 0.0 0.0 0.0 1.0 1.0 0.0 0.0 0.0 0.0 1.0 0.0 0.0 0.0 0.0 1.0 0.0 0.0 0.0 0.0 1.0 1.0 0.0 0.0 0.0 0.0 1.0 0.0 0.0 0.0 0.0 1.0 0.0 0.0 0.0 0.0 1.0 1.0 0.0 0.0 0.0 0.0 1.0 0.0 0.0 0.0 0.0 1.0 0.0 0.0 0.0 0.0 1.0 </float_array>
          <technique_common>
            <accessor count="143" source="#Body-global-anim-outSource-global-array" stride="16">
              <param type="float4x4"/>
            </accessor>
          </technique_common>
        </source>
        <sampler id="Body-global-anim-globalSampler">
          <input semantic="INPUT" source="#Body-global-anim-inSource-TIME"/>
          <input semantic="OUTPUT" source="#Body-global-anim-outSource-global"/>
          <input semantic="INTERPOLATION" source="#Body-global-anim-interpolation"/>
        </sampler>
        <channel source="#Body-global-anim-globalSampler" target="Body-global/matrix"/>
      </animation>
    </animation>
    <animation id="Body-local-anim" name="Body-local-anim">
      <animation>
        <source id="Body-local-anim-inSource-TIME">
          <float_array count="143" id="Body-local-anim-inSource-TIME-array">0.0 0.041666668 0.083333336 0.125 0.16666667 0.20833333 0.25 0.29166666 0.33333334 0.375 0.41666666 0.45833334 0.5 0.5416667 0.5833333 0.625 0.6666667 0.7083333 0.75 0.7916667 0.8333333 0.875 0.9166667 0.9583333 1.0 1.0416666 1.0833334 1.125 1.1666666 1.2083334 1.25 1.2916666 1.3333334 1.375 1.4166666 1.4583334 1.5 1.5416666 1.5833334 1.625 1.6666666 1.7083334 1.75 1.7916666 1.8333334 1.875 1.9166666 1.9583334 2.0 2.0416667 2.0833333 2.125 2.1666667 2.2083333 2.25 2.2916667 2.3333333 2.375 2.4166667 2.4583333 2.5 2.5416667 2.5833333 2.625 2.6666667 2.7083333 2.75 2.7916667 2.8333333 2.875 2.9166667 2.9583333 3.0 3.0416667 3.0833333 3.125 3.1666667 3.2083333 3.25 3.2916667 3.3333333 3.375 3.4166667 3.4583333 3.5 3.5416667 3.5833333 3.625 3.6666667 3.7083333 3.75 3.7916667 3.8333333 3.875 3.9166667 3.9583333 4.0 4.0416665 4.0833335 4.125 4.1666665 4.2083335 4.25 4.2916665 4.3333335 4.375 4.4166665 4.4583335 4.5 4.5416665 4.5833335 4.625 4.6666665 4.7083335 4.75 4.7916665 4.8333335 4.875 4.9166665 4.9583335 5.0 5.0416665 5.0833335 5.125 5.1666665 5.2083335 5.25 5.2916665 5.3333335 5.375 5.4166665 5.4583335 5.5 5.5416665 5.5833335 5.625 5.6666665 5.7083335 5.75 5.7916665 5.8333335 5.875 5.9166665 </float_array>
          <technique_common>
            <accessor count="143" source="#Body-local-anim-inSource-TIME-array">
              <param name="TIME" type="float"/>
            </accessor>
          </technique_common>
        </source>
        <source id="Body-local-anim-interpolation">
          <Name_array count="143" id="Body-local-anim-interpolation-array">LINEAR LINEAR LINEAR LINEAR LINEAR LINEAR LINEAR LINEAR LINEAR LINEAR LINEAR LINEAR LINEAR LINEAR LINEAR LINEAR LINEAR LINEAR LINEAR LINEAR LINEAR LINEAR LINEAR LINEAR LINEAR LINEAR LINEAR LINEAR LINEAR LINEAR LINEAR LINEAR LINEAR LINEAR LINEAR LINEAR LINEAR LINEAR LINEAR LINEAR LINEAR LINEAR LINEAR LINEAR LINEAR LINEAR LINEAR LINEAR LINEAR LINEAR LINEAR LINEAR LINEAR LINEAR LINEAR LINEAR LINEAR LINEAR LINEAR LINEAR LINEAR LINEAR LINEAR LINEAR LINEAR LINEAR LINEAR LINEAR LINEAR LINEAR LINEAR LINEAR LINEAR LINEAR LINEAR LINEAR LINEAR LINEAR LINEAR LINEAR LINEAR LINEAR LINEAR LINEAR LINEAR LINEAR LINEAR LINEAR LINEAR LINEAR LINEAR LINEAR LINEAR LINEAR LINEAR LINEAR LINEAR LINEAR LINEAR LINEAR LINEAR LINEAR LINEAR LINEAR LINEAR LINEAR LINEAR LINEAR LINEAR LINEAR LINEAR LINEAR LINEAR LINEAR LINEAR LINEAR LINEAR LINEAR LINEAR LINEAR LINEAR LINEAR LINEAR LINEAR LINEAR LINEAR LINEAR LINEAR LINEAR LINEAR LINEAR LINEAR LINEAR LINEAR LINEAR LINEAR LINEAR LINEAR LINEAR LINEAR LINEAR LINEAR LINEAR </Name_array>
          <technique_common>
            <accessor count="143" source="#Body-local-anim-interpolation-array">
              <param type="name"/>
            </accessor>
          </technique_common>
        </source>
        <source id="Body-local-anim-outSource-local">
          <float_array count="2288" id="Body-local-anim-outSource-local-array">1.0 0.0 0.0 -0.5000001 0.0 1.0 0.0 -0.50000024 0.0 0.0 1.0 -0.49999952 0.0 0.0 0.0 1.0 1.0 0.0 0.0 -0.5000001 0.0 1.0 0.0 -0.50000024 0.0 0.0 1.0 -0.49999952 0.0 0.0 0.0 1.0 1.0 0.0 0.0 -0.5000001 0.0 1.0 0.0 -0.50000024 0.0 0.0 1.0 -0.49999952 0.0 0.0 0.0 1.0 1.0 0.0 0.0 -0.5000001 0.0 1.0 0.0 -0.50000024 0.0 0.0 1.0 -0.49999952 0.0 0.0 0.0 1.0 1.0 0.0 0.0 -0.5000001 0.0 1.0 0.0 -0.50000024 0.0 0.0 1.0 -0.49999952 0.0 0.0 0.0 1.0 1.0 0.0 0.0 -0.5000001 0.0 1.0 0.0 -0.50000024 0.0 0.0 1.0 -0.49999952 0.0 0.0 0.0 1.0 1.0 0.0 0.0 -0.5000001 0.0 1.0 0.0 -0.50000024 0.0 0.0 1.0 -0.49999952 0.0 0.0 0.0 1.0 1.0 0.0 0.0 -0.5000001 0.0 1.0 0.0 -0.50000024 0.0 0.0 1.0 -0.49999952 0.0 0.0 0.0 1.0 1.0 0.0 0.0 -0.5000001 0.0 1.0 0.0 -0.50000024 0.0 0.0 1.0 -0.49999952 0.0 0.0 0.0 1.0 1.0 0.0 0.0 -0.5000001 0.0 1.0 0.0 -0.50000024 0.0 0.0 1.0 -0.49999952 0.0 0.0 0.0 1.0 1.0 0.0 0.0 -0.5000001 0.0 1.0 0.0 -0.50000024 0.0 0.0 1.0 -0.49999952 0.0 0.0 0.0 1.0 1.0 0.0 0.0 -0.5000001 0.0 1.0 0.0 -0.50000024 0.0 0.0 1.0 -0.49999952 0.0 0.0 0.0 1.0 1.0 0.0 0.0 -0.5000001 0.0 1.0 0.0 -0.50000024 0.0 0.0 1.0 -0.49999952 0.0 0.0 0.0 1.0 1.0 0.0 0.0 -0.5000001 0.0 1.0 0.0 -0.50000024 0.0 0.0 1.0 -0.49999952 0.0 0.0 0.0 1.0 1.0 0.0 0.0 -0.5000001 0.0 1.0 0.0 -0.50000024 0.0 0.0 1.0 -0.49999952 0.0 0.0 0.0 1.0 1.0 0.0 0.0 -0.5000001 0.0 1.0 0.0 -0.50000024 0.0 0.0 1.0 -0.49999952 0.0 0.0 0.0 1.0 1.0 0.0 0.0 -0.5000001 0.0 1.0 0.0 -0.50000024 0.0 0.0 1.0 -0.49999952 0.0 0.0 0.0 1.0 1.0 0.0 0.0 -0.5000001 0.0 1.0 0.0 -0.50000024 0.0 0.0 1.0 -0.49999952 0.0 0.0 0.0 1.0 1.0 0.0 0.0 -0.5000001 0.0 1.0 0.0 -0.50000024 0.0 0.0 1.0 -0.49999952 0.0 0.0 0.0 1.0 1.0 0.0 0.0 -0.5000001 0.0 1.0 0.0 -0.50000024 0.0 0.0 1.0 -0.49999952 0.0 0.0 0.0 1.0 1.0 0.0 0.0 -0.5000001 0.0 1.0 0.0 -0.50000024 0.0 0.0 1.0 -0.49999952 0.0 0.0 0.0 1.0 1.0 0.0 0.0 -0.5000001 0.0 1.0 0.0 -0.50000024 0.0 0.0 1.0 -0.49999952 0.0 0.0 0.0 1.0 1.0 0.0 0.0 -0.5000001 0.0 1.0 0.0 -0.50000024 0.0 0.0 1.0 -0.49999952 0.0 0.0 0.0 1.0 1.0 0.0 0.0 -0.5000001 0.0 1.0 0.0 -0.50000024 0.0 0.0 1.0 -0.49999952 0.0 0.0 0.0 1.0 1.0 0.0 0.0 -0.5000001 0.0 1.0 0.0 -0.50000024 0.0 0.0 1.0 -0.49999952 0.0 0.0 0.0 1.0 1.0 0.0 0.0 -0.5000001 0.0 1.0 0.0 -0.50000024 0.0 0.0 1.0 -0.49999952 0.0 0.0 0.0 1.0 1.0 0.0 0.0 -0.5000001 0.0 1.0 0.0 -0.50000024 0.0 0.0 1.0 -0.49999952 0.0 0.0 0.0 1.0 1.0 0.0 0.0 -0.5000001 0.0 1.0 0.0 -0.50000024 0.0 0.0 1.0 -0.49999952 0.0 0.0 0.0 1.0 1.0 0.0 0.0 -0.5000001 0.0 1.0 0.0 -0.50000024 0.0 0.0 1.0 -0.49999952 0.0 0.0 0.0 1.0 1.0 0.0 0.0 -0.5000001 0.0 1.0 0.0 -0.50000024 0.0 0.0 1.0 -0.49999952 0.0 0.0 0.0 1.0 1.0 0.0 0.0 -0.5000001 0.0 1.0 0.0 -0.50000024 0.0 0.0 1.0 -0.49999952 0.0 0.0 0.0 1.0 1.0 0.0 0.0 -0.5000001 0.0 1.0 0.0 -0.50000024 0.0 0.0 1.0 -0.49999952 0.0 0.0 0.0 1.0 1.0 0.0 0.0 -0.5000001 0.0 1.0 0.0 -0.50000024 0.0 0.0 1.0 -0.49999952 0.0 0.0 0.0 1.0 1.0 0.0 0.0 -0.5000001 0.0 1.0 0.0 -0.50000024 0.0 0.0 1.0 -0.49999952 0.0 0.0 0.0 1.0 1.0 0.0 0.0 -0.5000001 0.0 1.0 0.0 -0.50000024 0.0 0.0 1.0 -0.49999952 0.0 0.0 0.0 1.0 1.0 0.0 0.0 -0.5000001 0.0 1.0 0.0 -0.50000024 0.0 0.0 1.0 -0.49999952 0.0 0.0 0.0 1.0 1.0 0.0 0.0 -0.5000001 0.0 1.0 0.0 -0.50000024 0.0 0.0 1.0 -0.49999952 0.0 0.0 0.0 1.0 1.0 0.0 0.0 -0.5000001 0.0 1.0 0.0 -0.50000024 0.0 0.0 1.0 -0.49999952 0.0 0.0 0.0 1.0 1.0 0.0 0.0 -0.5000001 0.0 1.0 0.0 -0.50000024 0.0 0.0 1.0 -0.49999952 0.0 0.0 0.0 1.0 1.0 0.0 0.0 -0.5000001 0.0 1.0 0.0 -0.50000024 0.0 0.0 1.0 -0.49999952 0.0 0.0 0.0 1.0 1.0 0.0 0.0 -0.5000001 0.0 1.0 0.0 -0.50000024 0.0 0.0 1.0 -0.49999952 0.0 0.0 0.0 1.0 1.0 0.0 0.0 -0.5000001 0.0 1.0 0.0 -0.50000024 0.0 0.0 1.0 -0.49999952 0.0 0.0 0.0 1.0 1.0 0.0 0.0 -0.5000001 0.0 1.0 0.0 -0.50000024 0.0 0.0 1.0 -0.49999952 0.0 0.0 0.0 1.0 1.0 0.0 0.0 -0.5000001 0.0 1.0 0.0 -0.50000024 0.0 0.0 1.0 -0.49999952 0.0 0.0 0.0 1.0 1.0 0.0 0.0 -0.5000001 0.0 1.0 0.0 -0.50000024 0.0 0.0 1.0 -0.49999952 0.0 0.0 0.0 1.0 1.0 0.0 0.0 -0.5000001 0.0 1.0 0.0 -0.50000024 0.0 0.0 1.0 -0.49999952 0.0 0.0 0.0 1.0 1.0 0.0 0.0 -0.5000001 0.0 1.0 0.0 -0.50000024 0.0 0.0 1.0 -0.49999952 0.0 0.0 0.0 1.0 1.0 0.0 0.0 -0.5000001 0.0 1.0 0.0 -0.50000024 0.0 0.0 1.0 -0.49999952 0.0 0.0 0.0 1.0 1.0 0.0 0.0 -0.5000001 0.0 1.0 0.0 -0.50000024 0.0 0.0 1.0 -0.49999952 0.0 0.0 0.0 1.0 1.0 0.0 0.0 -0.5000001 0.0 1.0 0.0 -0.50000024 0.0 0.0 1.0 -0.49999952 0.0 0.0 0.0 1.0 1.0 0.0 0.0 -0.5000001 0.0 1.0 0.0 -0.50000024 0.0 0.0 1.0 -0.49999952 0.0 0.0 0.0 1.0 1.0 0.0 0.0 -0.5000001 0.0 1.0 0.0 -0.50000024 0.0 0.0 1.0 -0.49999952 0.0 0.0 0.0 1.0 1.0 0.0 0.0 -0.5000001 0.0 1.0 0.0 -0.50000024 0.0 0.0 1.0 -0.49999952 0.0 0.0 0.0 1.0 1.0 0.0 0.0 -0.5000001 0.0 1.0 0.0 -0.50000024 0.0 0.0 1.0 -0.49999952 0.0 0.0 0.0 1.0 1.0 0.0 0.0 -0.5000001 0.0 1.0 0.0 -0.50000024 0.0 0.0 1.0 -0.49999952 0.0 0.0 0.0 1.0 1.0 0.0 0.0 -0.5000001 0.0 1.0 0.0 -0.50000024 0.0 0.0 1.0 -0.49999952 0.0 0.0 0.0 1.0 1.0 0.0 0.0 -0.5000001 0.0 1.0 0.0 -0.50000024 0.0 0.0 1.0 -0.49999952 0.0 0.0 0.0 1.0 1.0 0.0 0.0 -0.5000001 0.0 1.0 0.0 -0.50000024 0.0 0.0 1.0 -0.49999952 0.0 0.0 0.0 1.0 1.0 0.0 0.0 -0.5000001 0.0 1.0 0.0 -0.50000024 0.0 0.0 1.0 -0.49999952 0.0 0.0 0.0 1.0 1.0 0.0 0.0 -0.5000001 0.0 1.0 0.0 -0.50000024 0.0 0.0 1.0 -0.49999952 0.0 0.0 0.0 1.0 1.0 0.0 0.0 -0.5000001 0.0 1.0 0.0 -0.50000024 0.0 0.0 1.0 -0.49999952 0.0 0.0 0.0 1.0 1.0 0.0 0.0 -0.5000001 0.0 1.0 0.0 -0.50000024 0.0 0.0 1.0 -0.49999952 0.0 0.0 0.0 1.0 1.0 0.0 0.0 -0.5000001 0.0 1.0 0.0 -0.50000024 0.0 0.0 1.0 -0.49999952 0.0 0.0 0.0 1.0 1.0 0.0 0.0 -0.5000001 0.0 1.0 0.0 -0.50000024 0.0 0.0 1.0 -0.49999952 0.0 0.0 0.0 1.0 1.0 0.0 0.0 -0.5000001 0.0 1.0 0.0 -0.50000024 0.0 0.0 1.0 -0.49999952 0.0 0.0 0.0 1.0 1.0 0.0 0.0 -0.5000001 0.0 1.0 0.0 -0.50000024 0.0 0.0 1.0 -0.49999952 0.0 0.0 0.0 1.0 1.0 0.0 0.0 -0.5000001 0.0 1.0 0.0 -0.50000024 0.0 0.0 1.0 -0.49999952 0.0 0.0 0.0 1.0 1.0 0.0 0.0 -0.5000001 0.0 1.0 0.0 -0.50000024 0.0 0.0 1.0 -0.49999952 0.0 0.0 0.0 1.0 1.0 0.0 0.0 -0.5000001 0.0 1.0 0.0 -0.50000024 0.0 0.0 1.0 -0.49999952 0.0 0.0 0.0 1.0 1.0 0.0 0.0 -0.5000001 0.0 1.0 0.0 -0.50000024 0.0 0.0 1.0 -0.49999952 0.0 0.0 0.0 1.0 1.0 0.0 0.0 -0.5000001 0.0 1.0 0.0 -0.50000024 0.0 0.0 1.0 -0.49999952 0.0 0.0 0.0 1.0 1.0 0.0 0.0 -0.5000001 0.0 1.0 0.0 -0.50000024 0.0 0.0 1.0 -0.49999952 0.0 0.0 0.0 1.0 1.0 0.0 0.0 -0.5000001 0.0 1.0 0.0 -0.50000024 0.0 0.0 1.0 -0.49999952 0.0 0.0 0.0 1.0 1.0 0.0 0.0 -0.5000001 0.0 1.0 0.0 -0.50000024 0.0 0.0 1.0 -0.49999952 0.0 0.0 0.0 1.0 1.0 0.0 0.0 -0.5000001 0.0 1.0 0.0 -0.50000024 0.0 0.0 1.0 -0.49999952 0.0 0.0 0.0 1.0 1.0 0.0 0.0 -0.5000001 0.0 1.0 0.0 -0.50000024 0.0 0.0 1.0 -0.49999952 0.0 0.0 0.0 1.0 1.0 0.0 0.0 -0.5000001 0.0 1.0 0.0 -0.50000024 0.0 0.0 1.0 -0.49999952 0.0 0.0 0.0 1.0 1.0 0.0 0.0 -0.5000001 0.0 1.0 0.0 -0.50000024 0.0 0.0 1.0 -0.49999952 0.0 0.0 0.0 1.0 1.0 0.0 0.0 -0.5000001 0.0 1.0 0.0 -0.50000024 0.0 0.0 1.0 -0.49999952 0.0 0.0 0.0 1.0 1.0 0.0 0.0 -0.5000001 0.0 1.0 0.0 -0.50000024 0.0 0.0 1.0 -0.49999952 0.0 0.0 0.0 1.0 1.0 0.0 0.0 -0.5000001 0.0 1.0 0.0 -0.50000024 0.0 0.0 1.0 -0.49999952 0.0 0.0 0.0 1.0 1.0 0.0 0.0 -0.5000001 0.0 1.0 0.0 -0.50000024 0.0 0.0 1.0 -0.49999952 0.0 0.0 0.0 1.0 1.0 0.0 0.0 -0.5000001 0.0 1.0 0.0 -0.50000024 0.0 0.0 1.0 -0.49999952 0.0 0.0 0.0 1.0 1.0 0.0 0.0 -0.5000001 0.0 1.0 0.0 -0.50000024 0.0 0.0 1.0 -0.49999952 0.0 0.0 0.0 1.0 1.0 0.0 0.0 -0.5000001 0.0 1.0 0.0 -0.50000024 0.0 0.0 1.0 -0.49999952 0.0 0.0 0.0 1.0 1.0 0.0 0.0 -0.5000001 0.0 1.0 0.0 -0.50000024 0.0 0.0 1.0 -0.49999952 0.0 0.0 0.0 1.0 1.0 0.0 0.0 -0.5000001 0.0 1.0 0.0 -0.50000024 0.0 0.0 1.0 -0.49999952 0.0 0.0 0.0 1.0 1.0 0.0 0.0 -0.5000001 0.0 1.0 0.0 -0.50000024 0.0 0.0 1.0 -0.49999952 0.0 0.0 0.0 1.0 1.0 0.0 0.0 -0.5000001 0.0 1.0 0.0 -0.50000024 0.0 0.0 1.0 -0.49999952 0.0 0.0 0.0 1.0 1.0 0.0 0.0 -0.5000001 0.0 1.0 0.0 -0.50000024 0.0 0.0 1.0 -0.49999952 0.0 0.0 0.0 1.0 1.0 0.0 0.0 -0.5000001 0.0 1.0 0.0 -0.50000024 0.0 0.0 1.0 -0.49999952 0.0 0.0 0.0 1.0 1.0 0.0 0.0 -0.5000001 0.0 1.0 0.0 -0.50000024 0.0 0.0 1.0 -0.49999952 0.0 0.0 0.0 1.0 1.0 0.0 0.0 -0.5000001 0.0 1.0 0.0 -0.50000024 0.0 0.0 1.0 -0.49999952 0.0 0.0 0.0 1.0 1.0 0.0 0.0 -0.5000001 0.0 1.0 0.0 -0.50000024 0.0 0.0 1.0 -0.49999952 0.0 0.0 0.0 1.0 1.0 0.0 0.0 -0.5000001 0.0 1.0 0.0 -0.50000024 0.0 0.0 1.0 -0.49999952 0.0 0.0 0.0 1.0 1.0 0.0 0.0 -0.5000001 0.0 1.0 0.0 -0.50000024 0.0 0.0 1.0 -0.49999952 0.0 0.0 0.0 1.0 1.0 0.0 0.0 -0.5000001 0.0 1.0 0.0 -0.50000024 0.0 0.0 1.0 -0.49999952 0.0 0.0 0.0 1.0 1.0 0.0 0.0 -0.5000001 0.0 1.0 0.0 -0.50000024 0.0 0.0 1.0 -0.49999952 0.0 0.0 0.0 1.0 1.0 0.0 0.0 -0.5000001 0.0 1.0 0.0 -0.50000024 0.0 0.0 1.0 -0.49999952 0.0 0.0 0.0 1.0 1.0 0.0 0.0 -0.5000001 0.0 1.0 0.0 -0.50000024 0.0 0.0 1.0 -0.49999952 0.0 0.0 0.0 1.0 1.0 0.0 0.0 -0.5000001 0.0 1.0 0.0 -0.50000024 0.0 0.0 1.0 -0.49999952 0.0 0.0 0.0 1.0 1.0 0.0 0.0 -0.5000001 0.0 1.0 0.0 -0.50000024 0.0 0.0 1.0 -0.49999952 0.0 0.0 0.0 1.0 1.0 0.0 0.0 -0.5000001 0.0 1.0 0.0 -0.50000024 0.0 0.0 1.0 -0.49999952 0.0 0.0 0.0 1.0 1.0 0.0 0.0 -0.5000001 0.0 1.0 0.0 -0.50000024 0.0 0.0 1.0 -0.49999952 0.0 0.0 0.0 1.0 1.0 0.0 0.0 -0.5000001 0.0 1.0 0.0 -0.50000024 0.0 0.0 1.0 -0.49999952 0.0 0.0 0.0 1.0 1.0 0.0 0.0 -0.5000001 0.0 1.0 0.0 -0.50000024 0.0 0.0 1.0 -0.49999952 0.0 0.0 0.0 1.0 1.0 0.0 0.0 -0.5000001 0.0 1.0 0.0 -0.50000024 0.0 0.0 1.0 -0.49999952 0.0 0.0 0.0 1.0 1.0 0.0 0.0 -0.5000001 0.0 1.0 0.0 -0.50000024 0.0 0.0 1.0 -0.49999952 0.0 0.0 0.0 1.0 1.0 0.0 0.0 -0.5000001 0.0 1.0 0.0 -0.50000024 0.0 0.0 1.0 -0.49999952 0.0 0.0 0.0 1.0 1.0 0.0 0.0 -0.5000001 0.0 1.0 0.0 -0.50000024 0.0 0.0 1.0 -0.49999952 0.0 0.0 0.0 1.0 1.0 0.0 0.0 -0.5000001 0.0 1.0 0.0 -0.50000024 0.0 0.0 1.0 -0.49999952 0.0 0.0 0.0 1.0 1.0 0.0 0.0 -0.5000001 0.0 1.0 0.0 -0.50000024 0.0 0.0 1.0 -0.49999952 0.0 0.0 0.0 1.0 1.0 0.0 0.0 -0.5000001 0.0 1.0 0.0 -0.50000024 0.0 0.0 1.0 -0.49999952 0.0 0.0 0.0 1.0 1.0 0.0 0.0 -0.5000001 0.0 1.0 0.0 -0.50000024 0.0 0.0 1.0 -0.49999952 0.0 0.0 0.0 1.0 1.0 0.0 0.0 -0.5000001 0.0 1.0 0.0 -0.50000024 0.0 0.0 1.0 -0.49999952 0.0 0.0 0.0 1.0 1.0 0.0 0.0 -0.5000001 0.0 1.0 0.0 -0.50000024 0.0 0.0 1.0 -0.49999952 0.0 0.0 0.0 1.0 1.0 0.0 0.0 -0.5000001 0.0 1.0 0.0 -0.50000024 0.0 0.0 1.0 -0.49999952 0.0 0.0 0.0 1.0 1.0 0.0 0.0 -0.5000001 0.0 1.0 0.0 -0.50000024 0.0 0.0 1.0 -0.49999952 0.0 0.0 0.0 1.0 1.0 0.0 0.0 -0.5000001 0.0 1.0 0.0 -0.50000024 0.0 0.0 1.0 -0.49999952 0.0 0.0 0.0 1.0 1.0 0.0 0.0 -0.5000001 0.0 1.0 0.0 -0.50000024 0.0 0.0 1.0 -0.49999952 0.0 0.0 0.0 1.0 1.0 0.0 0.0 -0.5000001 0.0 1.0 0.0 -0.50000024 0.0 0.0 1.0 -0.49999952 0.0 0.0 0.0 1.0 1.0 0.0 0.0 -0.5000001 0.0 1.0 0.0 -0.50000024 0.0 0.0 1.0 -0.49999952 0.0 0.0 0.0 1.0 1.0 0.0 0.0 -0.5000001 0.0 1.0 0.0 -0.50000024 0.0 0.0 1.0 -0.49999952 0.0 0.0 0.0 1.0 1.0 0.0 0.0 -0.5000001 0.0 1.0 0.0 -0.50000024 0.0 0.0 1.0 -0.49999952 0.0 0.0 0.0 1.0 1.0 0.0 0.0 -0.5000001 0.0 1.0 0.0 -0.50000024 0.0 0.0 1.0 -0.49999952 0.0 0.0 0.0 1.0 1.0 0.0 0.0 -0.5000001 0.0 1.0 0.0 -0.50000024 0.0 0.0 1.0 -0.49999952 0.0 0.0 0.0 1.0 1.0 0.0 0.0 -0.5000001 0.0 1.0 0.0 -0.50000024 0.0 0.0 1.0 -0.49999952 0.0 0.0 0.0 1.0 1.0 0.0 0.0 -0.5000001 0.0 1.0 0.0 -0.50000024 0.0 0.0 1.0 -0.49999952 0.0 0.0 0.0 1.0 1.0 0.0 0.0 -0.5000001 0.0 1.0 0.0 -0.50000024 0.0 0.0 1.0 -0.49999952 0.0 0.0 0.0 1.0 1.0 0.0 0.0 -0.5000001 0.0 1.0 0.0 -0.50000024 0.0 0.0 1.0 -0.49999952 0.0 0.0 0.0 1.0 1.0 0.0 0.0 -0.5000001 0.0 1.0 0.0 -0.50000024 0.0 0.0 1.0 -0.49999952 0.0 0.0 0.0 1.0 1.0 0.0 0.0 -0.5000001 0.0 1.0 0.0 -0.50000024 0.0 0.0 1.0 -0.49999952 0.0 0.0 0.0 1.0 1.0 0.0 0.0 -0.5000001 0.0 1.0 0.0 -0.50000024 0.0 0.0 1.0 -0.49999952 0.0 0.0 0.0 1.0 1.0 0.0 0.0 -0.5000001 0.0 1.0 0.0 -0.50000024 0.0 0.0 1.0 -0.49999952 0.0 0.0 0.0 1.0 1.0 0.0 0.0 -0.5000001 0.0 1.0 0.0 -0.50000024 0.0 0.0 1.0 -0.49999952 0.0 0.0 0.0 1.0 1.0 0.0 0.0 -0.5000001 0.0 1.0 0.0 -0.50000024 0.0 0.0 1.0 -0.49999952 0.0 0.0 0.0 1.0 1.0 0.0 0.0 -0.5000001 0.0 1.0 0.0 -0.50000024 0.0 0.0 1.0 -0.49999952 0.0 0.0 0.0 1.0 1.0 0.0 0.0 -0.5000001 0.0 1.0 0.0 -0.50000024 0.0 0.0 1.0 -0.49999952 0.0 0.0 0.0 1.0 1.0 0.0 0.0 -0.5000001 0.0 1.0 0.0 -0.50000024 0.0 0.0 1.0 -0.49999952 0.0 0.0 0.0 1.0 1.0 0.0 0.0 -0.5000001 0.0 1.0 0.0 -0.50000024 0.0 0.0 1.0 -0.49999952 0.0 0.0 0.0 1.0 1.0 0.0 0.0 -0.5000001 0.0 1.0 0.0 -0.50000024 0.0 0.0 1.0 -0.49999952 0.0 0.0 0.0 1.0 1.0 0.0 0.0 -0.5000001 0.0 1.0 0.0 -0.50000024 0.0 0.0 1.0 -0.49999952 0.0 0.0 0.0 1.0 1.0 0.0 0.0 -0.5000001 0.0 1.0 0.0 -0.50000024 0.0 0.0 1.0 -0.49999952 0.0 0.0 0.0 1.0 </float_array>
          <technique_common>
            <accessor count="143" source="#Body-local-anim-outSource-local-array" stride="16">
              <param type="float4x4"/>
            </accessor>
          </technique_common>
        </source>
        <sampler id="Body-local-anim-localSampler">
          <input semantic="INPUT" source="#Body-local-anim-inSource-TIME"/>
          <input semantic="OUTPUT" source="#Body-local-anim-outSource-local"/>
          <input semantic="INTERPOLATION" source="#Body-local-anim-interpolation"/>
        </sampler>
        <channel source="#Body-local-anim-localSampler" target="Body-local/matrix"/>
      </animation>
    </animation>
    <animation id="Neck-global-anim" name="Neck-global-anim">
      <animation>
        <source id="Neck-global-anim-inSource-TIME">
          <float_array count="143" id="Neck-global-anim-inSource-TIME-array">0.0 0.041666668 0.083333336 0.125 0.16666667 0.20833333 0.25 0.29166666 0.33333334 0.375 0.41666666 0.45833334 0.5 0.5416667 0.5833333 0.625 0.6666667 0.7083333 0.75 0.7916667 0.8333333 0.875 0.9166667 0.9583333 1.0 1.0416666 1.0833334 1.125 1.1666666 1.2083334 1.25 1.2916666 1.3333334 1.375 1.4166666 1.4583334 1.5 1.5416666 1.5833334 1.625 1.6666666 1.7083334 1.75 1.7916666 1.8333334 1.875 1.9166666 1.9583334 2.0 2.0416667 2.0833333 2.125 2.1666667 2.2083333 2.25 2.2916667 2.3333333 2.375 2.4166667 2.4583333 2.5 2.5416667 2.5833333 2.625 2.6666667 2.7083333 2.75 2.7916667 2.8333333 2.875 2.9166667 2.9583333 3.0 3.0416667 3.0833333 3.125 3.1666667 3.2083333 3.25 3.2916667 3.3333333 3.375 3.4166667 3.4583333 3.5 3.5416667 3.5833333 3.625 3.6666667 3.7083333 3.75 3.7916667 3.8333333 3.875 3.9166667 3.9583333 4.0 4.0416665 4.0833335 4.125 4.1666665 4.2083335 4.25 4.2916665 4.3333335 4.375 4.4166665 4.4583335 4.5 4.5416665 4.5833335 4.625 4.6666665 4.7083335 4.75 4.7916665 4.8333335 4.875 4.9166665 4.9583335 5.0 5.0416665 5.0833335 5.125 5.1666665 5.2083335 5.25 5.2916665 5.3333335 5.375 5.4166665 5.4583335 5.5 5.5416665 5.5833335 5.625 5.6666665 5.7083335 5.75 5.7916665 5.8333335 5.875 5.9166665 </float_array>
          <technique_common>
            <accessor count="143" source="#Neck-global-anim-inSource-TIME-array">
              <param name="TIME" type="float"/>
            </accessor>
          </technique_common>
        </source>
        <source id="Neck-global-anim-interpolation">
          <Name_array count="143" id="Neck-global-anim-interpolation-array">LINEAR LINEAR LINEAR LINEAR LINEAR LINEAR LINEAR LINEAR LINEAR LINEAR LINEAR LINEAR LINEAR LINEAR LINEAR LINEAR LINEAR LINEAR LINEAR LINEAR LINEAR LINEAR LINEAR LINEAR LINEAR LINEAR LINEAR LINEAR LINEAR LINEAR LINEAR LINEAR LINEAR LINEAR LINEAR LINEAR LINEAR LINEAR LINEAR LINEAR LINEAR LINEAR LINEAR LINEAR LINEAR LINEAR LINEAR LINEAR LINEAR LINEAR LINEAR LINEAR LINEAR LINEAR LINEAR LINEAR LINEAR LINEAR LINEAR LINEAR LINEAR LINEAR LINEAR LINEAR LINEAR LINEAR LINEAR LINEAR LINEAR LINEAR LINEAR LINEAR LINEAR LINEAR LINEAR LINEAR LINEAR LINEAR LINEAR LINEAR LINEAR LINEAR LINEAR LINEAR LINEAR LINEAR LINEAR LINEAR LINEAR LINEAR LINEAR LINEAR LINEAR LINEAR LINEAR LINEAR LINEAR LINEAR LINEAR LINEAR LINEAR LINEAR LINEAR LINEAR LINEAR LINEAR LINEAR LINEAR LINEAR LINEAR LINEAR LINEAR LINEAR LINEAR LINEAR LINEAR LINEAR LINEAR LINEAR LINEAR LINEAR LINEAR LINEAR LINEAR LINEAR LINEAR LINEAR LINEAR LINEAR LINEAR LINEAR LINEAR LINEAR LINEAR LINEAR LINEAR LINEAR LINEAR LINEAR LINEAR LINEAR LINEAR LINEAR </Name_array>
          <technique_common>
            <accessor count="143" source="#Neck-global-anim-interpolation-array">
              <param type="name"/>
            </accessor>
          </technique_common>
        </source>
        <source id="Neck-global-anim-outSource-global">
          <float_array count="2288" id="Neck-global-anim-outSource-global-array">1.0 0.0 0.0 -0.5 0.0 1.0 0.0 3.5762787E-7 0.0 0.0 1.0 3.0 0.0 0.0 0.0 1.0 1.0 0.0 0.0 -0.5 0.0 0.99996686 -0.008144781 3.5762787E-7 0.0 0.008144781 0.99996686 3.0 0.0 0.0 0.0 1.0 1.0 0.0 0.0 -0.5 0.0 0.9994693 -0.03257372 3.5762787E-7 0.0 0.03257372 0.9994693 3.0 0.0 0.0 0.0 1.0 1.0 0.0 0.0 -0.5 0.0 0.99731445 -0.073238194 3.5762787E-7 0.0 0.073238194 0.99731445 3.0 0.0 0.0 0.0 1.0 1.0 0.0 0.0 -0.5 0.0 0.99152064 -0.12994938 3.5762787E-7 0.0 0.12994938 0.99152064 3.0 0.0 0.0 0.0 1.0 1.0000002 0.0 0.0 -0.5 0.0 0.9793408 -0.20221764 3.5762787E-7 0.0 0.20221764 0.9793408 3.0 0.0 0.0 0.0 1.0 1.0 0.0 0.0 -0.5 0.0 0.95731956 -0.2890318 3.5762787E-7 0.0 0.2890318 0.95731956 3.0 0.0 0.0 0.0 1.0 1.0 0.0 0.0 -0.5 0.0 0.92141163 -0.38858792 3.5762787E-7 0.0 0.38858792 0.92141163 3.0 0.0 0.0 0.0 1.0 1.0 0.0 0.0 -0.5 0.0 0.8671866 -0.49798337 3.5762787E-7 0.0 0.49798337 0.8671866 3.0 0.0 0.0 0.0 1.0 1.0000002 0.0 0.0 -0.5 0.0 0.7901552 -0.6129072 3.5762787E-7 0.0 0.6129072 0.7901552 3.0 0.0 0.0 0.0 1.0 1.0 0.0 0.0 -0.5 0.0 0.6862416 -0.72737366 3.5762787E-7 0.0 0.72737366 0.6862416 3.0 0.0 0.0 0.0 1.0 1.0000001 0.0 0.0 -0.5 0.0 0.5524221 -0.83356464 3.5762787E-7 0.0 0.83356464 0.5524221 3.0 0.0 0.0 0.0 1.0 1.0 0.0 0.0 -0.5 0.0 0.38751566 -0.92186314 3.5762787E-7 0.0 0.92186314 0.38751566 3.0 0.0 0.0 0.0 1.0 1.0 0.0 0.0 -0.5 0.0 0.19309291 -0.9811805 3.5762787E-7 0.0 0.9811805 0.19309291 3.0 0.0 0.0 0.0 1.0 1.0 0.0 0.0 -0.5 0.0 -0.025595099 -0.9996724 3.5762787E-7 0.0 0.9996724 -0.025595099 3.0 0.0 0.0 0.0 1.0 1.0 0.0 0.0 -0.5 0.0 -0.25881895 -0.9659259 3.5762787E-7 0.0 0.9659259 -0.25881895 3.0 0.0 0.0 0.0 1.0 1.0 0.0 0.0 -0.5 0.0 -0.07084426 -0.9974874 3.5762787E-7 0.0 0.9974874 -0.07084426 3.0 0.0 0.0 0.0 1.0 1.0000001 0.0 0.0 -0.5 0.0 0.0654037 -0.997859 3.5762787E-7 0.0 0.997859 0.0654037 3.0 0.0 0.0 0.0 1.0 1.0000002 0.0 0.0 -0.5 0.0 0.14673129 -0.9891766 3.5762787E-7 0.0 0.9891766 0.14673129 3.0 0.0 0.0 0.0 1.0 1.0 0.0 0.0 -0.5 0.0 0.17364886 -0.9848076 3.5762787E-7 0.0 0.9848076 0.17364886 3.0 0.0 0.0 0.0 1.0 1.0000002 0.0 0.0 -0.5 0.0 0.12571874 -0.99206614 3.5762787E-7 0.0 0.99206614 0.12571874 3.0 0.0 0.0 0.0 1.0 1.0 0.0 0.0 -0.5 0.0 -0.019390643 -0.99981207 3.5762787E-7 0.0 0.99981207 -0.019390643 3.0 0.0 0.0 0.0 1.0 1.0 0.0 0.0 -0.5 0.0 -0.25881863 -0.96592593 3.5762787E-7 0.0 0.96592593 -0.25881863 3.0 0.0 0.0 0.0 1.0 0.9982132 0.05957532 -0.004634412 -0.5 -5.7557784E-4 -0.06796685 -0.99768746 3.5762787E-7 -0.05975253 0.9959073 -0.06781116 3.0 0.0 0.0 0.0 1.0 0.99545 0.095269054 -0.0018507056 -0.5 -0.0064596273 0.048092365 -0.99882215 3.5762787E-7 -0.095067814 0.99428934 0.048488915 3.0 0.0 0.0 0.0 1.0 0.99425465 0.10704073 1.8626451E-8 -0.5 -0.009329282 0.086655796 -0.9961946 3.5762787E-7 -0.10663341 0.9904711 0.087156534 3.0 0.0 0.0 0.0 1.0 0.993804 0.11114223 0.0010335892 -0.5 -0.005034428 0.054302394 -0.99851185 3.5762787E-7 -0.111032955 0.9923199 0.054525435 3.0 0.0 0.0 0.0 1.0 0.9923259 0.123605125 0.0033174083 -0.5 0.008678012 -0.04285574 -0.9990436 3.5762787E-7 -0.12334474 0.9914056 -0.043599486 3.0 0.0 0.0 0.0 1.0 0.98947585 0.1446324 0.0043600425 -0.5 0.033984996 -0.20300183 -0.97858846 3.5762787E-7 -0.14065051 0.9684378 -0.20578071 3.0 0.0 0.0 0.0 1.0 0.98480767 0.17364848 -7.4505806E-9 -0.5 0.07338691 -0.41619712 -0.906308 3.5762787E-7 -0.157379 0.8925391 -0.42261773 3.0 0.0 0.0 0.0 1.0 0.98480797 0.17049414 0.032947768 -0.5 0.07338695 -0.23667565 -0.9688134 3.5762787E-7 -0.15737905 0.9565128 -0.24559203 3.0 0.0 0.0 0.0 1.0 0.9848077 0.16443294 0.055817526 -0.5 0.07338691 -0.102786094 -0.9919926 3.5762787E-7 -0.157379 0.9810182 -0.11329177 3.0 0.0 0.0 0.0 1.0 0.9848077 0.15932152 0.069068514 -0.5 0.07338694 -0.021375507 -0.9970745 3.5762787E-7 -0.15737903 0.98699534 -0.032742828 3.0 0.0 0.0 0.0 1.0 0.9848077 0.15737894 0.073387116 -0.5 0.07338692 0.005820155 -0.9972866 3.5762787E-7 -0.15737902 0.98752123 -0.0058178306 3.0 0.0 0.0 0.0 1.0 0.98746204 0.14340413 0.06598512 -0.5 0.07533579 -0.060778946 -0.9953042 3.5762787E-7 -0.13872021 0.9877962 -0.07082042 3.0 0.0 0.0 0.0 1.0 0.9938804 0.09874256 0.049517952 -0.5 0.07361691 -0.2578641 -0.96337277 3.5762787E-7 -0.08235697 0.96112245 -0.26355514 3.0 0.0 0.0 0.0 1.0 0.9959794 0.04699884 0.07626486 -0.5 0.07796093 -0.035375625 -0.9963287 3.5762787E-7 -0.044128366 0.9982685 -0.038897544 3.0 0.0 0.0 0.0 1.0 0.9961127 0.0069525987 0.0878136 -0.5 0.08625984 0.12507498 -0.9883904 3.5762787E-7 -0.017855167 0.99212295 0.123989046 3.0 0.0 0.0 0.0 1.0 0.99564147 -0.017787647 0.09155115 -0.5 0.093219474 0.21984184 -0.9710714 3.5762787E-7 -0.0028536916 0.9753733 0.22054183 3.0 0.0 0.0 0.0 1.0 0.99539334 -0.026099075 0.09225507 -0.5 0.09585518 0.25097072 -0.96323705 3.5762787E-7 0.001986269 0.9676428 0.2523163 3.0 0.0 0.0 0.0 1.0 0.9955616 -0.029867005 0.089248136 -0.5 0.09363672 0.21905479 -0.97120917 3.5762787E-7 0.009456877 0.97525537 0.22087917 3.0 0.0 0.0 0.0 1.0 0.9958421 -0.04173116 0.08097686 -0.5 0.08552298 0.122098565 -0.9888266 3.5762787E-7 0.031377718 0.9916404 0.12515986 3.0 0.0 0.0 0.0 1.0 0.99555874 -0.06310455 0.069864094 -0.5 0.06733402 -0.041369826 -0.99687254 3.5762787E-7 0.06579745 0.9971492 -0.03693703 3.0 0.0 0.0 0.0 1.0 0.9936067 -0.09538006 0.060401574 -0.5 0.032965757 -0.266583 -0.963248 3.5762787E-7 0.10797669 0.9590808 -0.2617344 3.0 0.0 0.0 0.0 1.0 0.9936069 -0.096624106 0.058390856 -0.5 0.03296576 -0.24635187 -0.9686198 3.5762787E-7 0.107976705 0.964352 -0.2415916 3.0 0.0 0.0 0.0 1.0 0.9936066 -0.100099824 0.052208543 -0.5 0.032965757 -0.18504554 -0.9821768 3.5762787E-7 0.10797669 0.9776186 -0.18056267 3.0 0.0 0.0 0.0 1.0 0.9936067 -0.10500875 0.04145926 -0.5 0.03296576 -0.08136642 -0.99613893 3.5762787E-7 0.10797669 0.991137 -0.07738447 3.0 0.0 0.0 0.0 1.0 0.9936069 -0.109938756 0.025674503 -0.5 0.03296576 0.06502548 -0.9973391 3.5762787E-7 0.107976705 0.99180925 0.068234 3.0 0.0 0.0 0.0 1.0 0.9936068 -0.11280235 0.0046192557 -0.5 0.032965757 0.25075647 -0.9674888 3.5762787E-7 0.1079767 0.96145564 0.25287196 3.0 0.0 0.0 0.0 1.0 0.9936067 -0.11166987 -0.016599633 -0.5 0.032965753 0.42760435 -0.9033648 3.5762787E-7 0.10797669 0.89704204 0.42855182 3.0 0.0 0.0 0.0 1.0 0.993607 -0.10804699 -0.032734632 -0.5 0.03296576 0.5549835 -0.8312082 3.5762787E-7 0.107976705 0.8248149 0.55499715 3.0 0.0 0.0 0.0 1.0 0.993607 -0.104033396 -0.043849304 -0.5 0.03296576 0.6388283 -0.76864314 3.5762787E-7 0.107976705 0.76228344 0.6381736 3.0 0.0 0.0 0.0 1.0 0.99360675 -0.10107476 -0.050295085 -0.5 0.032965757 0.6858311 -0.72701377 3.5762787E-7 0.107976675 0.7207077 0.6847784 3.0 0.0 0.0 0.0 1.0 0.9936067 -0.09999929 -0.052400805 -0.5 0.032965746 0.70090604 -0.71249145 3.5762787E-7 0.10797668 0.7062089 0.69972146 3.0 0.0 0.0 0.0 1.0 0.99321604 -0.10300754 -0.053957466 -0.5 0.033946287 0.7006442 -0.712703 3.5762787E-7 0.111218765 0.7060363 0.6993878 3.0 0.0 0.0 0.0 1.0 0.9919747 -0.11202705 -0.058619484 -0.5 0.03688109 0.6998408 -0.7133462 3.5762787E-7 0.12093836 0.7054594 0.698356 3.0 0.0 0.0 0.0 1.0 0.98967516 -0.12704009 -0.06636201 -0.5 0.041748952 0.6984418 -0.7144481 3.5762787E-7 0.13711356 0.704301 0.6965343 3.0 0.0 0.0 0.0 1.0 0.9859731 -0.14801016 -0.07713999 -0.5 0.04851229 0.69635844 -0.71605307 3.5762787E-7 0.15970017 0.70226663 0.6937709 3.0 0.0 0.0 0.0 1.0 0.9803879 -0.1748713 -0.09088269 -0.5 0.05711375 0.69346714 -0.718221 3.5762787E-7 0.18862039 0.6989445 0.6898543 3.0 0.0 0.0 0.0 1.0 0.972309 -0.2075139 -0.10748662 -0.5 0.067471616 0.68961257 -0.7210286 3.5762787E-7 0.22374757 0.6938103 0.68451774 3.0 0.0 0.0 0.0 1.0 0.9628627 -0.2399067 -0.12385647 -0.5 0.077645235 0.68541014 -0.7240058 3.5762787E-7 0.2585863 0.6875012 0.67858344 3.0 0.0 0.0 0.0 1.0 0.9541261 -0.26619214 -0.13705972 -0.5 0.08582197 0.6817173 -0.7265649 3.5762787E-7 0.28684178 0.6814717 0.6732893 3.0 0.0 0.0 0.0 1.0 0.94670963 -0.28648368 -0.14720188 -0.5 0.092084795 0.678689 -0.72863024 3.5762787E-7 0.3086449 0.6762461 0.6689021 3.0 0.0 0.0 0.0 1.0 0.94108164 -0.3008887 -0.15437469 -0.5 0.096504144 0.67644346 -0.73014486 3.5762787E-7 0.32411805 0.6722281 0.66562545 3.0 0.0 0.0 0.0 1.0 0.9375737 -0.30949408 -0.1586487 -0.5 0.09913348 0.67506343 -0.73106927 3.5762787E-7 0.33335948 0.6697038 0.6636028 3.0 0.0 0.0 0.0 1.0 0.9363825 -0.3123561 -0.16006833 -0.5 0.10000615 0.674598 -0.73138 3.5762787E-7 0.33643273 0.6688435 0.66291916 3.0 0.0 0.0 0.0 1.0 0.93625903 -0.31516084 -0.15521914 -0.5 0.09834654 0.6592908 -0.7454287 3.5762787E-7 0.33726442 0.682649 0.6482618 3.0 0.0 0.0 0.0 1.0 0.93594956 -0.322962 -0.14033516 -0.5 0.0932684 0.6116586 -0.7856047 3.5762787E-7 0.33955765 0.72219753 0.60260373 3.0 0.0 0.0 0.0 1.0 0.93563986 -0.33385533 -0.11453849 -0.5 0.08451851 0.52699226 -0.8456572 3.5762787E-7 0.34268802 0.7815498 0.52129185 3.0 0.0 0.0 0.0 1.0 0.93564254 -0.34448826 -0.07681991 -0.5 0.07182847 0.39894336 -0.9141582 3.5762787E-7 0.34556353 0.84980726 0.3980124 3.0 0.0 0.0 0.0 1.0 0.93639183 -0.34993464 -0.02676478 -0.5 0.055157542 0.22205254 -0.9734735 3.5762787E-7 0.34659523 0.9100762 0.22722968 3.0 0.0 0.0 0.0 1.0 0.9384071 -0.34381533 0.034398466 -0.5 0.035036966 -0.0043572783 -0.9993766 3.5762787E-7 0.34375083 0.93902725 0.007957339 3.0 0.0 0.0 0.0 1.0 0.9422045 -0.31896517 0.10252893 -0.5 0.012977421 -0.2710469 -0.9624787 3.5762787E-7 0.3347873 0.9081822 -0.2512423 3.0 0.0 0.0 0.0 1.0 0.9422043 -0.33391255 0.027446851 -0.5 0.012977421 -0.045487165 -0.99888057 3.5762787E-7 0.33478725 0.94150585 -0.038524926 3.0 0.0 0.0 0.0 1.0 0.9422045 -0.33452508 -0.018546686 -0.5 0.012977421 0.091754764 -0.9956972 3.5762787E-7 0.33478737 0.93790954 0.090792984 3.0 0.0 0.0 0.0 1.0 0.94220454 -0.33332515 -0.033842966 -0.5 0.012977436 0.13724512 -0.99045223 3.5762787E-7 0.33478737 0.93276924 0.13363868 3.0 0.0 0.0 0.0 1.0 0.93696535 -0.34939706 -0.004243508 -0.5 0.00928022 0.03702286 -0.9992715 3.5762787E-7 0.34929955 0.9362432 0.03793165 3.0 0.0 0.0 0.0 1.0 0.9210726 -0.37832537 0.092169985 -0.5 -0.010767847 -0.26135898 -0.9651817 3.5762787E-7 0.38924217 0.8880099 -0.24480438 3.0 0.0 0.0 0.0 1.0 0.93709743 -0.3468395 0.03937882 -0.5 -0.0024730414 -0.11940527 -0.9928425 3.5762787E-7 0.34905905 0.9302928 -0.11275208 3.0 0.0 0.0 0.0 1.0 0.95154953 -0.3073845 -0.008260414 -0.5 -5.1148236E-4 0.02528128 -0.9996802 3.5762787E-7 0.307495 0.95124954 0.023899168 3.0 0.0 0.0 0.0 1.0 0.9640974 -0.2608649 -0.04965534 -0.5 -0.004928112 0.16938287 -0.98553795 3.5762787E-7 0.26550305 0.95039934 0.16201603 3.0 0.0 0.0 0.0 1.0 0.9777266 -0.20267458 -0.0545336 -0.5 -0.012856126 0.20150813 -0.9794026 3.5762787E-7 0.20948896 0.95828897 0.19441423 3.0 0.0 0.0 0.0 1.0 0.98795915 -0.14366125 -0.057430115 -0.5 -0.022650171 0.23289695 -0.9722376 3.5762787E-7 0.15304816 0.9618318 0.22683874 3.0 0.0 0.0 0.0 1.0 0.9947494 -0.08408986 -0.058331944 -0.5 -0.03426631 0.2634088 -0.96407557 3.5762787E-7 0.096434124 0.96101236 0.25914428 3.0 0.0 0.0 0.0 1.0 0.997807 -0.0629227 -0.020539377 -0.5 -0.017045226 0.055572927 -0.99830914 3.5762787E-7 0.063957736 0.99647 0.05437857 3.0 0.0 0.0 0.0 1.0 0.99934065 -0.03426106 0.012046451 -0.5 0.006623977 -0.15418458 -0.9880201 3.5762787E-7 0.03570798 0.98744816 -0.15385592 3.0 0.0 0.0 0.0 1.0 0.99927956 5.939491E-4 0.03794626 -0.5 0.035666816 -0.35634106 -0.9336749 3.5762787E-7 0.012967258 0.9343557 -0.35610563 3.0 0.0 0.0 0.0 1.0 0.99927974 -0.0037467089 0.03776552 -0.5 0.03566683 -0.2472994 -0.9682826 3.5762787E-7 0.0129672615 0.96893203 -0.24698767 3.0 0.0 0.0 0.0 1.0 0.9992796 -0.006820415 0.03733302 -0.5 0.035666827 -0.16734302 -0.9852534 3.5762787E-7 0.012967257 0.9858752 -0.1669792 3.0 0.0 0.0 0.0 1.0 0.9992797 -0.008644043 0.036953382 -0.5 0.035666823 -0.11879736 -0.9922778 3.5762787E-7 0.012967255 0.992881 -0.118403375 3.0 0.0 0.0 0.0 1.0 0.99927974 -0.009247509 0.036807008 -0.5 0.035666827 -0.102546126 -0.9940887 3.5762787E-7 0.012967259 0.99468535 -0.102142364 3.0 0.0 0.0 0.0 1.0 0.9992647 0.017510403 0.03411378 -0.5 0.03670576 -0.1794391 -0.9830842 3.5762787E-7 -0.011092854 0.9836134 -0.17994991 3.0 0.0 0.0 0.0 1.0 0.99535936 0.0952589 0.013624992 -0.5 0.05091431 -0.40118986 -0.9145789 3.5762787E-7 -0.08165556 0.91102827 -0.40417808 3.0 0.0 0.0 0.0 1.0 0.99634546 0.07820404 0.03434611 -0.5 0.05401168 -0.2653497 -0.96263814 3.5762787E-7 -0.06616847 0.9609753 -0.26860386 3.0 0.0 0.0 0.0 1.0 0.9969226 0.058318935 0.052386463 -0.5 0.059305556 -0.12404379 -0.99050295 3.5762787E-7 -0.051266856 0.9905615 -0.1271207 3.0 0.0 0.0 0.0 1.0 0.99707794 0.03602716 0.06736171 -0.5 0.06668313 0.019717574 -0.99757934 3.5762787E-7 -0.037268165 0.99915624 0.017257571 3.0 0.0 0.0 0.0 1.0 0.99743193 0.0376227 0.06094437 -0.5 0.06168199 -0.01876551 -0.9979195 3.5762787E-7 -0.036400773 0.9991159 -0.021037996 3.0 0.0 0.0 0.0 1.0 0.99830556 0.04091012 0.041381344 -0.5 0.046518806 -0.13386104 -0.98990774 3.5762787E-7 -0.034957893 0.99015534 -0.13553736 3.0 0.0 0.0 0.0 1.0 0.9991113 0.041315526 0.0083327 -0.5 0.021172805 -0.32105067 -0.94682527 3.5762787E-7 -0.036443368 0.9461603 -0.32164016 3.0 0.0 0.0 0.0 1.0 0.99911135 0.039567076 0.014520786 -0.5 0.021172803 -0.17327958 -0.98464507 3.5762787E-7 -0.036443368 0.9840775 -0.17396337 3.0 0.0 0.0 0.0 1.0 0.9991115 0.037751075 0.018742027 -0.5 0.021172807 -0.065054476 -0.9976571 3.5762787E-7 -0.036443375 0.9971674 -0.06579596 3.0 0.0 0.0 0.0 1.0 0.9991115 0.036444455 0.021170942 -0.5 0.021172803 3.349185E-4 -0.9997758 3.5762787E-7 -0.036443375 0.9993357 -4.3705106E-4 3.0 0.0 0.0 0.0 1.0 0.9991114 0.03597394 0.021960935 -0.5 0.021172805 0.022144824 -0.9995305 3.5762787E-7 -0.03644337 0.9991073 0.021363467 3.0 0.0 0.0 0.0 1.0 0.9993882 0.026761651 0.022521418 -0.5 0.022976577 -0.016823918 -0.9995945 3.5762787E-7 -0.0263719 0.99950033 -0.017428428 3.0 0.0 0.0 0.0 1.0 0.99965286 -6.582793E-4 0.026338354 -0.5 0.026015107 -0.13341555 -0.9907187 3.5762787E-7 0.004166116 0.99106 -0.13335213 3.0 0.0 0.0 0.0 1.0 0.99821025 -0.044760305 0.039661743 -0.5 0.023110826 -0.3229589 -0.946131 3.5762787E-7 0.055158213 0.9453541 -0.32134634 3.0 0.0 0.0 0.0 1.0 0.99858093 -0.050029255 0.018261407 -0.5 0.012728704 -0.10875562 -0.9939872 3.5762787E-7 0.05171446 0.99280894 -0.10796443 3.0 0.0 0.0 0.0 1.0 0.9987025 -0.050862413 0.0025236476 -0.5 0.004972767 0.048082978 -0.99883103 3.5762787E-7 0.050681606 0.9975476 0.048273534 3.0 0.0 0.0 0.0 1.0 0.9987165 -0.050174437 -0.0069136936 -0.5 2.7460046E-4 0.1418654 -0.9898858 3.5762787E-7 0.05064778 0.9886135 0.14169714 3.0 0.0 0.0 0.0 1.0 0.99871147 -0.049747914 -0.010039903 -0.5 -0.0012896061 0.172887 -0.984941 3.5762787E-7 0.05073452 0.98368466 0.17260006 3.0 0.0 0.0 0.0 1.0 0.99930155 -0.037359547 -8.4687397E-4 -0.5 0.0033241808 0.111442804 -0.99376523 3.5762787E-7 0.037221 0.99306834 0.11148918 3.0 0.0 0.0 0.0 1.0 0.9997561 0.0029104548 0.021897431 -0.5 0.022052899 -0.07407129 -0.9970092 3.5762787E-7 -0.0012797778 0.9972488 -0.07411742 3.0 0.0 0.0 0.0 1.0 0.99614304 0.07700997 0.04205344 -0.5 0.06785349 -0.37221843 -0.9256616 3.5762787E-7 -0.0556321 0.9249448 -0.3760082 3.0 0.0 0.0 0.0 1.0 0.99928606 0.008835712 0.036737688 -0.5 0.037732586 -0.18201613 -0.9825715 3.5762787E-7 -0.0019948687 0.983256 -0.1822195 3.0 0.0 0.0 0.0 1.0 0.9989537 -0.038569346 0.024582263 -0.5 0.023031572 -0.040147066 -0.9989285 3.5762787E-7 0.039514918 0.99844927 -0.039216757 3.0 0.0 0.0 0.0 1.0 0.99772215 -0.06597584 0.014063135 -0.5 0.01710956 0.04583943 -0.9988023 3.5762787E-7 0.06525217 0.99676776 0.046863854 3.0 0.0 0.0 0.0 1.0 0.9971415 -0.07488819 0.010036804 -0.5 0.015630757 0.074489444 -0.99709934 3.5762787E-7 0.07392333 0.9944059 0.07544711 3.0 0.0 0.0 0.0 1.0 0.997198 -0.07392786 0.011441136 -0.5 0.015780702 0.058385223 -0.99816936 3.5762787E-7 0.073124535 0.99555296 0.05938825 3.0 0.0 0.0 0.0 1.0 0.9973612 -0.070912294 0.015558556 -0.5 0.016307784 0.009998858 -0.99981695 3.5762787E-7 0.070743755 0.9974324 0.011128902 3.0 0.0 0.0 0.0 1.0 0.9976114 -0.06545384 0.022081118 -0.5 0.017440807 -0.07063678 -0.99734974 3.5762787E-7 0.06684011 0.9953524 -0.06932643 3.0 0.0 0.0 0.0 1.0 0.9979126 -0.05696483 0.03042843 -0.5 0.01954844 -0.1826244 -0.98298866 3.5762787E-7 0.061552733 0.9815313 -0.18112952 3.0 0.0 0.0 0.0 1.0 0.99821025 -0.044760305 0.039661743 -0.5 0.023110826 -0.3229589 -0.946131 3.5762787E-7 0.055158213 0.9453541 -0.32134634 3.0 0.0 0.0 0.0 1.0 0.9982283 -0.04487439 0.03907127 -0.5 0.023461614 -0.30659485 -0.9515509 3.5762787E-7 0.05467932 0.95078176 -0.30499887 3.0 0.0 0.0 0.0 1.0 0.998284 -0.04515533 0.037289344 -0.5 0.024463682 -0.25697613 -0.9661082 3.5762787E-7 0.053207405 0.9653624 -0.25543046 3.0 0.0 0.0 0.0 1.0 0.9983792 -0.045417625 0.034294914 -0.5 0.025960337 -0.17281657 -0.98461175 3.5762787E-7 0.05064546 0.98390627 -0.17135745 3.0 0.0 0.0 0.0 1.0 0.9985181 -0.045349803 0.030088648 -0.5 0.027673315 -0.05297813 -0.99821234 3.5762787E-7 0.046862766 0.9975656 -0.051644653 3.0 0.0 0.0 0.0 1.0 0.99870205 -0.044519786 0.024746303 -0.5 0.029185032 0.10198784 -0.9943575 3.5762787E-7 0.041744757 0.993789 0.10315478 3.0 0.0 0.0 0.0 1.0 0.99892974 -0.04240056 0.018491052 -0.5 0.029931024 0.28769282 -0.95725507 3.5762787E-7 0.035268404 0.95678383 0.28865394 3.0 0.0 0.0 0.0 1.0 0.99919194 -0.03843221 0.01177494 -0.5 0.029220954 0.49336207 -0.86933315 3.5762787E-7 0.027601084 0.8689747 0.49408638 3.0 0.0 0.0 0.0 1.0 0.9994605 -0.0323723 0.0055362843 -0.5 0.026442824 0.69321907 -0.7202416 3.5762787E-7 0.019478021 0.7199995 0.69370115 3.0 0.0 0.0 0.0 1.0 0.999667 -0.025773156 0.0013731951 -0.5 0.022308286 0.8360679 -0.5481724 3.5762787E-7 0.012980048 0.5480204 0.8363643 3.0 0.0 0.0 0.0 1.0 0.9998079 -0.019580273 -9.288485E-4 -0.5 0.017751658 0.9244983 -0.38077268 3.5762787E-7 0.0083143525 0.38068303 0.92466825 3.0 0.0 0.0 0.0 1.0 0.9998965 -0.014262246 -0.0019158944 -0.5 0.013421407 0.97229606 -0.23336746 3.5762787E-7 0.0051911604 0.23331757 0.9723868 3.0 0.0 0.0 0.0 1.0 0.9999473 -0.010057826 -0.0021078866 -0.5 0.009749845 0.99335736 -0.11465731 3.5762787E-7 0.0032470878 0.114630714 0.99340296 3.0 0.0 0.0 0.0 1.0 0.9999733 -0.007055562 -0.0019342544 -0.5 0.0069970656 0.9995624 -0.0287426 3.5762787E-7 0.002136203 0.028728295 0.99958503 3.0 0.0 0.0 0.0 1.0 0.99998474 -0.0052652685 -0.001706202 -0.5 0.005303045 0.9997226 0.02294921 3.5762787E-7 0.001584895 -0.022957904 0.99973524 3.0 0.0 0.0 0.0 1.0 0.99998796 -0.00467141 -0.001609655 -0.5 0.0047323094 0.9991817 0.04017307 3.5762787E-7 0.0014206726 -0.0401802 0.9991916 3.0 0.0 0.0 0.0 1.0 0.99998844 -0.0045425473 -0.0015624162 -0.5 0.0046001105 0.99922633 0.03905789 3.5762787E-7 0.001383785 -0.039064627 0.99923575 3.0 0.0 0.0 0.0 1.0 0.9999905 -0.004155636 -0.0014215605 -0.5 0.0042037554 0.99935347 0.035712 3.5762787E-7 0.0012722351 -0.035717633 0.9993613 3.0 0.0 0.0 0.0 1.0 0.99999315 -0.003509717 -0.0011896739 -0.5 0.0035439753 0.99953955 0.030134324 3.5762787E-7 0.0010833632 -0.030138332 0.99954516 3.0 0.0 0.0 0.0 1.0 0.99999624 -0.0026032473 -8.7108643E-4 -0.5 0.002622045 0.9997474 0.022323536 3.5762787E-7 8.127527E-4 -0.022325737 0.99975044 3.0 0.0 0.0 0.0 1.0 0.999999 -0.001434166 -4.718959E-4 -0.5 0.0014398522 0.9999237 0.012278676 3.5762787E-7 4.542502E-4 -0.012279341 0.9999246 3.0 0.0 0.0 0.0 1.0 1.0 0.0 0.0 -0.5 0.0 1.0 0.0 3.5762787E-7 0.0 0.0 1.0 3.0 0.0 0.0 0.0 1.0 </float_array>
          <technique_common>
            <accessor count="143" source="#Neck-global-anim-outSource-global-array" stride="16">
              <param type="float4x4"/>
            </accessor>
          </technique_common>
        </source>
        <sampler id="Neck-global-anim-globalSampler">
          <input semantic="INPUT" source="#Neck-global-anim-inSource-TIME"/>
          <input semantic="OUTPUT" source="#Neck-global-anim-outSource-global"/>
          <input semantic="INTERPOLATION" source="#Neck-global-anim-interpolation"/>
        </sampler>
        <channel source="#Neck-global-anim-globalSampler" target="Neck-global/matrix"/>
      </animation>
    </animation>
    <animation id="Neck-local-anim" name="Neck-local-anim">
      <animation>
        <source id="Neck-local-anim-inSource-TIME">
          <float_array count="143" id="Neck-local-anim-inSource-TIME-array">0.0 0.041666668 0.083333336 0.125 0.16666667 0.20833333 0.25 0.29166666 0.33333334 0.375 0.41666666 0.45833334 0.5 0.5416667 0.5833333 0.625 0.6666667 0.7083333 0.75 0.7916667 0.8333333 0.875 0.9166667 0.9583333 1.0 1.0416666 1.0833334 1.125 1.1666666 1.2083334 1.25 1.2916666 1.3333334 1.375 1.4166666 1.4583334 1.5 1.5416666 1.5833334 1.625 1.6666666 1.7083334 1.75 1.7916666 1.8333334 1.875 1.9166666 1.9583334 2.0 2.0416667 2.0833333 2.125 2.1666667 2.2083333 2.25 2.2916667 2.3333333 2.375 2.4166667 2.4583333 2.5 2.5416667 2.5833333 2.625 2.6666667 2.7083333 2.75 2.7916667 2.8333333 2.875 2.9166667 2.9583333 3.0 3.0416667 3.0833333 3.125 3.1666667 3.2083333 3.25 3.2916667 3.3333333 3.375 3.4166667 3.4583333 3.5 3.5416667 3.5833333 3.625 3.6666667 3.7083333 3.75 3.7916667 3.8333333 3.875 3.9166667 3.9583333 4.0 4.0416665 4.0833335 4.125 4.1666665 4.2083335 4.25 4.2916665 4.3333335 4.375 4.4166665 4.4583335 4.5 4.5416665 4.5833335 4.625 4.6666665 4.7083335 4.75 4.7916665 4.8333335 4.875 4.9166665 4.9583335 5.0 5.0416665 5.0833335 5.125 5.1666665 5.2083335 5.25 5.2916665 5.3333335 5.375 5.4166665 5.4583335 5.5 5.5416665 5.5833335 5.625 5.6666665 5.7083335 5.75 5.7916665 5.8333335 5.875 5.9166665 </float_array>
          <technique_common>
            <accessor count="143" source="#Neck-local-anim-inSource-TIME-array">
              <param name="TIME" type="float"/>
            </accessor>
          </technique_common>
        </source>
        <source id="Neck-local-anim-interpolation">
          <Name_array count="143" id="Neck-local-anim-interpolation-array">LINEAR LINEAR LINEAR LINEAR LINEAR LINEAR LINEAR LINEAR LINEAR LINEAR LINEAR LINEAR LINEAR LINEAR LINEAR LINEAR LINEAR LINEAR LINEAR LINEAR LINEAR LINEAR LINEAR LINEAR LINEAR LINEAR LINEAR LINEAR LINEAR LINEAR LINEAR LINEAR LINEAR LINEAR LINEAR LINEAR LINEAR LINEAR LINEAR LINEAR LINEAR LINEAR LINEAR LINEAR LINEAR LINEAR LINEAR LINEAR LINEAR LINEAR LINEAR LINEAR LINEAR LINEAR LINEAR LINEAR LINEAR LINEAR LINEAR LINEAR LINEAR LINEAR LINEAR LINEAR LINEAR LINEAR LINEAR LINEAR LINEAR LINEAR LINEAR LINEAR LINEAR LINEAR LINEAR LINEAR LINEAR LINEAR LINEAR LINEAR LINEAR LINEAR LINEAR LINEAR LINEAR LINEAR LINEAR LINEAR LINEAR LINEAR LINEAR LINEAR LINEAR LINEAR LINEAR LINEAR LINEAR LINEAR LINEAR LINEAR LINEAR LINEAR LINEAR LINEAR LINEAR LINEAR LINEAR LINEAR LINEAR LINEAR LINEAR LINEAR LINEAR LINEAR LINEAR LINEAR LINEAR LINEAR LINEAR LINEAR LINEAR LINEAR LINEAR LINEAR LINEAR LINEAR LINEAR LINEAR LINEAR LINEAR LINEAR LINEAR LINEAR LINEAR LINEAR LINEAR LINEAR LINEAR LINEAR LINEAR LINEAR LINEAR LINEAR </Name_array>
          <technique_common>
            <accessor count="143" source="#Neck-local-anim-interpolation-array">
              <param type="name"/>
            </accessor>
          </technique_common>
        </source>
        <source id="Neck-local-anim-outSource-local">
          <float_array count="2288" id="Neck-local-anim-outSource-local-array">1.0 0.0 0.0 -0.014010668 0.0 1.0 0.0 3.9999998 0.0 0.0 1.0 1.7881393E-7 0.0 0.0 0.0 1.0 1.0 0.0 0.0 -0.014010668 0.0 1.0 0.0 3.9999998 0.0 0.0 1.0 1.7881393E-7 0.0 0.0 0.0 1.0 1.0 0.0 0.0 -0.014010668 0.0 1.0 0.0 3.9999998 0.0 0.0 1.0 1.7881393E-7 0.0 0.0 0.0 1.0 1.0 0.0 0.0 -0.014010668 0.0 1.0 0.0 3.9999998 0.0 0.0 1.0 1.7881393E-7 0.0 0.0 0.0 1.0 1.0 0.0 0.0 -0.014010668 0.0 1.0 0.0 3.9999998 0.0 0.0 1.0 1.7881393E-7 0.0 0.0 0.0 1.0 1.0 0.0 0.0 -0.014010668 0.0 1.0 0.0 3.9999998 0.0 0.0 1.0 1.7881393E-7 0.0 0.0 0.0 1.0 1.0 0.0 0.0 -0.014010668 0.0 1.0 0.0 3.9999998 0.0 0.0 1.0 1.7881393E-7 0.0 0.0 0.0 1.0 1.0 0.0 0.0 -0.014010668 0.0 1.0 0.0 3.9999998 0.0 0.0 1.0 1.7881393E-7 0.0 0.0 0.0 1.0 1.0 0.0 0.0 -0.014010668 0.0 1.0 0.0 3.9999998 0.0 0.0 1.0 1.7881393E-7 0.0 0.0 0.0 1.0 1.0 0.0 0.0 -0.014010668 0.0 1.0 0.0 3.9999998 0.0 0.0 1.0 1.7881393E-7 0.0 0.0 0.0 1.0 1.0 0.0 0.0 -0.014010668 0.0 1.0 0.0 3.9999998 0.0 0.0 1.0 1.7881393E-7 0.0 0.0 0.0 1.0 1.0 0.0 0.0 -0.014010668 0.0 1.0 0.0 3.9999998 0.0 0.0 1.0 1.7881393E-7 0.0 0.0 0.0 1.0 1.0 0.0 0.0 -0.014010668 0.0 1.0 0.0 3.9999998 0.0 0.0 1.0 1.7881393E-7 0.0 0.0 0.0 1.0 1.0 0.0 0.0 -0.014010668 0.0 1.0 0.0 3.9999998 0.0 0.0 1.0 1.7881393E-7 0.0 0.0 0.0 1.0 1.0 0.0 0.0 -0.014010668 0.0 1.0 0.0 3.9999998 0.0 0.0 1.0 1.7881393E-7 0.0 0.0 0.0 1.0 1.0 0.0 0.0 -0.014010668 0.0 1.0 0.0 3.9999998 0.0 0.0 1.0 1.7881393E-7 0.0 0.0 0.0 1.0 1.0 0.0 0.0 -0.014010668 0.0 1.0 0.0 3.9999998 0.0 0.0 1.0 1.7881393E-7 0.0 0.0 0.0 1.0 1.0 0.0 0.0 -0.014010668 0.0 1.0 0.0 3.9999998 0.0 0.0 1.0 1.7881393E-7 0.0 0.0 0.0 1.0 1.0 0.0 0.0 -0.014010668 0.0 1.0 0.0 3.9999998 0.0 0.0 1.0 1.7881393E-7 0.0 0.0 0.0 1.0 1.0 0.0 0.0 -0.014010668 0.0 1.0 0.0 3.9999998 0.0 0.0 1.0 1.7881393E-7 0.0 0.0 0.0 1.0 1.0 0.0 0.0 -0.014010668 0.0 1.0 0.0 3.9999998 0.0 0.0 1.0 1.7881393E-7 0.0 0.0 0.0 1.0 1.0 0.0 0.0 -0.014010668 0.0 1.0 0.0 3.9999998 0.0 0.0 1.0 1.7881393E-7 0.0 0.0 0.0 1.0 1.0 0.0 0.0 -0.014010668 0.0 1.0 0.0 3.9999998 0.0 0.0 1.0 1.7881393E-7 0.0 0.0 0.0 1.0 1.0 0.0 0.0 -0.014010668 0.0 1.0 0.0 3.9999998 0.0 0.0 1.0 1.7881393E-7 0.0 0.0 0.0 1.0 1.0 0.0 0.0 -0.014010668 0.0 1.0 0.0 3.9999998 0.0 0.0 1.0 1.7881393E-7 0.0 0.0 0.0 1.0 1.0 0.0 0.0 -0.014010668 0.0 1.0 0.0 3.9999998 0.0 0.0 1.0 1.7881393E-7 0.0 0.0 0.0 1.0 1.0 0.0 0.0 -0.014010668 0.0 1.0 0.0 3.9999998 0.0 0.0 1.0 1.7881393E-7 0.0 0.0 0.0 1.0 1.0 0.0 0.0 -0.014010668 0.0 1.0 0.0 3.9999998 0.0 0.0 1.0 1.7881393E-7 0.0 0.0 0.0 1.0 1.0 0.0 0.0 -0.014010668 0.0 1.0 0.0 3.9999998 0.0 0.0 1.0 1.7881393E-7 0.0 0.0 0.0 1.0 1.0 0.0 0.0 -0.014010668 0.0 1.0 0.0 3.9999998 0.0 0.0 1.0 1.7881393E-7 0.0 0.0 0.0 1.0 1.0 0.0 0.0 -0.014010668 0.0 1.0 0.0 3.9999998 0.0 0.0 1.0 1.7881393E-7 0.0 0.0 0.0 1.0 1.0 0.0 0.0 -0.014010668 0.0 1.0 0.0 3.9999998 0.0 0.0 1.0 1.7881393E-7 0.0 0.0 0.0 1.0 1.0 0.0 0.0 -0.014010668 0.0 1.0 0.0 3.9999998 0.0 0.0 1.0 1.7881393E-7 0.0 0.0 0.0 1.0 1.0 0.0 0.0 -0.014010668 0.0 1.0 0.0 3.9999998 0.0 0.0 1.0 1.7881393E-7 0.0 0.0 0.0 1.0 1.0 0.0 0.0 -0.014010668 0.0 1.0 0.0 3.9999998 0.0 0.0 1.0 1.7881393E-7 0.0 0.0 0.0 1.0 1.0 0.0 0.0 -0.014010668 0.0 1.0 0.0 3.9999998 0.0 0.0 1.0 1.7881393E-7 0.0 0.0 0.0 1.0 1.0 0.0 0.0 -0.014010668 0.0 1.0 0.0 3.9999998 0.0 0.0 1.0 1.7881393E-7 0.0 0.0 0.0 1.0 1.0 0.0 0.0 -0.014010668 0.0 1.0 0.0 3.9999998 0.0 0.0 1.0 1.7881393E-7 0.0 0.0 0.0 1.0 1.0 0.0 0.0 -0.014010668 0.0 1.0 0.0 3.9999998 0.0 0.0 1.0 1.7881393E-7 0.0 0.0 0.0 1.0 1.0 0.0 0.0 -0.014010668 0.0 1.0 0.0 3.9999998 0.0 0.0 1.0 1.7881393E-7 0.0 0.0 0.0 1.0 1.0 0.0 0.0 -0.014010668 0.0 1.0 0.0 3.9999998 0.0 0.0 1.0 1.7881393E-7 0.0 0.0 0.0 1.0 1.0 0.0 0.0 -0.014010668 0.0 1.0 0.0 3.9999998 0.0 0.0 1.0 1.7881393E-7 0.0 0.0 0.0 1.0 1.0 0.0 0.0 -0.014010668 0.0 1.0 0.0 3.9999998 0.0 0.0 1.0 1.7881393E-7 0.0 0.0 0.0 1.0 1.0 0.0 0.0 -0.014010668 0.0 1.0 0.0 3.9999998 0.0 0.0 1.0 1.7881393E-7 0.0 0.0 0.0 1.0 1.0 0.0 0.0 -0.014010668 0.0 1.0 0.0 3.9999998 0.0 0.0 1.0 1.7881393E-7 0.0 0.0 0.0 1.0 1.0 0.0 0.0 -0.014010668 0.0 1.0 0.0 3.9999998 0.0 0.0 1.0 1.7881393E-7 0.0 0.0 0.0 1.0 1.0 0.0 0.0 -0.014010668 0.0 1.0 0.0 3.9999998 0.0 0.0 1.0 1.7881393E-7 0.0 0.0 0.0 1.0 1.0 0.0 0.0 -0.014010668 0.0 1.0 0.0 3.9999998 0.0 0.0 1.0 1.7881393E-7 0.0 0.0 0.0 1.0 1.0 0.0 0.0 -0.014010668 0.0 1.0 0.0 3.9999998 0.0 0.0 1.0 1.7881393E-7 0.0 0.0 0.0 1.0 1.0 0.0 0.0 -0.014010668 0.0 1.0 0.0 3.9999998 0.0 0.0 1.0 1.7881393E-7 0.0 0.0 0.0 1.0 1.0 0.0 0.0 -0.014010668 0.0 1.0 0.0 3.9999998 0.0 0.0 1.0 1.7881393E-7 0.0 0.0 0.0 1.0 1.0 0.0 0.0 -0.014010668 0.0 1.0 0.0 3.9999998 0.0 0.0 1.0 1.7881393E-7 0.0 0.0 0.0 1.0 1.0 0.0 0.0 -0.014010668 0.0 1.0 0.0 3.9999998 0.0 0.0 1.0 1.7881393E-7 0.0 0.0 0.0 1.0 1.0 0.0 0.0 -0.014010668 0.0 1.0 0.0 3.9999998 0.0 0.0 1.0 1.7881393E-7 0.0 0.0 0.0 1.0 1.0 0.0 0.0 -0.014010668 0.0 1.0 0.0 3.9999998 0.0 0.0 1.0 1.7881393E-7 0.0 0.0 0.0 1.0 1.0 0.0 0.0 -0.014010668 0.0 1.0 0.0 3.9999998 0.0 0.0 1.0 1.7881393E-7 0.0 0.0 0.0 1.0 1.0 0.0 0.0 -0.014010668 0.0 1.0 0.0 3.9999998 0.0 0.0 1.0 1.7881393E-7 0.0 0.0 0.0 1.0 1.0 0.0 0.0 -0.014010668 0.0 1.0 0.0 3.9999998 0.0 0.0 1.0 1.7881393E-7 0.0 0.0 0.0 1.0 1.0 0.0 0.0 -0.014010668 0.0 1.0 0.0 3.9999998 0.0 0.0 1.0 1.7881393E-7 0.0 0.0 0.0 1.0 1.0 0.0 0.0 -0.014010668 0.0 1.0 0.0 3.9999998 0.0 0.0 1.0 1.7881393E-7 0.0 0.0 0.0 1.0 1.0 0.0 0.0 -0.014010668 0.0 1.0 0.0 3.9999998 0.0 0.0 1.0 1.7881393E-7 0.0 0.0 0.0 1.0 1.0 0.0 0.0 -0.014010668 0.0 1.0 0.0 3.9999998 0.0 0.0 1.0 1.7881393E-7 0.0 0.0 0.0 1.0 1.0 0.0 0.0 -0.014010668 0.0 1.0 0.0 3.9999998 0.0 0.0 1.0 1.7881393E-7 0.0 0.0 0.0 1.0 1.0 0.0 0.0 -0.014010668 0.0 1.0 0.0 3.9999998 0.0 0.0 1.0 1.7881393E-7 0.0 0.0 0.0 1.0 1.0 0.0 0.0 -0.014010668 0.0 1.0 0.0 3.9999998 0.0 0.0 1.0 1.7881393E-7 0.0 0.0 0.0 1.0 1.0 0.0 0.0 -0.014010668 0.0 1.0 0.0 3.9999998 0.0 0.0 1.0 1.7881393E-7 0.0 0.0 0.0 1.0 1.0 0.0 0.0 -0.014010668 0.0 1.0 0.0 3.9999998 0.0 0.0 1.0 1.7881393E-7 0.0 0.0 0.0 1.0 1.0 0.0 0.0 -0.014010668 0.0 1.0 0.0 3.9999998 0.0 0.0 1.0 1.7881393E-7 0.0 0.0 0.0 1.0 1.0 0.0 0.0 -0.014010668 0.0 1.0 0.0 3.9999998 0.0 0.0 1.0 1.7881393E-7 0.0 0.0 0.0 1.0 1.0 0.0 0.0 -0.014010668 0.0 1.0 0.0 3.9999998 0.0 0.0 1.0 1.7881393E-7 0.0 0.0 0.0 1.0 1.0 0.0 0.0 -0.014010668 0.0 1.0 0.0 3.9999998 0.0 0.0 1.0 1.7881393E-7 0.0 0.0 0.0 1.0 1.0 0.0 0.0 -0.014010668 0.0 1.0 0.0 3.9999998 0.0 0.0 1.0 1.7881393E-7 0.0 0.0 0.0 1.0 1.0 0.0 0.0 -0.014010668 0.0 1.0 0.0 3.9999998 0.0 0.0 1.0 1.7881393E-7 0.0 0.0 0.0 1.0 1.0 0.0 0.0 -0.014010668 0.0 1.0 0.0 3.9999998 0.0 0.0 1.0 1.7881393E-7 0.0 0.0 0.0 1.0 1.0 0.0 0.0 -0.014010668 0.0 1.0 0.0 3.9999998 0.0 0.0 1.0 1.7881393E-7 0.0 0.0 0.0 1.0 1.0 0.0 0.0 -0.014010668 0.0 1.0 0.0 3.9999998 0.0 0.0 1.0 1.7881393E-7 0.0 0.0 0.0 1.0 1.0 0.0 0.0 -0.014010668 0.0 1.0 0.0 3.9999998 0.0 0.0 1.0 1.7881393E-7 0.0 0.0 0.0 1.0 1.0 0.0 0.0 -0.014010668 0.0 1.0 0.0 3.9999998 0.0 0.0 1.0 1.7881393E-7 0.0 0.0 0.0 1.0 1.0 0.0 0.0 -0.014010668 0.0 1.0 0.0 3.9999998 0.0 0.0 1.0 1.7881393E-7 0.0 0.0 0.0 1.0 1.0 0.0 0.0 -0.014010668 0.0 1.0 0.0 3.9999998 0.0 0.0 1.0 1.7881393E-7 0.0 0.0 0.0 1.0 1.0 0.0 0.0 -0.014010668 0.0 1.0 0.0 3.9999998 0.0 0.0 1.0 1.7881393E-7 0.0 0.0 0.0 1.0 1.0 0.0 0.0 -0.014010668 0.0 1.0 0.0 3.9999998 0.0 0.0 1.0 1.7881393E-7 0.0 0.0 0.0 1.0 1.0 0.0 0.0 -0.014010668 0.0 1.0 0.0 3.9999998 0.0 0.0 1.0 1.7881393E-7 0.0 0.0 0.0 1.0 1.0 0.0 0.0 -0.014010668 0.0 1.0 0.0 3.9999998 0.0 0.0 1.0 1.7881393E-7 0.0 0.0 0.0 1.0 1.0 0.0 0.0 -0.014010668 0.0 1.0 0.0 3.9999998 0.0 0.0 1.0 1.7881393E-7 0.0 0.0 0.0 1.0 1.0 0.0 0.0 -0.014010668 0.0 1.0 0.0 3.9999998 0.0 0.0 1.0 1.7881393E-7 0.0 0.0 0.0 1.0 1.0 0.0 0.0 -0.014010668 0.0 1.0 0.0 3.9999998 0.0 0.0 1.0 1.7881393E-7 0.0 0.0 0.0 1.0 1.0 0.0 0.0 -0.014010668 0.0 1.0 0.0 3.9999998 0.0 0.0 1.0 1.7881393E-7 0.0 0.0 0.0 1.0 1.0 0.0 0.0 -0.014010668 0.0 1.0 0.0 3.9999998 0.0 0.0 1.0 1.7881393E-7 0.0 0.0 0.0 1.0 1.0 0.0 0.0 -0.014010668 0.0 1.0 0.0 3.9999998 0.0 0.0 1.0 1.7881393E-7 0.0 0.0 0.0 1.0 1.0 0.0 0.0 -0.014010668 0.0 1.0 0.0 3.9999998 0.0 0.0 1.0 1.7881393E-7 0.0 0.0 0.0 1.0 1.0 0.0 0.0 -0.014010668 0.0 1.0 0.0 3.9999998 0.0 0.0 1.0 1.7881393E-7 0.0 0.0 0.0 1.0 1.0 0.0 0.0 -0.014010668 0.0 1.0 0.0 3.9999998 0.0 0.0 1.0 1.7881393E-7 0.0 0.0 0.0 1.0 1.0 0.0 0.0 -0.014010668 0.0 1.0 0.0 3.9999998 0.0 0.0 1.0 1.7881393E-7 0.0 0.0 0.0 1.0 1.0 0.0 0.0 -0.014010668 0.0 1.0 0.0 3.9999998 0.0 0.0 1.0 1.7881393E-7 0.0 0.0 0.0 1.0 1.0 0.0 0.0 -0.014010668 0.0 1.0 0.0 3.9999998 0.0 0.0 1.0 1.7881393E-7 0.0 0.0 0.0 1.0 1.0 0.0 0.0 -0.014010668 0.0 1.0 0.0 3.9999998 0.0 0.0 1.0 1.7881393E-7 0.0 0.0 0.0 1.0 1.0 0.0 0.0 -0.014010668 0.0 1.0 0.0 3.9999998 0.0 0.0 1.0 1.7881393E-7 0.0 0.0 0.0 1.0 1.0 0.0 0.0 -0.014010668 0.0 1.0 0.0 3.9999998 0.0 0.0 1.0 1.7881393E-7 0.0 0.0 0.0 1.0 1.0 0.0 0.0 -0.014010668 0.0 1.0 0.0 3.9999998 0.0 0.0 1.0 1.7881393E-7 0.0 0.0 0.0 1.0 1.0 0.0 0.0 -0.014010668 0.0 1.0 0.0 3.9999998 0.0 0.0 1.0 1.7881393E-7 0.0 0.0 0.0 1.0 1.0 0.0 0.0 -0.014010668 0.0 1.0 0.0 3.9999998 0.0 0.0 1.0 1.7881393E-7 0.0 0.0 0.0 1.0 1.0 0.0 0.0 -0.014010668 0.0 1.0 0.0 3.9999998 0.0 0.0 1.0 1.7881393E-7 0.0 0.0 0.0 1.0 1.0 0.0 0.0 -0.014010668 0.0 1.0 0.0 3.9999998 0.0 0.0 1.0 1.7881393E-7 0.0 0.0 0.0 1.0 1.0 0.0 0.0 -0.014010668 0.0 1.0 0.0 3.9999998 0.0 0.0 1.0 1.7881393E-7 0.0 0.0 0.0 1.0 1.0 0.0 0.0 -0.014010668 0.0 1.0 0.0 3.9999998 0.0 0.0 1.0 1.7881393E-7 0.0 0.0 0.0 1.0 1.0 0.0 0.0 -0.014010668 0.0 1.0 0.0 3.9999998 0.0 0.0 1.0 1.7881393E-7 0.0 0.0 0.0 1.0 1.0 0.0 0.0 -0.014010668 0.0 1.0 0.0 3.9999998 0.0 0.0 1.0 1.7881393E-7 0.0 0.0 0.0 1.0 1.0 0.0 0.0 -0.014010668 0.0 1.0 0.0 3.9999998 0.0 0.0 1.0 1.7881393E-7 0.0 0.0 0.0 1.0 1.0 0.0 0.0 -0.014010668 0.0 1.0 0.0 3.9999998 0.0 0.0 1.0 1.7881393E-7 0.0 0.0 0.0 1.0 1.0 0.0 0.0 -0.014010668 0.0 1.0 0.0 3.9999998 0.0 0.0 1.0 1.7881393E-7 0.0 0.0 0.0 1.0 1.0 0.0 0.0 -0.014010668 0.0 1.0 0.0 3.9999998 0.0 0.0 1.0 1.7881393E-7 0.0 0.0 0.0 1.0 1.0 0.0 0.0 -0.014010668 0.0 1.0 0.0 3.9999998 0.0 0.0 1.0 1.7881393E-7 0.0 0.0 0.0 1.0 1.0 0.0 0.0 -0.014010668 0.0 1.0 0.0 3.9999998 0.0 0.0 1.0 1.7881393E-7 0.0 0.0 0.0 1.0 1.0 0.0 0.0 -0.014010668 0.0 1.0 0.0 3.9999998 0.0 0.0 1.0 1.7881393E-7 0.0 0.0 0.0 1.0 1.0 0.0 0.0 -0.014010668 0.0 1.0 0.0 3.9999998 0.0 0.0 1.0 1.7881393E-7 0.0 0.0 0.0 1.0 1.0 0.0 0.0 -0.014010668 0.0 1.0 0.0 3.9999998 0.0 0.0 1.0 1.7881393E-7 0.0 0.0 0.0 1.0 1.0 0.0 0.0 -0.014010668 0.0 1.0 0.0 3.9999998 0.0 0.0 1.0 1.7881393E-7 0.0 0.0 0.0 1.0 1.0 0.0 0.0 -0.014010668 0.0 1.0 0.0 3.9999998 0.0 0.0 1.0 1.7881393E-7 0.0 0.0 0.0 1.0 1.0 0.0 0.0 -0.014010668 0.0 1.0 0.0 3.9999998 0.0 0.0 1.0 1.7881393E-7 0.0 0.0 0.0 1.0 1.0 0.0 0.0 -0.014010668 0.0 1.0 0.0 3.9999998 0.0 0.0 1.0 1.7881393E-7 0.0 0.0 0.0 1.0 1.0 0.0 0.0 -0.014010668 0.0 1.0 0.0 3.9999998 0.0 0.0 1.0 1.7881393E-7 0.0 0.0 0.0 1.0 1.0 0.0 0.0 -0.014010668 0.0 1.0 0.0 3.9999998 0.0 0.0 1.0 1.7881393E-7 0.0 0.0 0.0 1.0 1.0 0.0 0.0 -0.014010668 0.0 1.0 0.0 3.9999998 0.0 0.0 1.0 1.7881393E-7 0.0 0.0 0.0 1.0 1.0 0.0 0.0 -0.014010668 0.0 1.0 0.0 3.9999998 0.0 0.0 1.0 1.7881393E-7 0.0 0.0 0.0 1.0 1.0 0.0 0.0 -0.014010668 0.0 1.0 0.0 3.9999998 0.0 0.0 1.0 1.7881393E-7 0.0 0.0 0.0 1.0 1.0 0.0 0.0 -0.014010668 0.0 1.0 0.0 3.9999998 0.0 0.0 1.0 1.7881393E-7 0.0 0.0 0.0 1.0 1.0 0.0 0.0 -0.014010668 0.0 1.0 0.0 3.9999998 0.0 0.0 1.0 1.7881393E-7 0.0 0.0 0.0 1.0 1.0 0.0 0.0 -0.014010668 0.0 1.0 0.0 3.9999998 0.0 0.0 1.0 1.7881393E-7 0.0 0.0 0.0 1.0 1.0 0.0 0.0 -0.014010668 0.0 1.0 0.0 3.9999998 0.0 0.0 1.0 1.7881393E-7 0.0 0.0 0.0 1.0 1.0 0.0 0.0 -0.014010668 0.0 1.0 0.0 3.9999998 0.0 0.0 1.0 1.7881393E-7 0.0 0.0 0.0 1.0 1.0 0.0 0.0 -0.014010668 0.0 1.0 0.0 3.9999998 0.0 0.0 1.0 1.7881393E-7 0.0 0.0 0.0 1.0 1.0 0.0 0.0 -0.014010668 0.0 1.0 0.0 3.9999998 0.0 0.0 1.0 1.7881393E-7 0.0 0.0 0.0 1.0 1.0 0.0 0.0 -0.014010668 0.0 1.0 0.0 3.9999998 0.0 0.0 1.0 1.7881393E-7 0.0 0.0 0.0 1.0 1.0 0.0 0.0 -0.014010668 0.0 1.0 0.0 3.9999998 0.0 0.0 1.0 1.7881393E-7 0.0 0.0 0.0 1.0 1.0 0.0 0.0 -0.014010668 0.0 1.0 0.0 3.9999998 0.0 0.0 1.0 1.7881393E-7 0.0 0.0 0.0 1.0 1.0 0.0 0.0 -0.014010668 0.0 1.0 0.0 3.9999998 0.0 0.0 1.0 1.7881393E-7 0.0 0.0 0.0 1.0 1.0 0.0 0.0 -0.014010668 0.0 1.0 0.0 3.9999998 0.0 0.0 1.0 1.7881393E-7 0.0 0.0 0.0 1.0 1.0 0.0 0.0 -0.014010668 0.0 1.0 0.0 3.9999998 0.0 0.0 1.0 1.7881393E-7 0.0 0.0 0.0 1.0 1.0 0.0 0.0 -0.014010668 0.0 1.0 0.0 3.9999998 0.0 0.0 1.0 1.7881393E-7 0.0 0.0 0.0 1.0 1.0 0.0 0.0 -0.014010668 0.0 1.0 0.0 3.9999998 0.0 0.0 1.0 1.7881393E-7 0.0 0.0 0.0 1.0 1.0 0.0 0.0 -0.014010668 0.0 1.0 0.0 3.9999998 0.0 0.0 1.0 1.7881393E-7 0.0 0.0 0.0 1.0 1.0 0.0 0.0 -0.014010668 0.0 1.0 0.0 3.9999998 0.0 0.0 1.0 1.7881393E-7 0.0 0.0 0.0 1.0 </float_array>
          <technique_common>
            <accessor count="143" source="#Neck-local-anim-outSource-local-array" stride="16">
              <param type="float4x4"/>
            </accessor>
          </technique_common>
        </source>
        <sampler id="Neck-local-anim-localSampler">
          <input semantic="INPUT" source="#Neck-local-anim-inSource-TIME"/>
          <input semantic="OUTPUT" source="#Neck-local-anim-outSource-local"/>
          <input semantic="INTERPOLATION" source="#Neck-local-anim-interpolation"/>
        </sampler>
        <channel source="#Neck-local-anim-localSampler" target="Neck-local/matrix"/>
      </animation>
    </animation>
    <animation id="Head-global-anim" name="Head-global-anim">
      <animation>
        <source id="Head-global-anim-inSource-TIME">
          <float_array count="143" id="Head-global-anim-inSource-TIME-array">0.0 0.041666668 0.083333336 0.125 0.16666667 0.20833333 0.25 0.29166666 0.33333334 0.375 0.41666666 0.45833334 0.5 0.5416667 0.5833333 0.625 0.6666667 0.7083333 0.75 0.7916667 0.8333333 0.875 0.9166667 0.9583333 1.0 1.0416666 1.0833334 1.125 1.1666666 1.2083334 1.25 1.2916666 1.3333334 1.375 1.4166666 1.4583334 1.5 1.5416666 1.5833334 1.625 1.6666666 1.7083334 1.75 1.7916666 1.8333334 1.875 1.9166666 1.9583334 2.0 2.0416667 2.0833333 2.125 2.1666667 2.2083333 2.25 2.2916667 2.3333333 2.375 2.4166667 2.4583333 2.5 2.5416667 2.5833333 2.625 2.6666667 2.7083333 2.75 2.7916667 2.8333333 2.875 2.9166667 2.9583333 3.0 3.0416667 3.0833333 3.125 3.1666667 3.2083333 3.25 3.2916667 3.3333333 3.375 3.4166667 3.4583333 3.5 3.5416667 3.5833333 3.625 3.6666667 3.7083333 3.75 3.7916667 3.8333333 3.875 3.9166667 3.9583333 4.0 4.0416665 4.0833335 4.125 4.1666665 4.2083335 4.25 4.2916665 4.3333335 4.375 4.4166665 4.4583335 4.5 4.5416665 4.5833335 4.625 4.6666665 4.7083335 4.75 4.7916665 4.8333335 4.875 4.9166665 4.9583335 5.0 5.0416665 5.0833335 5.125 5.1666665 5.2083335 5.25 5.2916665 5.3333335 5.375 5.4166665 5.4583335 5.5 5.5416665 5.5833335 5.625 5.6666665 5.7083335 5.75 5.7916665 5.8333335 5.875 5.9166665 </float_array>
          <technique_common>
            <accessor count="143" source="#Head-global-anim-inSource-TIME-array">
              <param name="TIME" type="float"/>
            </accessor>
          </technique_common>
        </source>
        <source id="Head-global-anim-interpolation">
          <Name_array count="143" id="Head-global-anim-interpolation-array">LINEAR LINEAR LINEAR LINEAR LINEAR LINEAR LINEAR LINEAR LINEAR LINEAR LINEAR LINEAR LINEAR LINEAR LINEAR LINEAR LINEAR LINEAR LINEAR LINEAR LINEAR LINEAR LINEAR LINEAR LINEAR LINEAR LINEAR LINEAR LINEAR LINEAR LINEAR LINEAR LINEAR LINEAR LINEAR LINEAR LINEAR LINEAR LINEAR LINEAR LINEAR LINEAR LINEAR LINEAR LINEAR LINEAR LINEAR LINEAR LINEAR LINEAR LINEAR LINEAR LINEAR LINEAR LINEAR LINEAR LINEAR LINEAR LINEAR LINEAR LINEAR LINEAR LINEAR LINEAR LINEAR LINEAR LINEAR LINEAR LINEAR LINEAR LINEAR LINEAR LINEAR LINEAR LINEAR LINEAR LINEAR LINEAR LINEAR LINEAR LINEAR LINEAR LINEAR LINEAR LINEAR LINEAR LINEAR LINEAR LINEAR LINEAR LINEAR LINEAR LINEAR LINEAR LINEAR LINEAR LINEAR LINEAR LINEAR LINEAR LINEAR LINEAR LINEAR LINEAR LINEAR LINEAR LINEAR LINEAR LINEAR LINEAR LINEAR LINEAR LINEAR LINEAR LINEAR LINEAR LINEAR LINEAR LINEAR LINEAR LINEAR LINEAR LINEAR LINEAR LINEAR LINEAR LINEAR LINEAR LINEAR LINEAR LINEAR LINEAR LINEAR LINEAR LINEAR LINEAR LINEAR LINEAR LINEAR LINEAR LINEAR LINEAR LINEAR </Name_array>
          <technique_common>
            <accessor count="143" source="#Head-global-anim-interpolation-array">
              <param type="name"/>
            </accessor>
          </technique_common>
        </source>
        <source id="Head-global-anim-outSource-global">
          <float_array count="2288" id="Head-global-anim-outSource-global-array">1.0 0.0 0.0 0.0 0.0 1.0 1.1920927E-7 7.9999995 0.0 -1.1920927E-7 1.0 0.99999857 0.0 0.0 0.0 1.0 1.0 0.0 0.0 0.0 0.0 0.9999988 0.0015515249 7.9999995 0.0 -0.0015515249 0.9999988 0.99999857 0.0 0.0 0.0 1.0 1.0000001 0.0 0.0 0.0 0.0 0.9999808 0.0062057055 7.9999995 0.0 -0.0062057055 0.9999808 0.99999857 0.0 0.0 0.0 1.0 1.0 0.0 0.0 0.0 0.0 0.9999025 0.013962323 7.9999995 0.0 -0.013962323 0.9999025 0.99999857 0.0 0.0 0.0 1.0 1.0 0.0 0.0 0.0 0.0 0.99969196 0.02482007 7.9999995 0.0 -0.02482007 0.99969196 0.99999857 0.0 0.0 0.0 1.0 1.0 0.0 0.0 0.0 0.0 0.9992479 0.03877555 7.9999995 0.0 -0.03877555 0.9992479 0.99999857 0.0 0.0 0.0 1.0 1.0 0.0 0.0 0.0 0.0 0.9984408 0.055821717 7.9999995 0.0 -0.055821717 0.9984408 0.99999857 0.0 0.0 0.0 1.0 1.0 0.0 0.0 0.0 0.0 0.9971119 0.075945824 7.9999995 0.0 -0.075945824 0.9971119 0.99999857 0.0 0.0 0.0 1.0 1.0 0.0 0.0 0.0 0.0 0.9950748 0.09912706 7.9999995 0.0 -0.09912706 0.9950748 0.99999857 0.0 0.0 0.0 1.0 1.0 0.0 0.0 0.0 0.0 0.99211466 0.12533355 7.9999995 0.0 -0.12533355 0.99211466 0.99999857 0.0 0.0 0.0 1.0 1.0 0.0 0.0 0.0 0.0 0.98798984 0.15451916 7.9999995 0.0 -0.15451916 0.98798984 0.99999857 0.0 0.0 0.0 1.0 1.0000001 0.0 0.0 0.0 0.0 0.98243237 0.18661973 7.9999995 0.0 -0.18661973 0.98243237 0.99999857 0.0 0.0 0.0 1.0 1.0000002 0.0 0.0 0.0 0.0 0.97514945 0.22154902 7.9999995 0.0 -0.22154902 0.97514945 0.99999857 0.0 0.0 0.0 1.0 1.0000001 0.0 0.0 0.0 0.0 0.9658253 0.2591942 7.9999995 0.0 -0.2591942 0.9658253 0.99999857 0.0 0.0 0.0 1.0 1.0 0.0 0.0 0.0 0.0 0.9541241 0.29941148 7.9999995 0.0 -0.29941148 0.9541241 0.99999857 0.0 0.0 0.0 1.0 1.0000001 0.0 0.0 0.0 0.0 0.93969256 0.3420208 7.9999995 0.0 -0.3420208 0.93969256 0.99999857 0.0 0.0 0.0 1.0 1.0000001 0.0 0.0 0.0 0.0 0.98349786 0.18092012 7.9999995 0.0 -0.18092012 0.98349786 0.99999857 0.0 0.0 0.0 1.0 1.0 0.0 0.0 0.0 0.0 0.99804544 0.06249218 7.9999995 0.0 -0.06249218 0.99804544 0.99999857 0.0 0.0 0.0 1.0 1.0000001 0.0 0.0 0.0 0.0 0.9999587 -0.009100322 7.9999995 0.0 0.009100322 0.9999587 0.99999857 0.0 0.0 0.0 1.0 0.99999994 0.0 0.0 0.0 0.0 0.9994562 -0.032972287 7.9999995 0.0 0.032972287 0.9994562 0.99999857 0.0 0.0 0.0 1.0 1.0 0.0 0.0 0.0 0.0 0.9999552 0.009471015 7.9999995 0.0 -0.009471015 0.9999552 0.99999857 0.0 0.0 0.0 1.0 0.99999994 0.0 0.0 0.0 0.0 0.99065477 0.13639294 7.9999995 0.0 -0.13639294 0.99065477 0.99999857 0.0 0.0 0.0 1.0 1.0000001 0.0 0.0 0.0 0.0 0.93969256 0.3420208 7.9999995 0.0 -0.3420208 0.93969256 0.99999857 0.0 0.0 0.0 1.0 1.0000001 0.0 0.0 0.0 0.0 0.96838987 0.24944176 7.9999995 0.0 -0.24944176 0.96838987 0.99999857 0.0 0.0 0.0 1.0 1.0 0.0 0.0 0.0 0.0 0.98125523 0.19271289 7.9999995 0.0 -0.19271289 0.98125523 0.99999857 0.0 0.0 0.0 1.0 1.0 0.0 0.0 0.0 0.0 0.9848076 0.17364877 7.9999995 0.0 -0.17364877 0.9848076 0.99999857 0.0 0.0 0.0 1.0 0.999985 -8.929977E-4 -0.005408567 0.0 0.0019309302 0.980787 0.19507211 7.9999995 0.0051304535 -0.19507962 0.980774 0.99999857 0.0 0.0 0.0 1.0 0.9997599 -0.002861576 -0.021731416 0.0 0.008387532 0.96592724 0.25867823 7.9999995 0.020250736 -0.25879833 0.9657192 0.99999857 0.0 0.0 0.0 1.0 0.9987872 -0.0037581995 -0.049094677 0.0 0.02129269 0.93199867 0.3618362 7.9999995 0.04439631 -0.36244267 0.93094826 0.99999857 0.0 0.0 0.0 1.0 0.9961948 -1.1175871E-8 -0.08715574 0.0 0.04357794 0.8660251 0.4980981 7.9999995 0.07547904 -0.5000008 0.8627296 0.99999857 0.0 0.0 0.0 1.0 0.9949246 0.062769055 -0.078648105 0.0 -0.030277256 0.93211246 0.3609017 7.9999995 0.095962316 -0.35668868 0.9292819 0.99999857 0.0 0.0 0.0 1.0 0.99106103 0.10788459 -0.07847936 0.0 -0.0844321 0.96267706 0.2571461 7.9999995 0.10329238 -0.2482213 0.9631806 0.99999857 0.0 0.0 0.0 1.0 0.98758465 0.1347449 -0.080749616 0.0 -0.11710115 0.97412217 0.19332226 7.9999995 0.10470916 -0.1814662 0.9778068 0.99999857 0.0 0.0 0.0 1.0 0.9862367 0.14363156 -0.08189961 0.0 -0.12798147 0.97677267 0.17186122 7.9999995 0.10468198 -0.15901418 0.98171103 0.99999857 0.0 0.0 0.0 1.0 0.98915946 0.124389425 -0.07804386 0.0 -0.105180174 0.971029 0.21456885 7.9999995 0.10247296 -0.20403415 0.9735858 0.99999857 0.0 0.0 0.0 1.0 0.9952753 0.065581754 -0.0715992 0.0 -0.037440777 0.9396107 0.34019145 7.9999995 0.08958572 -0.33590338 0.9376266 0.99999857 0.0 0.0 0.0 1.0 0.9952752 0.050805338 -0.08274194 0.0 -0.03744077 0.98708963 0.15573183 7.9999995 0.089585714 -0.15189809 0.984328 0.99999857 0.0 0.0 0.0 1.0 0.9952753 0.03908652 -0.08888 0.0 -0.03744077 0.9990967 0.02010955 7.9999995 0.08958571 -0.0166868 0.99583954 0.99999857 0.0 0.0 0.0 1.0 0.9952751 0.031692404 -0.09177689 0.0 -0.03744076 0.997398 -0.061604958 7.9999995 0.08958569 0.06475008 0.99387205 0.99999857 0.0 0.0 0.0 1.0 0.9952752 0.0291781 -0.09260695 0.0 -0.037440762 0.9953475 -0.088778555 7.9999995 0.08958571 0.091826364 0.99173707 0.99999857 0.0 0.0 0.0 1.0 0.99527854 0.02162564 -0.09462024 0.0 -0.027024118 0.9980566 -0.05614987 7.9999995 0.09322208 0.058441788 0.99392873 0.99999857 0.0 0.0 0.0 1.0 0.99477196 -5.754053E-4 -0.102120824 0.0 0.0048707323 0.99911356 0.041816868 7.9999995 0.10200622 -0.042095646 0.9938928 0.99999857 0.0 0.0 0.0 1.0 0.9922227 -0.035535693 -0.11929586 0.0 0.059415616 0.9773657 0.20304275 7.9999995 0.1093804 -0.20855165 0.97187567 0.99999857 0.0 0.0 0.0 1.0 0.98522156 -0.0784846 -0.15224648 0.0 0.13596833 0.8989204 0.41647935 7.9999995 0.10417023 -0.43102503 0.89630705 0.99999857 0.0 0.0 0.0 1.0 0.986778 -0.079944216 -0.1409906 0.0 0.13221331 0.90020275 0.4149155 7.9999995 0.09375003 -0.42807025 0.8988699 0.99999857 0.0 0.0 0.0 1.0 0.9906849 -0.0841012 -0.10709992 0.0 0.12106389 0.9040387 0.4099483 7.9999995 0.062345326 -0.41909552 0.90579915 0.99999857 0.0 0.0 0.0 1.0 0.9946456 -0.09027903 -0.050298095 0.0 0.10289727 0.9103844 0.4007648 7.9999995 0.009609943 -0.40379444 0.9147993 0.99999857 0.0 0.0 0.0 1.0 0.9948144 -0.09731757 0.029564662 0.0 0.07844069 0.9191322 0.38606155 7.9999995 -0.06474439 -0.38174045 0.92199934 0.99999857 0.0 0.0 0.0 1.0 0.9858217 -0.103539795 0.13204303 0.0 0.0489095 0.9300594 0.36413968 7.9999995 -0.16051078 -0.35251856 0.9219367 0.99999857 0.0 0.0 0.0 1.0 0.96656644 -0.106519416 0.23324461 0.0 0.021831632 0.94051534 0.3390493 7.9999995 -0.25548545 -0.32262155 0.911396 0.99999857 0.0 0.0 0.0 1.0 0.94462746 -0.10657271 0.31035686 0.0 0.0026599541 0.9482478 0.31752053 7.9999995 -0.32813418 -0.29911307 0.8960243 0.99999857 0.0 0.0 0.0 1.0 0.92531306 -0.10539645 0.364263 0.0 -0.009942647 0.9535247 0.30115107 7.9999995 -0.37907398 -0.2822807 0.8812609 0.99999857 0.0 0.0 0.0 1.0 0.9122976 -0.10420656 0.39604834 0.0 -0.017046675 0.9565837 0.29095927 7.9999995 -0.40917322 -0.27219275 0.87091255 0.99999857 0.0 0.0 0.0 1.0 0.9077247 -0.103729516 0.40654156 0.0 -0.019336436 0.9575845 0.28750303 7.9999995 -0.41912046 -0.26883468 0.86721736 0.99999857 0.0 0.0 0.0 1.0 0.9082781 -0.103267536 0.40542164 0.0 -0.01945645 0.9575827 0.2875009 7.9999995 -0.4179143 -0.2690188 0.8677422 0.99999857 0.0 0.0 0.0 1.0 0.9121066 -0.10002693 0.39756295 0.0 -0.02029664 0.9575686 0.28748992 7.9999995 -0.4094505 -0.27029064 0.87137437 0.99999857 0.0 0.0 0.0 1.0 0.92209667 -0.09117301 0.3760657 0.0 -0.022576977 0.95751554 0.2874969 7.9999995 -0.38630065 -0.27359036 0.88086337 0.99999857 0.0 0.0 0.0 1.0 0.93984735 -0.073706016 0.33354837 0.0 -0.02701231 0.9573504 0.28766423 7.9999995 -0.3405252 -0.27937037 0.8977722 0.99999857 0.0 0.0 0.0 1.0 0.9641013 -0.044357713 0.26180384 0.0 -0.03428444 0.95690143 0.28838247 7.9999995 -0.26331243 -0.28700566 0.9210291 0.99999857 0.0 0.0 0.0 1.0 0.9883995 3.2620318E-4 0.15187573 0.0 -0.04494808 0.9558288 0.29046685 7.9999995 -0.14507246 -0.2939238 0.9447554 0.99999857 0.0 0.0 0.0 1.0 0.9981665 0.045504782 0.03991709 0.0 -0.055251073 0.95428884 0.2937355 7.9999995 -0.024726056 -0.29540235 0.9550531 0.99999857 0.0 0.0 0.0 1.0 0.9964977 0.075735554 -0.035449915 0.0 -0.061879873 0.9530055 0.29656634 7.9999995 0.056244574 -0.29333398 0.95435417 0.99999857 0.0 0.0 0.0 1.0 0.99227315 0.0939506 -0.081038006 0.0 -0.06576984 0.95213306 0.29852453 7.9999995 0.10520553 -0.29088804 0.9509552 0.99999857 0.0 0.0 0.0 1.0 0.9891651 0.10325045 -0.104365654 0.0 -0.06772513 0.95165867 0.29959905 7.9999995 0.13025418 -0.2892847 0.94833994 0.99999857 0.0 0.0 0.0 1.0 0.98785955 0.10666577 -0.11294166 0.0 -0.06843788 0.951479 0.30000642 7.9999995 0.13946204 -0.28863475 0.94722766 0.99999857 0.0 0.0 0.0 1.0 0.9876661 0.10715316 -0.114165924 0.0 -0.068539366 0.9514532 0.30006513 7.9999995 0.14077647 -0.28853932 0.9470623 0.99999857 0.0 0.0 0.0 1.0 0.9972743 0.03628745 -0.06424578 0.0 -0.016065408 0.9566085 0.29093367 7.9999995 0.07201529 -0.2891085 0.9545839 0.99999857 0.0 0.0 0.0 1.0 0.99930924 -0.034621846 -0.013510963 0.0 0.037035685 0.957972 0.28446138 7.9999995 0.003094546 -0.28476524 0.9585924 0.99999857 0.0 0.0 0.0 1.0 0.9937558 -0.10503386 0.037651524 0.0 0.0903589 0.95553356 0.28069767 7.9999995 -0.06546005 -0.27554277 0.9590576 0.99999857 0.0 0.0 0.0 1.0 0.9939048 -0.105009474 0.033556633 0.0 0.091041826 0.9535076 0.2872882 7.9999995 -0.062164493 -0.2824821 0.95725614 0.99999857 0.0 0.0 0.0 1.0 0.9942703 -0.1047587 0.02127188 0.0 0.09322653 0.947147 0.30695546 7.9999995 -0.052303847 -0.30321354 0.9514863 0.99999857 0.0 0.0 0.0 1.0 0.99460316 -0.10374877 8.1245415E-4 0.0 0.097317725 0.93560857 0.3393609 7.9999995 -0.035968415 -0.33745039 0.9406558 0.99999857 0.0 0.0 0.0 1.0 0.99448997 -0.10109493 -0.027744321 0.0 0.10397935 0.9175189 0.3838588 7.9999995 -0.013350239 -0.38462853 0.92297506 0.99999857 0.0 0.0 0.0 1.0 0.99449 -0.10195574 -0.024391795 0.0 0.10397935 0.9296911 0.3533599 7.9999995 -0.013350239 -0.3539491 0.93516964 0.99999857 0.0 0.0 0.0 1.0 0.99448997 -0.10386815 -0.0141894305 0.0 0.10397934 0.9600787 0.259687 7.9999995 -0.013350238 -0.25973147 0.9655887 0.99999857 0.0 0.0 0.0 1.0 0.99448997 -0.10478782 0.0030736024 0.0 0.10397936 0.98970264 0.098372966 7.9999995 -0.013350239 -0.09751132 0.99514496 0.99999857 0.0 0.0 0.0 1.0 0.99448997 -0.10465994 -0.0060195047 0.0 0.10397936 0.97745323 0.18377644 7.9999995 -0.013350243 -0.1833897 0.9829498 0.99999857 0.0 0.0 0.0 1.0 0.99448985 -0.099584155 -0.03275554 0.0 0.10397933 0.8972162 0.4291752 7.9999995 -0.013350243 -0.43021625 0.9026271 0.99999857 0.0 0.0 0.0 1.0 0.99401176 -0.099953845 -0.04415936 0.0 0.108818635 0.94229794 0.3165963 7.9999995 0.009966252 -0.31950578 0.947532 0.99999857 0.0 0.0 0.0 1.0 0.9932718 -0.10168261 -0.055423293 0.0 0.11079729 0.9736416 0.19936389 7.9999995 0.033690583 -0.20416328 0.9783569 0.99999857 0.0 0.0 0.0 1.0 0.9922813 -0.10474483 -0.06638022 0.0 0.10988598 0.9907824 0.07921759 7.9999995 0.057470717 -0.08590039 0.9946448 0.99999857 0.0 0.0 0.0 1.0 0.99335295 -0.10263097 -0.052124143 0.0 0.11005634 0.97948396 0.16881637 7.9999995 0.033728972 -0.17343082 0.98426837 0.99999857 0.0 0.0 0.0 1.0 0.9940913 -0.101785734 -0.037716053 0.0 0.10808197 0.96033543 0.25704935 7.9999995 0.0100561045 -0.25960693 0.9656622 0.99999857 0.0 0.0 0.0 1.0 0.99448997 -0.102216184 -0.023276241 0.0 0.103979334 0.9334967 0.3431799 7.9999995 -0.0133502465 -0.3437092 0.93898135 0.99999857 0.0 0.0 0.0 1.0 0.99448997 -0.10207283 -0.023897098 0.0 0.10397934 0.93139356 0.3488475 7.9999995 -0.0133502465 -0.34941012 0.9368749 0.99999857 0.0 0.0 0.0 1.0 0.99449 -0.10162007 -0.02575447 0.0 0.10397934 0.92487735 0.36577392 7.9999995 -0.013350245 -0.36643636 0.9303475 0.99999857 0.0 0.0 0.0 1.0 0.9944898 -0.10079048 -0.028830718 0.0 0.10397933 0.91333437 0.39371112 7.9999995 -0.013350245 -0.3945395 0.91878194 0.99999857 0.0 0.0 0.0 1.0 0.9944899 -0.10339174 -0.017322939 0.0 0.10397935 0.9517894 0.28859207 7.9999995 -0.013350245 -0.28880313 0.9572955 0.99999857 0.0 0.0 0.0 1.0 0.99448985 -0.104449265 -0.008960131 0.0 0.10397934 0.97189885 0.21118946 7.9999995 -0.013350244 -0.21095745 0.9774041 0.99999857 0.0 0.0 0.0 1.0 0.9944899 -0.104759894 -0.0039111567 0.0 0.10397934 0.980955 0.16406003 7.9999995 -0.013350243 -0.16356272 0.9864426 0.99999857 0.0 0.0 0.0 1.0 0.99448997 -0.10480926 -0.002225562 0.0 0.10397936 0.9834671 0.14825991 7.9999995 -0.013350243 -0.14767438 0.988946 0.99999857 0.0 0.0 0.0 1.0 0.9984743 -0.055177048 -0.0022255625 0.0 0.054896846 0.9874238 0.14825992 7.9999995 -0.0059829704 -0.14815588 0.98894614 0.99999857 0.0 0.0 0.0 1.0 0.9955654 0.09404681 -0.002225561 0.0 -0.092679165 0.98459625 0.14825988 7.9999995 0.016134646 -0.14739612 0.9889461 0.99999857 0.0 0.0 0.0 1.0 0.99643046 0.084389254 -0.0022255625 0.0 -0.083128035 0.9854486 0.14825988 7.9999995 0.014704715 -0.14754564 0.988946 0.99999857 0.0 0.0 0.0 1.0 0.99846333 0.055372644 -0.002225563 0.0 -0.054431368 0.9874494 0.14825988 7.9999995 0.010407171 -0.1479109 0.98894596 0.99999857 0.0 0.0 0.0 1.0 0.99997365 0.0069196746 -0.0022255627 0.0 -0.006513263 0.98892707 0.14825988 7.9999995 0.003226829 -0.14824146 0.988946 0.99999857 0.0 0.0 0.0 1.0 0.9999738 0.006985013 -0.0020111247 0.0 -0.0065132636 0.983885 0.17868464 7.9999995 0.0032268295 -0.17866682 0.9839045 0.99999857 0.0 0.0 0.0 1.0 0.9999737 0.0071409503 -0.001357157 0.0 -0.006513264 0.96316737 0.26882434 7.9999995 0.00322683 -0.26880842 0.9631884 0.99999857 0.0 0.0 0.0 1.0 0.99997365 0.007264667 -2.442199E-4 0.0 -0.006513263 0.91044706 0.41357446 7.9999995 0.0032268297 -0.41356194 0.91047037 0.99999857 0.0 0.0 0.0 1.0 0.9999738 0.0071429648 -0.0013465034 0.0 -0.006513263 0.96276534 0.27026072 7.9999995 0.0032268292 -0.2702448 0.96278644 0.99999857 0.0 0.0 0.0 1.0 0.99997365 0.0069539184 -0.0021161325 0.0 -0.0065132612 0.9864653 0.16384104 7.9999995 0.0032268283 -0.16382292 0.9864845 0.99999857 0.0 0.0 0.0 1.0 0.9999737 0.0068006283 -0.00256641 0.0 -0.006513262 0.995069 0.09897232 7.9999995 0.0032268285 -0.098952994 0.995087 0.99999857 0.0 0.0 0.0 1.0 0.99997365 0.0067430236 -0.0027141538 0.0 -0.0065132617 0.9969912 0.07724144 7.9999995 0.0032268283 -0.07722173 0.9970088 0.99999857 0.0 0.0 0.0 1.0 0.9999375 0.0061413343 -0.009339342 0.0 -0.005160785 0.9948105 0.101613395 7.9999995 0.009914918 -0.10155884 0.99478006 0.99999857 0.0 0.0 0.0 1.0 0.99955744 0.0053096856 -0.029271757 0.0 -1.2805499E-4 0.98470235 0.17424515 7.9999995 0.029749153 -0.17416427 0.9842672 0.99999857 0.0 0.0 0.0 1.0 0.9980239 0.0071727466 -0.062425423 0.0 0.011439888 0.9561194 0.2927539 7.9999995 0.061786007 -0.2928895 0.95414793 0.99999857 0.0 0.0 0.0 1.0 0.99841654 0.001722486 -0.05622939 0.0 0.0090432875 0.98161775 0.19064389 7.9999995 0.05552414 -0.19085048 0.98004764 0.99999857 0.0 0.0 0.0 1.0 0.9986731 -0.0017560762 -0.05146796 0.0 0.007742015 0.99317956 0.116337284 7.9999995 0.05091263 -0.11658138 0.9918753 0.99999857 0.0 0.0 0.0 1.0 0.99881697 -0.003667735 -0.04848968 0.0 0.0071292273 0.9974218 0.07140724 7.9999995 0.048102755 -0.07166846 0.9962679 0.99999857 0.0 0.0 0.0 1.0 0.99886316 -0.0042748176 -0.047478024 0.0 0.0069532585 0.9983845 0.056393303 7.9999995 0.04716025 -0.05665932 0.99727917 0.99999857 0.0 0.0 0.0 1.0 0.9989231 -0.0017698482 -0.046363406 0.0 0.006976284 0.99364126 0.11237694 7.9999995 0.0458697 -0.11257936 0.9925835 0.99999857 0.0 0.0 0.0 1.0 0.9990949 0.0053151776 -0.0422019 0.0 0.0066106445 0.9607032 0.27749866 7.9999995 0.04201846 -0.2775265 0.95979863 0.99999857 0.0 0.0 0.0 1.0 0.99934465 0.015259688 -0.032827426 0.0 0.0045888303 0.8461019 0.5330017 7.9999995 0.035908785 -0.532803 0.8454773 0.99999857 0.0 0.0 0.0 1.0 0.99954724 0.009460418 -0.02856901 0.0 0.0011496143 0.9366097 0.35037315 7.9999995 0.030072682 -0.35024726 0.9361746 0.99999857 0.0 0.0 0.0 1.0 0.9996738 0.0059081344 -0.024848474 0.0 -5.445846E-4 0.9775876 0.21052851 7.9999995 0.025535392 -0.21044628 0.9772719 0.99999857 0.0 0.0 0.0 1.0 0.99974126 0.0040501254 -0.022381527 0.0 -0.0012375198 0.9922466 0.124277644 7.9999995 0.022711338 -0.1242178 0.991995 0.99999857 0.0 0.0 0.0 1.0 0.99976224 0.003479634 -0.021524213 0.0 -0.0014132481 0.99544924 0.09528276 7.9999995 0.021757811 -0.0952297 0.9952175 0.99999857 0.0 0.0 0.0 1.0 0.99977833 0.0037057926 -0.020727208 0.0 -0.0015448035 0.9946472 0.10331806 7.9999995 0.020999135 -0.10326313 0.9944324 0.99999857 0.0 0.0 0.0 1.0 0.9998226 0.004345551 -0.018325536 0.0 -0.0019761724 0.9918519 0.1273808 7.9999995 0.018729756 -0.127322 0.99168456 0.99999857 0.0 0.0 0.0 1.0 0.999884 0.0052819415 -0.014290366 0.0 -0.002816876 0.9859004 0.16730984 7.9999995 0.014972597 -0.16725017 0.98580086 0.99999857 0.0 0.0 0.0 1.0 0.9999432 0.006317648 -0.008584292 0.0 -0.0042471383 0.97487056 0.22273153 7.9999995 0.009775712 -0.22268242 0.974842 0.99999857 0.0 0.0 0.0 1.0 0.9999736 0.0071727484 -0.0011775666 0.0 -0.0065132612 0.95611936 0.29290494 7.9999995 0.0032268278 -0.29288957 0.9561408 0.99999857 0.0 0.0 0.0 1.0 0.99997425 0.007107766 -0.001179377 0.0 -0.0064615305 0.95711553 0.28963512 7.9999995 0.003187458 -0.28961998 0.95713663 0.99999857 0.0 0.0 0.0 1.0 0.9999755 0.0069127777 -0.0011834726 0.0 -0.0063055293 0.9600361 0.27980536 7.9999995 0.0030704085 -0.279791 0.9600561 0.99999857 0.0 0.0 0.0 1.0 0.99997765 0.0065877396 -0.0011858548 0.0 -0.006042888 0.9646794 0.26335758 7.9999995 0.0028789006 -0.26334453 0.9646976 0.99999857 0.0 0.0 0.0 1.0 0.9999805 0.0061327177 -0.0011798572 0.0 -0.005669773 0.9707062 0.24020259 7.9999995 0.0026183894 -0.2401912 0.9707221 0.99999857 0.0 0.0 0.0 1.0 0.99998415 0.005548128 -0.0011561542 0.0 -0.0051810825 0.977638 0.21023177 7.9999995 0.0022966927 -0.21022241 0.97765106 0.99999857 0.0 0.0 0.0 1.0 0.9999878 0.004835046 -0.0011027834 0.0 -0.004570714 0.9848527 0.17333336 7.9999995 0.0019241538 -0.17332618 0.9848627 0.99999857 0.0 0.0 0.0 1.0 0.99999166 0.003995626 -0.0010052075 0.0 -0.0038319393 0.9915833 0.12941454 7.9999995 0.0015138389 -0.1294096 0.9915902 0.99999857 0.0 0.0 0.0 1.0 0.999995 0.0030655097 -8.525081E-4 0.0 -0.0029873415 0.99678 0.08013075 7.9999995 0.0010954045 -0.0801278 0.9967841 0.99999857 0.0 0.0 0.0 1.0 0.99999726 0.0022389472 -6.765756E-4 0.0 -0.0022133102 0.99935746 0.035774563 7.9999995 7.5623824E-4 -0.035772968 0.99935967 0.99999857 0.0 0.0 0.0 1.0 0.99999875 0.0015462243 -4.991521E-4 0.0 -0.0015471284 0.9999972 -0.0018160653 7.9999995 4.9634266E-4 0.0018168353 0.9999983 0.99999857 0.0 0.0 0.0 1.0 0.9999997 9.847294E-4 -3.346996E-4 0.0 -9.95109E-4 0.9994691 -0.032572556 7.9999995 3.024467E-4 0.03257287 0.9994695 0.99999857 0.0 0.0 0.0 1.0 0.9999998 5.5166514E-4 -1.9489782E-4 0.0 -5.617914E-4 0.9984039 -0.056474317 7.9999995 1.6343183E-4 0.056474414 0.998404 0.99999857 0.0 0.0 0.0 1.0 1.0 2.444439E-4 -8.8716246E-5 0.0 -2.5030534E-4 0.9972932 -0.07352792 7.9999995 7.050265E-5 0.07352793 0.99729323 0.99999857 0.0 0.0 0.0 1.0 1.0000001 6.0997274E-5 -2.2492384E-5 0.0 -6.266672E-5 0.9964869 -0.08375011 7.9999995 1.7304837E-5 0.08375011 0.9964869 0.99999857 0.0 0.0 0.0 1.0 1.0 0.0 0.0 0.0 0.0 0.9961947 -0.08715561 7.9999995 0.0 0.08715561 0.9961947 0.99999857 0.0 0.0 0.0 1.0 1.0000001 0.0 0.0 0.0 0.0 0.99640316 -0.08474053 7.9999995 0.0 0.08474053 0.99640316 0.99999857 0.0 0.0 0.0 1.0 1.0000001 0.0 0.0 0.0 0.0 0.99699306 -0.077492304 7.9999995 0.0 0.077492304 0.99699306 0.99999857 0.0 0.0 0.0 1.0 1.0 0.0 0.0 0.0 0.0 0.9978589 -0.065403 7.9999995 0.0 0.065403 0.9978589 0.99999857 0.0 0.0 0.0 1.0 1.0000002 0.0 0.0 0.0 0.0 0.99882525 -0.048462268 7.9999995 0.0 0.048462268 0.99882525 0.99999857 0.0 0.0 0.0 1.0 1.0000001 0.0 0.0 0.0 0.0 0.99964464 -0.026661482 7.9999995 0.0 0.026661482 0.99964464 0.99999857 0.0 0.0 0.0 1.0 1.0 0.0 0.0 0.0 0.0 1.0 1.1920929E-7 7.9999995 0.0 -1.1920929E-7 1.0 0.99999857 0.0 0.0 0.0 1.0 </float_array>
          <technique_common>
            <accessor count="143" source="#Head-global-anim-outSource-global-array" stride="16">
              <param type="float4x4"/>
            </accessor>
          </technique_common>
        </source>
        <sampler id="Head-global-anim-globalSampler">
          <input semantic="INPUT" source="#Head-global-anim-inSource-TIME"/>
          <input semantic="OUTPUT" source="#Head-global-anim-outSource-global"/>
          <input semantic="INTERPOLATION" source="#Head-global-anim-interpolation"/>
        </sampler>
        <channel source="#Head-global-anim-globalSampler" target="Head-global/matrix"/>
      </animation>
    </animation>
    <animation id="Head-local-anim" name="Head-local-anim">
      <animation>
        <source id="Head-local-anim-inSource-TIME">
          <float_array count="143" id="Head-local-anim-inSource-TIME-array">0.0 0.041666668 0.083333336 0.125 0.16666667 0.20833333 0.25 0.29166666 0.33333334 0.375 0.41666666 0.45833334 0.5 0.5416667 0.5833333 0.625 0.6666667 0.7083333 0.75 0.7916667 0.8333333 0.875 0.9166667 0.9583333 1.0 1.0416666 1.0833334 1.125 1.1666666 1.2083334 1.25 1.2916666 1.3333334 1.375 1.4166666 1.4583334 1.5 1.5416666 1.5833334 1.625 1.6666666 1.7083334 1.75 1.7916666 1.8333334 1.875 1.9166666 1.9583334 2.0 2.0416667 2.0833333 2.125 2.1666667 2.2083333 2.25 2.2916667 2.3333333 2.375 2.4166667 2.4583333 2.5 2.5416667 2.5833333 2.625 2.6666667 2.7083333 2.75 2.7916667 2.8333333 2.875 2.9166667 2.9583333 3.0 3.0416667 3.0833333 3.125 3.1666667 3.2083333 3.25 3.2916667 3.3333333 3.375 3.4166667 3.4583333 3.5 3.5416667 3.5833333 3.625 3.6666667 3.7083333 3.75 3.7916667 3.8333333 3.875 3.9166667 3.9583333 4.0 4.0416665 4.0833335 4.125 4.1666665 4.2083335 4.25 4.2916665 4.3333335 4.375 4.4166665 4.4583335 4.5 4.5416665 4.5833335 4.625 4.6666665 4.7083335 4.75 4.7916665 4.8333335 4.875 4.9166665 4.9583335 5.0 5.0416665 5.0833335 5.125 5.1666665 5.2083335 5.25 5.2916665 5.3333335 5.375 5.4166665 5.4583335 5.5 5.5416665 5.5833335 5.625 5.6666665 5.7083335 5.75 5.7916665 5.8333335 5.875 5.9166665 </float_array>
          <technique_common>
            <accessor count="143" source="#Head-local-anim-inSource-TIME-array">
              <param name="TIME" type="float"/>
            </accessor>
          </technique_common>
        </source>
        <source id="Head-local-anim-interpolation">
          <Name_array count="143" id="Head-local-anim-interpolation-array">LINEAR LINEAR LINEAR LINEAR LINEAR LINEAR LINEAR LINEAR LINEAR LINEAR LINEAR LINEAR LINEAR LINEAR LINEAR LINEAR LINEAR LINEAR LINEAR LINEAR LINEAR LINEAR LINEAR LINEAR LINEAR LINEAR LINEAR LINEAR LINEAR LINEAR LINEAR LINEAR LINEAR LINEAR LINEAR LINEAR LINEAR LINEAR LINEAR LINEAR LINEAR LINEAR LINEAR LINEAR LINEAR LINEAR LINEAR LINEAR LINEAR LINEAR LINEAR LINEAR LINEAR LINEAR LINEAR LINEAR LINEAR LINEAR LINEAR LINEAR LINEAR LINEAR LINEAR LINEAR LINEAR LINEAR LINEAR LINEAR LINEAR LINEAR LINEAR LINEAR LINEAR LINEAR LINEAR LINEAR LINEAR LINEAR LINEAR LINEAR LINEAR LINEAR LINEAR LINEAR LINEAR LINEAR LINEAR LINEAR LINEAR LINEAR LINEAR LINEAR LINEAR LINEAR LINEAR LINEAR LINEAR LINEAR LINEAR LINEAR LINEAR LINEAR LINEAR LINEAR LINEAR LINEAR LINEAR LINEAR LINEAR LINEAR LINEAR LINEAR LINEAR LINEAR LINEAR LINEAR LINEAR LINEAR LINEAR LINEAR LINEAR LINEAR LINEAR LINEAR LINEAR LINEAR LINEAR LINEAR LINEAR LINEAR LINEAR LINEAR LINEAR LINEAR LINEAR LINEAR LINEAR LINEAR LINEAR LINEAR LINEAR LINEAR LINEAR </Name_array>
          <technique_common>
            <accessor count="143" source="#Head-local-anim-interpolation-array">
              <param type="name"/>
            </accessor>
          </technique_common>
        </source>
        <source id="Head-local-anim-outSource-local">
          <float_array count="2288" id="Head-local-anim-outSource-local-array">1.0 0.0 0.0 0.0 0.0 1.0 0.0 0.49999997 0.0 0.0 1.0 5.5 0.0 0.0 0.0 1.0 1.0 0.0 0.0 0.0 0.0 1.0 0.0 0.49999997 0.0 0.0 1.0 5.5 0.0 0.0 0.0 1.0 1.0 0.0 0.0 0.0 0.0 1.0 0.0 0.49999997 0.0 0.0 1.0 5.5 0.0 0.0 0.0 1.0 1.0 0.0 0.0 0.0 0.0 1.0 0.0 0.49999997 0.0 0.0 1.0 5.5 0.0 0.0 0.0 1.0 1.0 0.0 0.0 0.0 0.0 1.0 0.0 0.49999997 0.0 0.0 1.0 5.5 0.0 0.0 0.0 1.0 1.0 0.0 0.0 0.0 0.0 1.0 0.0 0.49999997 0.0 0.0 1.0 5.5 0.0 0.0 0.0 1.0 1.0 0.0 0.0 0.0 0.0 1.0 0.0 0.49999997 0.0 0.0 1.0 5.5 0.0 0.0 0.0 1.0 1.0 0.0 0.0 0.0 0.0 1.0 0.0 0.49999997 0.0 0.0 1.0 5.5 0.0 0.0 0.0 1.0 1.0 0.0 0.0 0.0 0.0 1.0 0.0 0.49999997 0.0 0.0 1.0 5.5 0.0 0.0 0.0 1.0 1.0 0.0 0.0 0.0 0.0 1.0 0.0 0.49999997 0.0 0.0 1.0 5.5 0.0 0.0 0.0 1.0 1.0 0.0 0.0 0.0 0.0 1.0 0.0 0.49999997 0.0 0.0 1.0 5.5 0.0 0.0 0.0 1.0 1.0 0.0 0.0 0.0 0.0 1.0 0.0 0.49999997 0.0 0.0 1.0 5.5 0.0 0.0 0.0 1.0 1.0 0.0 0.0 0.0 0.0 1.0 0.0 0.49999997 0.0 0.0 1.0 5.5 0.0 0.0 0.0 1.0 1.0 0.0 0.0 0.0 0.0 1.0 0.0 0.49999997 0.0 0.0 1.0 5.5 0.0 0.0 0.0 1.0 1.0 0.0 0.0 0.0 0.0 1.0 0.0 0.49999997 0.0 0.0 1.0 5.5 0.0 0.0 0.0 1.0 1.0 0.0 0.0 0.0 0.0 1.0 0.0 0.49999997 0.0 0.0 1.0 5.5 0.0 0.0 0.0 1.0 1.0 0.0 0.0 0.0 0.0 1.0 0.0 0.49999997 0.0 0.0 1.0 5.5 0.0 0.0 0.0 1.0 1.0 0.0 0.0 0.0 0.0 1.0 0.0 0.49999997 0.0 0.0 1.0 5.5 0.0 0.0 0.0 1.0 1.0 0.0 0.0 0.0 0.0 1.0 0.0 0.49999997 0.0 0.0 1.0 5.5 0.0 0.0 0.0 1.0 1.0 0.0 0.0 0.0 0.0 1.0 0.0 0.49999997 0.0 0.0 1.0 5.5 0.0 0.0 0.0 1.0 1.0 0.0 0.0 0.0 0.0 1.0 0.0 0.49999997 0.0 0.0 1.0 5.5 0.0 0.0 0.0 1.0 1.0 0.0 0.0 0.0 0.0 1.0 0.0 0.49999997 0.0 0.0 1.0 5.5 0.0 0.0 0.0 1.0 1.0 0.0 0.0 0.0 0.0 1.0 0.0 0.49999997 0.0 0.0 1.0 5.5 0.0 0.0 0.0 1.0 1.0 0.0 0.0 0.0 0.0 1.0 0.0 0.49999997 0.0 0.0 1.0 5.5 0.0 0.0 0.0 1.0 1.0 0.0 0.0 0.0 0.0 1.0 0.0 0.49999997 0.0 0.0 1.0 5.5 0.0 0.0 0.0 1.0 1.0 0.0 0.0 0.0 0.0 1.0 0.0 0.49999997 0.0 0.0 1.0 5.5 0.0 0.0 0.0 1.0 1.0 0.0 0.0 0.0 0.0 1.0 0.0 0.49999997 0.0 0.0 1.0 5.5 0.0 0.0 0.0 1.0 1.0 0.0 0.0 0.0 0.0 1.0 0.0 0.49999997 0.0 0.0 1.0 5.5 0.0 0.0 0.0 1.0 1.0 0.0 0.0 0.0 0.0 1.0 0.0 0.49999997 0.0 0.0 1.0 5.5 0.0 0.0 0.0 1.0 1.0 0.0 0.0 0.0 0.0 1.0 0.0 0.49999997 0.0 0.0 1.0 5.5 0.0 0.0 0.0 1.0 1.0 0.0 0.0 0.0 0.0 1.0 0.0 0.49999997 0.0 0.0 1.0 5.5 0.0 0.0 0.0 1.0 1.0 0.0 0.0 0.0 0.0 1.0 0.0 0.49999997 0.0 0.0 1.0 5.5 0.0 0.0 0.0 1.0 1.0 0.0 0.0 0.0 0.0 1.0 0.0 0.49999997 0.0 0.0 1.0 5.5 0.0 0.0 0.0 1.0 1.0 0.0 0.0 0.0 0.0 1.0 0.0 0.49999997 0.0 0.0 1.0 5.5 0.0 0.0 0.0 1.0 1.0 0.0 0.0 0.0 0.0 1.0 0.0 0.49999997 0.0 0.0 1.0 5.5 0.0 0.0 0.0 1.0 1.0 0.0 0.0 0.0 0.0 1.0 0.0 0.49999997 0.0 0.0 1.0 5.5 0.0 0.0 0.0 1.0 1.0 0.0 0.0 0.0 0.0 1.0 0.0 0.49999997 0.0 0.0 1.0 5.5 0.0 0.0 0.0 1.0 1.0 0.0 0.0 0.0 0.0 1.0 0.0 0.49999997 0.0 0.0 1.0 5.5 0.0 0.0 0.0 1.0 1.0 0.0 0.0 0.0 0.0 1.0 0.0 0.49999997 0.0 0.0 1.0 5.5 0.0 0.0 0.0 1.0 1.0 0.0 0.0 0.0 0.0 1.0 0.0 0.49999997 0.0 0.0 1.0 5.5 0.0 0.0 0.0 1.0 1.0 0.0 0.0 0.0 0.0 1.0 0.0 0.49999997 0.0 0.0 1.0 5.5 0.0 0.0 0.0 1.0 1.0 0.0 0.0 0.0 0.0 1.0 0.0 0.49999997 0.0 0.0 1.0 5.5 0.0 0.0 0.0 1.0 1.0 0.0 0.0 0.0 0.0 1.0 0.0 0.49999997 0.0 0.0 1.0 5.5 0.0 0.0 0.0 1.0 1.0 0.0 0.0 0.0 0.0 1.0 0.0 0.49999997 0.0 0.0 1.0 5.5 0.0 0.0 0.0 1.0 1.0 0.0 0.0 0.0 0.0 1.0 0.0 0.49999997 0.0 0.0 1.0 5.5 0.0 0.0 0.0 1.0 1.0 0.0 0.0 0.0 0.0 1.0 0.0 0.49999997 0.0 0.0 1.0 5.5 0.0 0.0 0.0 1.0 1.0 0.0 0.0 0.0 0.0 1.0 0.0 0.49999997 0.0 0.0 1.0 5.5 0.0 0.0 0.0 1.0 1.0 0.0 0.0 0.0 0.0 1.0 0.0 0.49999997 0.0 0.0 1.0 5.5 0.0 0.0 0.0 1.0 1.0 0.0 0.0 0.0 0.0 1.0 0.0 0.49999997 0.0 0.0 1.0 5.5 0.0 0.0 0.0 1.0 1.0 0.0 0.0 0.0 0.0 1.0 0.0 0.49999997 0.0 0.0 1.0 5.5 0.0 0.0 0.0 1.0 1.0 0.0 0.0 0.0 0.0 1.0 0.0 0.49999997 0.0 0.0 1.0 5.5 0.0 0.0 0.0 1.0 1.0 0.0 0.0 0.0 0.0 1.0 0.0 0.49999997 0.0 0.0 1.0 5.5 0.0 0.0 0.0 1.0 1.0 0.0 0.0 0.0 0.0 1.0 0.0 0.49999997 0.0 0.0 1.0 5.5 0.0 0.0 0.0 1.0 1.0 0.0 0.0 0.0 0.0 1.0 0.0 0.49999997 0.0 0.0 1.0 5.5 0.0 0.0 0.0 1.0 1.0 0.0 0.0 0.0 0.0 1.0 0.0 0.49999997 0.0 0.0 1.0 5.5 0.0 0.0 0.0 1.0 1.0 0.0 0.0 0.0 0.0 1.0 0.0 0.49999997 0.0 0.0 1.0 5.5 0.0 0.0 0.0 1.0 1.0 0.0 0.0 0.0 0.0 1.0 0.0 0.49999997 0.0 0.0 1.0 5.5 0.0 0.0 0.0 1.0 1.0 0.0 0.0 0.0 0.0 1.0 0.0 0.49999997 0.0 0.0 1.0 5.5 0.0 0.0 0.0 1.0 1.0 0.0 0.0 0.0 0.0 1.0 0.0 0.49999997 0.0 0.0 1.0 5.5 0.0 0.0 0.0 1.0 1.0 0.0 0.0 0.0 0.0 1.0 0.0 0.49999997 0.0 0.0 1.0 5.5 0.0 0.0 0.0 1.0 1.0 0.0 0.0 0.0 0.0 1.0 0.0 0.49999997 0.0 0.0 1.0 5.5 0.0 0.0 0.0 1.0 1.0 0.0 0.0 0.0 0.0 1.0 0.0 0.49999997 0.0 0.0 1.0 5.5 0.0 0.0 0.0 1.0 1.0 0.0 0.0 0.0 0.0 1.0 0.0 0.49999997 0.0 0.0 1.0 5.5 0.0 0.0 0.0 1.0 1.0 0.0 0.0 0.0 0.0 1.0 0.0 0.49999997 0.0 0.0 1.0 5.5 0.0 0.0 0.0 1.0 1.0 0.0 0.0 0.0 0.0 1.0 0.0 0.49999997 0.0 0.0 1.0 5.5 0.0 0.0 0.0 1.0 1.0 0.0 0.0 0.0 0.0 1.0 0.0 0.49999997 0.0 0.0 1.0 5.5 0.0 0.0 0.0 1.0 1.0 0.0 0.0 0.0 0.0 1.0 0.0 0.49999997 0.0 0.0 1.0 5.5 0.0 0.0 0.0 1.0 1.0 0.0 0.0 0.0 0.0 1.0 0.0 0.49999997 0.0 0.0 1.0 5.5 0.0 0.0 0.0 1.0 1.0 0.0 0.0 0.0 0.0 1.0 0.0 0.49999997 0.0 0.0 1.0 5.5 0.0 0.0 0.0 1.0 1.0 0.0 0.0 0.0 0.0 1.0 0.0 0.49999997 0.0 0.0 1.0 5.5 0.0 0.0 0.0 1.0 1.0 0.0 0.0 0.0 0.0 1.0 0.0 0.49999997 0.0 0.0 1.0 5.5 0.0 0.0 0.0 1.0 1.0 0.0 0.0 0.0 0.0 1.0 0.0 0.49999997 0.0 0.0 1.0 5.5 0.0 0.0 0.0 1.0 1.0 0.0 0.0 0.0 0.0 1.0 0.0 0.49999997 0.0 0.0 1.0 5.5 0.0 0.0 0.0 1.0 1.0 0.0 0.0 0.0 0.0 1.0 0.0 0.49999997 0.0 0.0 1.0 5.5 0.0 0.0 0.0 1.0 1.0 0.0 0.0 0.0 0.0 1.0 0.0 0.49999997 0.0 0.0 1.0 5.5 0.0 0.0 0.0 1.0 1.0 0.0 0.0 0.0 0.0 1.0 0.0 0.49999997 0.0 0.0 1.0 5.5 0.0 0.0 0.0 1.0 1.0 0.0 0.0 0.0 0.0 1.0 0.0 0.49999997 0.0 0.0 1.0 5.5 0.0 0.0 0.0 1.0 1.0 0.0 0.0 0.0 0.0 1.0 0.0 0.49999997 0.0 0.0 1.0 5.5 0.0 0.0 0.0 1.0 1.0 0.0 0.0 0.0 0.0 1.0 0.0 0.49999997 0.0 0.0 1.0 5.5 0.0 0.0 0.0 1.0 1.0 0.0 0.0 0.0 0.0 1.0 0.0 0.49999997 0.0 0.0 1.0 5.5 0.0 0.0 0.0 1.0 1.0 0.0 0.0 0.0 0.0 1.0 0.0 0.49999997 0.0 0.0 1.0 5.5 0.0 0.0 0.0 1.0 1.0 0.0 0.0 0.0 0.0 1.0 0.0 0.49999997 0.0 0.0 1.0 5.5 0.0 0.0 0.0 1.0 1.0 0.0 0.0 0.0 0.0 1.0 0.0 0.49999997 0.0 0.0 1.0 5.5 0.0 0.0 0.0 1.0 1.0 0.0 0.0 0.0 0.0 1.0 0.0 0.49999997 0.0 0.0 1.0 5.5 0.0 0.0 0.0 1.0 1.0 0.0 0.0 0.0 0.0 1.0 0.0 0.49999997 0.0 0.0 1.0 5.5 0.0 0.0 0.0 1.0 1.0 0.0 0.0 0.0 0.0 1.0 0.0 0.49999997 0.0 0.0 1.0 5.5 0.0 0.0 0.0 1.0 1.0 0.0 0.0 0.0 0.0 1.0 0.0 0.49999997 0.0 0.0 1.0 5.5 0.0 0.0 0.0 1.0 1.0 0.0 0.0 0.0 0.0 1.0 0.0 0.49999997 0.0 0.0 1.0 5.5 0.0 0.0 0.0 1.0 1.0 0.0 0.0 0.0 0.0 1.0 0.0 0.49999997 0.0 0.0 1.0 5.5 0.0 0.0 0.0 1.0 1.0 0.0 0.0 0.0 0.0 1.0 0.0 0.49999997 0.0 0.0 1.0 5.5 0.0 0.0 0.0 1.0 1.0 0.0 0.0 0.0 0.0 1.0 0.0 0.49999997 0.0 0.0 1.0 5.5 0.0 0.0 0.0 1.0 1.0 0.0 0.0 0.0 0.0 1.0 0.0 0.49999997 0.0 0.0 1.0 5.5 0.0 0.0 0.0 1.0 1.0 0.0 0.0 0.0 0.0 1.0 0.0 0.49999997 0.0 0.0 1.0 5.5 0.0 0.0 0.0 1.0 1.0 0.0 0.0 0.0 0.0 1.0 0.0 0.49999997 0.0 0.0 1.0 5.5 0.0 0.0 0.0 1.0 1.0 0.0 0.0 0.0 0.0 1.0 0.0 0.49999997 0.0 0.0 1.0 5.5 0.0 0.0 0.0 1.0 1.0 0.0 0.0 0.0 0.0 1.0 0.0 0.49999997 0.0 0.0 1.0 5.5 0.0 0.0 0.0 1.0 1.0 0.0 0.0 0.0 0.0 1.0 0.0 0.49999997 0.0 0.0 1.0 5.5 0.0 0.0 0.0 1.0 1.0 0.0 0.0 0.0 0.0 1.0 0.0 0.49999997 0.0 0.0 1.0 5.5 0.0 0.0 0.0 1.0 1.0 0.0 0.0 0.0 0.0 1.0 0.0 0.49999997 0.0 0.0 1.0 5.5 0.0 0.0 0.0 1.0 1.0 0.0 0.0 0.0 0.0 1.0 0.0 0.49999997 0.0 0.0 1.0 5.5 0.0 0.0 0.0 1.0 1.0 0.0 0.0 0.0 0.0 1.0 0.0 0.49999997 0.0 0.0 1.0 5.5 0.0 0.0 0.0 1.0 1.0 0.0 0.0 0.0 0.0 1.0 0.0 0.49999997 0.0 0.0 1.0 5.5 0.0 0.0 0.0 1.0 1.0 0.0 0.0 0.0 0.0 1.0 0.0 0.49999997 0.0 0.0 1.0 5.5 0.0 0.0 0.0 1.0 1.0 0.0 0.0 0.0 0.0 1.0 0.0 0.49999997 0.0 0.0 1.0 5.5 0.0 0.0 0.0 1.0 1.0 0.0 0.0 0.0 0.0 1.0 0.0 0.49999997 0.0 0.0 1.0 5.5 0.0 0.0 0.0 1.0 1.0 0.0 0.0 0.0 0.0 1.0 0.0 0.49999997 0.0 0.0 1.0 5.5 0.0 0.0 0.0 1.0 1.0 0.0 0.0 0.0 0.0 1.0 0.0 0.49999997 0.0 0.0 1.0 5.5 0.0 0.0 0.0 1.0 1.0 0.0 0.0 0.0 0.0 1.0 0.0 0.49999997 0.0 0.0 1.0 5.5 0.0 0.0 0.0 1.0 1.0 0.0 0.0 0.0 0.0 1.0 0.0 0.49999997 0.0 0.0 1.0 5.5 0.0 0.0 0.0 1.0 1.0 0.0 0.0 0.0 0.0 1.0 0.0 0.49999997 0.0 0.0 1.0 5.5 0.0 0.0 0.0 1.0 1.0 0.0 0.0 0.0 0.0 1.0 0.0 0.49999997 0.0 0.0 1.0 5.5 0.0 0.0 0.0 1.0 1.0 0.0 0.0 0.0 0.0 1.0 0.0 0.49999997 0.0 0.0 1.0 5.5 0.0 0.0 0.0 1.0 1.0 0.0 0.0 0.0 0.0 1.0 0.0 0.49999997 0.0 0.0 1.0 5.5 0.0 0.0 0.0 1.0 1.0 0.0 0.0 0.0 0.0 1.0 0.0 0.49999997 0.0 0.0 1.0 5.5 0.0 0.0 0.0 1.0 1.0 0.0 0.0 0.0 0.0 1.0 0.0 0.49999997 0.0 0.0 1.0 5.5 0.0 0.0 0.0 1.0 1.0 0.0 0.0 0.0 0.0 1.0 0.0 0.49999997 0.0 0.0 1.0 5.5 0.0 0.0 0.0 1.0 1.0 0.0 0.0 0.0 0.0 1.0 0.0 0.49999997 0.0 0.0 1.0 5.5 0.0 0.0 0.0 1.0 1.0 0.0 0.0 0.0 0.0 1.0 0.0 0.49999997 0.0 0.0 1.0 5.5 0.0 0.0 0.0 1.0 1.0 0.0 0.0 0.0 0.0 1.0 0.0 0.49999997 0.0 0.0 1.0 5.5 0.0 0.0 0.0 1.0 1.0 0.0 0.0 0.0 0.0 1.0 0.0 0.49999997 0.0 0.0 1.0 5.5 0.0 0.0 0.0 1.0 1.0 0.0 0.0 0.0 0.0 1.0 0.0 0.49999997 0.0 0.0 1.0 5.5 0.0 0.0 0.0 1.0 1.0 0.0 0.0 0.0 0.0 1.0 0.0 0.49999997 0.0 0.0 1.0 5.5 0.0 0.0 0.0 1.0 1.0 0.0 0.0 0.0 0.0 1.0 0.0 0.49999997 0.0 0.0 1.0 5.5 0.0 0.0 0.0 1.0 1.0 0.0 0.0 0.0 0.0 1.0 0.0 0.49999997 0.0 0.0 1.0 5.5 0.0 0.0 0.0 1.0 1.0 0.0 0.0 0.0 0.0 1.0 0.0 0.49999997 0.0 0.0 1.0 5.5 0.0 0.0 0.0 1.0 1.0 0.0 0.0 0.0 0.0 1.0 0.0 0.49999997 0.0 0.0 1.0 5.5 0.0 0.0 0.0 1.0 1.0 0.0 0.0 0.0 0.0 1.0 0.0 0.49999997 0.0 0.0 1.0 5.5 0.0 0.0 0.0 1.0 1.0 0.0 0.0 0.0 0.0 1.0 0.0 0.49999997 0.0 0.0 1.0 5.5 0.0 0.0 0.0 1.0 1.0 0.0 0.0 0.0 0.0 1.0 0.0 0.49999997 0.0 0.0 1.0 5.5 0.0 0.0 0.0 1.0 1.0 0.0 0.0 0.0 0.0 1.0 0.0 0.49999997 0.0 0.0 1.0 5.5 0.0 0.0 0.0 1.0 1.0 0.0 0.0 0.0 0.0 1.0 0.0 0.49999997 0.0 0.0 1.0 5.5 0.0 0.0 0.0 1.0 1.0 0.0 0.0 0.0 0.0 1.0 0.0 0.49999997 0.0 0.0 1.0 5.5 0.0 0.0 0.0 1.0 1.0 0.0 0.0 0.0 0.0 1.0 0.0 0.49999997 0.0 0.0 1.0 5.5 0.0 0.0 0.0 1.0 1.0 0.0 0.0 0.0 0.0 1.0 0.0 0.49999997 0.0 0.0 1.0 5.5 0.0 0.0 0.0 1.0 1.0 0.0 0.0 0.0 0.0 1.0 0.0 0.49999997 0.0 0.0 1.0 5.5 0.0 0.0 0.0 1.0 1.0 0.0 0.0 0.0 0.0 1.0 0.0 0.49999997 0.0 0.0 1.0 5.5 0.0 0.0 0.0 1.0 1.0 0.0 0.0 0.0 0.0 1.0 0.0 0.49999997 0.0 0.0 1.0 5.5 0.0 0.0 0.0 1.0 1.0 0.0 0.0 0.0 0.0 1.0 0.0 0.49999997 0.0 0.0 1.0 5.5 0.0 0.0 0.0 1.0 1.0 0.0 0.0 0.0 0.0 1.0 0.0 0.49999997 0.0 0.0 1.0 5.5 0.0 0.0 0.0 1.0 1.0 0.0 0.0 0.0 0.0 1.0 0.0 0.49999997 0.0 0.0 1.0 5.5 0.0 0.0 0.0 1.0 1.0 0.0 0.0 0.0 0.0 1.0 0.0 0.49999997 0.0 0.0 1.0 5.5 0.0 0.0 0.0 1.0 1.0 0.0 0.0 0.0 0.0 1.0 0.0 0.49999997 0.0 0.0 1.0 5.5 0.0 0.0 0.0 1.0 1.0 0.0 0.0 0.0 0.0 1.0 0.0 0.49999997 0.0 0.0 1.0 5.5 0.0 0.0 0.0 1.0 </float_array>
          <technique_common>
            <accessor count="143" source="#Head-local-anim-outSource-local-array" stride="16">
              <param type="float4x4"/>
            </accessor>
          </technique_common>
        </source>
        <sampler id="Head-local-anim-localSampler">
          <input semantic="INPUT" source="#Head-local-anim-inSource-TIME"/>
          <input semantic="OUTPUT" source="#Head-local-anim-outSource-local"/>
          <input semantic="INTERPOLATION" source="#Head-local-anim-interpolation"/>
        </sampler>
        <channel source="#Head-local-anim-localSampler" target="Head-local/matrix"/>
      </animation>
    </animation>
    <animation id="Right_Wing1-global-anim" name="Right_Wing1-global-anim">
      <animation>
        <source id="Right_Wing1-global-anim-inSource-TIME">
          <float_array count="143" id="Right_Wing1-global-anim-inSource-TIME-array">0.0 0.041666668 0.083333336 0.125 0.16666667 0.20833333 0.25 0.29166666 0.33333334 0.375 0.41666666 0.45833334 0.5 0.5416667 0.5833333 0.625 0.6666667 0.7083333 0.75 0.7916667 0.8333333 0.875 0.9166667 0.9583333 1.0 1.0416666 1.0833334 1.125 1.1666666 1.2083334 1.25 1.2916666 1.3333334 1.375 1.4166666 1.4583334 1.5 1.5416666 1.5833334 1.625 1.6666666 1.7083334 1.75 1.7916666 1.8333334 1.875 1.9166666 1.9583334 2.0 2.0416667 2.0833333 2.125 2.1666667 2.2083333 2.25 2.2916667 2.3333333 2.375 2.4166667 2.4583333 2.5 2.5416667 2.5833333 2.625 2.6666667 2.7083333 2.75 2.7916667 2.8333333 2.875 2.9166667 2.9583333 3.0 3.0416667 3.0833333 3.125 3.1666667 3.2083333 3.25 3.2916667 3.3333333 3.375 3.4166667 3.4583333 3.5 3.5416667 3.5833333 3.625 3.6666667 3.7083333 3.75 3.7916667 3.8333333 3.875 3.9166667 3.9583333 4.0 4.0416665 4.0833335 4.125 4.1666665 4.2083335 4.25 4.2916665 4.3333335 4.375 4.4166665 4.4583335 4.5 4.5416665 4.5833335 4.625 4.6666665 4.7083335 4.75 4.7916665 4.8333335 4.875 4.9166665 4.9583335 5.0 5.0416665 5.0833335 5.125 5.1666665 5.2083335 5.25 5.2916665 5.3333335 5.375 5.4166665 5.4583335 5.5 5.5416665 5.5833335 5.625 5.6666665 5.7083335 5.75 5.7916665 5.8333335 5.875 5.9166665 </float_array>
          <technique_common>
            <accessor count="143" source="#Right_Wing1-global-anim-inSource-TIME-array">
              <param name="TIME" type="float"/>
            </accessor>
          </technique_common>
        </source>
        <source id="Right_Wing1-global-anim-interpolation">
          <Name_array count="143" id="Right_Wing1-global-anim-interpolation-array">LINEAR LINEAR LINEAR LINEAR LINEAR LINEAR LINEAR LINEAR LINEAR LINEAR LINEAR LINEAR LINEAR LINEAR LINEAR LINEAR LINEAR LINEAR LINEAR LINEAR LINEAR LINEAR LINEAR LINEAR LINEAR LINEAR LINEAR LINEAR LINEAR LINEAR LINEAR LINEAR LINEAR LINEAR LINEAR LINEAR LINEAR LINEAR LINEAR LINEAR LINEAR LINEAR LINEAR LINEAR LINEAR LINEAR LINEAR LINEAR LINEAR LINEAR LINEAR LINEAR LINEAR LINEAR LINEAR LINEAR LINEAR LINEAR LINEAR LINEAR LINEAR LINEAR LINEAR LINEAR LINEAR LINEAR LINEAR LINEAR LINEAR LINEAR LINEAR LINEAR LINEAR LINEAR LINEAR LINEAR LINEAR LINEAR LINEAR LINEAR LINEAR LINEAR LINEAR LINEAR LINEAR LINEAR LINEAR LINEAR LINEAR LINEAR LINEAR LINEAR LINEAR LINEAR LINEAR LINEAR LINEAR LINEAR LINEAR LINEAR LINEAR LINEAR LINEAR LINEAR LINEAR LINEAR LINEAR LINEAR LINEAR LINEAR LINEAR LINEAR LINEAR LINEAR LINEAR LINEAR LINEAR LINEAR LINEAR LINEAR LINEAR LINEAR LINEAR LINEAR LINEAR LINEAR LINEAR LINEAR LINEAR LINEAR LINEAR LINEAR LINEAR LINEAR LINEAR LINEAR LINEAR LINEAR LINEAR LINEAR LINEAR LINEAR LINEAR </Name_array>
          <technique_common>
            <accessor count="143" source="#Right_Wing1-global-anim-interpolation-array">
              <param type="name"/>
            </accessor>
          </technique_common>
        </source>
        <source id="Right_Wing1-global-anim-outSource-global">
          <float_array count="2288" id="Right_Wing1-global-anim-outSource-global-array">0.2473197 0.9679536 0.04357779 1.5 -0.8344888 0.23564297 -0.49809754 0.9597521 -0.49240404 0.086824134 0.86602545 2.0 0.0 0.0 0.0 1.0 0.24730355 0.96795344 0.043668494 1.5 -0.83430576 0.23564285 -0.49840355 0.9597521 -0.49272162 0.086824104 0.86584455 2.0 0.0 0.0 0.0 1.0 0.2472555 0.9679536 0.043940693 1.5 -0.83375686 0.23564303 -0.49932164 0.9597521 -0.49367443 0.086824164 0.8653019 2.0 0.0 0.0 0.0 1.0 0.24717444 0.96795356 0.044394165 1.5 -0.8328395 0.23564297 -0.50085026 0.9597521 -0.49526092 0.086824134 0.8643948 2.0 0.0 0.0 0.0 1.0 0.24705955 0.96795356 0.04502882 1.5 -0.8315505 0.23564294 -0.5029875 0.9597521 -0.49747926 0.08682415 0.86311996 2.0 0.0 0.0 0.0 1.0 0.24690941 0.96795344 0.045844316 1.5 -0.8298849 0.23564282 -0.50573045 0.9597521 -0.50032645 0.086824074 0.8614725 2.0 0.0 0.0 0.0 1.0 0.24672249 0.9679534 0.04684046 1.5 -0.82783717 0.23564294 -0.5090755 0.9597521 -0.5037991 0.08682409 0.8594463 2.0 0.0 0.0 0.0 1.0 0.24649629 0.96795356 0.048016652 1.5 -0.8253999 0.23564294 -0.51301813 0.9597521 -0.5078925 0.086824104 0.8570338 2.0 0.0 0.0 0.0 1.0 0.24622828 0.96795344 0.049372464 1.5 -0.822564 0.23564291 -0.51755273 0.9597521 -0.51260126 0.08682409 0.85422564 2.0 0.0 0.0 0.0 1.0 0.24591553 0.9679536 0.050907224 1.5 -0.81932014 0.23564291 -0.5226731 0.9597521 -0.5179192 0.08682412 0.85101205 2.0 0.0 0.0 0.0 1.0 0.24555469 0.96795356 0.052620202 1.5 -0.81565666 0.23564285 -0.5283717 0.9597521 -0.52383876 0.08682412 0.84738094 2.0 0.0 0.0 0.0 1.0 0.2451421 0.96795344 0.05451058 1.5 -0.8115616 0.23564303 -0.5346402 0.9597521 -0.5303519 0.08682415 0.8433199 2.0 0.0 0.0 0.0 1.0 0.24471486 0.96795356 0.056397647 1.5 -0.80741847 0.23564297 -0.5408771 0.9597521 -0.53683364 0.086824164 0.83920884 2.0 0.0 0.0 0.0 1.0 0.24431577 0.96795356 0.058102146 1.5 -0.80362844 0.235643 -0.5464923 0.9597521 -0.5426705 0.086824134 0.8354463 2.0 0.0 0.0 0.0 1.0 0.24394867 0.9679537 0.05962485 1.5 -0.8002044 0.23564306 -0.551494 0.9597521 -0.5478707 0.08682415 0.83204544 2.0 0.0 0.0 0.0 1.0 0.24361667 0.96795344 0.060966387 1.5 -0.79715717 0.23564288 -0.55588925 0.9597521 -0.55244124 0.08682409 0.82901764 2.0 0.0 0.0 0.0 1.0 0.24332318 0.9679536 0.06212765 1.5 -0.79449683 0.23564294 -0.55968505 0.9597521 -0.55638903 0.086824134 0.8263734 2.0 0.0 0.0 0.0 1.0 0.24307048 0.96795344 0.06310913 1.5 -0.79223156 0.23564291 -0.56288683 0.9597521 -0.55971944 0.08682415 0.8241211 2.0 0.0 0.0 0.0 1.0 0.24286085 0.9679535 0.06391144 1.5 -0.7903686 0.23564303 -0.5654997 0.9597521 -0.5624377 0.086824134 0.8222685 2.0 0.0 0.0 0.0 1.0 0.24269587 0.96795356 0.06453493 1.5 -0.7889137 0.23564297 -0.56752765 0.9597521 -0.56454754 0.08682409 0.82082134 2.0 0.0 0.0 0.0 1.0 0.24257708 0.9679536 0.06498003 1.5 -0.7878714 0.23564297 -0.5689739 0.9597521 -0.5660524 0.086824104 0.81978446 2.0 0.0 0.0 0.0 1.0 0.24250555 0.96795374 0.06524703 1.5 -0.78724474 0.23564309 -0.5698408 0.9597521 -0.5669544 0.086824164 0.819161 2.0 0.0 0.0 0.0 1.0 0.24248144 0.96795356 0.06533593 1.5 -0.78703547 0.23564294 -0.5701295 0.9597521 -0.56725484 0.08682412 0.81895274 2.0 0.0 0.0 0.0 1.0 0.24248144 0.96795356 0.06533593 1.5 -0.78703547 0.23564294 -0.5701295 0.9597521 -0.56725484 0.08682412 0.81895274 2.0 0.0 0.0 0.0 1.0 0.24248138 0.9679536 0.06533593 1.5 -0.7870355 0.23564288 -0.5701296 0.9597521 -0.5672549 0.086824104 0.8189528 2.0 0.0 0.0 0.0 1.0 0.24248144 0.96795356 0.06533593 1.5 -0.78703547 0.23564294 -0.5701295 0.9597521 -0.56725484 0.08682412 0.81895274 2.0 0.0 0.0 0.0 1.0 0.24248144 0.96795356 0.06533593 1.5 -0.78703547 0.23564294 -0.5701295 0.9597521 -0.56725484 0.08682412 0.81895274 2.0 0.0 0.0 0.0 1.0 0.24248144 0.96795356 0.06533593 1.5 -0.78703547 0.23564294 -0.5701295 0.9597521 -0.56725484 0.08682412 0.81895274 2.0 0.0 0.0 0.0 1.0 0.24248144 0.96795356 0.06533593 1.5 -0.78703547 0.23564294 -0.5701295 0.9597521 -0.56725484 0.08682412 0.81895274 2.0 0.0 0.0 0.0 1.0 0.24324608 0.9677712 0.06519616 1.5 -0.7872199 0.23623943 -0.569628 0.9597521 -0.56667143 0.08723608 0.81931293 2.0 0.0 0.0 0.0 1.0 0.24553841 0.9672203 0.06477362 1.5 -0.78776824 0.23802924 -0.56812257 0.9597521 -0.56491774 0.08846933 0.8203908 2.0 0.0 0.0 0.0 1.0 0.24935481 0.9662912 0.064059764 1.5 -0.7886672 0.24101523 -0.56561106 0.9597521 -0.5619843 0.090515986 0.8221804 2.0 0.0 0.0 0.0 1.0 0.25468835 0.9649664 0.063039884 1.5 -0.7898936 0.24520108 -0.5620896 0.9597521 -0.55785495 0.09336285 0.82467055 2.0 0.0 0.0 0.0 1.0 0.26152885 0.96322227 0.061693653 1.5 -0.79141545 0.2505917 -0.55755347 0.9597521 -0.55250764 0.096991 0.82784575 2.0 0.0 0.0 0.0 1.0 0.26948476 0.96112925 0.060073555 1.5 -0.7931122 0.25689286 -0.5522494 0.9597521 -0.5462154 0.10117769 0.8315119 2.0 0.0 0.0 0.0 1.0 0.27628216 0.9592859 0.058642656 1.5 -0.7944991 0.26230356 -0.5476936 0.9597521 -0.54077685 0.104726404 0.8346215 2.0 0.0 0.0 0.0 1.0 0.28155422 0.9578209 0.057502925 1.5 -0.7955346 0.26651752 -0.54414463 0.9597521 -0.5365186 0.10746066 0.8370187 2.0 0.0 0.0 0.0 1.0 0.2853121 0.95675766 0.05667448 1.5 -0.79625106 0.26953045 -0.5416067 0.9597521 -0.5334618 0.10939981 0.8387195 2.0 0.0 0.0 0.0 1.0 0.2875633 0.9561131 0.056171685 1.5 -0.7966716 0.27133915 -0.5400829 0.9597521 -0.5316218 0.110557616 0.83973527 2.0 0.0 0.0 0.0 1.0 0.2883132 0.955897 0.05600311 1.5 -0.79681015 0.27194226 -0.5395747 0.9597521 -0.53100747 0.11094266 0.840073 2.0 0.0 0.0 0.0 1.0 0.28714928 0.9562204 0.056461737 1.5 -0.79618216 0.27103224 -0.5409579 0.9597521 -0.53257793 0.11038184 0.83915234 2.0 0.0 0.0 0.0 1.0 0.28365034 0.95718277 0.057825387 1.5 -0.79427767 0.26830596 -0.5451009 0.9597521 -0.537276 0.10868862 0.8363739 2.0 0.0 0.0 0.0 1.0 0.27779633 0.9587608 0.0600577 1.5 -0.7910356 0.26377553 -0.55198294 0.9597521 -0.54506135 0.10583104 0.83168983 2.0 0.0 0.0 0.0 1.0 0.26955402 0.96091604 0.06309731 1.5 -0.78635526 0.2574613 -0.5615687 0.9597521 -0.5558654 0.101756155 0.825021 2.0 0.0 0.0 0.0 1.0 0.25947502 0.963447 0.06665337 1.5 -0.7804506 0.24984083 -0.5731286 0.9597521 -0.56883174 0.09669289 0.81675017 2.0 0.0 0.0 0.0 1.0 0.25111842 0.96546024 0.06947002 1.5 -0.77540725 0.24360502 -0.5825806 0.9597521 -0.5793817 0.09242916 0.8097986 2.0 0.0 0.0 0.0 1.0 0.24511951 0.9668585 0.071419775 1.5 -0.7717054 0.23917383 -0.58929324 0.9597521 -0.586845 0.08933224 0.80475616 2.0 0.0 0.0 0.0 1.0 0.24150845 0.9676819 0.07256466 1.5 -0.76944494 0.23652443 -0.5933051 0.9597521 -0.5912939 0.08745372 0.8017005 2.0 0.0 0.0 0.0 1.0 0.24030289 0.9679536 0.07294211 1.5 -0.7686848 0.23564294 -0.59463966 0.9597521 -0.5927719 0.08682415 0.8006768 2.0 0.0 0.0 0.0 1.0 0.24051881 0.9679537 0.07222691 1.5 -0.77045035 0.23564291 -0.59235036 0.9597521 -0.59038734 0.08682415 0.8024367 2.0 0.0 0.0 0.0 1.0 0.24115387 0.96795356 0.07007751 1.5 -0.77570605 0.235643 -0.5854508 0.9597521 -0.5832025 0.086824164 0.8076736 2.0 0.0 0.0 0.0 1.0 0.24216959 0.96795356 0.06648293 1.5 -0.7843281 0.23564306 -0.5738484 0.9597521 -0.5711248 0.08682418 0.81625867 2.0 0.0 0.0 0.0 1.0 0.2435014 0.96795356 0.06142591 1.5 -0.79610705 0.235643 -0.5573923 0.9597521 -0.5540044 0.08682419 0.82797396 2.0 0.0 0.0 0.0 1.0 0.2449767 0.9679535 0.05524969 1.5 -0.8099454 0.23564309 -0.5370856 0.9597521 -0.53289306 0.08682418 0.8417165 2.0 0.0 0.0 0.0 1.0 0.24607396 0.96795356 0.050136685 1.5 -0.82095325 0.23564303 -0.520104 0.9597521 -0.51525086 0.086824164 0.8526302 2.0 0.0 0.0 0.0 1.0 0.24679253 0.9679536 0.04647109 1.5 -0.82859844 0.23564312 -0.5078358 0.9597521 -0.502512 0.08682422 0.86019963 2.0 0.0 0.0 0.0 1.0 0.24719733 0.9679535 0.04426676 1.5 -0.8330975 0.23564303 -0.50042075 0.9597521 -0.49481517 0.086824134 0.86464995 2.0 0.0 0.0 0.0 1.0 0.24732798 0.96795344 0.043531194 1.5 -0.83458245 0.23564309 -0.49794015 0.9597521 -0.49224073 0.08682415 0.8661181 2.0 0.0 0.0 0.0 1.0 0.24732795 0.9679536 0.04353118 1.5 -0.8345826 0.23564306 -0.49794024 0.9597521 -0.4922408 0.08682419 0.86611825 2.0 0.0 0.0 0.0 1.0 0.24732807 0.9679537 0.043531194 1.5 -0.8345827 0.23564318 -0.4979403 0.9597521 -0.4922409 0.08682422 0.8661183 2.0 0.0 0.0 0.0 1.0 0.2473281 0.9679537 0.043531165 1.5 -0.8345827 0.23564315 -0.4979403 0.9597521 -0.49224085 0.08682424 0.8661183 2.0 0.0 0.0 0.0 1.0 0.24732804 0.9679535 0.043531224 1.5 -0.8345825 0.23564315 -0.49794018 0.9597521 -0.49224073 0.08682418 0.8661182 2.0 0.0 0.0 0.0 1.0 0.24732804 0.9679535 0.043531254 1.5 -0.8345825 0.23564315 -0.49794018 0.9597521 -0.4922408 0.086824164 0.8661182 2.0 0.0 0.0 0.0 1.0 0.24732807 0.9679537 0.043531194 1.5 -0.8345827 0.23564318 -0.49794027 0.9597521 -0.49224085 0.08682421 0.8661184 2.0 0.0 0.0 0.0 1.0 0.2473281 0.9679537 0.043531194 1.5 -0.8345827 0.23564315 -0.49794024 0.9597521 -0.49224085 0.08682422 0.8661184 2.0 0.0 0.0 0.0 1.0 0.24732807 0.9679537 0.043531194 1.5 -0.8345827 0.23564318 -0.49794027 0.9597521 -0.49224085 0.08682421 0.8661184 2.0 0.0 0.0 0.0 1.0 0.24732807 0.9679537 0.043531194 1.5 -0.8345827 0.23564318 -0.49794027 0.9597521 -0.49224085 0.08682421 0.8661184 2.0 0.0 0.0 0.0 1.0 0.2473281 0.9679537 0.043531194 1.5 -0.8345827 0.23564315 -0.49794024 0.9597521 -0.49224085 0.08682422 0.8661184 2.0 0.0 0.0 0.0 1.0 0.24732807 0.9679537 0.043531194 1.5 -0.8345827 0.23564318 -0.49794027 0.9597521 -0.49224085 0.08682421 0.8661184 2.0 0.0 0.0 0.0 1.0 0.24732807 0.9679537 0.043531194 1.5 -0.8345827 0.23564318 -0.49794027 0.9597521 -0.49224085 0.08682421 0.8661184 2.0 0.0 0.0 0.0 1.0 0.24732807 0.9679537 0.043531194 1.5 -0.8345827 0.23564318 -0.49794027 0.9597521 -0.49224085 0.08682421 0.8661184 2.0 0.0 0.0 0.0 1.0 0.24732807 0.9679537 0.043531194 1.5 -0.8345827 0.23564318 -0.49794027 0.9597521 -0.49224085 0.08682421 0.8661184 2.0 0.0 0.0 0.0 1.0 0.24732798 0.96795344 0.043531194 1.5 -0.83458245 0.23564309 -0.49794015 0.9597521 -0.49224073 0.08682415 0.8661181 2.0 0.0 0.0 0.0 1.0 0.24726501 0.9679535 0.043887928 1.5 -0.83386344 0.23564318 -0.4991435 0.9597521 -0.49348956 0.08682421 0.8654072 2.0 0.0 0.0 0.0 1.0 0.24707264 0.9679534 0.04495749 1.5 -0.8316956 0.23564303 -0.5027471 0.9597521 -0.49722973 0.086824134 0.8632636 2.0 0.0 0.0 0.0 1.0 0.24674204 0.9679535 0.046738237 1.5 -0.82804817 0.23564312 -0.5087323 0.9597521 -0.50344276 0.086824134 0.85965514 2.0 0.0 0.0 0.0 1.0 0.24625766 0.96795356 0.04922715 1.5 -0.8228694 0.23564315 -0.5170671 0.9597521 -0.5120969 0.08682422 0.8545282 2.0 0.0 0.0 0.0 1.0 0.24559781 0.9679535 0.05241981 1.5 -0.8160878 0.23564312 -0.52770555 0.9597521 -0.52314675 0.08682418 0.84780836 2.0 0.0 0.0 0.0 1.0 0.24477577 0.96795356 0.05613336 1.5 -0.80800223 0.23564315 -0.5400046 0.9597521 -0.5359268 0.086824164 0.83978826 2.0 0.0 0.0 0.0 1.0 0.24402645 0.96795356 0.059306175 1.5 -0.80092406 0.23564318 -0.5504482 0.9597521 -0.5467833 0.08682415 0.8327604 2.0 0.0 0.0 0.0 1.0 0.2434152 0.9679534 0.06176704 1.5 -0.79532534 0.23564318 -0.5585068 0.9597521 -0.5551635 0.086824134 0.827197 2.0 0.0 0.0 0.0 1.0 0.24296343 0.96795356 0.06352098 1.5 -0.7912768 0.23564321 -0.5642283 0.9597521 -0.561115 0.086824164 0.8231718 2.0 0.0 0.0 0.0 1.0 0.24268639 0.96795356 0.0645718 1.5 -0.7888278 0.23564333 -0.56764704 0.9597521 -0.5646718 0.086824164 0.820736 2.0 0.0 0.0 0.0 1.0 0.24259293 0.9679536 0.06492177 1.5 -0.7880083 0.23564321 -0.56878436 0.9597521 -0.56585515 0.08682415 0.81992066 2.0 0.0 0.0 0.0 1.0 0.24284029 0.96789086 0.064927965 1.5 -0.78796136 0.23585033 -0.568763 0.9597521 -0.5658139 0.08695783 0.81993467 2.0 0.0 0.0 0.0 1.0 0.24358249 0.96770316 0.06494668 1.5 -0.7878209 0.23647183 -0.5686996 0.9597521 -0.5656905 0.08735895 0.81997716 2.0 0.0 0.0 0.0 1.0 0.24481934 0.967389 0.064977735 1.5 -0.78758574 0.23750752 -0.56859386 0.9597521 -0.56548417 0.08802724 0.82004815 2.0 0.0 0.0 0.0 1.0 0.24655035 0.9669464 0.06502098 1.5 -0.78725415 0.23895708 -0.5684458 0.9597521 -0.5651938 0.08896245 0.8201475 2.0 0.0 0.0 0.0 1.0 0.24877453 0.96637297 0.06507598 1.5 -0.7868241 0.24081963 -0.56825525 0.9597521 -0.56481797 0.090164065 0.8202752 2.0 0.0 0.0 0.0 1.0 0.25149122 0.965665 0.06514257 1.5 -0.78629255 0.24309477 -0.56802213 0.9597521 -0.56435484 0.09163146 0.82043135 2.0 0.0 0.0 0.0 1.0 0.25469944 0.9648185 0.0652203 1.5 -0.7856561 0.24578175 -0.5677464 0.9597521 -0.5638021 0.093363956 0.8206159 2.0 0.0 0.0 0.0 1.0 0.25839758 0.9638285 0.065308556 1.5 -0.7849105 0.2488792 -0.56742793 0.9597521 -0.5631572 0.09536062 0.820829 2.0 0.0 0.0 0.0 1.0 0.2625843 0.96268976 0.06540674 1.5 -0.7840514 0.25238618 -0.5670668 0.9597521 -0.56241715 0.09762058 0.82107085 2.0 0.0 0.0 0.0 1.0 0.2672578 0.9613955 0.0655143 1.5 -0.78307295 0.25630122 -0.56666267 0.9597521 -0.5615783 0.10014252 0.8213413 2.0 0.0 0.0 0.0 1.0 0.27241603 0.95993876 0.065630466 1.5 -0.7819693 0.26062283 -0.5662154 0.9597521 -0.5606369 0.10292509 0.8216404 2.0 0.0 0.0 0.0 1.0 0.27805635 0.9583118 0.06575437 1.5 -0.78073406 0.26534888 -0.56572497 0.9597521 -0.5595887 0.10596672 0.8219684 2.0 0.0 0.0 0.0 1.0 0.28368723 0.9566515 0.0658748 1.5 -0.7794706 0.2700675 -0.5652337 0.9597521 -0.5585223 0.10900213 0.82229644 2.0 0.0 0.0 0.0 1.0 0.28882 0.9551071 0.065981716 1.5 -0.778293 0.27436927 -0.5647847 0.9597521 -0.55753314 0.11176801 0.82259643 2.0 0.0 0.0 0.0 1.0 0.29345682 0.953686 0.066075936 1.5 -0.7772074 0.27825573 -0.5643779 0.9597521 -0.55662537 0.114265814 0.8228679 2.0 0.0 0.0 0.0 1.0 0.2975998 0.9523958 0.066158295 1.5 -0.7762202 0.28172863 -0.5640137 0.9597521 -0.5558029 0.116496935 0.82311106 2.0 0.0 0.0 0.0 1.0 0.3012506 0.95124227 0.06622933 1.5 -0.77533644 0.28478917 -0.563692 0.9597521 -0.55506897 0.11846252 0.82332563 2.0 0.0 0.0 0.0 1.0 0.30441117 0.9502313 0.06628974 1.5 -0.7745609 0.287439 -0.563413 0.9597521 -0.5544269 0.12016377 0.8235117 2.0 0.0 0.0 0.0 1.0 0.3070828 0.9493679 0.066339925 1.5 -0.773898 0.28967896 -0.5631768 0.9597521 -0.5538792 0.12160158 0.8236693 2.0 0.0 0.0 0.0 1.0 0.30926713 0.94865584 0.06638044 1.5 -0.77335095 0.2915105 -0.5629835 0.9597521 -0.55342805 0.12277688 0.8237984 2.0 0.0 0.0 0.0 1.0 0.31096473 0.9480984 0.0664116 1.5 -0.7729224 0.29293397 -0.56283295 0.9597521 -0.5530752 0.12369017 0.8238985 2.0 0.0 0.0 0.0 1.0 0.31217667 0.9476985 0.06643359 1.5 -0.7726147 0.29395023 -0.5627254 0.9597521 -0.5528221 0.12434217 0.82397014 2.0 0.0 0.0 0.0 1.0 0.31290364 0.9474579 0.066446766 1.5 -0.7724296 0.29455984 -0.56266093 0.9597521 -0.55267 0.124733195 0.82401323 2.0 0.0 0.0 0.0 1.0 0.3131459 0.94737744 0.06645112 1.5 -0.7723677 0.294763 -0.5626394 0.9597521 -0.55261916 0.12486352 0.82402754 2.0 0.0 0.0 0.0 1.0 0.3123892 0.94763505 0.06633711 1.5 -0.77285814 0.29413587 -0.5622937 0.9597521 -0.55236137 0.12438531 0.8242724 2.0 0.0 0.0 0.0 1.0 0.31011754 0.94840467 0.06599717 1.5 -0.77432585 0.29225218 -0.5612557 0.9597521 -0.5515854 0.122951895 0.82500684 2.0 0.0 0.0 0.0 1.0 0.30632618 0.9496751 0.06543736 1.5 -0.7767589 0.28910437 -0.5595219 0.9597521 -0.55028206 0.12056711 0.8262286 2.0 0.0 0.0 0.0 1.0 0.30100748 0.9514268 0.064667836 1.5 -0.7801364 0.28468028 -0.557086 0.9597521 -0.5484361 0.117237285 0.82793343 2.0 0.0 0.0 0.0 1.0 0.29415086 0.95363384 0.06370287 1.5 -0.78442997 0.27896276 -0.55394006 0.9597521 -0.54602665 0.112971514 0.830116 2.0 0.0 0.0 0.0 1.0 0.28574342 0.9562619 0.06256087 1.5 -0.78960264 0.27193058 -0.550074 0.9597521 -0.54302704 0.1077818 0.83276933 2.0 0.0 0.0 0.0 1.0 0.27577007 0.9592695 0.06126456 1.5 -0.795609 0.26355833 -0.5454757 0.9597521 -0.53940487 0.10168326 0.83588475 2.0 0.0 0.0 0.0 1.0 0.26575762 0.9621694 0.060025975 1.5 -0.8014982 0.2551204 -0.54084605 0.9597521 -0.5356993 0.09562324 0.8389771 2.0 0.0 0.0 0.0 1.0 0.25725627 0.9645392 0.059023306 1.5 -0.80638945 0.24793047 -0.5369048 0.9597521 -0.5324993 0.09052631 0.84157574 2.0 0.0 0.0 0.0 1.0 0.25028104 0.96642035 0.0582339 1.5 -0.8103283 0.24201387 -0.53366417 0.9597521 -0.5298373 0.08637743 0.8436892 2.0 0.0 0.0 0.0 1.0 0.24484411 0.9678475 0.05763921 1.5 -0.8133523 0.23739138 -0.5311339 0.9597521 -0.52773976 0.083164036 0.845325 2.0 0.0 0.0 0.0 1.0 0.24095467 0.96884793 0.057224825 1.5 -0.81549126 0.2340788 -0.5293215 0.9597521 -0.5262271 0.08087613 0.84648937 2.0 0.0 0.0 0.0 1.0 0.23861846 0.96944046 0.05698034 1.5 -0.81676614 0.23208681 -0.528232 0.9597521 -0.52531374 0.07950631 0.8471862 2.0 0.0 0.0 0.0 1.0 0.23783937 0.96963656 0.056899548 1.5 -0.8171897 0.2314221 -0.52786845 0.9597521 -0.5250083 0.07905018 0.8474182 2.0 0.0 0.0 0.0 1.0 0.23830235 0.9695595 0.056273147 1.5 -0.81803924 0.2316171 -0.52646524 0.9597521 -0.5234731 0.07942426 0.8483325 2.0 0.0 0.0 0.0 1.0 0.23876417 0.96948206 0.055645913 1.5 -0.8188863 0.2318126 -0.52506053 0.9597521 -0.52193606 0.07979795 0.849244 2.0 0.0 0.0 0.0 1.0 0.23922479 0.9694044 0.055017844 1.5 -0.8197307 0.2320087 -0.52365434 0.9597521 -0.52039737 0.08017126 0.8501527 2.0 0.0 0.0 0.0 1.0 0.23968431 0.96932614 0.054388955 1.5 -0.8205724 0.23220542 -0.5222465 0.9597521 -0.51885664 0.0805442 0.8510583 2.0 0.0 0.0 0.0 1.0 0.24014261 0.9692478 0.05375932 1.5 -0.8214117 0.23240271 -0.52083737 0.9597521 -0.5173143 0.0809167 0.8519615 2.0 0.0 0.0 0.0 1.0 0.24059993 0.96916926 0.053128824 1.5 -0.8222486 0.23260075 -0.51942676 0.9597521 -0.51577026 0.08128892 0.85286176 2.0 0.0 0.0 0.0 1.0 0.241056 0.96909034 0.052497625 1.5 -0.8230828 0.23279932 -0.5180148 0.9597521 -0.5142245 0.08166067 0.85375917 2.0 0.0 0.0 0.0 1.0 0.24151087 0.96901125 0.051865503 1.5 -0.82391447 0.23299843 -0.5166014 0.9597521 -0.512677 0.0820321 0.8546539 2.0 0.0 0.0 0.0 1.0 0.24196461 0.9689316 0.05123265 1.5 -0.82474345 0.2331982 -0.5151864 0.9597521 -0.5111277 0.08240309 0.85554564 2.0 0.0 0.0 0.0 1.0 0.24241737 0.9688518 0.05059901 1.5 -0.82556987 0.2333987 -0.51377004 0.9597521 -0.5095767 0.08277376 0.85643464 2.0 0.0 0.0 0.0 1.0 0.24286881 0.96877146 0.049964607 1.5 -0.8263936 0.2335997 -0.5123521 0.9597521 -0.50802386 0.083143935 0.85732067 2.0 0.0 0.0 0.0 1.0 0.24331921 0.96869123 0.049329355 1.5 -0.8272151 0.23380136 -0.51093304 0.9597521 -0.50646955 0.08351384 0.85820425 2.0 0.0 0.0 0.0 1.0 0.24376824 0.96861035 0.04869339 1.5 -0.8280335 0.23400345 -0.5095123 0.9597521 -0.50491333 0.083883196 0.8590845 2.0 0.0 0.0 0.0 1.0 0.24421641 0.96852934 0.048056647 1.5 -0.8288497 0.23420641 -0.5080904 0.9597521 -0.50335556 0.08425225 0.85996217 2.0 0.0 0.0 0.0 1.0 0.24466309 0.96844786 0.04741907 1.5 -0.829663 0.23440972 -0.50666684 0.9597521 -0.50179595 0.08462083 0.8608368 2.0 0.0 0.0 0.0 1.0 0.24510884 0.9683663 0.046780765 1.5 -0.83047384 0.23461378 -0.5052421 0.9597521 -0.50023484 0.084989116 0.86170876 2.0 0.0 0.0 0.0 1.0 0.24555331 0.96828437 0.0461417 1.5 -0.83128214 0.2348184 -0.50381595 0.9597521 -0.498672 0.085356906 0.86257786 2.0 0.0 0.0 0.0 1.0 0.24599671 0.9682023 0.04550183 1.5 -0.8320878 0.23502368 -0.5023884 0.9597521 -0.4971075 0.085724354 0.8634442 2.0 0.0 0.0 0.0 1.0 0.24643895 0.96811956 0.044861272 1.5 -0.8328907 0.23522958 -0.50095946 0.9597521 -0.49554133 0.086091384 0.8643074 2.0 0.0 0.0 0.0 1.0 0.24687985 0.96803665 0.04421988 1.5 -0.833691 0.23543593 -0.49952912 0.9597521 -0.49397346 0.08645795 0.8651678 2.0 0.0 0.0 0.0 1.0 0.2473197 0.9679536 0.04357779 1.5 -0.8344888 0.23564297 -0.49809754 0.9597521 -0.49240404 0.086824134 0.86602545 2.0 0.0 0.0 0.0 1.0 </float_array>
          <technique_common>
            <accessor count="143" source="#Right_Wing1-global-anim-outSource-global-array" stride="16">
              <param type="float4x4"/>
            </accessor>
          </technique_common>
        </source>
        <sampler id="Right_Wing1-global-anim-globalSampler">
          <input semantic="INPUT" source="#Right_Wing1-global-anim-inSource-TIME"/>
          <input semantic="OUTPUT" source="#Right_Wing1-global-anim-outSource-global"/>
          <input semantic="INTERPOLATION" source="#Right_Wing1-global-anim-interpolation"/>
        </sampler>
        <channel source="#Right_Wing1-global-anim-globalSampler" target="Right_Wing1-global/matrix"/>
      </animation>
    </animation>
    <animation id="Right_Wing1-local-anim" name="Right_Wing1-local-anim">
      <animation>
        <source id="Right_Wing1-local-anim-inSource-TIME">
          <float_array count="143" id="Right_Wing1-local-anim-inSource-TIME-array">0.0 0.041666668 0.083333336 0.125 0.16666667 0.20833333 0.25 0.29166666 0.33333334 0.375 0.41666666 0.45833334 0.5 0.5416667 0.5833333 0.625 0.6666667 0.7083333 0.75 0.7916667 0.8333333 0.875 0.9166667 0.9583333 1.0 1.0416666 1.0833334 1.125 1.1666666 1.2083334 1.25 1.2916666 1.3333334 1.375 1.4166666 1.4583334 1.5 1.5416666 1.5833334 1.625 1.6666666 1.7083334 1.75 1.7916666 1.8333334 1.875 1.9166666 1.9583334 2.0 2.0416667 2.0833333 2.125 2.1666667 2.2083333 2.25 2.2916667 2.3333333 2.375 2.4166667 2.4583333 2.5 2.5416667 2.5833333 2.625 2.6666667 2.7083333 2.75 2.7916667 2.8333333 2.875 2.9166667 2.9583333 3.0 3.0416667 3.0833333 3.125 3.1666667 3.2083333 3.25 3.2916667 3.3333333 3.375 3.4166667 3.4583333 3.5 3.5416667 3.5833333 3.625 3.6666667 3.7083333 3.75 3.7916667 3.8333333 3.875 3.9166667 3.9583333 4.0 4.0416665 4.0833335 4.125 4.1666665 4.2083335 4.25 4.2916665 4.3333335 4.375 4.4166665 4.4583335 4.5 4.5416665 4.5833335 4.625 4.6666665 4.7083335 4.75 4.7916665 4.8333335 4.875 4.9166665 4.9583335 5.0 5.0416665 5.0833335 5.125 5.1666665 5.2083335 5.25 5.2916665 5.3333335 5.375 5.4166665 5.4583335 5.5 5.5416665 5.5833335 5.625 5.6666665 5.7083335 5.75 5.7916665 5.8333335 5.875 5.9166665 </float_array>
          <technique_common>
            <accessor count="143" source="#Right_Wing1-local-anim-inSource-TIME-array">
              <param name="TIME" type="float"/>
            </accessor>
          </technique_common>
        </source>
        <source id="Right_Wing1-local-anim-interpolation">
          <Name_array count="143" id="Right_Wing1-local-anim-interpolation-array">LINEAR LINEAR LINEAR LINEAR LINEAR LINEAR LINEAR LINEAR LINEAR LINEAR LINEAR LINEAR LINEAR LINEAR LINEAR LINEAR LINEAR LINEAR LINEAR LINEAR LINEAR LINEAR LINEAR LINEAR LINEAR LINEAR LINEAR LINEAR LINEAR LINEAR LINEAR LINEAR LINEAR LINEAR LINEAR LINEAR LINEAR LINEAR LINEAR LINEAR LINEAR LINEAR LINEAR LINEAR LINEAR LINEAR LINEAR LINEAR LINEAR LINEAR LINEAR LINEAR LINEAR LINEAR LINEAR LINEAR LINEAR LINEAR LINEAR LINEAR LINEAR LINEAR LINEAR LINEAR LINEAR LINEAR LINEAR LINEAR LINEAR LINEAR LINEAR LINEAR LINEAR LINEAR LINEAR LINEAR LINEAR LINEAR LINEAR LINEAR LINEAR LINEAR LINEAR LINEAR LINEAR LINEAR LINEAR LINEAR LINEAR LINEAR LINEAR LINEAR LINEAR LINEAR LINEAR LINEAR LINEAR LINEAR LINEAR LINEAR LINEAR LINEAR LINEAR LINEAR LINEAR LINEAR LINEAR LINEAR LINEAR LINEAR LINEAR LINEAR LINEAR LINEAR LINEAR LINEAR LINEAR LINEAR LINEAR LINEAR LINEAR LINEAR LINEAR LINEAR LINEAR LINEAR LINEAR LINEAR LINEAR LINEAR LINEAR LINEAR LINEAR LINEAR LINEAR LINEAR LINEAR LINEAR LINEAR LINEAR LINEAR LINEAR LINEAR </Name_array>
          <technique_common>
            <accessor count="143" source="#Right_Wing1-local-anim-interpolation-array">
              <param type="name"/>
            </accessor>
          </technique_common>
        </source>
        <source id="Right_Wing1-local-anim-outSource-local">
          <float_array count="2288" id="Right_Wing1-local-anim-outSource-local-array">1.0 0.0 0.0 3.5 0.0 1.0 0.0 1.0 0.0 0.0 1.0 -2.5 0.0 0.0 0.0 1.0 1.0 0.0 0.0 3.5 0.0 1.0 0.0 1.0 0.0 0.0 1.0 -2.5 0.0 0.0 0.0 1.0 1.0 0.0 0.0 3.5 0.0 1.0 0.0 1.0 0.0 0.0 1.0 -2.5 0.0 0.0 0.0 1.0 1.0 0.0 0.0 3.5 0.0 1.0 0.0 1.0 0.0 0.0 1.0 -2.5 0.0 0.0 0.0 1.0 1.0 0.0 0.0 3.5 0.0 1.0 0.0 1.0 0.0 0.0 1.0 -2.5 0.0 0.0 0.0 1.0 1.0 0.0 0.0 3.5 0.0 1.0 0.0 1.0 0.0 0.0 1.0 -2.5 0.0 0.0 0.0 1.0 1.0 0.0 0.0 3.5 0.0 1.0 0.0 1.0 0.0 0.0 1.0 -2.5 0.0 0.0 0.0 1.0 1.0 0.0 0.0 3.5 0.0 1.0 0.0 1.0 0.0 0.0 1.0 -2.5 0.0 0.0 0.0 1.0 1.0 0.0 0.0 3.5 0.0 1.0 0.0 1.0 0.0 0.0 1.0 -2.5 0.0 0.0 0.0 1.0 1.0 0.0 0.0 3.5 0.0 1.0 0.0 1.0 0.0 0.0 1.0 -2.5 0.0 0.0 0.0 1.0 1.0 0.0 0.0 3.5 0.0 1.0 0.0 1.0 0.0 0.0 1.0 -2.5 0.0 0.0 0.0 1.0 1.0 0.0 0.0 3.5 0.0 1.0 0.0 1.0 0.0 0.0 1.0 -2.5 0.0 0.0 0.0 1.0 1.0 0.0 0.0 3.5 0.0 1.0 0.0 1.0 0.0 0.0 1.0 -2.5 0.0 0.0 0.0 1.0 1.0 0.0 0.0 3.5 0.0 1.0 0.0 1.0 0.0 0.0 1.0 -2.5 0.0 0.0 0.0 1.0 1.0 0.0 0.0 3.5 0.0 1.0 0.0 1.0 0.0 0.0 1.0 -2.5 0.0 0.0 0.0 1.0 1.0 0.0 0.0 3.5 0.0 1.0 0.0 1.0 0.0 0.0 1.0 -2.5 0.0 0.0 0.0 1.0 1.0 0.0 0.0 3.5 0.0 1.0 0.0 1.0 0.0 0.0 1.0 -2.5 0.0 0.0 0.0 1.0 1.0 0.0 0.0 3.5 0.0 1.0 0.0 1.0 0.0 0.0 1.0 -2.5 0.0 0.0 0.0 1.0 1.0 0.0 0.0 3.5 0.0 1.0 0.0 1.0 0.0 0.0 1.0 -2.5 0.0 0.0 0.0 1.0 1.0 0.0 0.0 3.5 0.0 1.0 0.0 1.0 0.0 0.0 1.0 -2.5 0.0 0.0 0.0 1.0 1.0 0.0 0.0 3.5 0.0 1.0 0.0 1.0 0.0 0.0 1.0 -2.5 0.0 0.0 0.0 1.0 1.0 0.0 0.0 3.5 0.0 1.0 0.0 1.0 0.0 0.0 1.0 -2.5 0.0 0.0 0.0 1.0 1.0 0.0 0.0 3.5 0.0 1.0 0.0 1.0 0.0 0.0 1.0 -2.5 0.0 0.0 0.0 1.0 1.0 0.0 0.0 3.5 0.0 1.0 0.0 1.0 0.0 0.0 1.0 -2.5 0.0 0.0 0.0 1.0 1.0 0.0 0.0 3.5 0.0 1.0 0.0 1.0 0.0 0.0 1.0 -2.5 0.0 0.0 0.0 1.0 1.0 0.0 0.0 3.5 0.0 1.0 0.0 1.0 0.0 0.0 1.0 -2.5 0.0 0.0 0.0 1.0 1.0 0.0 0.0 3.5 0.0 1.0 0.0 1.0 0.0 0.0 1.0 -2.5 0.0 0.0 0.0 1.0 1.0 0.0 0.0 3.5 0.0 1.0 0.0 1.0 0.0 0.0 1.0 -2.5 0.0 0.0 0.0 1.0 1.0 0.0 0.0 3.5 0.0 1.0 0.0 1.0 0.0 0.0 1.0 -2.5 0.0 0.0 0.0 1.0 1.0 0.0 0.0 3.5 0.0 1.0 0.0 1.0 0.0 0.0 1.0 -2.5 0.0 0.0 0.0 1.0 1.0 0.0 0.0 3.5 0.0 1.0 0.0 1.0 0.0 0.0 1.0 -2.5 0.0 0.0 0.0 1.0 1.0 0.0 0.0 3.5 0.0 1.0 0.0 1.0 0.0 0.0 1.0 -2.5 0.0 0.0 0.0 1.0 1.0 0.0 0.0 3.5 0.0 1.0 0.0 1.0 0.0 0.0 1.0 -2.5 0.0 0.0 0.0 1.0 1.0 0.0 0.0 3.5 0.0 1.0 0.0 1.0 0.0 0.0 1.0 -2.5 0.0 0.0 0.0 1.0 1.0 0.0 0.0 3.5 0.0 1.0 0.0 1.0 0.0 0.0 1.0 -2.5 0.0 0.0 0.0 1.0 1.0 0.0 0.0 3.5 0.0 1.0 0.0 1.0 0.0 0.0 1.0 -2.5 0.0 0.0 0.0 1.0 1.0 0.0 0.0 3.5 0.0 1.0 0.0 1.0 0.0 0.0 1.0 -2.5 0.0 0.0 0.0 1.0 1.0 0.0 0.0 3.5 0.0 1.0 0.0 1.0 0.0 0.0 1.0 -2.5 0.0 0.0 0.0 1.0 1.0 0.0 0.0 3.5 0.0 1.0 0.0 1.0 0.0 0.0 1.0 -2.5 0.0 0.0 0.0 1.0 1.0 0.0 0.0 3.5 0.0 1.0 0.0 1.0 0.0 0.0 1.0 -2.5 0.0 0.0 0.0 1.0 1.0 0.0 0.0 3.5 0.0 1.0 0.0 1.0 0.0 0.0 1.0 -2.5 0.0 0.0 0.0 1.0 1.0 0.0 0.0 3.5 0.0 1.0 0.0 1.0 0.0 0.0 1.0 -2.5 0.0 0.0 0.0 1.0 1.0 0.0 0.0 3.5 0.0 1.0 0.0 1.0 0.0 0.0 1.0 -2.5 0.0 0.0 0.0 1.0 1.0 0.0 0.0 3.5 0.0 1.0 0.0 1.0 0.0 0.0 1.0 -2.5 0.0 0.0 0.0 1.0 1.0 0.0 0.0 3.5 0.0 1.0 0.0 1.0 0.0 0.0 1.0 -2.5 0.0 0.0 0.0 1.0 1.0 0.0 0.0 3.5 0.0 1.0 0.0 1.0 0.0 0.0 1.0 -2.5 0.0 0.0 0.0 1.0 1.0 0.0 0.0 3.5 0.0 1.0 0.0 1.0 0.0 0.0 1.0 -2.5 0.0 0.0 0.0 1.0 1.0 0.0 0.0 3.5 0.0 1.0 0.0 1.0 0.0 0.0 1.0 -2.5 0.0 0.0 0.0 1.0 1.0 0.0 0.0 3.5 0.0 1.0 0.0 1.0 0.0 0.0 1.0 -2.5 0.0 0.0 0.0 1.0 1.0 0.0 0.0 3.5 0.0 1.0 0.0 1.0 0.0 0.0 1.0 -2.5 0.0 0.0 0.0 1.0 1.0 0.0 0.0 3.5 0.0 1.0 0.0 1.0 0.0 0.0 1.0 -2.5 0.0 0.0 0.0 1.0 1.0 0.0 0.0 3.5 0.0 1.0 0.0 1.0 0.0 0.0 1.0 -2.5 0.0 0.0 0.0 1.0 1.0 0.0 0.0 3.5 0.0 1.0 0.0 1.0 0.0 0.0 1.0 -2.5 0.0 0.0 0.0 1.0 1.0 0.0 0.0 3.5 0.0 1.0 0.0 1.0 0.0 0.0 1.0 -2.5 0.0 0.0 0.0 1.0 1.0 0.0 0.0 3.5 0.0 1.0 0.0 1.0 0.0 0.0 1.0 -2.5 0.0 0.0 0.0 1.0 1.0 0.0 0.0 3.5 0.0 1.0 0.0 1.0 0.0 0.0 1.0 -2.5 0.0 0.0 0.0 1.0 1.0 0.0 0.0 3.5 0.0 1.0 0.0 1.0 0.0 0.0 1.0 -2.5 0.0 0.0 0.0 1.0 1.0 0.0 0.0 3.5 0.0 1.0 0.0 1.0 0.0 0.0 1.0 -2.5 0.0 0.0 0.0 1.0 1.0 0.0 0.0 3.5 0.0 1.0 0.0 1.0 0.0 0.0 1.0 -2.5 0.0 0.0 0.0 1.0 1.0 0.0 0.0 3.5 0.0 1.0 0.0 1.0 0.0 0.0 1.0 -2.5 0.0 0.0 0.0 1.0 1.0 0.0 0.0 3.5 0.0 1.0 0.0 1.0 0.0 0.0 1.0 -2.5 0.0 0.0 0.0 1.0 1.0 0.0 0.0 3.5 0.0 1.0 0.0 1.0 0.0 0.0 1.0 -2.5 0.0 0.0 0.0 1.0 1.0 0.0 0.0 3.5 0.0 1.0 0.0 1.0 0.0 0.0 1.0 -2.5 0.0 0.0 0.0 1.0 1.0 0.0 0.0 3.5 0.0 1.0 0.0 1.0 0.0 0.0 1.0 -2.5 0.0 0.0 0.0 1.0 1.0 0.0 0.0 3.5 0.0 1.0 0.0 1.0 0.0 0.0 1.0 -2.5 0.0 0.0 0.0 1.0 1.0 0.0 0.0 3.5 0.0 1.0 0.0 1.0 0.0 0.0 1.0 -2.5 0.0 0.0 0.0 1.0 1.0 0.0 0.0 3.5 0.0 1.0 0.0 1.0 0.0 0.0 1.0 -2.5 0.0 0.0 0.0 1.0 1.0 0.0 0.0 3.5 0.0 1.0 0.0 1.0 0.0 0.0 1.0 -2.5 0.0 0.0 0.0 1.0 1.0 0.0 0.0 3.5 0.0 1.0 0.0 1.0 0.0 0.0 1.0 -2.5 0.0 0.0 0.0 1.0 1.0 0.0 0.0 3.5 0.0 1.0 0.0 1.0 0.0 0.0 1.0 -2.5 0.0 0.0 0.0 1.0 1.0 0.0 0.0 3.5 0.0 1.0 0.0 1.0 0.0 0.0 1.0 -2.5 0.0 0.0 0.0 1.0 1.0 0.0 0.0 3.5 0.0 1.0 0.0 1.0 0.0 0.0 1.0 -2.5 0.0 0.0 0.0 1.0 1.0 0.0 0.0 3.5 0.0 1.0 0.0 1.0 0.0 0.0 1.0 -2.5 0.0 0.0 0.0 1.0 1.0 0.0 0.0 3.5 0.0 1.0 0.0 1.0 0.0 0.0 1.0 -2.5 0.0 0.0 0.0 1.0 1.0 0.0 0.0 3.5 0.0 1.0 0.0 1.0 0.0 0.0 1.0 -2.5 0.0 0.0 0.0 1.0 1.0 0.0 0.0 3.5 0.0 1.0 0.0 1.0 0.0 0.0 1.0 -2.5 0.0 0.0 0.0 1.0 1.0 0.0 0.0 3.5 0.0 1.0 0.0 1.0 0.0 0.0 1.0 -2.5 0.0 0.0 0.0 1.0 1.0 0.0 0.0 3.5 0.0 1.0 0.0 1.0 0.0 0.0 1.0 -2.5 0.0 0.0 0.0 1.0 1.0 0.0 0.0 3.5 0.0 1.0 0.0 1.0 0.0 0.0 1.0 -2.5 0.0 0.0 0.0 1.0 1.0 0.0 0.0 3.5 0.0 1.0 0.0 1.0 0.0 0.0 1.0 -2.5 0.0 0.0 0.0 1.0 1.0 0.0 0.0 3.5 0.0 1.0 0.0 1.0 0.0 0.0 1.0 -2.5 0.0 0.0 0.0 1.0 1.0 0.0 0.0 3.5 0.0 1.0 0.0 1.0 0.0 0.0 1.0 -2.5 0.0 0.0 0.0 1.0 1.0 0.0 0.0 3.5 0.0 1.0 0.0 1.0 0.0 0.0 1.0 -2.5 0.0 0.0 0.0 1.0 1.0 0.0 0.0 3.5 0.0 1.0 0.0 1.0 0.0 0.0 1.0 -2.5 0.0 0.0 0.0 1.0 1.0 0.0 0.0 3.5 0.0 1.0 0.0 1.0 0.0 0.0 1.0 -2.5 0.0 0.0 0.0 1.0 1.0 0.0 0.0 3.5 0.0 1.0 0.0 1.0 0.0 0.0 1.0 -2.5 0.0 0.0 0.0 1.0 1.0 0.0 0.0 3.5 0.0 1.0 0.0 1.0 0.0 0.0 1.0 -2.5 0.0 0.0 0.0 1.0 1.0 0.0 0.0 3.5 0.0 1.0 0.0 1.0 0.0 0.0 1.0 -2.5 0.0 0.0 0.0 1.0 1.0 0.0 0.0 3.5 0.0 1.0 0.0 1.0 0.0 0.0 1.0 -2.5 0.0 0.0 0.0 1.0 1.0 0.0 0.0 3.5 0.0 1.0 0.0 1.0 0.0 0.0 1.0 -2.5 0.0 0.0 0.0 1.0 1.0 0.0 0.0 3.5 0.0 1.0 0.0 1.0 0.0 0.0 1.0 -2.5 0.0 0.0 0.0 1.0 1.0 0.0 0.0 3.5 0.0 1.0 0.0 1.0 0.0 0.0 1.0 -2.5 0.0 0.0 0.0 1.0 1.0 0.0 0.0 3.5 0.0 1.0 0.0 1.0 0.0 0.0 1.0 -2.5 0.0 0.0 0.0 1.0 1.0 0.0 0.0 3.5 0.0 1.0 0.0 1.0 0.0 0.0 1.0 -2.5 0.0 0.0 0.0 1.0 1.0 0.0 0.0 3.5 0.0 1.0 0.0 1.0 0.0 0.0 1.0 -2.5 0.0 0.0 0.0 1.0 1.0 0.0 0.0 3.5 0.0 1.0 0.0 1.0 0.0 0.0 1.0 -2.5 0.0 0.0 0.0 1.0 1.0 0.0 0.0 3.5 0.0 1.0 0.0 1.0 0.0 0.0 1.0 -2.5 0.0 0.0 0.0 1.0 1.0 0.0 0.0 3.5 0.0 1.0 0.0 1.0 0.0 0.0 1.0 -2.5 0.0 0.0 0.0 1.0 1.0 0.0 0.0 3.5 0.0 1.0 0.0 1.0 0.0 0.0 1.0 -2.5 0.0 0.0 0.0 1.0 1.0 0.0 0.0 3.5 0.0 1.0 0.0 1.0 0.0 0.0 1.0 -2.5 0.0 0.0 0.0 1.0 1.0 0.0 0.0 3.5 0.0 1.0 0.0 1.0 0.0 0.0 1.0 -2.5 0.0 0.0 0.0 1.0 1.0 0.0 0.0 3.5 0.0 1.0 0.0 1.0 0.0 0.0 1.0 -2.5 0.0 0.0 0.0 1.0 1.0 0.0 0.0 3.5 0.0 1.0 0.0 1.0 0.0 0.0 1.0 -2.5 0.0 0.0 0.0 1.0 1.0 0.0 0.0 3.5 0.0 1.0 0.0 1.0 0.0 0.0 1.0 -2.5 0.0 0.0 0.0 1.0 1.0 0.0 0.0 3.5 0.0 1.0 0.0 1.0 0.0 0.0 1.0 -2.5 0.0 0.0 0.0 1.0 1.0 0.0 0.0 3.5 0.0 1.0 0.0 1.0 0.0 0.0 1.0 -2.5 0.0 0.0 0.0 1.0 1.0 0.0 0.0 3.5 0.0 1.0 0.0 1.0 0.0 0.0 1.0 -2.5 0.0 0.0 0.0 1.0 1.0 0.0 0.0 3.5 0.0 1.0 0.0 1.0 0.0 0.0 1.0 -2.5 0.0 0.0 0.0 1.0 1.0 0.0 0.0 3.5 0.0 1.0 0.0 1.0 0.0 0.0 1.0 -2.5 0.0 0.0 0.0 1.0 1.0 0.0 0.0 3.5 0.0 1.0 0.0 1.0 0.0 0.0 1.0 -2.5 0.0 0.0 0.0 1.0 1.0 0.0 0.0 3.5 0.0 1.0 0.0 1.0 0.0 0.0 1.0 -2.5 0.0 0.0 0.0 1.0 1.0 0.0 0.0 3.5 0.0 1.0 0.0 1.0 0.0 0.0 1.0 -2.5 0.0 0.0 0.0 1.0 1.0 0.0 0.0 3.5 0.0 1.0 0.0 1.0 0.0 0.0 1.0 -2.5 0.0 0.0 0.0 1.0 1.0 0.0 0.0 3.5 0.0 1.0 0.0 1.0 0.0 0.0 1.0 -2.5 0.0 0.0 0.0 1.0 1.0 0.0 0.0 3.5 0.0 1.0 0.0 1.0 0.0 0.0 1.0 -2.5 0.0 0.0 0.0 1.0 1.0 0.0 0.0 3.5 0.0 1.0 0.0 1.0 0.0 0.0 1.0 -2.5 0.0 0.0 0.0 1.0 1.0 0.0 0.0 3.5 0.0 1.0 0.0 1.0 0.0 0.0 1.0 -2.5 0.0 0.0 0.0 1.0 1.0 0.0 0.0 3.5 0.0 1.0 0.0 1.0 0.0 0.0 1.0 -2.5 0.0 0.0 0.0 1.0 1.0 0.0 0.0 3.5 0.0 1.0 0.0 1.0 0.0 0.0 1.0 -2.5 0.0 0.0 0.0 1.0 1.0 0.0 0.0 3.5 0.0 1.0 0.0 1.0 0.0 0.0 1.0 -2.5 0.0 0.0 0.0 1.0 1.0 0.0 0.0 3.5 0.0 1.0 0.0 1.0 0.0 0.0 1.0 -2.5 0.0 0.0 0.0 1.0 1.0 0.0 0.0 3.5 0.0 1.0 0.0 1.0 0.0 0.0 1.0 -2.5 0.0 0.0 0.0 1.0 1.0 0.0 0.0 3.5 0.0 1.0 0.0 1.0 0.0 0.0 1.0 -2.5 0.0 0.0 0.0 1.0 1.0 0.0 0.0 3.5 0.0 1.0 0.0 1.0 0.0 0.0 1.0 -2.5 0.0 0.0 0.0 1.0 1.0 0.0 0.0 3.5 0.0 1.0 0.0 1.0 0.0 0.0 1.0 -2.5 0.0 0.0 0.0 1.0 1.0 0.0 0.0 3.5 0.0 1.0 0.0 1.0 0.0 0.0 1.0 -2.5 0.0 0.0 0.0 1.0 1.0 0.0 0.0 3.5 0.0 1.0 0.0 1.0 0.0 0.0 1.0 -2.5 0.0 0.0 0.0 1.0 1.0 0.0 0.0 3.5 0.0 1.0 0.0 1.0 0.0 0.0 1.0 -2.5 0.0 0.0 0.0 1.0 1.0 0.0 0.0 3.5 0.0 1.0 0.0 1.0 0.0 0.0 1.0 -2.5 0.0 0.0 0.0 1.0 1.0 0.0 0.0 3.5 0.0 1.0 0.0 1.0 0.0 0.0 1.0 -2.5 0.0 0.0 0.0 1.0 1.0 0.0 0.0 3.5 0.0 1.0 0.0 1.0 0.0 0.0 1.0 -2.5 0.0 0.0 0.0 1.0 1.0 0.0 0.0 3.5 0.0 1.0 0.0 1.0 0.0 0.0 1.0 -2.5 0.0 0.0 0.0 1.0 1.0 0.0 0.0 3.5 0.0 1.0 0.0 1.0 0.0 0.0 1.0 -2.5 0.0 0.0 0.0 1.0 1.0 0.0 0.0 3.5 0.0 1.0 0.0 1.0 0.0 0.0 1.0 -2.5 0.0 0.0 0.0 1.0 1.0 0.0 0.0 3.5 0.0 1.0 0.0 1.0 0.0 0.0 1.0 -2.5 0.0 0.0 0.0 1.0 1.0 0.0 0.0 3.5 0.0 1.0 0.0 1.0 0.0 0.0 1.0 -2.5 0.0 0.0 0.0 1.0 1.0 0.0 0.0 3.5 0.0 1.0 0.0 1.0 0.0 0.0 1.0 -2.5 0.0 0.0 0.0 1.0 1.0 0.0 0.0 3.5 0.0 1.0 0.0 1.0 0.0 0.0 1.0 -2.5 0.0 0.0 0.0 1.0 1.0 0.0 0.0 3.5 0.0 1.0 0.0 1.0 0.0 0.0 1.0 -2.5 0.0 0.0 0.0 1.0 1.0 0.0 0.0 3.5 0.0 1.0 0.0 1.0 0.0 0.0 1.0 -2.5 0.0 0.0 0.0 1.0 1.0 0.0 0.0 3.5 0.0 1.0 0.0 1.0 0.0 0.0 1.0 -2.5 0.0 0.0 0.0 1.0 1.0 0.0 0.0 3.5 0.0 1.0 0.0 1.0 0.0 0.0 1.0 -2.5 0.0 0.0 0.0 1.0 1.0 0.0 0.0 3.5 0.0 1.0 0.0 1.0 0.0 0.0 1.0 -2.5 0.0 0.0 0.0 1.0 </float_array>
          <technique_common>
            <accessor count="143" source="#Right_Wing1-local-anim-outSource-local-array" stride="16">
              <param type="float4x4"/>
            </accessor>
          </technique_common>
        </source>
        <sampler id="Right_Wing1-local-anim-localSampler">
          <input semantic="INPUT" source="#Right_Wing1-local-anim-inSource-TIME"/>
          <input semantic="OUTPUT" source="#Right_Wing1-local-anim-outSource-local"/>
          <input semantic="INTERPOLATION" source="#Right_Wing1-local-anim-interpolation"/>
        </sampler>
        <channel source="#Right_Wing1-local-anim-localSampler" target="Right_Wing1-local/matrix"/>
      </animation>
    </animation>
    <animation id="Right_Wing2-global-anim" name="Right_Wing2-global-anim">
      <animation>
        <source id="Right_Wing2-global-anim-inSource-TIME">
          <float_array count="143" id="Right_Wing2-global-anim-inSource-TIME-array">0.0 0.041666668 0.083333336 0.125 0.16666667 0.20833333 0.25 0.29166666 0.33333334 0.375 0.41666666 0.45833334 0.5 0.5416667 0.5833333 0.625 0.6666667 0.7083333 0.75 0.7916667 0.8333333 0.875 0.9166667 0.9583333 1.0 1.0416666 1.0833334 1.125 1.1666666 1.2083334 1.25 1.2916666 1.3333334 1.375 1.4166666 1.4583334 1.5 1.5416666 1.5833334 1.625 1.6666666 1.7083334 1.75 1.7916666 1.8333334 1.875 1.9166666 1.9583334 2.0 2.0416667 2.0833333 2.125 2.1666667 2.2083333 2.25 2.2916667 2.3333333 2.375 2.4166667 2.4583333 2.5 2.5416667 2.5833333 2.625 2.6666667 2.7083333 2.75 2.7916667 2.8333333 2.875 2.9166667 2.9583333 3.0 3.0416667 3.0833333 3.125 3.1666667 3.2083333 3.25 3.2916667 3.3333333 3.375 3.4166667 3.4583333 3.5 3.5416667 3.5833333 3.625 3.6666667 3.7083333 3.75 3.7916667 3.8333333 3.875 3.9166667 3.9583333 4.0 4.0416665 4.0833335 4.125 4.1666665 4.2083335 4.25 4.2916665 4.3333335 4.375 4.4166665 4.4583335 4.5 4.5416665 4.5833335 4.625 4.6666665 4.7083335 4.75 4.7916665 4.8333335 4.875 4.9166665 4.9583335 5.0 5.0416665 5.0833335 5.125 5.1666665 5.2083335 5.25 5.2916665 5.3333335 5.375 5.4166665 5.4583335 5.5 5.5416665 5.5833335 5.625 5.6666665 5.7083335 5.75 5.7916665 5.8333335 5.875 5.9166665 </float_array>
          <technique_common>
            <accessor count="143" source="#Right_Wing2-global-anim-inSource-TIME-array">
              <param name="TIME" type="float"/>
            </accessor>
          </technique_common>
        </source>
        <source id="Right_Wing2-global-anim-interpolation">
          <Name_array count="143" id="Right_Wing2-global-anim-interpolation-array">LINEAR LINEAR LINEAR LINEAR LINEAR LINEAR LINEAR LINEAR LINEAR LINEAR LINEAR LINEAR LINEAR LINEAR LINEAR LINEAR LINEAR LINEAR LINEAR LINEAR LINEAR LINEAR LINEAR LINEAR LINEAR LINEAR LINEAR LINEAR LINEAR LINEAR LINEAR LINEAR LINEAR LINEAR LINEAR LINEAR LINEAR LINEAR LINEAR LINEAR LINEAR LINEAR LINEAR LINEAR LINEAR LINEAR LINEAR LINEAR LINEAR LINEAR LINEAR LINEAR LINEAR LINEAR LINEAR LINEAR LINEAR LINEAR LINEAR LINEAR LINEAR LINEAR LINEAR LINEAR LINEAR LINEAR LINEAR LINEAR LINEAR LINEAR LINEAR LINEAR LINEAR LINEAR LINEAR LINEAR LINEAR LINEAR LINEAR LINEAR LINEAR LINEAR LINEAR LINEAR LINEAR LINEAR LINEAR LINEAR LINEAR LINEAR LINEAR LINEAR LINEAR LINEAR LINEAR LINEAR LINEAR LINEAR LINEAR LINEAR LINEAR LINEAR LINEAR LINEAR LINEAR LINEAR LINEAR LINEAR LINEAR LINEAR LINEAR LINEAR LINEAR LINEAR LINEAR LINEAR LINEAR LINEAR LINEAR LINEAR LINEAR LINEAR LINEAR LINEAR LINEAR LINEAR LINEAR LINEAR LINEAR LINEAR LINEAR LINEAR LINEAR LINEAR LINEAR LINEAR LINEAR LINEAR LINEAR LINEAR LINEAR LINEAR LINEAR </Name_array>
          <technique_common>
            <accessor count="143" source="#Right_Wing2-global-anim-interpolation-array">
              <param type="name"/>
            </accessor>
          </technique_common>
        </source>
        <source id="Right_Wing2-global-anim-outSource-global">
          <float_array count="2288" id="Right_Wing2-global-anim-outSource-global-array">0.17364821 -0.08583196 0.9810603 7.9999986 0.0 0.9961947 0.08715606 0.99999905 -0.9848078 -0.015134487 0.17298737 0.99999976 0.0 0.0 0.0 1.0 0.17364827 -0.085831955 0.98106027 7.9999986 3.7252903E-9 0.9961947 0.08715606 0.99999905 -0.9848077 -0.015134491 0.17298743 0.99999976 0.0 0.0 0.0 1.0 0.17364827 -0.08583197 0.98106045 7.9999986 3.7252903E-9 0.99619484 0.087156065 0.99999905 -0.9848079 -0.015134491 0.17298743 0.99999976 0.0 0.0 0.0 1.0 0.17364821 -0.08583196 0.9810603 7.9999986 0.0 0.9961947 0.08715606 0.99999905 -0.9848078 -0.015134487 0.17298737 0.99999976 0.0 0.0 0.0 1.0 0.17364821 -0.08583196 0.9810603 7.9999986 0.0 0.9961947 0.08715606 0.99999905 -0.9848078 -0.015134487 0.17298737 0.99999976 0.0 0.0 0.0 1.0 0.17364821 -0.08583197 0.9810603 7.9999986 3.7252903E-9 0.9961947 0.08715606 0.99999905 -0.9848078 -0.015134487 0.17298737 0.99999976 0.0 0.0 0.0 1.0 0.17364821 -0.08583196 0.9810603 7.9999986 0.0 0.9961947 0.08715606 0.99999905 -0.9848078 -0.015134487 0.17298737 0.99999976 0.0 0.0 0.0 1.0 0.17364821 -0.08583196 0.9810603 7.9999986 0.0 0.9961947 0.08715606 0.99999905 -0.9848078 -0.015134487 0.17298737 0.99999976 0.0 0.0 0.0 1.0 0.17364821 -0.085831955 0.9810603 7.9999986 -3.7252903E-9 0.9961947 0.08715606 0.99999905 -0.9848078 -0.015134491 0.17298737 0.99999976 0.0 0.0 0.0 1.0 0.17364821 -0.08583196 0.9810603 7.9999986 0.0 0.9961947 0.08715606 0.99999905 -0.9848078 -0.015134487 0.17298737 0.99999976 0.0 0.0 0.0 1.0 0.17364818 -0.08583198 0.9810605 7.9999986 -7.4505806E-9 0.9961949 0.08715607 0.99999905 -0.98480797 -0.015134491 0.17298734 0.99999976 0.0 0.0 0.0 1.0 0.17364827 -0.08583198 0.98106045 7.9999986 7.4505806E-9 0.99619484 0.08715607 0.99999905 -0.9848079 -0.015134491 0.17298743 0.99999976 0.0 0.0 0.0 1.0 0.17364821 -0.08583196 0.9810603 7.9999986 0.0 0.9961947 0.08715606 0.99999905 -0.9848078 -0.015134487 0.17298737 0.99999976 0.0 0.0 0.0 1.0 0.17364821 -0.08583196 0.9810603 7.9999986 0.0 0.9961947 0.08715606 0.99999905 -0.9848078 -0.015134487 0.17298737 0.99999976 0.0 0.0 0.0 1.0 0.17364821 -0.08583196 0.9810603 7.9999986 0.0 0.9961947 0.08715606 0.99999905 -0.9848078 -0.015134487 0.17298737 0.99999976 0.0 0.0 0.0 1.0 0.17364821 -0.08583196 0.9810603 7.9999986 0.0 0.9961947 0.08715606 0.99999905 -0.9848078 -0.015134487 0.17298737 0.99999976 0.0 0.0 0.0 1.0 0.17364827 -0.08583197 0.98106045 7.9999986 3.7252903E-9 0.99619484 0.087156065 0.99999905 -0.9848079 -0.015134491 0.17298743 0.99999976 0.0 0.0 0.0 1.0 0.17364821 -0.08583196 0.9810603 7.9999986 0.0 0.9961947 0.08715606 0.99999905 -0.9848078 -0.015134487 0.17298737 0.99999976 0.0 0.0 0.0 1.0 0.17364821 -0.08583196 0.9810603 7.9999986 0.0 0.9961947 0.08715606 0.99999905 -0.9848078 -0.015134487 0.17298737 0.99999976 0.0 0.0 0.0 1.0 0.17364821 -0.08583196 0.9810603 7.9999986 0.0 0.9961947 0.08715606 0.99999905 -0.9848078 -0.015134487 0.17298737 0.99999976 0.0 0.0 0.0 1.0 0.17364821 -0.08583196 0.9810603 7.9999986 0.0 0.9961947 0.08715606 0.99999905 -0.9848078 -0.015134487 0.17298737 0.99999976 0.0 0.0 0.0 1.0 0.17364821 -0.08583196 0.9810603 7.9999986 0.0 0.9961947 0.08715606 0.99999905 -0.9848078 -0.015134487 0.17298737 0.99999976 0.0 0.0 0.0 1.0 0.17364821 -0.08583196 0.9810603 7.9999986 0.0 0.9961947 0.08715606 0.99999905 -0.9848078 -0.015134487 0.17298737 0.99999976 0.0 0.0 0.0 1.0 0.17364821 -0.08583196 0.9810603 7.9999986 0.0 0.9961947 0.08715606 0.99999905 -0.9848078 -0.015134487 0.17298737 0.99999976 0.0 0.0 0.0 1.0 0.17364821 -0.08583196 0.9810603 7.9999986 0.0 0.9961947 0.08715606 0.99999905 -0.9848078 -0.015134487 0.17298737 0.99999976 0.0 0.0 0.0 1.0 0.17364821 -0.08583196 0.9810603 7.9999986 0.0 0.9961947 0.08715606 0.99999905 -0.9848078 -0.015134487 0.17298737 0.99999976 0.0 0.0 0.0 1.0 0.17364827 -0.085831955 0.98106027 7.9999986 3.7252903E-9 0.9961947 0.08715606 0.99999905 -0.9848077 -0.015134491 0.17298743 0.99999976 0.0 0.0 0.0 1.0 0.17364821 -0.08583196 0.9810603 7.9999986 0.0 0.9961947 0.08715606 0.99999905 -0.9848078 -0.015134487 0.17298737 0.99999976 0.0 0.0 0.0 1.0 0.17364827 -0.08583197 0.98106045 7.9999986 3.7252903E-9 0.99619484 0.087156065 0.99999905 -0.9848079 -0.015134491 0.17298743 0.99999976 0.0 0.0 0.0 1.0 0.17364809 -0.085831955 0.98106027 7.9999986 -7.4505806E-9 0.9961946 0.08715606 0.99999905 -0.9848077 -0.015134487 0.17298725 0.99999976 0.0 0.0 0.0 1.0 0.17364821 -0.08583196 0.9810603 7.9999986 0.0 0.9961947 0.08715606 0.99999905 -0.9848078 -0.015134487 0.17298737 0.99999976 0.0 0.0 0.0 1.0 0.17364827 -0.08583197 0.98106045 7.9999986 3.7252903E-9 0.99619484 0.087156065 0.99999905 -0.9848079 -0.015134491 0.17298743 0.99999976 0.0 0.0 0.0 1.0 0.17364821 -0.08583196 0.9810603 7.9999986 0.0 0.9961947 0.08715606 0.99999905 -0.9848078 -0.015134487 0.17298737 0.99999976 0.0 0.0 0.0 1.0 0.17364827 -0.085831955 0.98106027 7.9999986 3.7252903E-9 0.9961947 0.08715606 0.99999905 -0.9848077 -0.015134491 0.17298743 0.99999976 0.0 0.0 0.0 1.0 0.17364821 -0.08583197 0.9810603 7.9999986 3.7252903E-9 0.9961947 0.08715606 0.99999905 -0.9848078 -0.015134487 0.17298737 0.99999976 0.0 0.0 0.0 1.0 0.17364821 -0.08583196 0.9810603 7.9999986 0.0 0.9961947 0.08715606 0.99999905 -0.9848078 -0.015134487 0.17298737 0.99999976 0.0 0.0 0.0 1.0 0.17364821 -0.08583196 0.9810603 7.9999986 0.0 0.9961947 0.08715606 0.99999905 -0.9848078 -0.015134487 0.17298737 0.99999976 0.0 0.0 0.0 1.0 0.17364827 -0.08583198 0.98106045 7.9999986 7.4505806E-9 0.99619484 0.08715607 0.99999905 -0.9848079 -0.015134491 0.17298743 0.99999976 0.0 0.0 0.0 1.0 0.17364821 -0.08583196 0.9810603 7.9999986 0.0 0.9961947 0.08715606 0.99999905 -0.9848078 -0.015134487 0.17298737 0.99999976 0.0 0.0 0.0 1.0 0.17364809 -0.085831955 0.98106027 7.9999986 -3.7252903E-9 0.9961946 0.08715606 0.99999905 -0.9848077 -0.015134484 0.17298725 0.99999976 0.0 0.0 0.0 1.0 0.17364821 -0.085831955 0.9810603 7.9999986 -3.7252903E-9 0.9961947 0.08715606 0.99999905 -0.9848078 -0.015134491 0.17298737 0.99999976 0.0 0.0 0.0 1.0 0.17364821 -0.08583196 0.9810603 7.9999986 0.0 0.9961947 0.08715606 0.99999905 -0.9848078 -0.015134487 0.17298737 0.99999976 0.0 0.0 0.0 1.0 0.17364821 -0.08583196 0.9810603 7.9999986 0.0 0.9961947 0.08715606 0.99999905 -0.9848078 -0.015134487 0.17298737 0.99999976 0.0 0.0 0.0 1.0 0.17364827 -0.08583198 0.98106045 7.9999986 7.4505806E-9 0.99619484 0.08715607 0.99999905 -0.9848079 -0.015134491 0.17298743 0.99999976 0.0 0.0 0.0 1.0 0.17364818 -0.08583198 0.9810605 7.9999986 -7.4505806E-9 0.9961949 0.08715607 0.99999905 -0.98480797 -0.015134491 0.17298734 0.99999976 0.0 0.0 0.0 1.0 0.17364821 -0.08583196 0.9810603 7.9999986 0.0 0.9961947 0.08715606 0.99999905 -0.9848078 -0.015134487 0.17298737 0.99999976 0.0 0.0 0.0 1.0 0.17364827 -0.08583198 0.98106045 7.9999986 7.4505806E-9 0.99619484 0.08715607 0.99999905 -0.9848079 -0.015134491 0.17298743 0.99999976 0.0 0.0 0.0 1.0 0.17364827 -0.08583197 0.98106045 7.9999986 0.0 0.99619484 0.08715607 0.99999905 -0.9848079 -0.015134495 0.17298743 0.99999976 0.0 0.0 0.0 1.0 0.17364821 -0.08583196 0.9810603 7.9999986 0.0 0.9961947 0.08715606 0.99999905 -0.9848078 -0.015134487 0.17298737 0.99999976 0.0 0.0 0.0 1.0 0.17364821 -0.08583196 0.9810603 7.9999986 0.0 0.9961947 0.08715606 0.99999905 -0.9848078 -0.015134487 0.17298737 0.99999976 0.0 0.0 0.0 1.0 0.17364821 -0.08583196 0.9810603 7.9999986 0.0 0.9961947 0.08715606 0.99999905 -0.9848078 -0.015134487 0.17298737 0.99999976 0.0 0.0 0.0 1.0 0.17364821 -0.08583196 0.9810603 7.9999986 0.0 0.9961947 0.08715606 0.99999905 -0.9848078 -0.015134487 0.17298737 0.99999976 0.0 0.0 0.0 1.0 0.17364821 -0.08583196 0.9810603 7.9999986 0.0 0.9961947 0.08715606 0.99999905 -0.9848078 -0.015134487 0.17298737 0.99999976 0.0 0.0 0.0 1.0 0.17364821 -0.08583196 0.9810603 7.9999986 0.0 0.9961947 0.08715606 0.99999905 -0.9848078 -0.015134487 0.17298737 0.99999976 0.0 0.0 0.0 1.0 0.17364821 -0.08583196 0.9810603 7.9999986 0.0 0.9961947 0.08715606 0.99999905 -0.9848078 -0.015134487 0.17298737 0.99999976 0.0 0.0 0.0 1.0 0.17364821 -0.08583196 0.9810603 7.9999986 0.0 0.9961947 0.08715606 0.99999905 -0.9848078 -0.015134487 0.17298737 0.99999976 0.0 0.0 0.0 1.0 0.17364827 -0.08583197 0.98106045 7.9999986 3.7252903E-9 0.99619484 0.087156065 0.99999905 -0.9848079 -0.015134491 0.17298743 0.99999976 0.0 0.0 0.0 1.0 0.17364809 -0.085831955 0.98106027 7.9999986 -3.7252903E-9 0.9961946 0.08715606 0.99999905 -0.9848077 -0.015134484 0.17298725 0.99999976 0.0 0.0 0.0 1.0 0.17364821 -0.08583196 0.9810603 7.9999986 0.0 0.9961947 0.08715606 0.99999905 -0.9848078 -0.015134487 0.17298737 0.99999976 0.0 0.0 0.0 1.0 0.17364821 -0.08583196 0.9810603 7.9999986 0.0 0.9961947 0.08715606 0.99999905 -0.9848078 -0.015134487 0.17298737 0.99999976 0.0 0.0 0.0 1.0 0.17364821 -0.08583196 0.9810603 7.9999986 0.0 0.9961947 0.08715606 0.99999905 -0.9848078 -0.015134487 0.17298737 0.99999976 0.0 0.0 0.0 1.0 0.17364827 -0.08583197 0.98106045 7.9999986 3.7252903E-9 0.99619484 0.087156065 0.99999905 -0.9848079 -0.015134491 0.17298743 0.99999976 0.0 0.0 0.0 1.0 0.17364821 -0.08583196 0.9810603 7.9999986 0.0 0.9961947 0.08715606 0.99999905 -0.9848078 -0.015134487 0.17298737 0.99999976 0.0 0.0 0.0 1.0 0.17364827 -0.085831955 0.98106027 7.9999986 3.7252903E-9 0.9961947 0.08715606 0.99999905 -0.9848077 -0.015134491 0.17298743 0.99999976 0.0 0.0 0.0 1.0 0.17364821 -0.08583196 0.9810603 7.9999986 0.0 0.9961947 0.08715606 0.99999905 -0.9848078 -0.015134487 0.17298737 0.99999976 0.0 0.0 0.0 1.0 0.17364827 -0.08583197 0.98106045 7.9999986 3.7252903E-9 0.99619484 0.087156065 0.99999905 -0.9848079 -0.015134491 0.17298743 0.99999976 0.0 0.0 0.0 1.0 0.17364821 -0.08583196 0.9810603 7.9999986 0.0 0.9961947 0.08715606 0.99999905 -0.9848078 -0.015134487 0.17298737 0.99999976 0.0 0.0 0.0 1.0 0.17364821 -0.08583196 0.9810603 7.9999986 0.0 0.9961947 0.08715606 0.99999905 -0.9848078 -0.015134487 0.17298737 0.99999976 0.0 0.0 0.0 1.0 0.17364821 -0.08583196 0.9810603 7.9999986 0.0 0.9961947 0.08715606 0.99999905 -0.9848078 -0.015134487 0.17298737 0.99999976 0.0 0.0 0.0 1.0 0.17364821 -0.08583196 0.9810603 7.9999986 0.0 0.9961947 0.08715606 0.99999905 -0.9848078 -0.015134487 0.17298737 0.99999976 0.0 0.0 0.0 1.0 0.17364821 -0.08583196 0.9810603 7.9999986 0.0 0.9961947 0.08715606 0.99999905 -0.9848078 -0.015134487 0.17298737 0.99999976 0.0 0.0 0.0 1.0 0.17364821 -0.08583196 0.9810603 7.9999986 0.0 0.9961947 0.08715606 0.99999905 -0.9848078 -0.015134487 0.17298737 0.99999976 0.0 0.0 0.0 1.0 0.17364821 -0.08583196 0.9810603 7.9999986 0.0 0.9961947 0.08715606 0.99999905 -0.9848078 -0.015134487 0.17298737 0.99999976 0.0 0.0 0.0 1.0 0.17364818 -0.08583197 0.9810605 7.9999986 3.7252903E-9 0.9961949 0.08715607 0.99999905 -0.98480797 -0.015134487 0.17298734 0.99999976 0.0 0.0 0.0 1.0 0.17364821 -0.085831955 0.9810603 7.9999986 3.7252903E-9 0.9961947 0.08715606 0.99999905 -0.9848078 -0.01513448 0.17298737 0.99999976 0.0 0.0 0.0 1.0 0.17364809 -0.085831955 0.98106027 7.9999986 -7.4505806E-9 0.9961946 0.08715606 0.99999905 -0.9848077 -0.015134487 0.17298725 0.99999976 0.0 0.0 0.0 1.0 0.17364821 -0.08583196 0.9810603 7.9999986 0.0 0.9961947 0.08715606 0.99999905 -0.9848078 -0.015134487 0.17298737 0.99999976 0.0 0.0 0.0 1.0 0.17364818 -0.08583197 0.9810605 7.9999986 3.7252903E-9 0.9961949 0.08715607 0.99999905 -0.98480797 -0.015134487 0.17298734 0.99999976 0.0 0.0 0.0 1.0 0.17364821 -0.08583196 0.9810603 7.9999986 0.0 0.9961947 0.08715606 0.99999905 -0.9848078 -0.015134487 0.17298737 0.99999976 0.0 0.0 0.0 1.0 0.17364821 -0.085831955 0.9810603 7.9999986 -3.7252903E-9 0.9961947 0.08715606 0.99999905 -0.9848078 -0.015134491 0.17298737 0.99999976 0.0 0.0 0.0 1.0 0.17364821 -0.08583196 0.9810603 7.9999986 0.0 0.9961947 0.08715606 0.99999905 -0.9848078 -0.015134487 0.17298737 0.99999976 0.0 0.0 0.0 1.0 0.17364827 -0.08583197 0.98106045 7.9999986 7.4505806E-9 0.99619484 0.087156065 0.99999905 -0.9848079 -0.015134491 0.17298743 0.99999976 0.0 0.0 0.0 1.0 0.17364821 -0.08583196 0.9810603 7.9999986 0.0 0.9961947 0.08715606 0.99999905 -0.9848078 -0.015134487 0.17298737 0.99999976 0.0 0.0 0.0 1.0 0.17364821 -0.085831955 0.9810603 7.9999986 -3.7252903E-9 0.9961947 0.08715606 0.99999905 -0.9848078 -0.015134491 0.17298737 0.99999976 0.0 0.0 0.0 1.0 0.17364821 -0.08583196 0.9810603 7.9999986 0.0 0.9961947 0.08715606 0.99999905 -0.9848078 -0.015134487 0.17298737 0.99999976 0.0 0.0 0.0 1.0 0.17364812 -0.08583197 0.98106045 7.9999986 -3.7252903E-9 0.99619484 0.087156065 0.99999905 -0.9848079 -0.015134484 0.17298728 0.99999976 0.0 0.0 0.0 1.0 0.17364821 -0.08583196 0.9810603 7.9999986 0.0 0.9961947 0.08715606 0.99999905 -0.9848078 -0.015134487 0.17298737 0.99999976 0.0 0.0 0.0 1.0 0.17364809 -0.085831955 0.98106027 7.9999986 -3.7252903E-9 0.9961946 0.08715606 0.99999905 -0.9848077 -0.015134484 0.17298725 0.99999976 0.0 0.0 0.0 1.0 0.17364821 -0.08583196 0.9810603 7.9999986 0.0 0.9961947 0.08715606 0.99999905 -0.9848078 -0.015134487 0.17298737 0.99999976 0.0 0.0 0.0 1.0 0.17364821 -0.08583196 0.9810603 7.9999986 0.0 0.9961947 0.08715606 0.99999905 -0.9848078 -0.015134487 0.17298737 0.99999976 0.0 0.0 0.0 1.0 0.17364821 -0.08583196 0.9810603 7.9999986 0.0 0.9961947 0.08715606 0.99999905 -0.9848078 -0.015134487 0.17298737 0.99999976 0.0 0.0 0.0 1.0 0.17364821 -0.08583196 0.9810603 7.9999986 0.0 0.9961947 0.08715606 0.99999905 -0.9848078 -0.015134487 0.17298737 0.99999976 0.0 0.0 0.0 1.0 0.17364821 -0.08583196 0.9810603 7.9999986 0.0 0.9961947 0.08715606 0.99999905 -0.9848078 -0.015134487 0.17298737 0.99999976 0.0 0.0 0.0 1.0 0.17364821 -0.08583196 0.9810603 7.9999986 0.0 0.9961947 0.08715606 0.99999905 -0.9848078 -0.015134487 0.17298737 0.99999976 0.0 0.0 0.0 1.0 0.17364827 -0.08583197 0.98106045 7.9999986 3.7252903E-9 0.99619484 0.087156065 0.99999905 -0.9848079 -0.015134491 0.17298743 0.99999976 0.0 0.0 0.0 1.0 0.17364821 -0.08583196 0.9810603 7.9999986 0.0 0.9961947 0.08715606 0.99999905 -0.9848078 -0.015134487 0.17298737 0.99999976 0.0 0.0 0.0 1.0 0.17364821 -0.08583196 0.9810603 7.9999986 0.0 0.9961947 0.08715606 0.99999905 -0.9848078 -0.015134487 0.17298737 0.99999976 0.0 0.0 0.0 1.0 0.17364821 -0.08583196 0.9810603 7.9999986 0.0 0.9961947 0.08715606 0.99999905 -0.9848078 -0.015134487 0.17298737 0.99999976 0.0 0.0 0.0 1.0 0.17364809 -0.085831955 0.98106027 7.9999986 -3.7252903E-9 0.9961946 0.08715606 0.99999905 -0.9848077 -0.015134484 0.17298725 0.99999976 0.0 0.0 0.0 1.0 0.17364821 -0.08583196 0.9810603 7.9999986 0.0 0.9961947 0.08715606 0.99999905 -0.9848078 -0.015134487 0.17298737 0.99999976 0.0 0.0 0.0 1.0 0.17364821 -0.08583196 0.9810603 7.9999986 0.0 0.9961947 0.08715606 0.99999905 -0.9848078 -0.015134487 0.17298737 0.99999976 0.0 0.0 0.0 1.0 0.17364821 -0.08583196 0.9810603 7.9999986 0.0 0.9961947 0.08715606 0.99999905 -0.9848078 -0.015134487 0.17298737 0.99999976 0.0 0.0 0.0 1.0 0.17364821 -0.08583196 0.9810603 7.9999986 0.0 0.9961947 0.08715606 0.99999905 -0.9848078 -0.015134487 0.17298737 0.99999976 0.0 0.0 0.0 1.0 0.17364821 -0.085831955 0.9810603 7.9999986 3.7252903E-9 0.9961947 0.08715606 0.99999905 -0.9848078 -0.01513448 0.17298737 0.99999976 0.0 0.0 0.0 1.0 0.17364821 -0.08583196 0.9810603 7.9999986 0.0 0.9961947 0.08715606 0.99999905 -0.9848078 -0.015134487 0.17298737 0.99999976 0.0 0.0 0.0 1.0 0.17364821 -0.08583196 0.9810603 7.9999986 0.0 0.9961947 0.08715606 0.99999905 -0.9848078 -0.015134487 0.17298737 0.99999976 0.0 0.0 0.0 1.0 0.17364821 -0.08583197 0.9810603 7.9999986 3.7252903E-9 0.9961947 0.08715606 0.99999905 -0.9848078 -0.015134487 0.17298737 0.99999976 0.0 0.0 0.0 1.0 0.17364827 -0.085831955 0.98106027 7.9999986 3.7252903E-9 0.9961947 0.08715604 0.99999905 -0.9848077 -0.015134487 0.17298743 0.99999976 0.0 0.0 0.0 1.0 0.17364821 -0.08583196 0.9810603 7.9999986 0.0 0.9961947 0.08715606 0.99999905 -0.9848078 -0.015134487 0.17298737 0.99999976 0.0 0.0 0.0 1.0 0.17364812 -0.08583197 0.98106045 7.9999986 -3.7252903E-9 0.99619484 0.087156065 0.99999905 -0.9848079 -0.015134484 0.17298728 0.99999976 0.0 0.0 0.0 1.0 0.17364812 -0.08583197 0.98106045 7.9999986 -3.7252903E-9 0.99619484 0.087156065 0.99999905 -0.9848079 -0.015134484 0.17298728 0.99999976 0.0 0.0 0.0 1.0 0.17364809 -0.085831955 0.98106027 7.9999986 -3.7252903E-9 0.9961946 0.08715604 0.99999905 -0.9848077 -0.01513448 0.17298725 0.99999976 0.0 0.0 0.0 1.0 0.17364821 -0.08583196 0.9810603 7.9999986 0.0 0.9961947 0.08715606 0.99999905 -0.9848078 -0.015134487 0.17298737 0.99999976 0.0 0.0 0.0 1.0 0.17364821 -0.08583196 0.9810603 7.9999986 0.0 0.9961947 0.08715606 0.99999905 -0.9848078 -0.015134487 0.17298737 0.99999976 0.0 0.0 0.0 1.0 0.17364818 -0.08583197 0.9810605 7.9999986 0.0 0.9961949 0.08715607 0.99999905 -0.98480797 -0.015134487 0.17298734 0.99999976 0.0 0.0 0.0 1.0 0.17364818 -0.08583197 0.9810605 7.9999986 0.0 0.9961949 0.08715607 0.99999905 -0.98480797 -0.015134487 0.17298734 0.99999976 0.0 0.0 0.0 1.0 0.17364821 -0.08583196 0.9810603 7.9999986 0.0 0.9961947 0.08715606 0.99999905 -0.9848078 -0.015134487 0.17298737 0.99999976 0.0 0.0 0.0 1.0 0.17364821 -0.08583196 0.9810603 7.9999986 0.0 0.9961947 0.08715606 0.99999905 -0.9848078 -0.015134487 0.17298737 0.99999976 0.0 0.0 0.0 1.0 0.17364809 -0.085831955 0.98106027 7.9999986 -3.7252903E-9 0.9961946 0.08715606 0.99999905 -0.9848077 -0.015134484 0.17298725 0.99999976 0.0 0.0 0.0 1.0 0.17364821 -0.08583196 0.9810603 7.9999986 0.0 0.9961947 0.08715606 0.99999905 -0.9848078 -0.015134487 0.17298737 0.99999976 0.0 0.0 0.0 1.0 0.17364821 -0.08583196 0.9810603 7.9999986 0.0 0.9961947 0.08715606 0.99999905 -0.9848078 -0.015134487 0.17298737 0.99999976 0.0 0.0 0.0 1.0 0.17364818 -0.08583198 0.9810605 7.9999986 -7.4505806E-9 0.9961949 0.08715607 0.99999905 -0.98480797 -0.015134491 0.17298734 0.99999976 0.0 0.0 0.0 1.0 0.17364818 -0.08583198 0.9810605 7.9999986 -7.4505806E-9 0.9961949 0.08715607 0.99999905 -0.98480797 -0.015134491 0.17298734 0.99999976 0.0 0.0 0.0 1.0 0.17364821 -0.08583196 0.9810603 7.9999986 0.0 0.9961947 0.08715606 0.99999905 -0.9848078 -0.015134487 0.17298737 0.99999976 0.0 0.0 0.0 1.0 0.17364821 -0.08583196 0.9810603 7.9999986 0.0 0.9961947 0.08715606 0.99999905 -0.9848078 -0.015134487 0.17298737 0.99999976 0.0 0.0 0.0 1.0 0.17364821 -0.08583196 0.9810603 7.9999986 0.0 0.9961947 0.08715606 0.99999905 -0.9848078 -0.015134487 0.17298737 0.99999976 0.0 0.0 0.0 1.0 0.17364821 -0.08583196 0.9810603 7.9999986 0.0 0.9961947 0.08715606 0.99999905 -0.9848078 -0.015134487 0.17298737 0.99999976 0.0 0.0 0.0 1.0 0.17364821 -0.08583196 0.9810603 7.9999986 0.0 0.9961947 0.08715606 0.99999905 -0.9848078 -0.015134487 0.17298737 0.99999976 0.0 0.0 0.0 1.0 0.17364821 -0.08583196 0.9810603 7.9999986 0.0 0.9961947 0.08715606 0.99999905 -0.9848078 -0.015134487 0.17298737 0.99999976 0.0 0.0 0.0 1.0 0.17364821 -0.08583196 0.9810603 7.9999986 0.0 0.9961947 0.08715606 0.99999905 -0.9848078 -0.015134487 0.17298737 0.99999976 0.0 0.0 0.0 1.0 0.17364821 -0.08583196 0.9810603 7.9999986 0.0 0.9961947 0.08715606 0.99999905 -0.9848078 -0.015134487 0.17298737 0.99999976 0.0 0.0 0.0 1.0 0.17364821 -0.08583196 0.9810603 7.9999986 0.0 0.9961947 0.08715606 0.99999905 -0.9848078 -0.015134487 0.17298737 0.99999976 0.0 0.0 0.0 1.0 0.17364821 -0.08583196 0.9810603 7.9999986 0.0 0.9961947 0.08715606 0.99999905 -0.9848078 -0.015134487 0.17298737 0.99999976 0.0 0.0 0.0 1.0 0.17364821 -0.08583196 0.9810603 7.9999986 0.0 0.9961947 0.08715606 0.99999905 -0.9848078 -0.015134487 0.17298737 0.99999976 0.0 0.0 0.0 1.0 0.17364821 -0.08583196 0.9810603 7.9999986 0.0 0.9961947 0.08715606 0.99999905 -0.9848078 -0.015134487 0.17298737 0.99999976 0.0 0.0 0.0 1.0 0.17364821 -0.08583196 0.9810603 7.9999986 0.0 0.9961947 0.08715606 0.99999905 -0.9848078 -0.015134487 0.17298737 0.99999976 0.0 0.0 0.0 1.0 0.17364821 -0.08583196 0.9810603 7.9999986 0.0 0.9961947 0.08715606 0.99999905 -0.9848078 -0.015134487 0.17298737 0.99999976 0.0 0.0 0.0 1.0 0.17364821 -0.08583196 0.9810603 7.9999986 0.0 0.9961947 0.08715606 0.99999905 -0.9848078 -0.015134487 0.17298737 0.99999976 0.0 0.0 0.0 1.0 0.17364821 -0.08583196 0.9810603 7.9999986 0.0 0.9961947 0.08715606 0.99999905 -0.9848078 -0.015134487 0.17298737 0.99999976 0.0 0.0 0.0 1.0 0.17364821 -0.08583196 0.9810603 7.9999986 0.0 0.9961947 0.08715606 0.99999905 -0.9848078 -0.015134487 0.17298737 0.99999976 0.0 0.0 0.0 1.0 0.17364827 -0.085831955 0.98106027 7.9999986 3.7252903E-9 0.9961947 0.08715606 0.99999905 -0.9848077 -0.015134491 0.17298743 0.99999976 0.0 0.0 0.0 1.0 0.17364821 -0.08583196 0.9810603 7.9999986 0.0 0.9961947 0.08715606 0.99999905 -0.9848078 -0.015134487 0.17298737 0.99999976 0.0 0.0 0.0 1.0 0.17364821 -0.08583196 0.9810603 7.9999986 0.0 0.9961947 0.08715606 0.99999905 -0.9848078 -0.015134487 0.17298737 0.99999976 0.0 0.0 0.0 1.0 </float_array>
          <technique_common>
            <accessor count="143" source="#Right_Wing2-global-anim-outSource-global-array" stride="16">
              <param type="float4x4"/>
            </accessor>
          </technique_common>
        </source>
        <sampler id="Right_Wing2-global-anim-globalSampler">
          <input semantic="INPUT" source="#Right_Wing2-global-anim-inSource-TIME"/>
          <input semantic="OUTPUT" source="#Right_Wing2-global-anim-outSource-global"/>
          <input semantic="INTERPOLATION" source="#Right_Wing2-global-anim-interpolation"/>
        </sampler>
        <channel source="#Right_Wing2-global-anim-globalSampler" target="Right_Wing2-global/matrix"/>
      </animation>
    </animation>
    <animation id="Right_Wing2-local-anim" name="Right_Wing2-local-anim">
      <animation>
        <source id="Right_Wing2-local-anim-inSource-TIME">
          <float_array count="143" id="Right_Wing2-local-anim-inSource-TIME-array">0.0 0.041666668 0.083333336 0.125 0.16666667 0.20833333 0.25 0.29166666 0.33333334 0.375 0.41666666 0.45833334 0.5 0.5416667 0.5833333 0.625 0.6666667 0.7083333 0.75 0.7916667 0.8333333 0.875 0.9166667 0.9583333 1.0 1.0416666 1.0833334 1.125 1.1666666 1.2083334 1.25 1.2916666 1.3333334 1.375 1.4166666 1.4583334 1.5 1.5416666 1.5833334 1.625 1.6666666 1.7083334 1.75 1.7916666 1.8333334 1.875 1.9166666 1.9583334 2.0 2.0416667 2.0833333 2.125 2.1666667 2.2083333 2.25 2.2916667 2.3333333 2.375 2.4166667 2.4583333 2.5 2.5416667 2.5833333 2.625 2.6666667 2.7083333 2.75 2.7916667 2.8333333 2.875 2.9166667 2.9583333 3.0 3.0416667 3.0833333 3.125 3.1666667 3.2083333 3.25 3.2916667 3.3333333 3.375 3.4166667 3.4583333 3.5 3.5416667 3.5833333 3.625 3.6666667 3.7083333 3.75 3.7916667 3.8333333 3.875 3.9166667 3.9583333 4.0 4.0416665 4.0833335 4.125 4.1666665 4.2083335 4.25 4.2916665 4.3333335 4.375 4.4166665 4.4583335 4.5 4.5416665 4.5833335 4.625 4.6666665 4.7083335 4.75 4.7916665 4.8333335 4.875 4.9166665 4.9583335 5.0 5.0416665 5.0833335 5.125 5.1666665 5.2083335 5.25 5.2916665 5.3333335 5.375 5.4166665 5.4583335 5.5 5.5416665 5.5833335 5.625 5.6666665 5.7083335 5.75 5.7916665 5.8333335 5.875 5.9166665 </float_array>
          <technique_common>
            <accessor count="143" source="#Right_Wing2-local-anim-inSource-TIME-array">
              <param name="TIME" type="float"/>
            </accessor>
          </technique_common>
        </source>
        <source id="Right_Wing2-local-anim-interpolation">
          <Name_array count="143" id="Right_Wing2-local-anim-interpolation-array">LINEAR LINEAR LINEAR LINEAR LINEAR LINEAR LINEAR LINEAR LINEAR LINEAR LINEAR LINEAR LINEAR LINEAR LINEAR LINEAR LINEAR LINEAR LINEAR LINEAR LINEAR LINEAR LINEAR LINEAR LINEAR LINEAR LINEAR LINEAR LINEAR LINEAR LINEAR LINEAR LINEAR LINEAR LINEAR LINEAR LINEAR LINEAR LINEAR LINEAR LINEAR LINEAR LINEAR LINEAR LINEAR LINEAR LINEAR LINEAR LINEAR LINEAR LINEAR LINEAR LINEAR LINEAR LINEAR LINEAR LINEAR LINEAR LINEAR LINEAR LINEAR LINEAR LINEAR LINEAR LINEAR LINEAR LINEAR LINEAR LINEAR LINEAR LINEAR LINEAR LINEAR LINEAR LINEAR LINEAR LINEAR LINEAR LINEAR LINEAR LINEAR LINEAR LINEAR LINEAR LINEAR LINEAR LINEAR LINEAR LINEAR LINEAR LINEAR LINEAR LINEAR LINEAR LINEAR LINEAR LINEAR LINEAR LINEAR LINEAR LINEAR LINEAR LINEAR LINEAR LINEAR LINEAR LINEAR LINEAR LINEAR LINEAR LINEAR LINEAR LINEAR LINEAR LINEAR LINEAR LINEAR LINEAR LINEAR LINEAR LINEAR LINEAR LINEAR LINEAR LINEAR LINEAR LINEAR LINEAR LINEAR LINEAR LINEAR LINEAR LINEAR LINEAR LINEAR LINEAR LINEAR LINEAR LINEAR LINEAR LINEAR LINEAR LINEAR </Name_array>
          <technique_common>
            <accessor count="143" source="#Right_Wing2-local-anim-interpolation-array">
              <param type="name"/>
            </accessor>
          </technique_common>
        </source>
        <source id="Right_Wing2-local-anim-outSource-local">
          <float_array count="2288" id="Right_Wing2-local-anim-outSource-local-array">1.0 0.0 0.0 5.5 0.0 1.0 0.0 0.0 0.0 0.0 1.0 -3.0 0.0 0.0 0.0 1.0 1.0 0.0 0.0 5.5 0.0 1.0 0.0 0.0 0.0 0.0 1.0 -3.0 0.0 0.0 0.0 1.0 1.0 0.0 0.0 5.5 0.0 1.0 0.0 0.0 0.0 0.0 1.0 -3.0 0.0 0.0 0.0 1.0 1.0 0.0 0.0 5.5 0.0 1.0 0.0 0.0 0.0 0.0 1.0 -3.0 0.0 0.0 0.0 1.0 1.0 0.0 0.0 5.5 0.0 1.0 0.0 0.0 0.0 0.0 1.0 -3.0 0.0 0.0 0.0 1.0 1.0 0.0 0.0 5.5 0.0 1.0 0.0 0.0 0.0 0.0 1.0 -3.0 0.0 0.0 0.0 1.0 1.0 0.0 0.0 5.5 0.0 1.0 0.0 0.0 0.0 0.0 1.0 -3.0 0.0 0.0 0.0 1.0 1.0 0.0 0.0 5.5 0.0 1.0 0.0 0.0 0.0 0.0 1.0 -3.0 0.0 0.0 0.0 1.0 1.0 0.0 0.0 5.5 0.0 1.0 0.0 0.0 0.0 0.0 1.0 -3.0 0.0 0.0 0.0 1.0 1.0 0.0 0.0 5.5 0.0 1.0 0.0 0.0 0.0 0.0 1.0 -3.0 0.0 0.0 0.0 1.0 1.0 0.0 0.0 5.5 0.0 1.0 0.0 0.0 0.0 0.0 1.0 -3.0 0.0 0.0 0.0 1.0 1.0 0.0 0.0 5.5 0.0 1.0 0.0 0.0 0.0 0.0 1.0 -3.0 0.0 0.0 0.0 1.0 1.0 0.0 0.0 5.5 0.0 1.0 0.0 0.0 0.0 0.0 1.0 -3.0 0.0 0.0 0.0 1.0 1.0 0.0 0.0 5.5 0.0 1.0 0.0 0.0 0.0 0.0 1.0 -3.0 0.0 0.0 0.0 1.0 1.0 0.0 0.0 5.5 0.0 1.0 0.0 0.0 0.0 0.0 1.0 -3.0 0.0 0.0 0.0 1.0 1.0 0.0 0.0 5.5 0.0 1.0 0.0 0.0 0.0 0.0 1.0 -3.0 0.0 0.0 0.0 1.0 1.0 0.0 0.0 5.5 0.0 1.0 0.0 0.0 0.0 0.0 1.0 -3.0 0.0 0.0 0.0 1.0 1.0 0.0 0.0 5.5 0.0 1.0 0.0 0.0 0.0 0.0 1.0 -3.0 0.0 0.0 0.0 1.0 1.0 0.0 0.0 5.5 0.0 1.0 0.0 0.0 0.0 0.0 1.0 -3.0 0.0 0.0 0.0 1.0 1.0 0.0 0.0 5.5 0.0 1.0 0.0 0.0 0.0 0.0 1.0 -3.0 0.0 0.0 0.0 1.0 1.0 0.0 0.0 5.5 0.0 1.0 0.0 0.0 0.0 0.0 1.0 -3.0 0.0 0.0 0.0 1.0 1.0 0.0 0.0 5.5 0.0 1.0 0.0 0.0 0.0 0.0 1.0 -3.0 0.0 0.0 0.0 1.0 1.0 0.0 0.0 5.5 0.0 1.0 0.0 0.0 0.0 0.0 1.0 -3.0 0.0 0.0 0.0 1.0 1.0 0.0 0.0 5.5 0.0 1.0 0.0 0.0 0.0 0.0 1.0 -3.0 0.0 0.0 0.0 1.0 1.0 0.0 0.0 5.5 0.0 1.0 0.0 0.0 0.0 0.0 1.0 -3.0 0.0 0.0 0.0 1.0 1.0 0.0 0.0 5.5 0.0 1.0 0.0 0.0 0.0 0.0 1.0 -3.0 0.0 0.0 0.0 1.0 1.0 0.0 0.0 5.5 0.0 1.0 0.0 0.0 0.0 0.0 1.0 -3.0 0.0 0.0 0.0 1.0 1.0 0.0 0.0 5.5 0.0 1.0 0.0 0.0 0.0 0.0 1.0 -3.0 0.0 0.0 0.0 1.0 1.0 0.0 0.0 5.5 0.0 1.0 0.0 0.0 0.0 0.0 1.0 -3.0 0.0 0.0 0.0 1.0 1.0 0.0 0.0 5.5 0.0 1.0 0.0 0.0 0.0 0.0 1.0 -3.0 0.0 0.0 0.0 1.0 1.0 0.0 0.0 5.5 0.0 1.0 0.0 0.0 0.0 0.0 1.0 -3.0 0.0 0.0 0.0 1.0 1.0 0.0 0.0 5.5 0.0 1.0 0.0 0.0 0.0 0.0 1.0 -3.0 0.0 0.0 0.0 1.0 1.0 0.0 0.0 5.5 0.0 1.0 0.0 0.0 0.0 0.0 1.0 -3.0 0.0 0.0 0.0 1.0 1.0 0.0 0.0 5.5 0.0 1.0 0.0 0.0 0.0 0.0 1.0 -3.0 0.0 0.0 0.0 1.0 1.0 0.0 0.0 5.5 0.0 1.0 0.0 0.0 0.0 0.0 1.0 -3.0 0.0 0.0 0.0 1.0 1.0 0.0 0.0 5.5 0.0 1.0 0.0 0.0 0.0 0.0 1.0 -3.0 0.0 0.0 0.0 1.0 1.0 0.0 0.0 5.5 0.0 1.0 0.0 0.0 0.0 0.0 1.0 -3.0 0.0 0.0 0.0 1.0 1.0 0.0 0.0 5.5 0.0 1.0 0.0 0.0 0.0 0.0 1.0 -3.0 0.0 0.0 0.0 1.0 1.0 0.0 0.0 5.5 0.0 1.0 0.0 0.0 0.0 0.0 1.0 -3.0 0.0 0.0 0.0 1.0 1.0 0.0 0.0 5.5 0.0 1.0 0.0 0.0 0.0 0.0 1.0 -3.0 0.0 0.0 0.0 1.0 1.0 0.0 0.0 5.5 0.0 1.0 0.0 0.0 0.0 0.0 1.0 -3.0 0.0 0.0 0.0 1.0 1.0 0.0 0.0 5.5 0.0 1.0 0.0 0.0 0.0 0.0 1.0 -3.0 0.0 0.0 0.0 1.0 1.0 0.0 0.0 5.5 0.0 1.0 0.0 0.0 0.0 0.0 1.0 -3.0 0.0 0.0 0.0 1.0 1.0 0.0 0.0 5.5 0.0 1.0 0.0 0.0 0.0 0.0 1.0 -3.0 0.0 0.0 0.0 1.0 1.0 0.0 0.0 5.5 0.0 1.0 0.0 0.0 0.0 0.0 1.0 -3.0 0.0 0.0 0.0 1.0 1.0 0.0 0.0 5.5 0.0 1.0 0.0 0.0 0.0 0.0 1.0 -3.0 0.0 0.0 0.0 1.0 1.0 0.0 0.0 5.5 0.0 1.0 0.0 0.0 0.0 0.0 1.0 -3.0 0.0 0.0 0.0 1.0 1.0 0.0 0.0 5.5 0.0 1.0 0.0 0.0 0.0 0.0 1.0 -3.0 0.0 0.0 0.0 1.0 1.0 0.0 0.0 5.5 0.0 1.0 0.0 0.0 0.0 0.0 1.0 -3.0 0.0 0.0 0.0 1.0 1.0 0.0 0.0 5.5 0.0 1.0 0.0 0.0 0.0 0.0 1.0 -3.0 0.0 0.0 0.0 1.0 1.0 0.0 0.0 5.5 0.0 1.0 0.0 0.0 0.0 0.0 1.0 -3.0 0.0 0.0 0.0 1.0 1.0 0.0 0.0 5.5 0.0 1.0 0.0 0.0 0.0 0.0 1.0 -3.0 0.0 0.0 0.0 1.0 1.0 0.0 0.0 5.5 0.0 1.0 0.0 0.0 0.0 0.0 1.0 -3.0 0.0 0.0 0.0 1.0 1.0 0.0 0.0 5.5 0.0 1.0 0.0 0.0 0.0 0.0 1.0 -3.0 0.0 0.0 0.0 1.0 1.0 0.0 0.0 5.5 0.0 1.0 0.0 0.0 0.0 0.0 1.0 -3.0 0.0 0.0 0.0 1.0 1.0 0.0 0.0 5.5 0.0 1.0 0.0 0.0 0.0 0.0 1.0 -3.0 0.0 0.0 0.0 1.0 1.0 0.0 0.0 5.5 0.0 1.0 0.0 0.0 0.0 0.0 1.0 -3.0 0.0 0.0 0.0 1.0 1.0 0.0 0.0 5.5 0.0 1.0 0.0 0.0 0.0 0.0 1.0 -3.0 0.0 0.0 0.0 1.0 1.0 0.0 0.0 5.5 0.0 1.0 0.0 0.0 0.0 0.0 1.0 -3.0 0.0 0.0 0.0 1.0 1.0 0.0 0.0 5.5 0.0 1.0 0.0 0.0 0.0 0.0 1.0 -3.0 0.0 0.0 0.0 1.0 1.0 0.0 0.0 5.5 0.0 1.0 0.0 0.0 0.0 0.0 1.0 -3.0 0.0 0.0 0.0 1.0 1.0 0.0 0.0 5.5 0.0 1.0 0.0 0.0 0.0 0.0 1.0 -3.0 0.0 0.0 0.0 1.0 1.0 0.0 0.0 5.5 0.0 1.0 0.0 0.0 0.0 0.0 1.0 -3.0 0.0 0.0 0.0 1.0 1.0 0.0 0.0 5.5 0.0 1.0 0.0 0.0 0.0 0.0 1.0 -3.0 0.0 0.0 0.0 1.0 1.0 0.0 0.0 5.5 0.0 1.0 0.0 0.0 0.0 0.0 1.0 -3.0 0.0 0.0 0.0 1.0 1.0 0.0 0.0 5.5 0.0 1.0 0.0 0.0 0.0 0.0 1.0 -3.0 0.0 0.0 0.0 1.0 1.0 0.0 0.0 5.5 0.0 1.0 0.0 0.0 0.0 0.0 1.0 -3.0 0.0 0.0 0.0 1.0 1.0 0.0 0.0 5.5 0.0 1.0 0.0 0.0 0.0 0.0 1.0 -3.0 0.0 0.0 0.0 1.0 1.0 0.0 0.0 5.5 0.0 1.0 0.0 0.0 0.0 0.0 1.0 -3.0 0.0 0.0 0.0 1.0 1.0 0.0 0.0 5.5 0.0 1.0 0.0 0.0 0.0 0.0 1.0 -3.0 0.0 0.0 0.0 1.0 1.0 0.0 0.0 5.5 0.0 1.0 0.0 0.0 0.0 0.0 1.0 -3.0 0.0 0.0 0.0 1.0 1.0 0.0 0.0 5.5 0.0 1.0 0.0 0.0 0.0 0.0 1.0 -3.0 0.0 0.0 0.0 1.0 1.0 0.0 0.0 5.5 0.0 1.0 0.0 0.0 0.0 0.0 1.0 -3.0 0.0 0.0 0.0 1.0 1.0 0.0 0.0 5.5 0.0 1.0 0.0 0.0 0.0 0.0 1.0 -3.0 0.0 0.0 0.0 1.0 1.0 0.0 0.0 5.5 0.0 1.0 0.0 0.0 0.0 0.0 1.0 -3.0 0.0 0.0 0.0 1.0 1.0 0.0 0.0 5.5 0.0 1.0 0.0 0.0 0.0 0.0 1.0 -3.0 0.0 0.0 0.0 1.0 1.0 0.0 0.0 5.5 0.0 1.0 0.0 0.0 0.0 0.0 1.0 -3.0 0.0 0.0 0.0 1.0 1.0 0.0 0.0 5.5 0.0 1.0 0.0 0.0 0.0 0.0 1.0 -3.0 0.0 0.0 0.0 1.0 1.0 0.0 0.0 5.5 0.0 1.0 0.0 0.0 0.0 0.0 1.0 -3.0 0.0 0.0 0.0 1.0 1.0 0.0 0.0 5.5 0.0 1.0 0.0 0.0 0.0 0.0 1.0 -3.0 0.0 0.0 0.0 1.0 1.0 0.0 0.0 5.5 0.0 1.0 0.0 0.0 0.0 0.0 1.0 -3.0 0.0 0.0 0.0 1.0 1.0 0.0 0.0 5.5 0.0 1.0 0.0 0.0 0.0 0.0 1.0 -3.0 0.0 0.0 0.0 1.0 1.0 0.0 0.0 5.5 0.0 1.0 0.0 0.0 0.0 0.0 1.0 -3.0 0.0 0.0 0.0 1.0 1.0 0.0 0.0 5.5 0.0 1.0 0.0 0.0 0.0 0.0 1.0 -3.0 0.0 0.0 0.0 1.0 1.0 0.0 0.0 5.5 0.0 1.0 0.0 0.0 0.0 0.0 1.0 -3.0 0.0 0.0 0.0 1.0 1.0 0.0 0.0 5.5 0.0 1.0 0.0 0.0 0.0 0.0 1.0 -3.0 0.0 0.0 0.0 1.0 1.0 0.0 0.0 5.5 0.0 1.0 0.0 0.0 0.0 0.0 1.0 -3.0 0.0 0.0 0.0 1.0 1.0 0.0 0.0 5.5 0.0 1.0 0.0 0.0 0.0 0.0 1.0 -3.0 0.0 0.0 0.0 1.0 1.0 0.0 0.0 5.5 0.0 1.0 0.0 0.0 0.0 0.0 1.0 -3.0 0.0 0.0 0.0 1.0 1.0 0.0 0.0 5.5 0.0 1.0 0.0 0.0 0.0 0.0 1.0 -3.0 0.0 0.0 0.0 1.0 1.0 0.0 0.0 5.5 0.0 1.0 0.0 0.0 0.0 0.0 1.0 -3.0 0.0 0.0 0.0 1.0 1.0 0.0 0.0 5.5 0.0 1.0 0.0 0.0 0.0 0.0 1.0 -3.0 0.0 0.0 0.0 1.0 1.0 0.0 0.0 5.5 0.0 1.0 0.0 0.0 0.0 0.0 1.0 -3.0 0.0 0.0 0.0 1.0 1.0 0.0 0.0 5.5 0.0 1.0 0.0 0.0 0.0 0.0 1.0 -3.0 0.0 0.0 0.0 1.0 1.0 0.0 0.0 5.5 0.0 1.0 0.0 0.0 0.0 0.0 1.0 -3.0 0.0 0.0 0.0 1.0 1.0 0.0 0.0 5.5 0.0 1.0 0.0 0.0 0.0 0.0 1.0 -3.0 0.0 0.0 0.0 1.0 1.0 0.0 0.0 5.5 0.0 1.0 0.0 0.0 0.0 0.0 1.0 -3.0 0.0 0.0 0.0 1.0 1.0 0.0 0.0 5.5 0.0 1.0 0.0 0.0 0.0 0.0 1.0 -3.0 0.0 0.0 0.0 1.0 1.0 0.0 0.0 5.5 0.0 1.0 0.0 0.0 0.0 0.0 1.0 -3.0 0.0 0.0 0.0 1.0 1.0 0.0 0.0 5.5 0.0 1.0 0.0 0.0 0.0 0.0 1.0 -3.0 0.0 0.0 0.0 1.0 1.0 0.0 0.0 5.5 0.0 1.0 0.0 0.0 0.0 0.0 1.0 -3.0 0.0 0.0 0.0 1.0 1.0 0.0 0.0 5.5 0.0 1.0 0.0 0.0 0.0 0.0 1.0 -3.0 0.0 0.0 0.0 1.0 1.0 0.0 0.0 5.5 0.0 1.0 0.0 0.0 0.0 0.0 1.0 -3.0 0.0 0.0 0.0 1.0 1.0 0.0 0.0 5.5 0.0 1.0 0.0 0.0 0.0 0.0 1.0 -3.0 0.0 0.0 0.0 1.0 1.0 0.0 0.0 5.5 0.0 1.0 0.0 0.0 0.0 0.0 1.0 -3.0 0.0 0.0 0.0 1.0 1.0 0.0 0.0 5.5 0.0 1.0 0.0 0.0 0.0 0.0 1.0 -3.0 0.0 0.0 0.0 1.0 1.0 0.0 0.0 5.5 0.0 1.0 0.0 0.0 0.0 0.0 1.0 -3.0 0.0 0.0 0.0 1.0 1.0 0.0 0.0 5.5 0.0 1.0 0.0 0.0 0.0 0.0 1.0 -3.0 0.0 0.0 0.0 1.0 1.0 0.0 0.0 5.5 0.0 1.0 0.0 0.0 0.0 0.0 1.0 -3.0 0.0 0.0 0.0 1.0 1.0 0.0 0.0 5.5 0.0 1.0 0.0 0.0 0.0 0.0 1.0 -3.0 0.0 0.0 0.0 1.0 1.0 0.0 0.0 5.5 0.0 1.0 0.0 0.0 0.0 0.0 1.0 -3.0 0.0 0.0 0.0 1.0 1.0 0.0 0.0 5.5 0.0 1.0 0.0 0.0 0.0 0.0 1.0 -3.0 0.0 0.0 0.0 1.0 1.0 0.0 0.0 5.5 0.0 1.0 0.0 0.0 0.0 0.0 1.0 -3.0 0.0 0.0 0.0 1.0 1.0 0.0 0.0 5.5 0.0 1.0 0.0 0.0 0.0 0.0 1.0 -3.0 0.0 0.0 0.0 1.0 1.0 0.0 0.0 5.5 0.0 1.0 0.0 0.0 0.0 0.0 1.0 -3.0 0.0 0.0 0.0 1.0 1.0 0.0 0.0 5.5 0.0 1.0 0.0 0.0 0.0 0.0 1.0 -3.0 0.0 0.0 0.0 1.0 1.0 0.0 0.0 5.5 0.0 1.0 0.0 0.0 0.0 0.0 1.0 -3.0 0.0 0.0 0.0 1.0 1.0 0.0 0.0 5.5 0.0 1.0 0.0 0.0 0.0 0.0 1.0 -3.0 0.0 0.0 0.0 1.0 1.0 0.0 0.0 5.5 0.0 1.0 0.0 0.0 0.0 0.0 1.0 -3.0 0.0 0.0 0.0 1.0 1.0 0.0 0.0 5.5 0.0 1.0 0.0 0.0 0.0 0.0 1.0 -3.0 0.0 0.0 0.0 1.0 1.0 0.0 0.0 5.5 0.0 1.0 0.0 0.0 0.0 0.0 1.0 -3.0 0.0 0.0 0.0 1.0 1.0 0.0 0.0 5.5 0.0 1.0 0.0 0.0 0.0 0.0 1.0 -3.0 0.0 0.0 0.0 1.0 1.0 0.0 0.0 5.5 0.0 1.0 0.0 0.0 0.0 0.0 1.0 -3.0 0.0 0.0 0.0 1.0 1.0 0.0 0.0 5.5 0.0 1.0 0.0 0.0 0.0 0.0 1.0 -3.0 0.0 0.0 0.0 1.0 1.0 0.0 0.0 5.5 0.0 1.0 0.0 0.0 0.0 0.0 1.0 -3.0 0.0 0.0 0.0 1.0 1.0 0.0 0.0 5.5 0.0 1.0 0.0 0.0 0.0 0.0 1.0 -3.0 0.0 0.0 0.0 1.0 1.0 0.0 0.0 5.5 0.0 1.0 0.0 0.0 0.0 0.0 1.0 -3.0 0.0 0.0 0.0 1.0 1.0 0.0 0.0 5.5 0.0 1.0 0.0 0.0 0.0 0.0 1.0 -3.0 0.0 0.0 0.0 1.0 1.0 0.0 0.0 5.5 0.0 1.0 0.0 0.0 0.0 0.0 1.0 -3.0 0.0 0.0 0.0 1.0 1.0 0.0 0.0 5.5 0.0 1.0 0.0 0.0 0.0 0.0 1.0 -3.0 0.0 0.0 0.0 1.0 1.0 0.0 0.0 5.5 0.0 1.0 0.0 0.0 0.0 0.0 1.0 -3.0 0.0 0.0 0.0 1.0 1.0 0.0 0.0 5.5 0.0 1.0 0.0 0.0 0.0 0.0 1.0 -3.0 0.0 0.0 0.0 1.0 1.0 0.0 0.0 5.5 0.0 1.0 0.0 0.0 0.0 0.0 1.0 -3.0 0.0 0.0 0.0 1.0 1.0 0.0 0.0 5.5 0.0 1.0 0.0 0.0 0.0 0.0 1.0 -3.0 0.0 0.0 0.0 1.0 1.0 0.0 0.0 5.5 0.0 1.0 0.0 0.0 0.0 0.0 1.0 -3.0 0.0 0.0 0.0 1.0 1.0 0.0 0.0 5.5 0.0 1.0 0.0 0.0 0.0 0.0 1.0 -3.0 0.0 0.0 0.0 1.0 1.0 0.0 0.0 5.5 0.0 1.0 0.0 0.0 0.0 0.0 1.0 -3.0 0.0 0.0 0.0 1.0 1.0 0.0 0.0 5.5 0.0 1.0 0.0 0.0 0.0 0.0 1.0 -3.0 0.0 0.0 0.0 1.0 1.0 0.0 0.0 5.5 0.0 1.0 0.0 0.0 0.0 0.0 1.0 -3.0 0.0 0.0 0.0 1.0 1.0 0.0 0.0 5.5 0.0 1.0 0.0 0.0 0.0 0.0 1.0 -3.0 0.0 0.0 0.0 1.0 1.0 0.0 0.0 5.5 0.0 1.0 0.0 0.0 0.0 0.0 1.0 -3.0 0.0 0.0 0.0 1.0 1.0 0.0 0.0 5.5 0.0 1.0 0.0 0.0 0.0 0.0 1.0 -3.0 0.0 0.0 0.0 1.0 1.0 0.0 0.0 5.5 0.0 1.0 0.0 0.0 0.0 0.0 1.0 -3.0 0.0 0.0 0.0 1.0 </float_array>
          <technique_common>
            <accessor count="143" source="#Right_Wing2-local-anim-outSource-local-array" stride="16">
              <param type="float4x4"/>
            </accessor>
          </technique_common>
        </source>
        <sampler id="Right_Wing2-local-anim-localSampler">
          <input semantic="INPUT" source="#Right_Wing2-local-anim-inSource-TIME"/>
          <input semantic="OUTPUT" source="#Right_Wing2-local-anim-outSource-local"/>
          <input semantic="INTERPOLATION" source="#Right_Wing2-local-anim-interpolation"/>
        </sampler>
        <channel source="#Right_Wing2-local-anim-localSampler" target="Right_Wing2-local/matrix"/>
      </animation>
    </animation>
    <animation id="Left_Wing1-global-anim" name="Left_Wing1-global-anim">
      <animation>
        <source id="Left_Wing1-global-anim-inSource-TIME">
          <float_array count="143" id="Left_Wing1-global-anim-inSource-TIME-array">0.0 0.041666668 0.083333336 0.125 0.16666667 0.20833333 0.25 0.29166666 0.33333334 0.375 0.41666666 0.45833334 0.5 0.5416667 0.5833333 0.625 0.6666667 0.7083333 0.75 0.7916667 0.8333333 0.875 0.9166667 0.9583333 1.0 1.0416666 1.0833334 1.125 1.1666666 1.2083334 1.25 1.2916666 1.3333334 1.375 1.4166666 1.4583334 1.5 1.5416666 1.5833334 1.625 1.6666666 1.7083334 1.75 1.7916666 1.8333334 1.875 1.9166666 1.9583334 2.0 2.0416667 2.0833333 2.125 2.1666667 2.2083333 2.25 2.2916667 2.3333333 2.375 2.4166667 2.4583333 2.5 2.5416667 2.5833333 2.625 2.6666667 2.7083333 2.75 2.7916667 2.8333333 2.875 2.9166667 2.9583333 3.0 3.0416667 3.0833333 3.125 3.1666667 3.2083333 3.25 3.2916667 3.3333333 3.375 3.4166667 3.4583333 3.5 3.5416667 3.5833333 3.625 3.6666667 3.7083333 3.75 3.7916667 3.8333333 3.875 3.9166667 3.9583333 4.0 4.0416665 4.0833335 4.125 4.1666665 4.2083335 4.25 4.2916665 4.3333335 4.375 4.4166665 4.4583335 4.5 4.5416665 4.5833335 4.625 4.6666665 4.7083335 4.75 4.7916665 4.8333335 4.875 4.9166665 4.9583335 5.0 5.0416665 5.0833335 5.125 5.1666665 5.2083335 5.25 5.2916665 5.3333335 5.375 5.4166665 5.4583335 5.5 5.5416665 5.5833335 5.625 5.6666665 5.7083335 5.75 5.7916665 5.8333335 5.875 5.9166665 </float_array>
          <technique_common>
            <accessor count="143" source="#Left_Wing1-global-anim-inSource-TIME-array">
              <param name="TIME" type="float"/>
            </accessor>
          </technique_common>
        </source>
        <source id="Left_Wing1-global-anim-interpolation">
          <Name_array count="143" id="Left_Wing1-global-anim-interpolation-array">LINEAR LINEAR LINEAR LINEAR LINEAR LINEAR LINEAR LINEAR LINEAR LINEAR LINEAR LINEAR LINEAR LINEAR LINEAR LINEAR LINEAR LINEAR LINEAR LINEAR LINEAR LINEAR LINEAR LINEAR LINEAR LINEAR LINEAR LINEAR LINEAR LINEAR LINEAR LINEAR LINEAR LINEAR LINEAR LINEAR LINEAR LINEAR LINEAR LINEAR LINEAR LINEAR LINEAR LINEAR LINEAR LINEAR LINEAR LINEAR LINEAR LINEAR LINEAR LINEAR LINEAR LINEAR LINEAR LINEAR LINEAR LINEAR LINEAR LINEAR LINEAR LINEAR LINEAR LINEAR LINEAR LINEAR LINEAR LINEAR LINEAR LINEAR LINEAR LINEAR LINEAR LINEAR LINEAR LINEAR LINEAR LINEAR LINEAR LINEAR LINEAR LINEAR LINEAR LINEAR LINEAR LINEAR LINEAR LINEAR LINEAR LINEAR LINEAR LINEAR LINEAR LINEAR LINEAR LINEAR LINEAR LINEAR LINEAR LINEAR LINEAR LINEAR LINEAR LINEAR LINEAR LINEAR LINEAR LINEAR LINEAR LINEAR LINEAR LINEAR LINEAR LINEAR LINEAR LINEAR LINEAR LINEAR LINEAR LINEAR LINEAR LINEAR LINEAR LINEAR LINEAR LINEAR LINEAR LINEAR LINEAR LINEAR LINEAR LINEAR LINEAR LINEAR LINEAR LINEAR LINEAR LINEAR LINEAR LINEAR LINEAR LINEAR LINEAR </Name_array>
          <technique_common>
            <accessor count="143" source="#Left_Wing1-global-anim-interpolation-array">
              <param type="name"/>
            </accessor>
          </technique_common>
        </source>
        <source id="Left_Wing1-global-anim-outSource-global">
          <float_array count="2288" id="Left_Wing1-global-anim-outSource-global-array">0.2345697 -0.9659259 -0.1093816 -2.5 0.8754261 0.258819 -0.4082179 1.3467846 0.4226182 1.4901161E-8 0.9063078 2.0 0.0 0.0 0.0 1.0 0.2345173 -0.965926 -0.10949394 -2.5 0.8752307 0.258819 -0.40863693 1.3467846 0.4230521 0.0 0.9061055 2.0 0.0 0.0 0.0 1.0 0.23435992 -0.96592593 -0.10983059 -2.5 0.87464297 0.2588191 -0.40989348 1.3467846 0.42435297 5.9604645E-8 0.905497 2.0 0.0 0.0 0.0 1.0 0.23409626 -0.9659259 -0.110391214 -2.5 0.8736593 0.258819 -0.41198575 1.3467846 0.42651904 0.0 0.90447867 2.0 0.0 0.0 0.0 1.0 0.23372504 -0.9659258 -0.111175045 -2.5 0.8722738 0.258819 -0.41491103 1.3467846 0.4295475 1.4901161E-8 0.90304434 2.0 0.0 0.0 0.0 1.0 0.23324388 -0.9659261 -0.11218098 -2.5 0.87047833 0.25881904 -0.41866538 1.3467846 0.43343428 2.9802322E-8 0.9011854 2.0 0.0 0.0 0.0 1.0 0.23264992 -0.9659258 -0.11340766 -2.5 0.86826146 0.25881904 -0.42324322 1.3467846 0.4381736 -1.4901161E-8 0.8988904 2.0 0.0 0.0 0.0 1.0 0.23193958 -0.96592593 -0.11485328 -2.5 0.8656107 0.25881895 -0.4286384 1.3467846 0.44375914 -1.4901161E-8 0.8961462 2.0 0.0 0.0 0.0 1.0 0.231109 -0.9659259 -0.116515815 -2.5 0.8625105 0.25881907 -0.43484288 1.3467846 0.4501825 -1.4901161E-8 0.8929366 2.0 0.0 0.0 0.0 1.0 0.23015308 -0.9659259 -0.11839266 -2.5 0.8589433 0.25881898 -0.44184762 1.3467846 0.4574343 1.4901161E-8 0.8892435 2.0 0.0 0.0 0.0 1.0 0.22906682 -0.96592593 -0.12048115 -2.5 0.85488904 0.25881907 -0.44964173 1.3467846 0.4655034 0.0 0.88504624 2.0 0.0 0.0 0.0 1.0 0.22787336 -0.9659258 -0.12272324 -2.5 0.85043526 0.25881895 -0.45800942 1.3467846 0.47416627 -1.4901161E-8 0.88043535 2.0 0.0 0.0 0.0 1.0 0.22674772 -0.9659258 -0.12479074 -2.5 0.8462343 0.25881895 -0.4657255 1.3467846 0.48215455 0.0 0.8760862 2.0 0.0 0.0 0.0 1.0 0.22572479 -0.965926 -0.12663195 -2.5 0.84241635 0.25881907 -0.4725968 1.3467846 0.4892682 0.0 0.87213355 2.0 0.0 0.0 0.0 1.0 0.22480959 -0.9659258 -0.12824947 -2.5 0.83900094 0.25881898 -0.47863352 1.3467846 0.4955179 -1.4901161E-8 0.8685977 2.0 0.0 0.0 0.0 1.0 0.22400713 -0.965926 -0.12964606 -2.5 0.8360062 0.25881904 -0.48384562 1.3467846 0.50091386 -2.9802322E-8 0.8654973 2.0 0.0 0.0 0.0 1.0 0.22332129 -0.96592593 -0.13082382 -2.5 0.83344674 0.258819 -0.48824114 1.3467846 0.50546443 -2.9802322E-8 0.8628475 2.0 0.0 0.0 0.0 1.0 0.22275564 -0.96592593 -0.13178477 -2.5 0.83133554 0.25881907 -0.49182737 1.3467846 0.5091772 -4.4703484E-8 0.86066186 2.0 0.0 0.0 0.0 1.0 0.22231272 -0.9659259 -0.13253042 -2.5 0.82968277 0.25881895 -0.4946103 1.3467846 0.51205826 -1.4901161E-8 0.85895073 2.0 0.0 0.0 0.0 1.0 0.22199482 -0.9659259 -0.13306215 -2.5 0.8284964 0.25881892 -0.49659485 1.3467846 0.51411283 -2.9802322E-8 0.8577225 2.0 0.0 0.0 0.0 1.0 0.22180364 -0.96592605 -0.13338087 -2.5 0.8277825 0.25881907 -0.49778423 1.3467846 0.51534414 -2.9802322E-8 0.85698354 2.0 0.0 0.0 0.0 1.0 0.22173965 -0.9659258 -0.133487 -2.5 0.827544 0.25881892 -0.49818033 1.3467846 0.5157542 -2.9802322E-8 0.85673654 2.0 0.0 0.0 0.0 1.0 0.22173974 -0.96592605 -0.13348705 -2.5 0.8275442 0.25881907 -0.49818045 1.3467846 0.51575434 -2.9802322E-8 0.8567368 2.0 0.0 0.0 0.0 1.0 0.22173974 -0.96592605 -0.13348705 -2.5 0.8275442 0.25881907 -0.49818045 1.3467846 0.51575434 -2.9802322E-8 0.8567368 2.0 0.0 0.0 0.0 1.0 0.22173974 -0.96592605 -0.13348705 -2.5 0.8275442 0.25881907 -0.49818045 1.3467846 0.51575434 -2.9802322E-8 0.8567368 2.0 0.0 0.0 0.0 1.0 0.22173974 -0.96592605 -0.13348705 -2.5 0.8275442 0.25881907 -0.49818045 1.3467846 0.51575434 -2.9802322E-8 0.8567368 2.0 0.0 0.0 0.0 1.0 0.22173974 -0.96592605 -0.13348705 -2.5 0.8275442 0.25881907 -0.49818045 1.3467846 0.51575434 -2.9802322E-8 0.8567368 2.0 0.0 0.0 0.0 1.0 0.22173974 -0.96592605 -0.13348705 -2.5 0.8275442 0.25881907 -0.49818045 1.3467846 0.51575434 -2.9802322E-8 0.8567368 2.0 0.0 0.0 0.0 1.0 0.22173974 -0.96592605 -0.13348705 -2.5 0.8275442 0.25881907 -0.49818045 1.3467846 0.51575434 -2.9802322E-8 0.8567368 2.0 0.0 0.0 0.0 1.0 0.22173965 -0.9659258 -0.133487 -2.5 0.827544 0.25881892 -0.49818033 1.3467846 0.5157542 -2.9802322E-8 0.85673654 2.0 0.0 0.0 0.0 1.0 0.2228395 -0.9656726 -0.13348699 -2.5 0.8272487 0.25976118 -0.49818033 1.3467846 0.51575387 5.8731437E-4 0.85673654 2.0 0.0 0.0 0.0 1.0 0.22613746 -0.9649058 -0.13348699 -2.5 0.8263565 0.262586 -0.4981804 1.3467846 0.5157489 0.0023493767 0.85673666 2.0 0.0 0.0 0.0 1.0 0.23162815 -0.9636025 -0.13348706 -2.5 0.8248479 0.26728722 -0.4981804 1.3467846 0.5157272 0.0052860975 0.85673666 2.0 0.0 0.0 0.0 1.0 0.23930228 -0.96172523 -0.13348702 -2.5 0.82269084 0.27385408 -0.49818033 1.3467846 0.51566863 0.009397164 0.85673654 2.0 0.0 0.0 0.0 1.0 0.24914679 -0.9592223 -0.13348703 -2.5 0.819841 0.28227177 -0.49818042 1.3467846 0.5155453 0.0146819055 0.8567367 2.0 0.0 0.0 0.0 1.0 0.26114312 -0.95602584 -0.13348699 -2.5 0.81624055 0.29251948 -0.49818033 1.3467846 0.51532084 0.021138892 0.8567366 2.0 0.0 0.0 0.0 1.0 0.2730987 -0.95267963 -0.13348702 -2.5 0.8125123 0.30272156 -0.49818036 1.3467846 0.5150156 0.02759257 0.8567367 2.0 0.0 0.0 0.0 1.0 0.2828487 -0.9498305 -0.133487 -2.5 0.8093669 0.31103334 -0.49818033 1.3467846 0.5147058 0.03286968 0.85673666 2.0 0.0 0.0 0.0 1.0 0.2904115 -0.94754565 -0.13348703 -2.5 0.80686176 0.31747553 -0.4981804 1.3467846 0.5144274 0.036971748 0.8567367 2.0 0.0 0.0 0.0 1.0 0.29580206 -0.9458766 -0.13348694 -2.5 0.80504096 0.32206458 -0.4981804 1.3467846 0.51420856 0.039900318 0.85673666 2.0 0.0 0.0 0.0 1.0 0.29903185 -0.94486046 -0.13348694 -2.5 0.8039359 0.32481307 -0.49818033 1.3467846 0.5140692 0.04165685 0.8567366 2.0 0.0 0.0 0.0 1.0 0.3001078 -0.9445193 -0.13348696 -2.5 0.8035654 0.3257285 -0.49818033 1.3467846 0.5140214 0.04224229 0.85673666 2.0 0.0 0.0 0.0 1.0 0.29901138 -0.9448669 -0.13348696 -2.5 0.8039429 0.32479563 -0.49818033 1.3467846 0.51407003 0.041645706 0.8567366 2.0 0.0 0.0 0.0 1.0 0.2957198 -0.9459023 -0.133487 -2.5 0.8050689 0.3219946 -0.49818036 1.3467846 0.514212 0.03985557 0.85673666 2.0 0.0 0.0 0.0 1.0 0.29022568 -0.94760245 -0.13348693 -2.5 0.8069239 0.31731725 -0.49818033 1.3467846 0.5144346 0.03687091 0.85673666 2.0 0.0 0.0 0.0 1.0 0.28251776 -0.94992894 -0.13348696 -2.5 0.8094751 0.31075135 -0.49818033 1.3467846 0.5147171 0.03269042 0.85673666 2.0 0.0 0.0 0.0 1.0 0.27258006 -0.9528281 -0.13348691 -2.5 0.81267685 0.30227914 -0.49818033 1.3467846 0.5150305 0.027312294 0.8567366 2.0 0.0 0.0 0.0 1.0 0.26039386 -0.95623016 -0.13348699 -2.5 0.81646955 0.29187977 -0.4981803 1.3467846 0.5153372 0.020735055 0.85673654 2.0 0.0 0.0 0.0 1.0 0.24593735 -0.96005 -0.13348694 -2.5 0.8207803 0.27952826 -0.49818027 1.3467846 0.5155914 0.012957692 0.8567366 2.0 0.0 0.0 0.0 1.0 0.2291874 -0.9641859 -0.13348694 -2.5 0.825522 0.26519766 -0.49818033 1.3467846 0.51573884 0.0039802343 0.8567366 2.0 0.0 0.0 0.0 1.0 0.21012047 -0.96851987 -0.13348699 -2.5 0.8305934 0.24885938 -0.49818033 1.3467846 0.515717 -0.006195545 0.85673666 2.0 0.0 0.0 0.0 1.0 0.19097179 -0.9724767 -0.13348697 -2.5 0.83534145 0.23242432 -0.49818027 1.3467846 0.51549435 -0.016368806 0.85673666 2.0 0.0 0.0 0.0 1.0 0.174014 -0.97565395 -0.13348699 -2.5 0.839261 0.2178475 -0.49818033 1.3467846 0.51513135 -0.025340065 0.8567367 2.0 0.0 0.0 0.0 1.0 0.15927422 -0.97816825 -0.13348703 -2.5 0.84245217 0.20516056 -0.49818033 1.3467846 0.5146904 -0.03310913 0.8567367 2.0 0.0 0.0 0.0 1.0 0.1467737 -0.9801219 -0.13348702 -2.5 0.8450027 0.19438887 -0.4981803 1.3467846 0.5142257 -0.039677113 0.85673666 2.0 0.0 0.0 0.0 1.0 0.13652807 -0.98160154 -0.133487 -2.5 0.84698707 0.185552 -0.49818033 1.3467846 0.51378334 -0.045046136 0.8567368 2.0 0.0 0.0 0.0 1.0 0.12854892 -0.9826782 -0.13348694 -2.5 0.8484664 0.1786648 -0.4981802 1.3467846 0.51340026 -0.049218655 0.85673654 2.0 0.0 0.0 0.0 1.0 0.12284425 -0.9834076 -0.13348694 -2.5 0.849489 0.17373809 -0.49818027 1.3467846 0.51310605 -0.052197114 0.8567366 2.0 0.0 0.0 0.0 1.0 0.119419545 -0.98382944 -0.13348694 -2.5 0.8500888 0.17077938 -0.4981803 1.3467846 0.5129212 -0.0539833 0.8567367 2.0 0.0 0.0 0.0 1.0 0.1182777 -0.9839674 -0.133487 -2.5 0.8502865 0.16979274 -0.49818033 1.3467846 0.5128583 -0.054578587 0.8567368 2.0 0.0 0.0 0.0 1.0 0.1182777 -0.9839674 -0.133487 -2.5 0.8502865 0.16979274 -0.49818033 1.3467846 0.5128583 -0.054578587 0.8567368 2.0 0.0 0.0 0.0 1.0 0.11827758 -0.98396736 -0.13348697 -2.5 0.8502864 0.16979262 -0.49818033 1.3467846 0.5128582 -0.054578602 0.85673666 2.0 0.0 0.0 0.0 1.0 0.1182777 -0.9839674 -0.133487 -2.5 0.8502865 0.16979274 -0.49818033 1.3467846 0.5128583 -0.054578587 0.8567368 2.0 0.0 0.0 0.0 1.0 0.1182777 -0.9839674 -0.133487 -2.5 0.8502865 0.16979274 -0.49818033 1.3467846 0.5128583 -0.054578587 0.8567368 2.0 0.0 0.0 0.0 1.0 0.1182777 -0.9839674 -0.133487 -2.5 0.8502865 0.16979274 -0.49818033 1.3467846 0.5128583 -0.054578587 0.8567368 2.0 0.0 0.0 0.0 1.0 0.1182777 -0.9839674 -0.133487 -2.5 0.8502865 0.16979274 -0.49818033 1.3467846 0.5128583 -0.054578587 0.8567368 2.0 0.0 0.0 0.0 1.0 0.1182777 -0.9839674 -0.133487 -2.5 0.8502865 0.16979274 -0.49818033 1.3467846 0.5128583 -0.054578587 0.8567368 2.0 0.0 0.0 0.0 1.0 0.11894256 -0.9838872 -0.13348706 -2.5 0.85017145 0.1703673 -0.49818033 1.3467846 0.51289505 -0.054232016 0.85673666 2.0 0.0 0.0 0.0 1.0 0.12093678 -0.983644 -0.13348699 -2.5 0.8498243 0.17209032 -0.4981803 1.3467846 0.5130039 -0.05319217 0.85673666 2.0 0.0 0.0 0.0 1.0 0.12425956 -0.9832298 -0.133487 -2.5 0.8492381 0.17496064 -0.4981803 1.3467846 0.5131807 -0.051458567 0.85673666 2.0 0.0 0.0 0.0 1.0 0.12890938 -0.98263097 -0.13348699 -2.5 0.84840083 0.17897603 -0.49818027 1.3467846 0.5134183 -0.04903038 0.85673666 2.0 0.0 0.0 0.0 1.0 0.13488376 -0.98182863 -0.13348697 -2.5 0.84729654 0.18413305 -0.4981802 1.3467846 0.513707 -0.045906648 0.8567366 2.0 0.0 0.0 0.0 1.0 0.14217907 -0.98079884 -0.13348696 -2.5 0.84590435 0.19042689 -0.49818027 1.3467846 0.51403415 -0.042086363 0.8567367 2.0 0.0 0.0 0.0 1.0 0.15045983 -0.97956276 -0.13348697 -2.5 0.84426546 0.19756633 -0.49818027 1.3467846 0.51437134 -0.0377423 0.8567367 2.0 0.0 0.0 0.0 1.0 0.157738 -0.97841716 -0.13348694 -2.5 0.8427733 0.2038373 -0.49818024 1.3467846 0.5146377 -0.033917278 0.85673666 2.0 0.0 0.0 0.0 1.0 0.16368619 -0.97743964 -0.13348697 -2.5 0.8415179 0.20895967 -0.49818027 1.3467846 0.51483446 -0.03078647 0.8567368 2.0 0.0 0.0 0.0 1.0 0.16830814 -0.97665435 -0.13348694 -2.5 0.8405201 0.21293807 -0.49818027 1.3467846 0.51497436 -0.028350666 0.8567367 2.0 0.0 0.0 0.0 1.0 0.1716071 -0.9760802 -0.13348699 -2.5 0.8397958 0.21577683 -0.49818027 1.3467846 0.5150672 -0.026610553 0.8567368 2.0 0.0 0.0 0.0 1.0 0.17358544 -0.97573024 -0.13348699 -2.5 0.8393566 0.21747884 -0.4981802 1.3467846 0.5151201 -0.025566325 0.8567367 2.0 0.0 0.0 0.0 1.0 0.17424461 -0.9756127 -0.13348696 -2.5 0.8392095 0.21804586 -0.49818027 1.3467846 0.5151372 -0.025218263 0.8567367 2.0 0.0 0.0 0.0 1.0 0.16948178 -0.9764514 -0.13348694 -2.5 0.8402635 0.2139481 -0.49818027 1.3467846 0.51500803 -0.027731732 0.8567367 2.0 0.0 0.0 0.0 1.0 0.15516952 -0.97882783 -0.13348696 -2.5 0.84330547 0.20162472 -0.49818024 1.3467846 0.5145469 -0.03526786 0.8567367 2.0 0.0 0.0 0.0 1.0 0.13124335 -0.982322 -0.1334869 -2.5 0.84797335 0.180991 -0.4981802 1.3467846 0.51353323 -0.04781051 0.85673666 2.0 0.0 0.0 0.0 1.0 0.0976187 -0.9862312 -0.13348694 -2.5 0.85365987 0.15192556 -0.49818027 1.3467846 0.511601 -0.06532073 0.8567367 2.0 0.0 0.0 0.0 1.0 0.063880205 -0.9889897 -0.13348699 -2.5 0.8583504 0.12268293 -0.4981802 1.3467846 0.50907165 -0.082754746 0.8567367 2.0 0.0 0.0 0.0 1.0 0.0397332 -0.9902538 -0.13348697 -2.5 0.8610879 0.10170558 -0.49818024 1.3467846 0.5069012 -0.095149726 0.85673666 2.0 0.0 0.0 0.0 1.0 0.025232822 -0.9907294 -0.13348697 -2.5 0.86248463 0.08908942 -0.49818024 1.3467846 0.505454 -0.102559954 0.8567368 2.0 0.0 0.0 0.0 1.0 0.02039802 -0.99084073 -0.13348697 -2.5 0.86290914 0.08487964 -0.49818027 1.3467846 0.50494754 -0.10502525 0.8567368 2.0 0.0 0.0 0.0 1.0 0.02520144 -0.9907301 -0.13348693 -2.5 0.8624874 0.089062095 -0.49818018 1.3467846 0.5054507 -0.10257593 0.85673666 2.0 0.0 0.0 0.0 1.0 0.039607972 -0.9902588 -0.13348694 -2.5 0.8611008 0.10159668 -0.4981802 1.3467846 0.50688916 -0.09521383 0.85673666 2.0 0.0 0.0 0.0 1.0 0.06359863 -0.98900783 -0.13348697 -2.5 0.8583853 0.12243855 -0.49818027 1.3467846 0.5090481 -0.08289969 0.8567367 2.0 0.0 0.0 0.0 1.0 0.0875518 -0.9871758 -0.13348697 -2.5 0.8551655 0.14320835 -0.49818027 1.3467846 0.51090795 -0.07053684 0.8567367 2.0 0.0 0.0 0.0 1.0 0.1019001 -0.9857979 -0.13348699 -2.5 0.85299206 0.15563083 -0.49818027 1.3467846 0.51187974 -0.06309874 0.85673666 2.0 0.0 0.0 0.0 1.0 0.10667819 -0.9852925 -0.13348699 -2.5 0.8522276 0.15976441 -0.49818033 1.3467846 0.51217973 -0.06061633 0.8567367 2.0 0.0 0.0 0.0 1.0 0.104958296 -0.9854771 -0.13348694 -2.5 0.8525052 0.15827668 -0.49818027 1.3467846 0.5120731 -0.06151016 0.8567367 2.0 0.0 0.0 0.0 1.0 0.09979698 -0.9860132 -0.133487 -2.5 0.85332215 0.15381089 -0.49818027 1.3467846 0.511744 -0.06419055 0.8567367 2.0 0.0 0.0 0.0 1.0 0.09118864 -0.9868466 -0.13348702 -2.5 0.8546321 0.14635846 -0.49818036 1.3467846 0.5111644 -0.06865385 0.8567368 2.0 0.0 0.0 0.0 1.0 0.079125464 -0.98788685 -0.13348694 -2.5 0.8563562 0.1359064 -0.49818027 1.3467846 0.51028746 -0.07489364 0.85673666 2.0 0.0 0.0 0.0 1.0 0.06359863 -0.98900783 -0.13348697 -2.5 0.8583853 0.12243855 -0.49818027 1.3467846 0.5090481 -0.08289969 0.8567367 2.0 0.0 0.0 0.0 1.0 0.048056006 -0.9898849 -0.13348699 -2.5 0.8602027 0.10894042 -0.4981803 1.3467846 0.5076832 -0.09088531 0.8567368 2.0 0.0 0.0 0.0 1.0 0.035958976 -0.990398 -0.13348696 -2.5 0.8614693 0.09842315 -0.4981802 1.3467846 0.50653493 -0.09708087 0.8567367 2.0 0.0 0.0 0.0 1.0 0.027314872 -0.99067426 -0.13348699 -2.5 0.8622955 0.09090176 -0.49818027 1.3467846 0.50566846 -0.101497486 0.8567368 2.0 0.0 0.0 0.0 1.0 0.02212742 -0.9908036 -0.133487 -2.5 0.8627596 0.0863857 -0.4981802 1.3467846 0.5051301 -0.104143724 0.8567367 2.0 0.0 0.0 0.0 1.0 0.02039802 -0.99084073 -0.13348697 -2.5 0.86290914 0.08487964 -0.49818027 1.3467846 0.50494754 -0.10502525 0.8567368 2.0 0.0 0.0 0.0 1.0 0.023342073 -0.9907917 -0.1333685 -2.5 0.8635794 0.08719367 -0.49661657 1.3467846 0.5036724 -0.10358223 0.8576625 2.0 0.0 0.0 0.0 1.0 0.032171875 -0.9905963 -0.13298093 -2.5 0.8655354 0.094147116 -0.4919194 1.3467846 0.49981332 -0.09927373 0.8604251 2.0 0.0 0.0 0.0 1.0 0.046878427 -0.99011034 -0.13222808 -2.5 0.868612 0.10577312 -0.48407185 1.3467846 0.49327064 -0.092162356 0.86498004 2.0 0.0 0.0 0.0 1.0 0.06744096 -0.98909247 -0.13094984 -2.5 0.8725319 0.12212196 -0.47304788 1.3467846 0.48387992 -0.08235511 0.87125075 2.0 0.0 0.0 0.0 1.0 0.0879623 -0.9876819 -0.12941067 -2.5 0.87599856 0.13854745 -0.46198612 1.3467846 0.4742248 -0.072726205 0.8773949 2.0 0.0 0.0 0.0 1.0 0.10258925 -0.98643434 -0.12815195 -2.5 0.87819624 0.15032202 -0.45406485 1.3467846 0.46716917 -0.06596041 0.8817043 2.0 0.0 0.0 0.0 1.0 0.11135116 -0.98558974 -0.12733321 -2.5 0.8794029 0.15740219 -0.44930506 1.3467846 0.46287298 -0.061946556 0.88425744 2.0 0.0 0.0 0.0 1.0 0.11426911 -0.9852924 -0.12704967 -2.5 0.87978655 0.15976456 -0.4477175 1.3467846 0.4614306 -0.060616314 0.8851031 2.0 0.0 0.0 0.0 1.0 0.11135098 -0.9855898 -0.12733313 -2.5 0.87940294 0.15740201 -0.44930512 1.3467846 0.462873 -0.061946586 0.88425744 2.0 0.0 0.0 0.0 1.0 0.10258925 -0.98643434 -0.12815195 -2.5 0.87819624 0.15032202 -0.45406485 1.3467846 0.46716917 -0.06596041 0.8817043 2.0 0.0 0.0 0.0 1.0 0.08796233 -0.9876819 -0.12941065 -2.5 0.87599856 0.13854742 -0.46198612 1.3467846 0.47422484 -0.07272619 0.8773949 2.0 0.0 0.0 0.0 1.0 0.06744096 -0.98909247 -0.13094984 -2.5 0.8725319 0.12212196 -0.47304788 1.3467846 0.48387992 -0.08235511 0.87125075 2.0 0.0 0.0 0.0 1.0 0.046878427 -0.99011034 -0.13222808 -2.5 0.868612 0.10577312 -0.48407185 1.3467846 0.49327064 -0.092162356 0.86498004 2.0 0.0 0.0 0.0 1.0 0.032171875 -0.9905963 -0.13298093 -2.5 0.8655354 0.094147116 -0.4919194 1.3467846 0.49981332 -0.09927373 0.8604251 2.0 0.0 0.0 0.0 1.0 0.023341984 -0.9907916 -0.13336845 -2.5 0.86357933 0.08719358 -0.49661654 1.3467846 0.50367236 -0.10358222 0.85766244 2.0 0.0 0.0 0.0 1.0 0.02039802 -0.99084073 -0.13348697 -2.5 0.86290914 0.08487964 -0.49818027 1.3467846 0.50494754 -0.10502525 0.8567368 2.0 0.0 0.0 0.0 1.0 0.022327155 -0.99081457 -0.13337165 -2.5 0.8632184 0.08640346 -0.4973815 1.3467846 0.5043366 -0.104023755 0.85721856 2.0 0.0 0.0 0.0 1.0 0.028113753 -0.99071527 -0.13301498 -2.5 0.8641257 0.09097889 -0.49498457 1.3467846 0.5024903 -0.101025775 0.8586602 2.0 0.0 0.0 0.0 1.0 0.037754297 -0.99047923 -0.13238451 -2.5 0.8655672 0.0986169 -0.49098706 1.3467846 0.4993678 -0.0960508 0.8610494 2.0 0.0 0.0 0.0 1.0 0.051241398 -0.9900008 -0.13142642 -2.5 0.8674368 0.10933447 -0.4853859 1.3467846 0.4949018 -0.089132264 0.8643655 2.0 0.0 0.0 0.0 1.0 0.0685612 -0.9891322 -0.13006547 -2.5 0.8695858 0.12315267 -0.47817796 1.3467846 0.4889991 -0.08031863 0.86857873 2.0 0.0 0.0 0.0 1.0 0.089690566 -0.9876836 -0.12820563 -2.5 0.8718216 0.14009446 -0.46936184 1.3467846 0.4815419 -0.06967513 0.8736491 2.0 0.0 0.0 0.0 1.0 0.11459172 -0.9854241 -0.12573014 -2.5 0.87390894 0.16018003 -0.4589396 1.3467846 0.47238958 -0.057286024 0.87952626 2.0 0.0 0.0 0.0 1.0 0.1422562 -0.98220605 -0.122616455 -2.5 0.8755259 0.1826477 -0.44731927 1.3467846 0.46175522 -0.043719932 0.88592947 2.0 0.0 0.0 0.0 1.0 0.16694129 -0.9786972 -0.11951099 -2.5 0.8763367 0.2028336 -0.43691298 1.3467846 0.45184624 -0.031793028 0.8915293 2.0 0.0 0.0 0.0 1.0 0.18772805 -0.9752695 -0.116653115 -2.5 0.8765505 0.21993399 -0.42812234 1.3467846 0.44319054 -0.021881774 0.89616054 2.0 0.0 0.0 0.0 1.0 0.20465904 -0.97215366 -0.11415905 -2.5 0.87640333 0.2339325 -0.4209432 1.3467846 0.4359269 -0.01389952 0.8998749 2.0 0.0 0.0 0.0 1.0 0.21777597 -0.96953714 -0.11212282 -2.5 0.8760884 0.24482134 -0.4153694 1.3467846 0.43016607 -0.0077720284 0.9027164 2.0 0.0 0.0 0.0 1.0 0.22711599 -0.96756524 -0.11061698 -2.5 0.8757563 0.2525984 -0.41139418 1.3467846 0.4259923 -0.003439322 0.9047204 2.0 0.0 0.0 0.0 1.0 0.23270777 -0.96634084 -0.10969299 -2.5 0.8755141 0.25726393 -0.40901163 1.3467846 0.42346466 -8.575916E-4 0.9059123 2.0 0.0 0.0 0.0 1.0 0.2345697 -0.9659259 -0.1093816 -2.5 0.8754261 0.258819 -0.4082179 1.3467846 0.4226182 1.4901161E-8 0.9063078 2.0 0.0 0.0 0.0 1.0 0.2345697 -0.9659259 -0.1093816 -2.5 0.8754261 0.258819 -0.4082179 1.3467846 0.4226182 1.4901161E-8 0.9063078 2.0 0.0 0.0 0.0 1.0 0.2345697 -0.9659259 -0.1093816 -2.5 0.8754261 0.258819 -0.4082179 1.3467846 0.4226182 1.4901161E-8 0.9063078 2.0 0.0 0.0 0.0 1.0 0.2345697 -0.9659259 -0.1093816 -2.5 0.8754261 0.258819 -0.4082179 1.3467846 0.4226182 1.4901161E-8 0.9063078 2.0 0.0 0.0 0.0 1.0 0.2345697 -0.9659259 -0.1093816 -2.5 0.8754261 0.258819 -0.4082179 1.3467846 0.4226182 1.4901161E-8 0.9063078 2.0 0.0 0.0 0.0 1.0 0.2345697 -0.9659259 -0.1093816 -2.5 0.8754261 0.258819 -0.4082179 1.3467846 0.4226182 1.4901161E-8 0.9063078 2.0 0.0 0.0 0.0 1.0 0.2345697 -0.9659259 -0.1093816 -2.5 0.8754261 0.258819 -0.4082179 1.3467846 0.4226182 1.4901161E-8 0.9063078 2.0 0.0 0.0 0.0 1.0 0.2345697 -0.9659259 -0.1093816 -2.5 0.8754261 0.258819 -0.4082179 1.3467846 0.4226182 1.4901161E-8 0.9063078 2.0 0.0 0.0 0.0 1.0 0.2345697 -0.9659259 -0.1093816 -2.5 0.8754261 0.258819 -0.4082179 1.3467846 0.4226182 1.4901161E-8 0.9063078 2.0 0.0 0.0 0.0 1.0 </float_array>
          <technique_common>
            <accessor count="143" source="#Left_Wing1-global-anim-outSource-global-array" stride="16">
              <param type="float4x4"/>
            </accessor>
          </technique_common>
        </source>
        <sampler id="Left_Wing1-global-anim-globalSampler">
          <input semantic="INPUT" source="#Left_Wing1-global-anim-inSource-TIME"/>
          <input semantic="OUTPUT" source="#Left_Wing1-global-anim-outSource-global"/>
          <input semantic="INTERPOLATION" source="#Left_Wing1-global-anim-interpolation"/>
        </sampler>
        <channel source="#Left_Wing1-global-anim-globalSampler" target="Left_Wing1-global/matrix"/>
      </animation>
    </animation>
    <animation id="Left_Wing1-local-anim" name="Left_Wing1-local-anim">
      <animation>
        <source id="Left_Wing1-local-anim-inSource-TIME">
          <float_array count="143" id="Left_Wing1-local-anim-inSource-TIME-array">0.0 0.041666668 0.083333336 0.125 0.16666667 0.20833333 0.25 0.29166666 0.33333334 0.375 0.41666666 0.45833334 0.5 0.5416667 0.5833333 0.625 0.6666667 0.7083333 0.75 0.7916667 0.8333333 0.875 0.9166667 0.9583333 1.0 1.0416666 1.0833334 1.125 1.1666666 1.2083334 1.25 1.2916666 1.3333334 1.375 1.4166666 1.4583334 1.5 1.5416666 1.5833334 1.625 1.6666666 1.7083334 1.75 1.7916666 1.8333334 1.875 1.9166666 1.9583334 2.0 2.0416667 2.0833333 2.125 2.1666667 2.2083333 2.25 2.2916667 2.3333333 2.375 2.4166667 2.4583333 2.5 2.5416667 2.5833333 2.625 2.6666667 2.7083333 2.75 2.7916667 2.8333333 2.875 2.9166667 2.9583333 3.0 3.0416667 3.0833333 3.125 3.1666667 3.2083333 3.25 3.2916667 3.3333333 3.375 3.4166667 3.4583333 3.5 3.5416667 3.5833333 3.625 3.6666667 3.7083333 3.75 3.7916667 3.8333333 3.875 3.9166667 3.9583333 4.0 4.0416665 4.0833335 4.125 4.1666665 4.2083335 4.25 4.2916665 4.3333335 4.375 4.4166665 4.4583335 4.5 4.5416665 4.5833335 4.625 4.6666665 4.7083335 4.75 4.7916665 4.8333335 4.875 4.9166665 4.9583335 5.0 5.0416665 5.0833335 5.125 5.1666665 5.2083335 5.25 5.2916665 5.3333335 5.375 5.4166665 5.4583335 5.5 5.5416665 5.5833335 5.625 5.6666665 5.7083335 5.75 5.7916665 5.8333335 5.875 5.9166665 </float_array>
          <technique_common>
            <accessor count="143" source="#Left_Wing1-local-anim-inSource-TIME-array">
              <param name="TIME" type="float"/>
            </accessor>
          </technique_common>
        </source>
        <source id="Left_Wing1-local-anim-interpolation">
          <Name_array count="143" id="Left_Wing1-local-anim-interpolation-array">LINEAR LINEAR LINEAR LINEAR LINEAR LINEAR LINEAR LINEAR LINEAR LINEAR LINEAR LINEAR LINEAR LINEAR LINEAR LINEAR LINEAR LINEAR LINEAR LINEAR LINEAR LINEAR LINEAR LINEAR LINEAR LINEAR LINEAR LINEAR LINEAR LINEAR LINEAR LINEAR LINEAR LINEAR LINEAR LINEAR LINEAR LINEAR LINEAR LINEAR LINEAR LINEAR LINEAR LINEAR LINEAR LINEAR LINEAR LINEAR LINEAR LINEAR LINEAR LINEAR LINEAR LINEAR LINEAR LINEAR LINEAR LINEAR LINEAR LINEAR LINEAR LINEAR LINEAR LINEAR LINEAR LINEAR LINEAR LINEAR LINEAR LINEAR LINEAR LINEAR LINEAR LINEAR LINEAR LINEAR LINEAR LINEAR LINEAR LINEAR LINEAR LINEAR LINEAR LINEAR LINEAR LINEAR LINEAR LINEAR LINEAR LINEAR LINEAR LINEAR LINEAR LINEAR LINEAR LINEAR LINEAR LINEAR LINEAR LINEAR LINEAR LINEAR LINEAR LINEAR LINEAR LINEAR LINEAR LINEAR LINEAR LINEAR LINEAR LINEAR LINEAR LINEAR LINEAR LINEAR LINEAR LINEAR LINEAR LINEAR LINEAR LINEAR LINEAR LINEAR LINEAR LINEAR LINEAR LINEAR LINEAR LINEAR LINEAR LINEAR LINEAR LINEAR LINEAR LINEAR LINEAR LINEAR LINEAR LINEAR LINEAR LINEAR LINEAR </Name_array>
          <technique_common>
            <accessor count="143" source="#Left_Wing1-local-anim-interpolation-array">
              <param type="name"/>
            </accessor>
          </technique_common>
        </source>
        <source id="Left_Wing1-local-anim-outSource-local">
          <float_array count="2288" id="Left_Wing1-local-anim-outSource-local-array">1.0 0.0 0.0 -3.5 0.0 1.0 0.0 1.0628033 0.0 0.0 1.0 -2.5 0.0 0.0 0.0 1.0 1.0 0.0 0.0 -3.5 0.0 1.0 0.0 1.0628033 0.0 0.0 1.0 -2.5 0.0 0.0 0.0 1.0 1.0 0.0 0.0 -3.5 0.0 1.0 0.0 1.0628033 0.0 0.0 1.0 -2.5 0.0 0.0 0.0 1.0 1.0 0.0 0.0 -3.5 0.0 1.0 0.0 1.0628033 0.0 0.0 1.0 -2.5 0.0 0.0 0.0 1.0 1.0 0.0 0.0 -3.5 0.0 1.0 0.0 1.0628033 0.0 0.0 1.0 -2.5 0.0 0.0 0.0 1.0 1.0 0.0 0.0 -3.5 0.0 1.0 0.0 1.0628033 0.0 0.0 1.0 -2.5 0.0 0.0 0.0 1.0 1.0 0.0 0.0 -3.5 0.0 1.0 0.0 1.0628033 0.0 0.0 1.0 -2.5 0.0 0.0 0.0 1.0 1.0 0.0 0.0 -3.5 0.0 1.0 0.0 1.0628033 0.0 0.0 1.0 -2.5 0.0 0.0 0.0 1.0 1.0 0.0 0.0 -3.5 0.0 1.0 0.0 1.0628033 0.0 0.0 1.0 -2.5 0.0 0.0 0.0 1.0 1.0 0.0 0.0 -3.5 0.0 1.0 0.0 1.0628033 0.0 0.0 1.0 -2.5 0.0 0.0 0.0 1.0 1.0 0.0 0.0 -3.5 0.0 1.0 0.0 1.0628033 0.0 0.0 1.0 -2.5 0.0 0.0 0.0 1.0 1.0 0.0 0.0 -3.5 0.0 1.0 0.0 1.0628033 0.0 0.0 1.0 -2.5 0.0 0.0 0.0 1.0 1.0 0.0 0.0 -3.5 0.0 1.0 0.0 1.0628033 0.0 0.0 1.0 -2.5 0.0 0.0 0.0 1.0 1.0 0.0 0.0 -3.5 0.0 1.0 0.0 1.0628033 0.0 0.0 1.0 -2.5 0.0 0.0 0.0 1.0 1.0 0.0 0.0 -3.5 0.0 1.0 0.0 1.0628033 0.0 0.0 1.0 -2.5 0.0 0.0 0.0 1.0 1.0 0.0 0.0 -3.5 0.0 1.0 0.0 1.0628033 0.0 0.0 1.0 -2.5 0.0 0.0 0.0 1.0 1.0 0.0 0.0 -3.5 0.0 1.0 0.0 1.0628033 0.0 0.0 1.0 -2.5 0.0 0.0 0.0 1.0 1.0 0.0 0.0 -3.5 0.0 1.0 0.0 1.0628033 0.0 0.0 1.0 -2.5 0.0 0.0 0.0 1.0 1.0 0.0 0.0 -3.5 0.0 1.0 0.0 1.0628033 0.0 0.0 1.0 -2.5 0.0 0.0 0.0 1.0 1.0 0.0 0.0 -3.5 0.0 1.0 0.0 1.0628033 0.0 0.0 1.0 -2.5 0.0 0.0 0.0 1.0 1.0 0.0 0.0 -3.5 0.0 1.0 0.0 1.0628033 0.0 0.0 1.0 -2.5 0.0 0.0 0.0 1.0 1.0 0.0 0.0 -3.5 0.0 1.0 0.0 1.0628033 0.0 0.0 1.0 -2.5 0.0 0.0 0.0 1.0 1.0 0.0 0.0 -3.5 0.0 1.0 0.0 1.0628033 0.0 0.0 1.0 -2.5 0.0 0.0 0.0 1.0 1.0 0.0 0.0 -3.5 0.0 1.0 0.0 1.0628033 0.0 0.0 1.0 -2.5 0.0 0.0 0.0 1.0 1.0 0.0 0.0 -3.5 0.0 1.0 0.0 1.0628033 0.0 0.0 1.0 -2.5 0.0 0.0 0.0 1.0 1.0 0.0 0.0 -3.5 0.0 1.0 0.0 1.0628033 0.0 0.0 1.0 -2.5 0.0 0.0 0.0 1.0 1.0 0.0 0.0 -3.5 0.0 1.0 0.0 1.0628033 0.0 0.0 1.0 -2.5 0.0 0.0 0.0 1.0 1.0 0.0 0.0 -3.5 0.0 1.0 0.0 1.0628033 0.0 0.0 1.0 -2.5 0.0 0.0 0.0 1.0 1.0 0.0 0.0 -3.5 0.0 1.0 0.0 1.0628033 0.0 0.0 1.0 -2.5 0.0 0.0 0.0 1.0 1.0 0.0 0.0 -3.5 0.0 1.0 0.0 1.0628033 0.0 0.0 1.0 -2.5 0.0 0.0 0.0 1.0 1.0 0.0 0.0 -3.5 0.0 1.0 0.0 1.0628033 0.0 0.0 1.0 -2.5 0.0 0.0 0.0 1.0 1.0 0.0 0.0 -3.5 0.0 1.0 0.0 1.0628033 0.0 0.0 1.0 -2.5 0.0 0.0 0.0 1.0 1.0 0.0 0.0 -3.5 0.0 1.0 0.0 1.0628033 0.0 0.0 1.0 -2.5 0.0 0.0 0.0 1.0 1.0 0.0 0.0 -3.5 0.0 1.0 0.0 1.0628033 0.0 0.0 1.0 -2.5 0.0 0.0 0.0 1.0 1.0 0.0 0.0 -3.5 0.0 1.0 0.0 1.0628033 0.0 0.0 1.0 -2.5 0.0 0.0 0.0 1.0 1.0 0.0 0.0 -3.5 0.0 1.0 0.0 1.0628033 0.0 0.0 1.0 -2.5 0.0 0.0 0.0 1.0 1.0 0.0 0.0 -3.5 0.0 1.0 0.0 1.0628033 0.0 0.0 1.0 -2.5 0.0 0.0 0.0 1.0 1.0 0.0 0.0 -3.5 0.0 1.0 0.0 1.0628033 0.0 0.0 1.0 -2.5 0.0 0.0 0.0 1.0 1.0 0.0 0.0 -3.5 0.0 1.0 0.0 1.0628033 0.0 0.0 1.0 -2.5 0.0 0.0 0.0 1.0 1.0 0.0 0.0 -3.5 0.0 1.0 0.0 1.0628033 0.0 0.0 1.0 -2.5 0.0 0.0 0.0 1.0 1.0 0.0 0.0 -3.5 0.0 1.0 0.0 1.0628033 0.0 0.0 1.0 -2.5 0.0 0.0 0.0 1.0 1.0 0.0 0.0 -3.5 0.0 1.0 0.0 1.0628033 0.0 0.0 1.0 -2.5 0.0 0.0 0.0 1.0 1.0 0.0 0.0 -3.5 0.0 1.0 0.0 1.0628033 0.0 0.0 1.0 -2.5 0.0 0.0 0.0 1.0 1.0 0.0 0.0 -3.5 0.0 1.0 0.0 1.0628033 0.0 0.0 1.0 -2.5 0.0 0.0 0.0 1.0 1.0 0.0 0.0 -3.5 0.0 1.0 0.0 1.0628033 0.0 0.0 1.0 -2.5 0.0 0.0 0.0 1.0 1.0 0.0 0.0 -3.5 0.0 1.0 0.0 1.0628033 0.0 0.0 1.0 -2.5 0.0 0.0 0.0 1.0 1.0 0.0 0.0 -3.5 0.0 1.0 0.0 1.0628033 0.0 0.0 1.0 -2.5 0.0 0.0 0.0 1.0 1.0 0.0 0.0 -3.5 0.0 1.0 0.0 1.0628033 0.0 0.0 1.0 -2.5 0.0 0.0 0.0 1.0 1.0 0.0 0.0 -3.5 0.0 1.0 0.0 1.0628033 0.0 0.0 1.0 -2.5 0.0 0.0 0.0 1.0 1.0 0.0 0.0 -3.5 0.0 1.0 0.0 1.0628033 0.0 0.0 1.0 -2.5 0.0 0.0 0.0 1.0 1.0 0.0 0.0 -3.5 0.0 1.0 0.0 1.0628033 0.0 0.0 1.0 -2.5 0.0 0.0 0.0 1.0 1.0 0.0 0.0 -3.5 0.0 1.0 0.0 1.0628033 0.0 0.0 1.0 -2.5 0.0 0.0 0.0 1.0 1.0 0.0 0.0 -3.5 0.0 1.0 0.0 1.0628033 0.0 0.0 1.0 -2.5 0.0 0.0 0.0 1.0 1.0 0.0 0.0 -3.5 0.0 1.0 0.0 1.0628033 0.0 0.0 1.0 -2.5 0.0 0.0 0.0 1.0 1.0 0.0 0.0 -3.5 0.0 1.0 0.0 1.0628033 0.0 0.0 1.0 -2.5 0.0 0.0 0.0 1.0 1.0 0.0 0.0 -3.5 0.0 1.0 0.0 1.0628033 0.0 0.0 1.0 -2.5 0.0 0.0 0.0 1.0 1.0 0.0 0.0 -3.5 0.0 1.0 0.0 1.0628033 0.0 0.0 1.0 -2.5 0.0 0.0 0.0 1.0 1.0 0.0 0.0 -3.5 0.0 1.0 0.0 1.0628033 0.0 0.0 1.0 -2.5 0.0 0.0 0.0 1.0 1.0 0.0 0.0 -3.5 0.0 1.0 0.0 1.0628033 0.0 0.0 1.0 -2.5 0.0 0.0 0.0 1.0 1.0 0.0 0.0 -3.5 0.0 1.0 0.0 1.0628033 0.0 0.0 1.0 -2.5 0.0 0.0 0.0 1.0 1.0 0.0 0.0 -3.5 0.0 1.0 0.0 1.0628033 0.0 0.0 1.0 -2.5 0.0 0.0 0.0 1.0 1.0 0.0 0.0 -3.5 0.0 1.0 0.0 1.0628033 0.0 0.0 1.0 -2.5 0.0 0.0 0.0 1.0 1.0 0.0 0.0 -3.5 0.0 1.0 0.0 1.0628033 0.0 0.0 1.0 -2.5 0.0 0.0 0.0 1.0 1.0 0.0 0.0 -3.5 0.0 1.0 0.0 1.0628033 0.0 0.0 1.0 -2.5 0.0 0.0 0.0 1.0 1.0 0.0 0.0 -3.5 0.0 1.0 0.0 1.0628033 0.0 0.0 1.0 -2.5 0.0 0.0 0.0 1.0 1.0 0.0 0.0 -3.5 0.0 1.0 0.0 1.0628033 0.0 0.0 1.0 -2.5 0.0 0.0 0.0 1.0 1.0 0.0 0.0 -3.5 0.0 1.0 0.0 1.0628033 0.0 0.0 1.0 -2.5 0.0 0.0 0.0 1.0 1.0 0.0 0.0 -3.5 0.0 1.0 0.0 1.0628033 0.0 0.0 1.0 -2.5 0.0 0.0 0.0 1.0 1.0 0.0 0.0 -3.5 0.0 1.0 0.0 1.0628033 0.0 0.0 1.0 -2.5 0.0 0.0 0.0 1.0 1.0 0.0 0.0 -3.5 0.0 1.0 0.0 1.0628033 0.0 0.0 1.0 -2.5 0.0 0.0 0.0 1.0 1.0 0.0 0.0 -3.5 0.0 1.0 0.0 1.0628033 0.0 0.0 1.0 -2.5 0.0 0.0 0.0 1.0 1.0 0.0 0.0 -3.5 0.0 1.0 0.0 1.0628033 0.0 0.0 1.0 -2.5 0.0 0.0 0.0 1.0 1.0 0.0 0.0 -3.5 0.0 1.0 0.0 1.0628033 0.0 0.0 1.0 -2.5 0.0 0.0 0.0 1.0 1.0 0.0 0.0 -3.5 0.0 1.0 0.0 1.0628033 0.0 0.0 1.0 -2.5 0.0 0.0 0.0 1.0 1.0 0.0 0.0 -3.5 0.0 1.0 0.0 1.0628033 0.0 0.0 1.0 -2.5 0.0 0.0 0.0 1.0 1.0 0.0 0.0 -3.5 0.0 1.0 0.0 1.0628033 0.0 0.0 1.0 -2.5 0.0 0.0 0.0 1.0 1.0 0.0 0.0 -3.5 0.0 1.0 0.0 1.0628033 0.0 0.0 1.0 -2.5 0.0 0.0 0.0 1.0 1.0 0.0 0.0 -3.5 0.0 1.0 0.0 1.0628033 0.0 0.0 1.0 -2.5 0.0 0.0 0.0 1.0 1.0 0.0 0.0 -3.5 0.0 1.0 0.0 1.0628033 0.0 0.0 1.0 -2.5 0.0 0.0 0.0 1.0 1.0 0.0 0.0 -3.5 0.0 1.0 0.0 1.0628033 0.0 0.0 1.0 -2.5 0.0 0.0 0.0 1.0 1.0 0.0 0.0 -3.5 0.0 1.0 0.0 1.0628033 0.0 0.0 1.0 -2.5 0.0 0.0 0.0 1.0 1.0 0.0 0.0 -3.5 0.0 1.0 0.0 1.0628033 0.0 0.0 1.0 -2.5 0.0 0.0 0.0 1.0 1.0 0.0 0.0 -3.5 0.0 1.0 0.0 1.0628033 0.0 0.0 1.0 -2.5 0.0 0.0 0.0 1.0 1.0 0.0 0.0 -3.5 0.0 1.0 0.0 1.0628033 0.0 0.0 1.0 -2.5 0.0 0.0 0.0 1.0 1.0 0.0 0.0 -3.5 0.0 1.0 0.0 1.0628033 0.0 0.0 1.0 -2.5 0.0 0.0 0.0 1.0 1.0 0.0 0.0 -3.5 0.0 1.0 0.0 1.0628033 0.0 0.0 1.0 -2.5 0.0 0.0 0.0 1.0 1.0 0.0 0.0 -3.5 0.0 1.0 0.0 1.0628033 0.0 0.0 1.0 -2.5 0.0 0.0 0.0 1.0 1.0 0.0 0.0 -3.5 0.0 1.0 0.0 1.0628033 0.0 0.0 1.0 -2.5 0.0 0.0 0.0 1.0 1.0 0.0 0.0 -3.5 0.0 1.0 0.0 1.0628033 0.0 0.0 1.0 -2.5 0.0 0.0 0.0 1.0 1.0 0.0 0.0 -3.5 0.0 1.0 0.0 1.0628033 0.0 0.0 1.0 -2.5 0.0 0.0 0.0 1.0 1.0 0.0 0.0 -3.5 0.0 1.0 0.0 1.0628033 0.0 0.0 1.0 -2.5 0.0 0.0 0.0 1.0 1.0 0.0 0.0 -3.5 0.0 1.0 0.0 1.0628033 0.0 0.0 1.0 -2.5 0.0 0.0 0.0 1.0 1.0 0.0 0.0 -3.5 0.0 1.0 0.0 1.0628033 0.0 0.0 1.0 -2.5 0.0 0.0 0.0 1.0 1.0 0.0 0.0 -3.5 0.0 1.0 0.0 1.0628033 0.0 0.0 1.0 -2.5 0.0 0.0 0.0 1.0 1.0 0.0 0.0 -3.5 0.0 1.0 0.0 1.0628033 0.0 0.0 1.0 -2.5 0.0 0.0 0.0 1.0 1.0 0.0 0.0 -3.5 0.0 1.0 0.0 1.0628033 0.0 0.0 1.0 -2.5 0.0 0.0 0.0 1.0 1.0 0.0 0.0 -3.5 0.0 1.0 0.0 1.0628033 0.0 0.0 1.0 -2.5 0.0 0.0 0.0 1.0 1.0 0.0 0.0 -3.5 0.0 1.0 0.0 1.0628033 0.0 0.0 1.0 -2.5 0.0 0.0 0.0 1.0 1.0 0.0 0.0 -3.5 0.0 1.0 0.0 1.0628033 0.0 0.0 1.0 -2.5 0.0 0.0 0.0 1.0 1.0 0.0 0.0 -3.5 0.0 1.0 0.0 1.0628033 0.0 0.0 1.0 -2.5 0.0 0.0 0.0 1.0 1.0 0.0 0.0 -3.5 0.0 1.0 0.0 1.0628033 0.0 0.0 1.0 -2.5 0.0 0.0 0.0 1.0 1.0 0.0 0.0 -3.5 0.0 1.0 0.0 1.0628033 0.0 0.0 1.0 -2.5 0.0 0.0 0.0 1.0 1.0 0.0 0.0 -3.5 0.0 1.0 0.0 1.0628033 0.0 0.0 1.0 -2.5 0.0 0.0 0.0 1.0 1.0 0.0 0.0 -3.5 0.0 1.0 0.0 1.0628033 0.0 0.0 1.0 -2.5 0.0 0.0 0.0 1.0 1.0 0.0 0.0 -3.5 0.0 1.0 0.0 1.0628033 0.0 0.0 1.0 -2.5 0.0 0.0 0.0 1.0 1.0 0.0 0.0 -3.5 0.0 1.0 0.0 1.0628033 0.0 0.0 1.0 -2.5 0.0 0.0 0.0 1.0 1.0 0.0 0.0 -3.5 0.0 1.0 0.0 1.0628033 0.0 0.0 1.0 -2.5 0.0 0.0 0.0 1.0 1.0 0.0 0.0 -3.5 0.0 1.0 0.0 1.0628033 0.0 0.0 1.0 -2.5 0.0 0.0 0.0 1.0 1.0 0.0 0.0 -3.5 0.0 1.0 0.0 1.0628033 0.0 0.0 1.0 -2.5 0.0 0.0 0.0 1.0 1.0 0.0 0.0 -3.5 0.0 1.0 0.0 1.0628033 0.0 0.0 1.0 -2.5 0.0 0.0 0.0 1.0 1.0 0.0 0.0 -3.5 0.0 1.0 0.0 1.0628033 0.0 0.0 1.0 -2.5 0.0 0.0 0.0 1.0 1.0 0.0 0.0 -3.5 0.0 1.0 0.0 1.0628033 0.0 0.0 1.0 -2.5 0.0 0.0 0.0 1.0 1.0 0.0 0.0 -3.5 0.0 1.0 0.0 1.0628033 0.0 0.0 1.0 -2.5 0.0 0.0 0.0 1.0 1.0 0.0 0.0 -3.5 0.0 1.0 0.0 1.0628033 0.0 0.0 1.0 -2.5 0.0 0.0 0.0 1.0 1.0 0.0 0.0 -3.5 0.0 1.0 0.0 1.0628033 0.0 0.0 1.0 -2.5 0.0 0.0 0.0 1.0 1.0 0.0 0.0 -3.5 0.0 1.0 0.0 1.0628033 0.0 0.0 1.0 -2.5 0.0 0.0 0.0 1.0 1.0 0.0 0.0 -3.5 0.0 1.0 0.0 1.0628033 0.0 0.0 1.0 -2.5 0.0 0.0 0.0 1.0 1.0 0.0 0.0 -3.5 0.0 1.0 0.0 1.0628033 0.0 0.0 1.0 -2.5 0.0 0.0 0.0 1.0 1.0 0.0 0.0 -3.5 0.0 1.0 0.0 1.0628033 0.0 0.0 1.0 -2.5 0.0 0.0 0.0 1.0 1.0 0.0 0.0 -3.5 0.0 1.0 0.0 1.0628033 0.0 0.0 1.0 -2.5 0.0 0.0 0.0 1.0 1.0 0.0 0.0 -3.5 0.0 1.0 0.0 1.0628033 0.0 0.0 1.0 -2.5 0.0 0.0 0.0 1.0 1.0 0.0 0.0 -3.5 0.0 1.0 0.0 1.0628033 0.0 0.0 1.0 -2.5 0.0 0.0 0.0 1.0 1.0 0.0 0.0 -3.5 0.0 1.0 0.0 1.0628033 0.0 0.0 1.0 -2.5 0.0 0.0 0.0 1.0 1.0 0.0 0.0 -3.5 0.0 1.0 0.0 1.0628033 0.0 0.0 1.0 -2.5 0.0 0.0 0.0 1.0 1.0 0.0 0.0 -3.5 0.0 1.0 0.0 1.0628033 0.0 0.0 1.0 -2.5 0.0 0.0 0.0 1.0 1.0 0.0 0.0 -3.5 0.0 1.0 0.0 1.0628033 0.0 0.0 1.0 -2.5 0.0 0.0 0.0 1.0 1.0 0.0 0.0 -3.5 0.0 1.0 0.0 1.0628033 0.0 0.0 1.0 -2.5 0.0 0.0 0.0 1.0 1.0 0.0 0.0 -3.5 0.0 1.0 0.0 1.0628033 0.0 0.0 1.0 -2.5 0.0 0.0 0.0 1.0 1.0 0.0 0.0 -3.5 0.0 1.0 0.0 1.0628033 0.0 0.0 1.0 -2.5 0.0 0.0 0.0 1.0 1.0 0.0 0.0 -3.5 0.0 1.0 0.0 1.0628033 0.0 0.0 1.0 -2.5 0.0 0.0 0.0 1.0 1.0 0.0 0.0 -3.5 0.0 1.0 0.0 1.0628033 0.0 0.0 1.0 -2.5 0.0 0.0 0.0 1.0 1.0 0.0 0.0 -3.5 0.0 1.0 0.0 1.0628033 0.0 0.0 1.0 -2.5 0.0 0.0 0.0 1.0 1.0 0.0 0.0 -3.5 0.0 1.0 0.0 1.0628033 0.0 0.0 1.0 -2.5 0.0 0.0 0.0 1.0 1.0 0.0 0.0 -3.5 0.0 1.0 0.0 1.0628033 0.0 0.0 1.0 -2.5 0.0 0.0 0.0 1.0 1.0 0.0 0.0 -3.5 0.0 1.0 0.0 1.0628033 0.0 0.0 1.0 -2.5 0.0 0.0 0.0 1.0 1.0 0.0 0.0 -3.5 0.0 1.0 0.0 1.0628033 0.0 0.0 1.0 -2.5 0.0 0.0 0.0 1.0 1.0 0.0 0.0 -3.5 0.0 1.0 0.0 1.0628033 0.0 0.0 1.0 -2.5 0.0 0.0 0.0 1.0 1.0 0.0 0.0 -3.5 0.0 1.0 0.0 1.0628033 0.0 0.0 1.0 -2.5 0.0 0.0 0.0 1.0 1.0 0.0 0.0 -3.5 0.0 1.0 0.0 1.0628033 0.0 0.0 1.0 -2.5 0.0 0.0 0.0 1.0 1.0 0.0 0.0 -3.5 0.0 1.0 0.0 1.0628033 0.0 0.0 1.0 -2.5 0.0 0.0 0.0 1.0 1.0 0.0 0.0 -3.5 0.0 1.0 0.0 1.0628033 0.0 0.0 1.0 -2.5 0.0 0.0 0.0 1.0 1.0 0.0 0.0 -3.5 0.0 1.0 0.0 1.0628033 0.0 0.0 1.0 -2.5 0.0 0.0 0.0 1.0 1.0 0.0 0.0 -3.5 0.0 1.0 0.0 1.0628033 0.0 0.0 1.0 -2.5 0.0 0.0 0.0 1.0 </float_array>
          <technique_common>
            <accessor count="143" source="#Left_Wing1-local-anim-outSource-local-array" stride="16">
              <param type="float4x4"/>
            </accessor>
          </technique_common>
        </source>
        <sampler id="Left_Wing1-local-anim-localSampler">
          <input semantic="INPUT" source="#Left_Wing1-local-anim-inSource-TIME"/>
          <input semantic="OUTPUT" source="#Left_Wing1-local-anim-outSource-local"/>
          <input semantic="INTERPOLATION" source="#Left_Wing1-local-anim-interpolation"/>
        </sampler>
        <channel source="#Left_Wing1-local-anim-localSampler" target="Left_Wing1-local/matrix"/>
      </animation>
    </animation>
    <animation id="Left_Wing2-global-anim" name="Left_Wing2-global-anim">
      <animation>
        <source id="Left_Wing2-global-anim-inSource-TIME">
          <float_array count="143" id="Left_Wing2-global-anim-inSource-TIME-array">0.0 0.041666668 0.083333336 0.125 0.16666667 0.20833333 0.25 0.29166666 0.33333334 0.375 0.41666666 0.45833334 0.5 0.5416667 0.5833333 0.625 0.6666667 0.7083333 0.75 0.7916667 0.8333333 0.875 0.9166667 0.9583333 1.0 1.0416666 1.0833334 1.125 1.1666666 1.2083334 1.25 1.2916666 1.3333334 1.375 1.4166666 1.4583334 1.5 1.5416666 1.5833334 1.625 1.6666666 1.7083334 1.75 1.7916666 1.8333334 1.875 1.9166666 1.9583334 2.0 2.0416667 2.0833333 2.125 2.1666667 2.2083333 2.25 2.2916667 2.3333333 2.375 2.4166667 2.4583333 2.5 2.5416667 2.5833333 2.625 2.6666667 2.7083333 2.75 2.7916667 2.8333333 2.875 2.9166667 2.9583333 3.0 3.0416667 3.0833333 3.125 3.1666667 3.2083333 3.25 3.2916667 3.3333333 3.375 3.4166667 3.4583333 3.5 3.5416667 3.5833333 3.625 3.6666667 3.7083333 3.75 3.7916667 3.8333333 3.875 3.9166667 3.9583333 4.0 4.0416665 4.0833335 4.125 4.1666665 4.2083335 4.25 4.2916665 4.3333335 4.375 4.4166665 4.4583335 4.5 4.5416665 4.5833335 4.625 4.6666665 4.7083335 4.75 4.7916665 4.8333335 4.875 4.9166665 4.9583335 5.0 5.0416665 5.0833335 5.125 5.1666665 5.2083335 5.25 5.2916665 5.3333335 5.375 5.4166665 5.4583335 5.5 5.5416665 5.5833335 5.625 5.6666665 5.7083335 5.75 5.7916665 5.8333335 5.875 5.9166665 </float_array>
          <technique_common>
            <accessor count="143" source="#Left_Wing2-global-anim-inSource-TIME-array">
              <param name="TIME" type="float"/>
            </accessor>
          </technique_common>
        </source>
        <source id="Left_Wing2-global-anim-interpolation">
          <Name_array count="143" id="Left_Wing2-global-anim-interpolation-array">LINEAR LINEAR LINEAR LINEAR LINEAR LINEAR LINEAR LINEAR LINEAR LINEAR LINEAR LINEAR LINEAR LINEAR LINEAR LINEAR LINEAR LINEAR LINEAR LINEAR LINEAR LINEAR LINEAR LINEAR LINEAR LINEAR LINEAR LINEAR LINEAR LINEAR LINEAR LINEAR LINEAR LINEAR LINEAR LINEAR LINEAR LINEAR LINEAR LINEAR LINEAR LINEAR LINEAR LINEAR LINEAR LINEAR LINEAR LINEAR LINEAR LINEAR LINEAR LINEAR LINEAR LINEAR LINEAR LINEAR LINEAR LINEAR LINEAR LINEAR LINEAR LINEAR LINEAR LINEAR LINEAR LINEAR LINEAR LINEAR LINEAR LINEAR LINEAR LINEAR LINEAR LINEAR LINEAR LINEAR LINEAR LINEAR LINEAR LINEAR LINEAR LINEAR LINEAR LINEAR LINEAR LINEAR LINEAR LINEAR LINEAR LINEAR LINEAR LINEAR LINEAR LINEAR LINEAR LINEAR LINEAR LINEAR LINEAR LINEAR LINEAR LINEAR LINEAR LINEAR LINEAR LINEAR LINEAR LINEAR LINEAR LINEAR LINEAR LINEAR LINEAR LINEAR LINEAR LINEAR LINEAR LINEAR LINEAR LINEAR LINEAR LINEAR LINEAR LINEAR LINEAR LINEAR LINEAR LINEAR LINEAR LINEAR LINEAR LINEAR LINEAR LINEAR LINEAR LINEAR LINEAR LINEAR LINEAR LINEAR LINEAR LINEAR LINEAR </Name_array>
          <technique_common>
            <accessor count="143" source="#Left_Wing2-global-anim-interpolation-array">
              <param type="name"/>
            </accessor>
          </technique_common>
        </source>
        <source id="Left_Wing2-global-anim-outSource-global">
          <float_array count="2288" id="Left_Wing2-global-anim-outSource-global-array">0.08715582 0.0 -0.9961948 -8.0 0.0 1.0000001 0.0 1.0000005 0.9961948 0.0 0.08715582 1.0000005 0.0 0.0 0.0 1.0 0.08715582 0.0 -0.9961948 -8.0 0.0 1.0000001 0.0 1.0000005 0.9961948 0.0 0.08715582 1.0000005 0.0 0.0 0.0 1.0 0.08715582 0.0 -0.9961948 -8.0 0.0 1.0000001 0.0 1.0000005 0.9961948 0.0 0.08715582 1.0000005 0.0 0.0 0.0 1.0 0.08715582 0.0 -0.9961948 -8.0 0.0 1.0000001 0.0 1.0000005 0.9961948 0.0 0.08715582 1.0000005 0.0 0.0 0.0 1.0 0.08715582 0.0 -0.9961948 -8.0 0.0 1.0000001 0.0 1.0000005 0.9961948 0.0 0.08715582 1.0000005 0.0 0.0 0.0 1.0 0.08715582 0.0 -0.9961948 -8.0 0.0 1.0000001 0.0 1.0000005 0.9961948 0.0 0.08715582 1.0000005 0.0 0.0 0.0 1.0 0.08715582 0.0 -0.9961948 -8.0 0.0 1.0000001 0.0 1.0000005 0.9961948 0.0 0.08715582 1.0000005 0.0 0.0 0.0 1.0 0.0871557 0.0 -0.9961947 -8.0 0.0 1.0 0.0 1.0000005 0.9961947 0.0 0.0871557 1.0000005 0.0 0.0 0.0 1.0 0.08715582 0.0 -0.9961948 -8.0 0.0 1.0000001 0.0 1.0000005 0.9961948 0.0 0.08715582 1.0000005 0.0 0.0 0.0 1.0 0.08715582 0.0 -0.9961948 -8.0 0.0 1.0000001 0.0 1.0000005 0.9961948 0.0 0.08715582 1.0000005 0.0 0.0 0.0 1.0 0.08715582 0.0 -0.9961948 -8.0 0.0 1.0000001 0.0 1.0000005 0.9961948 0.0 0.08715582 1.0000005 0.0 0.0 0.0 1.0 0.08715582 0.0 -0.9961948 -8.0 0.0 1.0000001 0.0 1.0000005 0.9961948 0.0 0.08715582 1.0000005 0.0 0.0 0.0 1.0 0.08715582 0.0 -0.9961948 -8.0 0.0 1.0000001 0.0 1.0000005 0.9961948 0.0 0.08715582 1.0000005 0.0 0.0 0.0 1.0 0.08715582 0.0 -0.9961948 -8.0 0.0 1.0000001 0.0 1.0000005 0.9961948 0.0 0.08715582 1.0000005 0.0 0.0 0.0 1.0 0.08715582 0.0 -0.9961948 -8.0 0.0 1.0000001 0.0 1.0000005 0.9961948 0.0 0.08715582 1.0000005 0.0 0.0 0.0 1.0 0.08715582 0.0 -0.9961948 -8.0 0.0 1.0000001 0.0 1.0000005 0.9961948 0.0 0.08715582 1.0000005 0.0 0.0 0.0 1.0 0.08715582 0.0 -0.9961948 -8.0 0.0 1.0000001 0.0 1.0000005 0.9961948 0.0 0.08715582 1.0000005 0.0 0.0 0.0 1.0 0.08715582 0.0 -0.9961948 -8.0 0.0 1.0000001 0.0 1.0000005 0.9961948 0.0 0.08715582 1.0000005 0.0 0.0 0.0 1.0 0.08715582 0.0 -0.9961948 -8.0 0.0 1.0000001 0.0 1.0000005 0.9961948 0.0 0.08715582 1.0000005 0.0 0.0 0.0 1.0 0.08715582 0.0 -0.9961948 -8.0 0.0 1.0000001 0.0 1.0000005 0.9961948 0.0 0.08715582 1.0000005 0.0 0.0 0.0 1.0 0.08715582 0.0 -0.9961948 -8.0 0.0 1.0000001 0.0 1.0000005 0.9961948 0.0 0.08715582 1.0000005 0.0 0.0 0.0 1.0 0.08715591 0.0 -0.9961947 -8.0 0.0 1.0 0.0 1.0000005 0.9961947 0.0 0.08715591 1.0000005 0.0 0.0 0.0 1.0 0.08715582 0.0 -0.9961948 -8.0 0.0 1.0000001 0.0 1.0000005 0.9961948 0.0 0.08715582 1.0000005 0.0 0.0 0.0 1.0 0.08715582 0.0 -0.9961948 -8.0 0.0 1.0000001 0.0 1.0000005 0.9961948 0.0 0.08715582 1.0000005 0.0 0.0 0.0 1.0 0.08715582 0.0 -0.9961948 -8.0 0.0 1.0000001 0.0 1.0000005 0.9961948 0.0 0.08715582 1.0000005 0.0 0.0 0.0 1.0 0.08715582 0.0 -0.9961948 -8.0 0.0 1.0000001 0.0 1.0000005 0.9961948 0.0 0.08715582 1.0000005 0.0 0.0 0.0 1.0 0.08715582 0.0 -0.9961948 -8.0 0.0 1.0000001 0.0 1.0000005 0.9961948 0.0 0.08715582 1.0000005 0.0 0.0 0.0 1.0 0.08715582 0.0 -0.9961948 -8.0 0.0 1.0000001 0.0 1.0000005 0.9961948 0.0 0.08715582 1.0000005 0.0 0.0 0.0 1.0 0.08715582 0.0 -0.9961948 -8.0 0.0 1.0000001 0.0 1.0000005 0.9961948 0.0 0.08715582 1.0000005 0.0 0.0 0.0 1.0 0.08715582 0.0 -0.9961948 -8.0 0.0 1.0000001 0.0 1.0000005 0.9961948 0.0 0.08715582 1.0000005 0.0 0.0 0.0 1.0 0.08715582 0.0 -0.9961948 -8.0 0.0 1.0000001 0.0 1.0000005 0.9961948 0.0 0.08715582 1.0000005 0.0 0.0 0.0 1.0 0.08715582 0.0 -0.9961948 -8.0 0.0 1.0000001 0.0 1.0000005 0.9961948 0.0 0.08715582 1.0000005 0.0 0.0 0.0 1.0 0.08715582 0.0 -0.9961948 -8.0 0.0 1.0000001 0.0 1.0000005 0.9961948 0.0 0.08715582 1.0000005 0.0 0.0 0.0 1.0 0.08715582 0.0 -0.9961948 -8.0 0.0 1.0000001 0.0 1.0000005 0.9961948 0.0 0.08715582 1.0000005 0.0 0.0 0.0 1.0 0.0871557 0.0 -0.9961947 -8.0 0.0 1.0 0.0 1.0000005 0.9961947 0.0 0.0871557 1.0000005 0.0 0.0 0.0 1.0 0.08715591 0.0 -0.9961947 -8.0 0.0 1.0 0.0 1.0000005 0.9961947 0.0 0.08715591 1.0000005 0.0 0.0 0.0 1.0 0.08715582 0.0 -0.9961948 -8.0 0.0 1.0000001 0.0 1.0000005 0.9961948 0.0 0.08715582 1.0000005 0.0 0.0 0.0 1.0 0.08715582 0.0 -0.9961948 -8.0 0.0 1.0000001 0.0 1.0000005 0.9961948 0.0 0.08715582 1.0000005 0.0 0.0 0.0 1.0 0.08715582 0.0 -0.9961948 -8.0 0.0 1.0000001 0.0 1.0000005 0.9961948 0.0 0.08715582 1.0000005 0.0 0.0 0.0 1.0 0.08715582 0.0 -0.9961948 -8.0 0.0 1.0000001 0.0 1.0000005 0.9961948 0.0 0.08715582 1.0000005 0.0 0.0 0.0 1.0 0.08715582 0.0 -0.9961948 -8.0 0.0 1.0000001 0.0 1.0000005 0.9961948 0.0 0.08715582 1.0000005 0.0 0.0 0.0 1.0 0.08715582 0.0 -0.9961948 -8.0 0.0 1.0000001 0.0 1.0000005 0.9961948 0.0 0.08715582 1.0000005 0.0 0.0 0.0 1.0 0.08715582 0.0 -0.9961948 -8.0 0.0 1.0000001 0.0 1.0000005 0.9961948 0.0 0.08715582 1.0000005 0.0 0.0 0.0 1.0 0.08715582 0.0 -0.9961948 -8.0 0.0 1.0000001 0.0 1.0000005 0.9961948 0.0 0.08715582 1.0000005 0.0 0.0 0.0 1.0 0.0871557 0.0 -0.9961947 -8.0 0.0 1.0 0.0 1.0000005 0.9961947 0.0 0.0871557 1.0000005 0.0 0.0 0.0 1.0 0.08715582 0.0 -0.9961948 -8.0 0.0 1.0000001 0.0 1.0000005 0.9961948 0.0 0.08715582 1.0000005 0.0 0.0 0.0 1.0 0.08715582 0.0 -0.9961948 -8.0 0.0 1.0000001 0.0 1.0000005 0.9961948 0.0 0.08715582 1.0000005 0.0 0.0 0.0 1.0 0.08715582 0.0 -0.9961948 -8.0 0.0 1.0000001 0.0 1.0000005 0.9961948 0.0 0.08715582 1.0000005 0.0 0.0 0.0 1.0 0.08715591 0.0 -0.9961947 -8.0 0.0 1.0 0.0 1.0000005 0.9961947 0.0 0.08715591 1.0000005 0.0 0.0 0.0 1.0 0.08715582 0.0 -0.9961948 -8.0 0.0 1.0000001 0.0 1.0000005 0.9961948 0.0 0.08715582 1.0000005 0.0 0.0 0.0 1.0 0.08715582 0.0 -0.9961948 -8.0 0.0 1.0000001 0.0 1.0000005 0.9961948 0.0 0.08715582 1.0000005 0.0 0.0 0.0 1.0 0.08715582 0.0 -0.9961948 -8.0 0.0 1.0000001 0.0 1.0000005 0.9961948 0.0 0.08715582 1.0000005 0.0 0.0 0.0 1.0 0.08715582 0.0 -0.9961948 -8.0 0.0 1.0000001 0.0 1.0000005 0.9961948 0.0 0.08715582 1.0000005 0.0 0.0 0.0 1.0 0.08715582 0.0 -0.9961948 -8.0 0.0 1.0000001 0.0 1.0000005 0.9961948 0.0 0.08715582 1.0000005 0.0 0.0 0.0 1.0 0.08715582 0.0 -0.9961948 -8.0 0.0 1.0000001 0.0 1.0000005 0.9961948 0.0 0.08715582 1.0000005 0.0 0.0 0.0 1.0 0.08715591 0.0 -0.9961947 -8.0 0.0 1.0 0.0 1.0000005 0.9961947 0.0 0.08715591 1.0000005 0.0 0.0 0.0 1.0 0.08715582 0.0 -0.9961948 -8.0 0.0 1.0000001 0.0 1.0000005 0.9961948 0.0 0.08715582 1.0000005 0.0 0.0 0.0 1.0 0.08715582 0.0 -0.9961948 -8.0 0.0 1.0000001 0.0 1.0000005 0.9961948 0.0 0.08715582 1.0000005 0.0 0.0 0.0 1.0 0.08715582 0.0 -0.9961948 -8.0 0.0 1.0000001 0.0 1.0000005 0.9961948 0.0 0.08715582 1.0000005 0.0 0.0 0.0 1.0 0.08715582 0.0 -0.9961948 -8.0 0.0 1.0000001 0.0 1.0000005 0.9961948 0.0 0.08715582 1.0000005 0.0 0.0 0.0 1.0 0.08715582 0.0 -0.9961948 -8.0 0.0 1.0000001 0.0 1.0000005 0.9961948 0.0 0.08715582 1.0000005 0.0 0.0 0.0 1.0 0.0871557 0.0 -0.9961947 -8.0 0.0 1.0 0.0 1.0000005 0.9961947 0.0 0.0871557 1.0000005 0.0 0.0 0.0 1.0 0.08715591 0.0 -0.9961947 -8.0 0.0 1.0 0.0 1.0000005 0.9961947 0.0 0.08715591 1.0000005 0.0 0.0 0.0 1.0 0.08715582 0.0 -0.9961948 -8.0 0.0 1.0000001 0.0 1.0000005 0.9961948 0.0 0.08715582 1.0000005 0.0 0.0 0.0 1.0 0.08715582 0.0 -0.9961948 -8.0 0.0 1.0000001 0.0 1.0000005 0.9961948 0.0 0.08715582 1.0000005 0.0 0.0 0.0 1.0 0.08715582 0.0 -0.9961948 -8.0 0.0 1.0000001 0.0 1.0000005 0.9961948 0.0 0.08715582 1.0000005 0.0 0.0 0.0 1.0 0.08715582 0.0 -0.9961948 -8.0 0.0 1.0000001 0.0 1.0000005 0.9961948 0.0 0.08715582 1.0000005 0.0 0.0 0.0 1.0 0.08715582 0.0 -0.9961948 -8.0 0.0 1.0000001 0.0 1.0000005 0.9961948 0.0 0.08715582 1.0000005 0.0 0.0 0.0 1.0 0.08715582 0.0 -0.9961948 -8.0 0.0 1.0000001 0.0 1.0000005 0.9961948 0.0 0.08715582 1.0000005 0.0 0.0 0.0 1.0 0.08715582 0.0 -0.9961948 -8.0 0.0 1.0000001 0.0 1.0000005 0.9961948 0.0 0.08715582 1.0000005 0.0 0.0 0.0 1.0 0.08715582 0.0 -0.9961948 -8.0 0.0 1.0000001 0.0 1.0000005 0.9961948 0.0 0.08715582 1.0000005 0.0 0.0 0.0 1.0 0.08715582 0.0 -0.9961948 -8.0 0.0 1.0000001 0.0 1.0000005 0.9961948 0.0 0.08715582 1.0000005 0.0 0.0 0.0 1.0 0.08715582 0.0 -0.9961948 -8.0 0.0 1.0000001 0.0 1.0000005 0.9961948 0.0 0.08715582 1.0000005 0.0 0.0 0.0 1.0 0.08715582 0.0 -0.9961948 -8.0 0.0 1.0000001 0.0 1.0000005 0.9961948 0.0 0.08715582 1.0000005 0.0 0.0 0.0 1.0 0.08715582 0.0 -0.9961948 -8.0 0.0 1.0000001 0.0 1.0000005 0.9961948 0.0 0.08715582 1.0000005 0.0 0.0 0.0 1.0 0.08715582 0.0 -0.9961948 -8.0 0.0 1.0000001 0.0 1.0000005 0.9961948 0.0 0.08715582 1.0000005 0.0 0.0 0.0 1.0 0.08715582 0.0 -0.9961948 -8.0 0.0 1.0000001 0.0 1.0000005 0.9961948 0.0 0.08715582 1.0000005 0.0 0.0 0.0 1.0 0.08715582 0.0 -0.9961948 -8.0 0.0 1.0000001 0.0 1.0000005 0.9961948 0.0 0.08715582 1.0000005 0.0 0.0 0.0 1.0 0.08715582 0.0 -0.9961948 -8.0 0.0 1.0000001 0.0 1.0000005 0.9961948 0.0 0.08715582 1.0000005 0.0 0.0 0.0 1.0 0.08715582 0.0 -0.9961948 -8.0 0.0 1.0000001 0.0 1.0000005 0.9961948 0.0 0.08715582 1.0000005 0.0 0.0 0.0 1.0 0.08715582 0.0 -0.9961948 -8.0 0.0 1.0000001 0.0 1.0000005 0.9961948 0.0 0.08715582 1.0000005 0.0 0.0 0.0 1.0 0.08715582 0.0 -0.9961948 -8.0 0.0 1.0000001 0.0 1.0000005 0.9961948 0.0 0.08715582 1.0000005 0.0 0.0 0.0 1.0 0.08715582 0.0 -0.9961948 -8.0 0.0 1.0000001 0.0 1.0000005 0.9961948 0.0 0.08715582 1.0000005 0.0 0.0 0.0 1.0 0.08715582 0.0 -0.9961948 -8.0 0.0 1.0000001 0.0 1.0000005 0.9961948 0.0 0.08715582 1.0000005 0.0 0.0 0.0 1.0 0.08715582 0.0 -0.9961948 -8.0 0.0 1.0000001 0.0 1.0000005 0.9961948 0.0 0.08715582 1.0000005 0.0 0.0 0.0 1.0 0.08715582 0.0 -0.9961948 -8.0 0.0 1.0000001 0.0 1.0000005 0.9961948 0.0 0.08715582 1.0000005 0.0 0.0 0.0 1.0 0.08715582 0.0 -0.9961948 -8.0 0.0 1.0000001 0.0 1.0000005 0.9961948 0.0 0.08715582 1.0000005 0.0 0.0 0.0 1.0 0.08715591 0.0 -0.9961947 -8.0 0.0 1.0 0.0 1.0000005 0.9961947 0.0 0.08715591 1.0000005 0.0 0.0 0.0 1.0 0.0871557 0.0 -0.9961947 -8.0 0.0 1.0 0.0 1.0000005 0.9961947 0.0 0.0871557 1.0000005 0.0 0.0 0.0 1.0 0.08715582 0.0 -0.9961948 -8.0 0.0 1.0000001 0.0 1.0000005 0.9961948 0.0 0.08715582 1.0000005 0.0 0.0 0.0 1.0 0.08715582 0.0 -0.9961948 -8.0 0.0 1.0000001 0.0 1.0000005 0.9961948 0.0 0.08715582 1.0000005 0.0 0.0 0.0 1.0 0.08715582 0.0 -0.9961948 -8.0 0.0 1.0000001 0.0 1.0000005 0.9961948 0.0 0.08715582 1.0000005 0.0 0.0 0.0 1.0 0.08715582 0.0 -0.9961948 -8.0 0.0 1.0000001 0.0 1.0000005 0.9961948 0.0 0.08715582 1.0000005 0.0 0.0 0.0 1.0 0.08715582 0.0 -0.9961948 -8.0 0.0 1.0000001 0.0 1.0000005 0.9961948 0.0 0.08715582 1.0000005 0.0 0.0 0.0 1.0 0.08715582 0.0 -0.9961948 -8.0 0.0 1.0000001 0.0 1.0000005 0.9961948 0.0 0.08715582 1.0000005 0.0 0.0 0.0 1.0 0.08715582 0.0 -0.9961948 -8.0 0.0 1.0000001 0.0 1.0000005 0.9961948 0.0 0.08715582 1.0000005 0.0 0.0 0.0 1.0 0.08715582 0.0 -0.9961948 -8.0 0.0 1.0000001 0.0 1.0000005 0.9961948 0.0 0.08715582 1.0000005 0.0 0.0 0.0 1.0 0.08715591 0.0 -0.9961947 -8.0 0.0 1.0 0.0 1.0000005 0.9961947 0.0 0.08715591 1.0000005 0.0 0.0 0.0 1.0 0.08715582 0.0 -0.9961948 -8.0 0.0 1.0000001 0.0 1.0000005 0.9961948 0.0 0.08715582 1.0000005 0.0 0.0 0.0 1.0 0.08715582 0.0 -0.9961948 -8.0 0.0 1.0000001 0.0 1.0000005 0.9961948 0.0 0.08715582 1.0000005 0.0 0.0 0.0 1.0 0.08715582 0.0 -0.9961948 -8.0 0.0 1.0000001 0.0 1.0000005 0.9961948 0.0 0.08715582 1.0000005 0.0 0.0 0.0 1.0 0.08715582 0.0 -0.9961948 -8.0 0.0 1.0000001 0.0 1.0000005 0.9961948 0.0 0.08715582 1.0000005 0.0 0.0 0.0 1.0 0.08715582 0.0 -0.9961948 -8.0 0.0 1.0000001 0.0 1.0000005 0.9961948 0.0 0.08715582 1.0000005 0.0 0.0 0.0 1.0 0.08715582 0.0 -0.9961948 -8.0 0.0 1.0000001 0.0 1.0000005 0.9961948 0.0 0.08715582 1.0000005 0.0 0.0 0.0 1.0 0.0871557 0.0 -0.9961947 -8.0 0.0 1.0 0.0 1.0000005 0.9961947 0.0 0.0871557 1.0000005 0.0 0.0 0.0 1.0 0.08715591 0.0 -0.9961947 -8.0 0.0 1.0 0.0 1.0000005 0.9961947 0.0 0.08715591 1.0000005 0.0 0.0 0.0 1.0 0.08715591 0.0 -0.9961947 -8.0 0.0 1.0 0.0 1.0000005 0.9961947 0.0 0.08715591 1.0000005 0.0 0.0 0.0 1.0 0.08715582 0.0 -0.9961948 -8.0 0.0 1.0000001 0.0 1.0000005 0.9961948 0.0 0.08715582 1.0000005 0.0 0.0 0.0 1.0 0.0871557 0.0 -0.9961947 -8.0 0.0 1.0 0.0 1.0000005 0.9961947 0.0 0.0871557 1.0000005 0.0 0.0 0.0 1.0 0.08715591 0.0 -0.9961947 -8.0 0.0 1.0 0.0 1.0000005 0.9961947 0.0 0.08715591 1.0000005 0.0 0.0 0.0 1.0 0.08715582 0.0 -0.9961948 -8.0 0.0 1.0000001 0.0 1.0000005 0.9961948 0.0 0.08715582 1.0000005 0.0 0.0 0.0 1.0 0.08715582 0.0 -0.9961948 -8.0 0.0 1.0000001 0.0 1.0000005 0.9961948 0.0 0.08715582 1.0000005 0.0 0.0 0.0 1.0 0.08715582 0.0 -0.9961948 -8.0 0.0 1.0000001 0.0 1.0000005 0.9961948 0.0 0.08715582 1.0000005 0.0 0.0 0.0 1.0 0.08715582 0.0 -0.9961948 -8.0 0.0 1.0000001 0.0 1.0000005 0.9961948 0.0 0.08715582 1.0000005 0.0 0.0 0.0 1.0 0.08715582 0.0 -0.9961948 -8.0 0.0 1.0000001 0.0 1.0000005 0.9961948 0.0 0.08715582 1.0000005 0.0 0.0 0.0 1.0 0.08715582 0.0 -0.9961948 -8.0 0.0 1.0000001 0.0 1.0000005 0.9961948 0.0 0.08715582 1.0000005 0.0 0.0 0.0 1.0 0.0871557 0.0 -0.9961947 -8.0 0.0 1.0 0.0 1.0000005 0.9961947 0.0 0.0871557 1.0000005 0.0 0.0 0.0 1.0 0.08715582 0.0 -0.9961948 -8.0 0.0 1.0000001 0.0 1.0000005 0.9961948 0.0 0.08715582 1.0000005 0.0 0.0 0.0 1.0 0.08715591 0.0 -0.9961947 -8.0 0.0 1.0 0.0 1.0000005 0.9961947 0.0 0.08715591 1.0000005 0.0 0.0 0.0 1.0 0.08715582 0.0 -0.9961948 -8.0 0.0 1.0000001 0.0 1.0000005 0.9961948 0.0 0.08715582 1.0000005 0.0 0.0 0.0 1.0 0.08715582 0.0 -0.9961948 -8.0 0.0 1.0000001 0.0 1.0000005 0.9961948 0.0 0.08715582 1.0000005 0.0 0.0 0.0 1.0 0.08715582 0.0 -0.9961948 -8.0 0.0 1.0000001 0.0 1.0000005 0.9961948 0.0 0.08715582 1.0000005 0.0 0.0 0.0 1.0 0.08715582 0.0 -0.9961948 -8.0 0.0 1.0000001 0.0 1.0000005 0.9961948 0.0 0.08715582 1.0000005 0.0 0.0 0.0 1.0 0.08715582 0.0 -0.9961948 -8.0 0.0 1.0000001 0.0 1.0000005 0.9961948 0.0 0.08715582 1.0000005 0.0 0.0 0.0 1.0 0.08715582 0.0 -0.9961948 -8.0 0.0 1.0000001 0.0 1.0000005 0.9961948 0.0 0.08715582 1.0000005 0.0 0.0 0.0 1.0 0.08715582 0.0 -0.9961948 -8.0 0.0 1.0000001 0.0 1.0000005 0.9961948 0.0 0.08715582 1.0000005 0.0 0.0 0.0 1.0 0.08715582 0.0 -0.9961948 -8.0 0.0 1.0000001 0.0 1.0000005 0.9961948 0.0 0.08715582 1.0000005 0.0 0.0 0.0 1.0 0.08715582 0.0 -0.9961948 -8.0 0.0 1.0000001 0.0 1.0000005 0.9961948 0.0 0.08715582 1.0000005 0.0 0.0 0.0 1.0 0.08715591 0.0 -0.9961947 -8.0 0.0 1.0 0.0 1.0000005 0.9961947 0.0 0.08715591 1.0000005 0.0 0.0 0.0 1.0 0.08715582 0.0 -0.9961948 -8.0 0.0 1.0000001 0.0 1.0000005 0.9961948 0.0 0.08715582 1.0000005 0.0 0.0 0.0 1.0 0.08715582 0.0 -0.9961948 -8.0 0.0 1.0000001 0.0 1.0000005 0.9961948 0.0 0.08715582 1.0000005 0.0 0.0 0.0 1.0 0.08715582 0.0 -0.9961948 -8.0 0.0 1.0000001 0.0 1.0000005 0.9961948 0.0 0.08715582 1.0000005 0.0 0.0 0.0 1.0 0.08715591 0.0 -0.9961947 -8.0 0.0 1.0 0.0 1.0000005 0.9961947 0.0 0.08715591 1.0000005 0.0 0.0 0.0 1.0 0.08715582 0.0 -0.9961948 -8.0 0.0 1.0000001 0.0 1.0000005 0.9961948 0.0 0.08715582 1.0000005 0.0 0.0 0.0 1.0 0.08715582 0.0 -0.9961948 -8.0 0.0 1.0000001 0.0 1.0000005 0.9961948 0.0 0.08715582 1.0000005 0.0 0.0 0.0 1.0 0.08715582 0.0 -0.9961948 -8.0 0.0 1.0000001 0.0 1.0000005 0.9961948 0.0 0.08715582 1.0000005 0.0 0.0 0.0 1.0 0.08715582 0.0 -0.9961948 -8.0 0.0 1.0000001 0.0 1.0000005 0.9961948 0.0 0.08715582 1.0000005 0.0 0.0 0.0 1.0 0.08715582 0.0 -0.9961948 -8.0 0.0 1.0000001 0.0 1.0000005 0.9961948 0.0 0.08715582 1.0000005 0.0 0.0 0.0 1.0 0.08715582 0.0 -0.9961948 -8.0 0.0 1.0000001 0.0 1.0000005 0.9961948 0.0 0.08715582 1.0000005 0.0 0.0 0.0 1.0 0.08715582 0.0 -0.9961948 -8.0 0.0 1.0000001 0.0 1.0000005 0.9961948 0.0 0.08715582 1.0000005 0.0 0.0 0.0 1.0 0.08715582 0.0 -0.9961948 -8.0 0.0 1.0000001 0.0 1.0000005 0.9961948 0.0 0.08715582 1.0000005 0.0 0.0 0.0 1.0 0.08715582 0.0 -0.9961948 -8.0 0.0 1.0000001 0.0 1.0000005 0.9961948 0.0 0.08715582 1.0000005 0.0 0.0 0.0 1.0 0.08715582 0.0 -0.9961948 -8.0 0.0 1.0000001 0.0 1.0000005 0.9961948 0.0 0.08715582 1.0000005 0.0 0.0 0.0 1.0 </float_array>
          <technique_common>
            <accessor count="143" source="#Left_Wing2-global-anim-outSource-global-array" stride="16">
              <param type="float4x4"/>
            </accessor>
          </technique_common>
        </source>
        <sampler id="Left_Wing2-global-anim-globalSampler">
          <input semantic="INPUT" source="#Left_Wing2-global-anim-inSource-TIME"/>
          <input semantic="OUTPUT" source="#Left_Wing2-global-anim-outSource-global"/>
          <input semantic="INTERPOLATION" source="#Left_Wing2-global-anim-interpolation"/>
        </sampler>
        <channel source="#Left_Wing2-global-anim-globalSampler" target="Left_Wing2-global/matrix"/>
      </animation>
    </animation>
    <animation id="Left_Wing2-local-anim" name="Left_Wing2-local-anim">
      <animation>
        <source id="Left_Wing2-local-anim-inSource-TIME">
          <float_array count="143" id="Left_Wing2-local-anim-inSource-TIME-array">0.0 0.041666668 0.083333336 0.125 0.16666667 0.20833333 0.25 0.29166666 0.33333334 0.375 0.41666666 0.45833334 0.5 0.5416667 0.5833333 0.625 0.6666667 0.7083333 0.75 0.7916667 0.8333333 0.875 0.9166667 0.9583333 1.0 1.0416666 1.0833334 1.125 1.1666666 1.2083334 1.25 1.2916666 1.3333334 1.375 1.4166666 1.4583334 1.5 1.5416666 1.5833334 1.625 1.6666666 1.7083334 1.75 1.7916666 1.8333334 1.875 1.9166666 1.9583334 2.0 2.0416667 2.0833333 2.125 2.1666667 2.2083333 2.25 2.2916667 2.3333333 2.375 2.4166667 2.4583333 2.5 2.5416667 2.5833333 2.625 2.6666667 2.7083333 2.75 2.7916667 2.8333333 2.875 2.9166667 2.9583333 3.0 3.0416667 3.0833333 3.125 3.1666667 3.2083333 3.25 3.2916667 3.3333333 3.375 3.4166667 3.4583333 3.5 3.5416667 3.5833333 3.625 3.6666667 3.7083333 3.75 3.7916667 3.8333333 3.875 3.9166667 3.9583333 4.0 4.0416665 4.0833335 4.125 4.1666665 4.2083335 4.25 4.2916665 4.3333335 4.375 4.4166665 4.4583335 4.5 4.5416665 4.5833335 4.625 4.6666665 4.7083335 4.75 4.7916665 4.8333335 4.875 4.9166665 4.9583335 5.0 5.0416665 5.0833335 5.125 5.1666665 5.2083335 5.25 5.2916665 5.3333335 5.375 5.4166665 5.4583335 5.5 5.5416665 5.5833335 5.625 5.6666665 5.7083335 5.75 5.7916665 5.8333335 5.875 5.9166665 </float_array>
          <technique_common>
            <accessor count="143" source="#Left_Wing2-local-anim-inSource-TIME-array">
              <param name="TIME" type="float"/>
            </accessor>
          </technique_common>
        </source>
        <source id="Left_Wing2-local-anim-interpolation">
          <Name_array count="143" id="Left_Wing2-local-anim-interpolation-array">LINEAR LINEAR LINEAR LINEAR LINEAR LINEAR LINEAR LINEAR LINEAR LINEAR LINEAR LINEAR LINEAR LINEAR LINEAR LINEAR LINEAR LINEAR LINEAR LINEAR LINEAR LINEAR LINEAR LINEAR LINEAR LINEAR LINEAR LINEAR LINEAR LINEAR LINEAR LINEAR LINEAR LINEAR LINEAR LINEAR LINEAR LINEAR LINEAR LINEAR LINEAR LINEAR LINEAR LINEAR LINEAR LINEAR LINEAR LINEAR LINEAR LINEAR LINEAR LINEAR LINEAR LINEAR LINEAR LINEAR LINEAR LINEAR LINEAR LINEAR LINEAR LINEAR LINEAR LINEAR LINEAR LINEAR LINEAR LINEAR LINEAR LINEAR LINEAR LINEAR LINEAR LINEAR LINEAR LINEAR LINEAR LINEAR LINEAR LINEAR LINEAR LINEAR LINEAR LINEAR LINEAR LINEAR LINEAR LINEAR LINEAR LINEAR LINEAR LINEAR LINEAR LINEAR LINEAR LINEAR LINEAR LINEAR LINEAR LINEAR LINEAR LINEAR LINEAR LINEAR LINEAR LINEAR LINEAR LINEAR LINEAR LINEAR LINEAR LINEAR LINEAR LINEAR LINEAR LINEAR LINEAR LINEAR LINEAR LINEAR LINEAR LINEAR LINEAR LINEAR LINEAR LINEAR LINEAR LINEAR LINEAR LINEAR LINEAR LINEAR LINEAR LINEAR LINEAR LINEAR LINEAR LINEAR LINEAR LINEAR LINEAR LINEAR LINEAR </Name_array>
          <technique_common>
            <accessor count="143" source="#Left_Wing2-local-anim-interpolation-array">
              <param type="name"/>
            </accessor>
          </technique_common>
        </source>
        <source id="Left_Wing2-local-anim-outSource-local">
          <float_array count="2288" id="Left_Wing2-local-anim-outSource-local-array">1.0 0.0 0.0 -5.5 0.0 1.0 0.0 0.0 0.0 0.0 1.0 -3.0 0.0 0.0 0.0 1.0 1.0 0.0 0.0 -5.5 0.0 1.0 0.0 0.0 0.0 0.0 1.0 -3.0 0.0 0.0 0.0 1.0 1.0 0.0 0.0 -5.5 0.0 1.0 0.0 0.0 0.0 0.0 1.0 -3.0 0.0 0.0 0.0 1.0 1.0 0.0 0.0 -5.5 0.0 1.0 0.0 0.0 0.0 0.0 1.0 -3.0 0.0 0.0 0.0 1.0 1.0 0.0 0.0 -5.5 0.0 1.0 0.0 0.0 0.0 0.0 1.0 -3.0 0.0 0.0 0.0 1.0 1.0 0.0 0.0 -5.5 0.0 1.0 0.0 0.0 0.0 0.0 1.0 -3.0 0.0 0.0 0.0 1.0 1.0 0.0 0.0 -5.5 0.0 1.0 0.0 0.0 0.0 0.0 1.0 -3.0 0.0 0.0 0.0 1.0 1.0 0.0 0.0 -5.5 0.0 1.0 0.0 0.0 0.0 0.0 1.0 -3.0 0.0 0.0 0.0 1.0 1.0 0.0 0.0 -5.5 0.0 1.0 0.0 0.0 0.0 0.0 1.0 -3.0 0.0 0.0 0.0 1.0 1.0 0.0 0.0 -5.5 0.0 1.0 0.0 0.0 0.0 0.0 1.0 -3.0 0.0 0.0 0.0 1.0 1.0 0.0 0.0 -5.5 0.0 1.0 0.0 0.0 0.0 0.0 1.0 -3.0 0.0 0.0 0.0 1.0 1.0 0.0 0.0 -5.5 0.0 1.0 0.0 0.0 0.0 0.0 1.0 -3.0 0.0 0.0 0.0 1.0 1.0 0.0 0.0 -5.5 0.0 1.0 0.0 0.0 0.0 0.0 1.0 -3.0 0.0 0.0 0.0 1.0 1.0 0.0 0.0 -5.5 0.0 1.0 0.0 0.0 0.0 0.0 1.0 -3.0 0.0 0.0 0.0 1.0 1.0 0.0 0.0 -5.5 0.0 1.0 0.0 0.0 0.0 0.0 1.0 -3.0 0.0 0.0 0.0 1.0 1.0 0.0 0.0 -5.5 0.0 1.0 0.0 0.0 0.0 0.0 1.0 -3.0 0.0 0.0 0.0 1.0 1.0 0.0 0.0 -5.5 0.0 1.0 0.0 0.0 0.0 0.0 1.0 -3.0 0.0 0.0 0.0 1.0 1.0 0.0 0.0 -5.5 0.0 1.0 0.0 0.0 0.0 0.0 1.0 -3.0 0.0 0.0 0.0 1.0 1.0 0.0 0.0 -5.5 0.0 1.0 0.0 0.0 0.0 0.0 1.0 -3.0 0.0 0.0 0.0 1.0 1.0 0.0 0.0 -5.5 0.0 1.0 0.0 0.0 0.0 0.0 1.0 -3.0 0.0 0.0 0.0 1.0 1.0 0.0 0.0 -5.5 0.0 1.0 0.0 0.0 0.0 0.0 1.0 -3.0 0.0 0.0 0.0 1.0 1.0 0.0 0.0 -5.5 0.0 1.0 0.0 0.0 0.0 0.0 1.0 -3.0 0.0 0.0 0.0 1.0 1.0 0.0 0.0 -5.5 0.0 1.0 0.0 0.0 0.0 0.0 1.0 -3.0 0.0 0.0 0.0 1.0 1.0 0.0 0.0 -5.5 0.0 1.0 0.0 0.0 0.0 0.0 1.0 -3.0 0.0 0.0 0.0 1.0 1.0 0.0 0.0 -5.5 0.0 1.0 0.0 0.0 0.0 0.0 1.0 -3.0 0.0 0.0 0.0 1.0 1.0 0.0 0.0 -5.5 0.0 1.0 0.0 0.0 0.0 0.0 1.0 -3.0 0.0 0.0 0.0 1.0 1.0 0.0 0.0 -5.5 0.0 1.0 0.0 0.0 0.0 0.0 1.0 -3.0 0.0 0.0 0.0 1.0 1.0 0.0 0.0 -5.5 0.0 1.0 0.0 0.0 0.0 0.0 1.0 -3.0 0.0 0.0 0.0 1.0 1.0 0.0 0.0 -5.5 0.0 1.0 0.0 0.0 0.0 0.0 1.0 -3.0 0.0 0.0 0.0 1.0 1.0 0.0 0.0 -5.5 0.0 1.0 0.0 0.0 0.0 0.0 1.0 -3.0 0.0 0.0 0.0 1.0 1.0 0.0 0.0 -5.5 0.0 1.0 0.0 0.0 0.0 0.0 1.0 -3.0 0.0 0.0 0.0 1.0 1.0 0.0 0.0 -5.5 0.0 1.0 0.0 0.0 0.0 0.0 1.0 -3.0 0.0 0.0 0.0 1.0 1.0 0.0 0.0 -5.5 0.0 1.0 0.0 0.0 0.0 0.0 1.0 -3.0 0.0 0.0 0.0 1.0 1.0 0.0 0.0 -5.5 0.0 1.0 0.0 0.0 0.0 0.0 1.0 -3.0 0.0 0.0 0.0 1.0 1.0 0.0 0.0 -5.5 0.0 1.0 0.0 0.0 0.0 0.0 1.0 -3.0 0.0 0.0 0.0 1.0 1.0 0.0 0.0 -5.5 0.0 1.0 0.0 0.0 0.0 0.0 1.0 -3.0 0.0 0.0 0.0 1.0 1.0 0.0 0.0 -5.5 0.0 1.0 0.0 0.0 0.0 0.0 1.0 -3.0 0.0 0.0 0.0 1.0 1.0 0.0 0.0 -5.5 0.0 1.0 0.0 0.0 0.0 0.0 1.0 -3.0 0.0 0.0 0.0 1.0 1.0 0.0 0.0 -5.5 0.0 1.0 0.0 0.0 0.0 0.0 1.0 -3.0 0.0 0.0 0.0 1.0 1.0 0.0 0.0 -5.5 0.0 1.0 0.0 0.0 0.0 0.0 1.0 -3.0 0.0 0.0 0.0 1.0 1.0 0.0 0.0 -5.5 0.0 1.0 0.0 0.0 0.0 0.0 1.0 -3.0 0.0 0.0 0.0 1.0 1.0 0.0 0.0 -5.5 0.0 1.0 0.0 0.0 0.0 0.0 1.0 -3.0 0.0 0.0 0.0 1.0 1.0 0.0 0.0 -5.5 0.0 1.0 0.0 0.0 0.0 0.0 1.0 -3.0 0.0 0.0 0.0 1.0 1.0 0.0 0.0 -5.5 0.0 1.0 0.0 0.0 0.0 0.0 1.0 -3.0 0.0 0.0 0.0 1.0 1.0 0.0 0.0 -5.5 0.0 1.0 0.0 0.0 0.0 0.0 1.0 -3.0 0.0 0.0 0.0 1.0 1.0 0.0 0.0 -5.5 0.0 1.0 0.0 0.0 0.0 0.0 1.0 -3.0 0.0 0.0 0.0 1.0 1.0 0.0 0.0 -5.5 0.0 1.0 0.0 0.0 0.0 0.0 1.0 -3.0 0.0 0.0 0.0 1.0 1.0 0.0 0.0 -5.5 0.0 1.0 0.0 0.0 0.0 0.0 1.0 -3.0 0.0 0.0 0.0 1.0 1.0 0.0 0.0 -5.5 0.0 1.0 0.0 0.0 0.0 0.0 1.0 -3.0 0.0 0.0 0.0 1.0 1.0 0.0 0.0 -5.5 0.0 1.0 0.0 0.0 0.0 0.0 1.0 -3.0 0.0 0.0 0.0 1.0 1.0 0.0 0.0 -5.5 0.0 1.0 0.0 0.0 0.0 0.0 1.0 -3.0 0.0 0.0 0.0 1.0 1.0 0.0 0.0 -5.5 0.0 1.0 0.0 0.0 0.0 0.0 1.0 -3.0 0.0 0.0 0.0 1.0 1.0 0.0 0.0 -5.5 0.0 1.0 0.0 0.0 0.0 0.0 1.0 -3.0 0.0 0.0 0.0 1.0 1.0 0.0 0.0 -5.5 0.0 1.0 0.0 0.0 0.0 0.0 1.0 -3.0 0.0 0.0 0.0 1.0 1.0 0.0 0.0 -5.5 0.0 1.0 0.0 0.0 0.0 0.0 1.0 -3.0 0.0 0.0 0.0 1.0 1.0 0.0 0.0 -5.5 0.0 1.0 0.0 0.0 0.0 0.0 1.0 -3.0 0.0 0.0 0.0 1.0 1.0 0.0 0.0 -5.5 0.0 1.0 0.0 0.0 0.0 0.0 1.0 -3.0 0.0 0.0 0.0 1.0 1.0 0.0 0.0 -5.5 0.0 1.0 0.0 0.0 0.0 0.0 1.0 -3.0 0.0 0.0 0.0 1.0 1.0 0.0 0.0 -5.5 0.0 1.0 0.0 0.0 0.0 0.0 1.0 -3.0 0.0 0.0 0.0 1.0 1.0 0.0 0.0 -5.5 0.0 1.0 0.0 0.0 0.0 0.0 1.0 -3.0 0.0 0.0 0.0 1.0 1.0 0.0 0.0 -5.5 0.0 1.0 0.0 0.0 0.0 0.0 1.0 -3.0 0.0 0.0 0.0 1.0 1.0 0.0 0.0 -5.5 0.0 1.0 0.0 0.0 0.0 0.0 1.0 -3.0 0.0 0.0 0.0 1.0 1.0 0.0 0.0 -5.5 0.0 1.0 0.0 0.0 0.0 0.0 1.0 -3.0 0.0 0.0 0.0 1.0 1.0 0.0 0.0 -5.5 0.0 1.0 0.0 0.0 0.0 0.0 1.0 -3.0 0.0 0.0 0.0 1.0 1.0 0.0 0.0 -5.5 0.0 1.0 0.0 0.0 0.0 0.0 1.0 -3.0 0.0 0.0 0.0 1.0 1.0 0.0 0.0 -5.5 0.0 1.0 0.0 0.0 0.0 0.0 1.0 -3.0 0.0 0.0 0.0 1.0 1.0 0.0 0.0 -5.5 0.0 1.0 0.0 0.0 0.0 0.0 1.0 -3.0 0.0 0.0 0.0 1.0 1.0 0.0 0.0 -5.5 0.0 1.0 0.0 0.0 0.0 0.0 1.0 -3.0 0.0 0.0 0.0 1.0 1.0 0.0 0.0 -5.5 0.0 1.0 0.0 0.0 0.0 0.0 1.0 -3.0 0.0 0.0 0.0 1.0 1.0 0.0 0.0 -5.5 0.0 1.0 0.0 0.0 0.0 0.0 1.0 -3.0 0.0 0.0 0.0 1.0 1.0 0.0 0.0 -5.5 0.0 1.0 0.0 0.0 0.0 0.0 1.0 -3.0 0.0 0.0 0.0 1.0 1.0 0.0 0.0 -5.5 0.0 1.0 0.0 0.0 0.0 0.0 1.0 -3.0 0.0 0.0 0.0 1.0 1.0 0.0 0.0 -5.5 0.0 1.0 0.0 0.0 0.0 0.0 1.0 -3.0 0.0 0.0 0.0 1.0 1.0 0.0 0.0 -5.5 0.0 1.0 0.0 0.0 0.0 0.0 1.0 -3.0 0.0 0.0 0.0 1.0 1.0 0.0 0.0 -5.5 0.0 1.0 0.0 0.0 0.0 0.0 1.0 -3.0 0.0 0.0 0.0 1.0 1.0 0.0 0.0 -5.5 0.0 1.0 0.0 0.0 0.0 0.0 1.0 -3.0 0.0 0.0 0.0 1.0 1.0 0.0 0.0 -5.5 0.0 1.0 0.0 0.0 0.0 0.0 1.0 -3.0 0.0 0.0 0.0 1.0 1.0 0.0 0.0 -5.5 0.0 1.0 0.0 0.0 0.0 0.0 1.0 -3.0 0.0 0.0 0.0 1.0 1.0 0.0 0.0 -5.5 0.0 1.0 0.0 0.0 0.0 0.0 1.0 -3.0 0.0 0.0 0.0 1.0 1.0 0.0 0.0 -5.5 0.0 1.0 0.0 0.0 0.0 0.0 1.0 -3.0 0.0 0.0 0.0 1.0 1.0 0.0 0.0 -5.5 0.0 1.0 0.0 0.0 0.0 0.0 1.0 -3.0 0.0 0.0 0.0 1.0 1.0 0.0 0.0 -5.5 0.0 1.0 0.0 0.0 0.0 0.0 1.0 -3.0 0.0 0.0 0.0 1.0 1.0 0.0 0.0 -5.5 0.0 1.0 0.0 0.0 0.0 0.0 1.0 -3.0 0.0 0.0 0.0 1.0 1.0 0.0 0.0 -5.5 0.0 1.0 0.0 0.0 0.0 0.0 1.0 -3.0 0.0 0.0 0.0 1.0 1.0 0.0 0.0 -5.5 0.0 1.0 0.0 0.0 0.0 0.0 1.0 -3.0 0.0 0.0 0.0 1.0 1.0 0.0 0.0 -5.5 0.0 1.0 0.0 0.0 0.0 0.0 1.0 -3.0 0.0 0.0 0.0 1.0 1.0 0.0 0.0 -5.5 0.0 1.0 0.0 0.0 0.0 0.0 1.0 -3.0 0.0 0.0 0.0 1.0 1.0 0.0 0.0 -5.5 0.0 1.0 0.0 0.0 0.0 0.0 1.0 -3.0 0.0 0.0 0.0 1.0 1.0 0.0 0.0 -5.5 0.0 1.0 0.0 0.0 0.0 0.0 1.0 -3.0 0.0 0.0 0.0 1.0 1.0 0.0 0.0 -5.5 0.0 1.0 0.0 0.0 0.0 0.0 1.0 -3.0 0.0 0.0 0.0 1.0 1.0 0.0 0.0 -5.5 0.0 1.0 0.0 0.0 0.0 0.0 1.0 -3.0 0.0 0.0 0.0 1.0 1.0 0.0 0.0 -5.5 0.0 1.0 0.0 0.0 0.0 0.0 1.0 -3.0 0.0 0.0 0.0 1.0 1.0 0.0 0.0 -5.5 0.0 1.0 0.0 0.0 0.0 0.0 1.0 -3.0 0.0 0.0 0.0 1.0 1.0 0.0 0.0 -5.5 0.0 1.0 0.0 0.0 0.0 0.0 1.0 -3.0 0.0 0.0 0.0 1.0 1.0 0.0 0.0 -5.5 0.0 1.0 0.0 0.0 0.0 0.0 1.0 -3.0 0.0 0.0 0.0 1.0 1.0 0.0 0.0 -5.5 0.0 1.0 0.0 0.0 0.0 0.0 1.0 -3.0 0.0 0.0 0.0 1.0 1.0 0.0 0.0 -5.5 0.0 1.0 0.0 0.0 0.0 0.0 1.0 -3.0 0.0 0.0 0.0 1.0 1.0 0.0 0.0 -5.5 0.0 1.0 0.0 0.0 0.0 0.0 1.0 -3.0 0.0 0.0 0.0 1.0 1.0 0.0 0.0 -5.5 0.0 1.0 0.0 0.0 0.0 0.0 1.0 -3.0 0.0 0.0 0.0 1.0 1.0 0.0 0.0 -5.5 0.0 1.0 0.0 0.0 0.0 0.0 1.0 -3.0 0.0 0.0 0.0 1.0 1.0 0.0 0.0 -5.5 0.0 1.0 0.0 0.0 0.0 0.0 1.0 -3.0 0.0 0.0 0.0 1.0 1.0 0.0 0.0 -5.5 0.0 1.0 0.0 0.0 0.0 0.0 1.0 -3.0 0.0 0.0 0.0 1.0 1.0 0.0 0.0 -5.5 0.0 1.0 0.0 0.0 0.0 0.0 1.0 -3.0 0.0 0.0 0.0 1.0 1.0 0.0 0.0 -5.5 0.0 1.0 0.0 0.0 0.0 0.0 1.0 -3.0 0.0 0.0 0.0 1.0 1.0 0.0 0.0 -5.5 0.0 1.0 0.0 0.0 0.0 0.0 1.0 -3.0 0.0 0.0 0.0 1.0 1.0 0.0 0.0 -5.5 0.0 1.0 0.0 0.0 0.0 0.0 1.0 -3.0 0.0 0.0 0.0 1.0 1.0 0.0 0.0 -5.5 0.0 1.0 0.0 0.0 0.0 0.0 1.0 -3.0 0.0 0.0 0.0 1.0 1.0 0.0 0.0 -5.5 0.0 1.0 0.0 0.0 0.0 0.0 1.0 -3.0 0.0 0.0 0.0 1.0 1.0 0.0 0.0 -5.5 0.0 1.0 0.0 0.0 0.0 0.0 1.0 -3.0 0.0 0.0 0.0 1.0 1.0 0.0 0.0 -5.5 0.0 1.0 0.0 0.0 0.0 0.0 1.0 -3.0 0.0 0.0 0.0 1.0 1.0 0.0 0.0 -5.5 0.0 1.0 0.0 0.0 0.0 0.0 1.0 -3.0 0.0 0.0 0.0 1.0 1.0 0.0 0.0 -5.5 0.0 1.0 0.0 0.0 0.0 0.0 1.0 -3.0 0.0 0.0 0.0 1.0 1.0 0.0 0.0 -5.5 0.0 1.0 0.0 0.0 0.0 0.0 1.0 -3.0 0.0 0.0 0.0 1.0 1.0 0.0 0.0 -5.5 0.0 1.0 0.0 0.0 0.0 0.0 1.0 -3.0 0.0 0.0 0.0 1.0 1.0 0.0 0.0 -5.5 0.0 1.0 0.0 0.0 0.0 0.0 1.0 -3.0 0.0 0.0 0.0 1.0 1.0 0.0 0.0 -5.5 0.0 1.0 0.0 0.0 0.0 0.0 1.0 -3.0 0.0 0.0 0.0 1.0 1.0 0.0 0.0 -5.5 0.0 1.0 0.0 0.0 0.0 0.0 1.0 -3.0 0.0 0.0 0.0 1.0 1.0 0.0 0.0 -5.5 0.0 1.0 0.0 0.0 0.0 0.0 1.0 -3.0 0.0 0.0 0.0 1.0 1.0 0.0 0.0 -5.5 0.0 1.0 0.0 0.0 0.0 0.0 1.0 -3.0 0.0 0.0 0.0 1.0 1.0 0.0 0.0 -5.5 0.0 1.0 0.0 0.0 0.0 0.0 1.0 -3.0 0.0 0.0 0.0 1.0 1.0 0.0 0.0 -5.5 0.0 1.0 0.0 0.0 0.0 0.0 1.0 -3.0 0.0 0.0 0.0 1.0 1.0 0.0 0.0 -5.5 0.0 1.0 0.0 0.0 0.0 0.0 1.0 -3.0 0.0 0.0 0.0 1.0 1.0 0.0 0.0 -5.5 0.0 1.0 0.0 0.0 0.0 0.0 1.0 -3.0 0.0 0.0 0.0 1.0 1.0 0.0 0.0 -5.5 0.0 1.0 0.0 0.0 0.0 0.0 1.0 -3.0 0.0 0.0 0.0 1.0 1.0 0.0 0.0 -5.5 0.0 1.0 0.0 0.0 0.0 0.0 1.0 -3.0 0.0 0.0 0.0 1.0 1.0 0.0 0.0 -5.5 0.0 1.0 0.0 0.0 0.0 0.0 1.0 -3.0 0.0 0.0 0.0 1.0 1.0 0.0 0.0 -5.5 0.0 1.0 0.0 0.0 0.0 0.0 1.0 -3.0 0.0 0.0 0.0 1.0 1.0 0.0 0.0 -5.5 0.0 1.0 0.0 0.0 0.0 0.0 1.0 -3.0 0.0 0.0 0.0 1.0 1.0 0.0 0.0 -5.5 0.0 1.0 0.0 0.0 0.0 0.0 1.0 -3.0 0.0 0.0 0.0 1.0 1.0 0.0 0.0 -5.5 0.0 1.0 0.0 0.0 0.0 0.0 1.0 -3.0 0.0 0.0 0.0 1.0 1.0 0.0 0.0 -5.5 0.0 1.0 0.0 0.0 0.0 0.0 1.0 -3.0 0.0 0.0 0.0 1.0 1.0 0.0 0.0 -5.5 0.0 1.0 0.0 0.0 0.0 0.0 1.0 -3.0 0.0 0.0 0.0 1.0 1.0 0.0 0.0 -5.5 0.0 1.0 0.0 0.0 0.0 0.0 1.0 -3.0 0.0 0.0 0.0 1.0 1.0 0.0 0.0 -5.5 0.0 1.0 0.0 0.0 0.0 0.0 1.0 -3.0 0.0 0.0 0.0 1.0 1.0 0.0 0.0 -5.5 0.0 1.0 0.0 0.0 0.0 0.0 1.0 -3.0 0.0 0.0 0.0 1.0 1.0 0.0 0.0 -5.5 0.0 1.0 0.0 0.0 0.0 0.0 1.0 -3.0 0.0 0.0 0.0 1.0 1.0 0.0 0.0 -5.5 0.0 1.0 0.0 0.0 0.0 0.0 1.0 -3.0 0.0 0.0 0.0 1.0 1.0 0.0 0.0 -5.5 0.0 1.0 0.0 0.0 0.0 0.0 1.0 -3.0 0.0 0.0 0.0 1.0 1.0 0.0 0.0 -5.5 0.0 1.0 0.0 0.0 0.0 0.0 1.0 -3.0 0.0 0.0 0.0 1.0 1.0 0.0 0.0 -5.5 0.0 1.0 0.0 0.0 0.0 0.0 1.0 -3.0 0.0 0.0 0.0 1.0 1.0 0.0 0.0 -5.5 0.0 1.0 0.0 0.0 0.0 0.0 1.0 -3.0 0.0 0.0 0.0 1.0 1.0 0.0 0.0 -5.5 0.0 1.0 0.0 0.0 0.0 0.0 1.0 -3.0 0.0 0.0 0.0 1.0 1.0 0.0 0.0 -5.5 0.0 1.0 0.0 0.0 0.0 0.0 1.0 -3.0 0.0 0.0 0.0 1.0 </float_array>
          <technique_common>
            <accessor count="143" source="#Left_Wing2-local-anim-outSource-local-array" stride="16">
              <param type="float4x4"/>
            </accessor>
          </technique_common>
        </source>
        <sampler id="Left_Wing2-local-anim-localSampler">
          <input semantic="INPUT" source="#Left_Wing2-local-anim-inSource-TIME"/>
          <input semantic="OUTPUT" source="#Left_Wing2-local-anim-outSource-local"/>
          <input semantic="INTERPOLATION" source="#Left_Wing2-local-anim-interpolation"/>
        </sampler>
        <channel source="#Left_Wing2-local-anim-localSampler" target="Left_Wing2-local/matrix"/>
      </animation>
    </animation>
    <animation id="Right_Claw-global-anim" name="Right_Claw-global-anim">
      <animation>
        <source id="Right_Claw-global-anim-inSource-TIME">
          <float_array count="143" id="Right_Claw-global-anim-inSource-TIME-array">0.0 0.041666668 0.083333336 0.125 0.16666667 0.20833333 0.25 0.29166666 0.33333334 0.375 0.41666666 0.45833334 0.5 0.5416667 0.5833333 0.625 0.6666667 0.7083333 0.75 0.7916667 0.8333333 0.875 0.9166667 0.9583333 1.0 1.0416666 1.0833334 1.125 1.1666666 1.2083334 1.25 1.2916666 1.3333334 1.375 1.4166666 1.4583334 1.5 1.5416666 1.5833334 1.625 1.6666666 1.7083334 1.75 1.7916666 1.8333334 1.875 1.9166666 1.9583334 2.0 2.0416667 2.0833333 2.125 2.1666667 2.2083333 2.25 2.2916667 2.3333333 2.375 2.4166667 2.4583333 2.5 2.5416667 2.5833333 2.625 2.6666667 2.7083333 2.75 2.7916667 2.8333333 2.875 2.9166667 2.9583333 3.0 3.0416667 3.0833333 3.125 3.1666667 3.2083333 3.25 3.2916667 3.3333333 3.375 3.4166667 3.4583333 3.5 3.5416667 3.5833333 3.625 3.6666667 3.7083333 3.75 3.7916667 3.8333333 3.875 3.9166667 3.9583333 4.0 4.0416665 4.0833335 4.125 4.1666665 4.2083335 4.25 4.2916665 4.3333335 4.375 4.4166665 4.4583335 4.5 4.5416665 4.5833335 4.625 4.6666665 4.7083335 4.75 4.7916665 4.8333335 4.875 4.9166665 4.9583335 5.0 5.0416665 5.0833335 5.125 5.1666665 5.2083335 5.25 5.2916665 5.3333335 5.375 5.4166665 5.4583335 5.5 5.5416665 5.5833335 5.625 5.6666665 5.7083335 5.75 5.7916665 5.8333335 5.875 5.9166665 </float_array>
          <technique_common>
            <accessor count="143" source="#Right_Claw-global-anim-inSource-TIME-array">
              <param name="TIME" type="float"/>
            </accessor>
          </technique_common>
        </source>
        <source id="Right_Claw-global-anim-interpolation">
          <Name_array count="143" id="Right_Claw-global-anim-interpolation-array">LINEAR LINEAR LINEAR LINEAR LINEAR LINEAR LINEAR LINEAR LINEAR LINEAR LINEAR LINEAR LINEAR LINEAR LINEAR LINEAR LINEAR LINEAR LINEAR LINEAR LINEAR LINEAR LINEAR LINEAR LINEAR LINEAR LINEAR LINEAR LINEAR LINEAR LINEAR LINEAR LINEAR LINEAR LINEAR LINEAR LINEAR LINEAR LINEAR LINEAR LINEAR LINEAR LINEAR LINEAR LINEAR LINEAR LINEAR LINEAR LINEAR LINEAR LINEAR LINEAR LINEAR LINEAR LINEAR LINEAR LINEAR LINEAR LINEAR LINEAR LINEAR LINEAR LINEAR LINEAR LINEAR LINEAR LINEAR LINEAR LINEAR LINEAR LINEAR LINEAR LINEAR LINEAR LINEAR LINEAR LINEAR LINEAR LINEAR LINEAR LINEAR LINEAR LINEAR LINEAR LINEAR LINEAR LINEAR LINEAR LINEAR LINEAR LINEAR LINEAR LINEAR LINEAR LINEAR LINEAR LINEAR LINEAR LINEAR LINEAR LINEAR LINEAR LINEAR LINEAR LINEAR LINEAR LINEAR LINEAR LINEAR LINEAR LINEAR LINEAR LINEAR LINEAR LINEAR LINEAR LINEAR LINEAR LINEAR LINEAR LINEAR LINEAR LINEAR LINEAR LINEAR LINEAR LINEAR LINEAR LINEAR LINEAR LINEAR LINEAR LINEAR LINEAR LINEAR LINEAR LINEAR LINEAR LINEAR LINEAR LINEAR LINEAR LINEAR </Name_array>
          <technique_common>
            <accessor count="143" source="#Right_Claw-global-anim-interpolation-array">
              <param type="name"/>
            </accessor>
          </technique_common>
        </source>
        <source id="Right_Claw-global-anim-outSource-global">
          <float_array count="2288" id="Right_Claw-global-anim-outSource-global-array">1.0 0.0 0.0 1.0 0.0 1.0 0.0 -4.5 0.0 0.0 1.0 -0.5 0.0 0.0 0.0 1.0 1.0 0.0 0.0 1.0 0.0 0.99999976 6.9815316E-4 -4.5 0.0 -6.9815316E-4 0.99999976 -0.5 0.0 0.0 0.0 1.0 1.0 0.0 0.0 1.0 0.0 0.9999961 0.0027926096 -4.5 0.0 -0.0027926096 0.9999961 -0.5 0.0 0.0 0.0 1.0 1.0 0.0 0.0 1.0 0.0 0.9999802 0.0062833377 -4.5 0.0 -0.0062833377 0.9999802 -0.5 0.0 0.0 0.0 1.0 1.0000002 0.0 0.0 1.0 0.0 0.99993783 0.011170222 -4.5 0.0 -0.011170222 0.99993783 -0.5 0.0 0.0 0.0 1.0 1.0000001 0.0 0.0 1.0 0.0 0.99984777 0.017452948 -4.5 0.0 -0.017452948 0.99984777 -0.5 0.0 0.0 0.0 1.0 1.0000001 0.0 0.0 1.0 0.0 0.9996843 0.025130872 -4.5 0.0 -0.025130872 0.9996843 -0.5 0.0 0.0 0.0 1.0 1.0 0.0 0.0 1.0 0.0 0.9994149 0.034202833 -4.5 0.0 -0.034202833 0.9994149 -0.5 0.0 0.0 0.0 1.0 1.0000001 0.0 0.0 1.0 0.0 0.99901754 0.044318218 -4.5 0.0 -0.044318218 0.99901754 -0.5 0.0 0.0 0.0 1.0 1.0000002 0.0 0.0 1.0 0.0 0.9985743 0.053383347 -4.5 0.0 -0.053383347 0.9985743 -0.5 0.0 0.0 0.0 1.0 1.0000001 0.0 0.0 1.0 0.0 0.9981348 0.06105041 -4.5 0.0 -0.06105041 0.9981348 -0.5 0.0 0.0 0.0 1.0 1.0 0.0 0.0 1.0 0.0 0.9977313 0.06732084 -4.5 0.0 -0.06732084 0.9977313 -0.5 0.0 0.0 0.0 1.0 1.0000001 0.0 0.0 1.0 0.0 0.99739057 0.072196 -4.5 0.0 -0.072196 0.99739057 -0.5 0.0 0.0 0.0 1.0 1.0000001 0.0 0.0 1.0 0.0 0.99713254 0.07567721 -4.5 0.0 -0.07567721 0.99713254 -0.5 0.0 0.0 0.0 1.0 1.0000001 0.0 0.0 1.0 0.0 0.9969718 0.07776547 -4.5 0.0 -0.07776547 0.9969718 -0.5 0.0 0.0 0.0 1.0 1.0 0.0 0.0 1.0 0.0 0.9969172 0.07846151 -4.5 0.0 -0.07846151 0.9969172 -0.5 0.0 0.0 0.0 1.0 1.0 0.0 0.0 1.0 0.0 0.9969172 0.07846151 -4.5 0.0 -0.07846151 0.9969172 -0.5 0.0 0.0 0.0 1.0 1.0 0.0 0.0 1.0 0.0 0.9969172 0.078461505 -4.5 0.0 -0.078461505 0.9969172 -0.5 0.0 0.0 0.0 1.0 1.0000001 0.0 0.0 1.0 0.0 0.9969173 0.07846151 -4.5 0.0 -0.07846151 0.9969173 -0.5 0.0 0.0 0.0 1.0 1.0000001 0.0 0.0 1.0 0.0 0.9969173 0.07846151 -4.5 0.0 -0.07846151 0.9969173 -0.5 0.0 0.0 0.0 1.0 1.0 0.0 0.0 1.0 0.0 0.9969172 0.07846151 -4.5 0.0 -0.07846151 0.9969172 -0.5 0.0 0.0 0.0 1.0 1.0 0.0 0.0 1.0 0.0 0.9969172 0.07846151 -4.5 0.0 -0.07846151 0.9969172 -0.5 0.0 0.0 0.0 1.0 1.0 0.0 0.0 1.0 0.0 0.9969172 0.07846151 -4.5 0.0 -0.07846151 0.9969172 -0.5 0.0 0.0 0.0 1.0 0.99999905 8.253293E-6 -0.0013995232 1.0 1.0222636E-4 0.99688077 0.078922465 -4.5 0.0013958091 -0.078922525 0.9968798 -0.5 0.0 0.0 0.0 1.0 0.9999844 3.689702E-5 -0.0055981376 1.0 4.127835E-4 0.9967704 0.08030437 -4.5 0.0055830204 -0.08030543 0.9967547 -0.5 0.0 0.0 0.0 1.0 0.9999208 9.7581855E-5 -0.012595701 1.0 9.432862E-4 0.9965821 0.08260436 -4.5 0.012560709 -0.0826097 0.99650294 -0.5 0.0 0.0 0.0 1.0 0.99976486 2.0065793E-4 -0.021691473 1.0 0.001657 0.99632937 0.08558808 -4.5 0.021629022 -0.08560389 0.9960946 -0.5 0.0 0.0 0.0 1.0 0.99958855 2.9854366E-4 -0.028686685 1.0 0.0022244616 0.99612886 0.087878205 -4.5 0.028601868 -0.08790585 0.99571824 -0.5 0.0 0.0 0.0 1.0 0.9994592 3.650327E-4 -0.032882895 1.0 0.002572617 0.99600595 0.08925006 -4.5 0.032784138 -0.08928639 0.99546635 -0.5 0.0 0.0 0.0 1.0 0.99941224 3.884884E-4 -0.034281462 1.0 0.0026899474 0.99596465 0.089706995 -4.5 0.034177974 -0.08974647 0.99537814 -0.5 0.0 0.0 0.0 1.0 0.9994121 3.884884E-4 -0.034281462 1.0 0.0026899471 0.9959645 0.08970698 -4.5 0.034177974 -0.08974645 0.995378 -0.5 0.0 0.0 0.0 1.0 0.99941224 3.884883E-4 -0.034281462 1.0 0.0026899474 0.99596465 0.089706995 -4.5 0.034177974 -0.08974647 0.99537814 -0.5 0.0 0.0 0.0 1.0 0.99941224 3.884883E-4 -0.034281462 1.0 0.0026899474 0.99596465 0.089706995 -4.5 0.034177974 -0.08974647 0.99537814 -0.5 0.0 0.0 0.0 1.0 0.99941224 3.8848852E-4 -0.034281462 1.0 0.0026899474 0.99596465 0.089706995 -4.5 0.034177974 -0.08974647 0.99537814 -0.5 0.0 0.0 0.0 1.0 0.9994121 3.884884E-4 -0.034281462 1.0 0.0026899471 0.9959645 0.08970698 -4.5 0.034177974 -0.08974645 0.995378 -0.5 0.0 0.0 0.0 1.0 0.99941224 3.884883E-4 -0.034281462 1.0 0.0026899474 0.99596465 0.089706995 -4.5 0.034177974 -0.08974647 0.99537814 -0.5 0.0 0.0 0.0 1.0 0.9994121 3.8848817E-4 -0.03428146 1.0 0.002689947 0.9959645 0.08970698 -4.5 0.03417797 -0.08974645 0.995378 -0.5 0.0 0.0 0.0 1.0 0.9994121 3.884883E-4 -0.034281462 1.0 0.0026899474 0.9959645 0.08970698 -4.5 0.034177974 -0.08974645 0.995378 -0.5 0.0 0.0 0.0 1.0 0.99941224 3.884884E-4 -0.034281462 1.0 0.0026899474 0.99596465 0.089706995 -4.5 0.034177974 -0.08974647 0.99537814 -0.5 0.0 0.0 0.0 1.0 0.99941224 3.884884E-4 -0.034281462 1.0 0.0026899474 0.99596465 0.089706995 -4.5 0.034177974 -0.08974647 0.99537814 -0.5 0.0 0.0 0.0 1.0 0.99941224 3.884884E-4 -0.034281462 1.0 0.0026899474 0.99596465 0.089706995 -4.5 0.034177974 -0.08974647 0.99537814 -0.5 0.0 0.0 0.0 1.0 0.99941224 3.884884E-4 -0.034281462 1.0 0.0026899474 0.99596465 0.089706995 -4.5 0.034177974 -0.08974647 0.99537814 -0.5 0.0 0.0 0.0 1.0 0.99941224 3.884884E-4 -0.034281462 1.0 0.0026899474 0.99596465 0.089706995 -4.5 0.034177974 -0.08974647 0.99537814 -0.5 0.0 0.0 0.0 1.0 0.9994121 3.884884E-4 -0.034281462 1.0 0.0026899474 0.9959645 0.08970699 -4.5 0.034177974 -0.08974646 0.995378 -0.5 0.0 0.0 0.0 1.0 0.99941224 3.884884E-4 -0.034281462 1.0 0.0026899474 0.99596465 0.089706995 -4.5 0.034177974 -0.08974647 0.99537814 -0.5 0.0 0.0 0.0 1.0 0.9994121 3.884883E-4 -0.034281462 1.0 0.0026899474 0.9959645 0.08970698 -4.5 0.034177974 -0.08974645 0.995378 -0.5 0.0 0.0 0.0 1.0 0.99941224 3.884884E-4 -0.034281462 1.0 0.0026899474 0.99596465 0.089706995 -4.5 0.034177974 -0.08974647 0.99537814 -0.5 0.0 0.0 0.0 1.0 0.99941224 3.884884E-4 -0.034281462 1.0 0.0026899474 0.99596465 0.089706995 -4.5 0.034177974 -0.08974647 0.99537814 -0.5 0.0 0.0 0.0 1.0 0.99941224 3.8848817E-4 -0.03428146 1.0 0.0026899471 0.99596465 0.089706995 -4.5 0.03417797 -0.08974647 0.99537814 -0.5 0.0 0.0 0.0 1.0 0.9994121 3.8848817E-4 -0.03428146 1.0 0.002689947 0.9959645 0.08970698 -4.5 0.03417797 -0.08974645 0.995378 -0.5 0.0 0.0 0.0 1.0 0.9994121 3.884884E-4 -0.034281462 1.0 0.0026899474 0.9959645 0.08970699 -4.5 0.034177974 -0.08974646 0.995378 -0.5 0.0 0.0 0.0 1.0 0.9994121 3.884883E-4 -0.03428146 1.0 0.002689947 0.9959645 0.08970699 -4.5 0.03417797 -0.08974646 0.995378 -0.5 0.0 0.0 0.0 1.0 0.99941224 3.884884E-4 -0.034281462 1.0 0.0026899474 0.99596465 0.089706995 -4.5 0.034177974 -0.08974647 0.99537814 -0.5 0.0 0.0 0.0 1.0 0.99941224 3.884884E-4 -0.034281462 1.0 0.0026899474 0.99596465 0.089706995 -4.5 0.034177974 -0.08974647 0.99537814 -0.5 0.0 0.0 0.0 1.0 0.9994121 3.884884E-4 -0.034281462 1.0 0.0026899474 0.9959645 0.08970699 -4.5 0.034177974 -0.08974646 0.995378 -0.5 0.0 0.0 0.0 1.0 0.9994121 3.8848817E-4 -0.03428146 1.0 0.002689947 0.9959645 0.08970698 -4.5 0.03417797 -0.08974645 0.995378 -0.5 0.0 0.0 0.0 1.0 0.99941224 3.884884E-4 -0.034281462 1.0 0.0026899474 0.99596465 0.089706995 -4.5 0.034177974 -0.08974647 0.99537814 -0.5 0.0 0.0 0.0 1.0 0.9994121 3.884883E-4 -0.03428146 1.0 0.002689947 0.9959645 0.08970699 -4.5 0.03417797 -0.08974646 0.995378 -0.5 0.0 0.0 0.0 1.0 0.99941224 3.884884E-4 -0.034281462 1.0 0.0026899474 0.99596465 0.089706995 -4.5 0.034177974 -0.08974647 0.99537814 -0.5 0.0 0.0 0.0 1.0 0.9994121 3.884884E-4 -0.034281462 1.0 0.0026899474 0.9959645 0.08970699 -4.5 0.034177974 -0.08974646 0.995378 -0.5 0.0 0.0 0.0 1.0 0.99941224 3.8848852E-4 -0.034281462 1.0 0.0026899474 0.99596465 0.089707 -4.5 0.034177974 -0.089746475 0.99537814 -0.5 0.0 0.0 0.0 1.0 0.9994121 3.884884E-4 -0.034281462 1.0 0.0026899474 0.9959645 0.08970699 -4.5 0.034177974 -0.08974646 0.995378 -0.5 0.0 0.0 0.0 1.0 0.9994121 3.8848817E-4 -0.03428146 1.0 0.0026899471 0.9959645 0.08970699 -4.5 0.03417797 -0.08974646 0.995378 -0.5 0.0 0.0 0.0 1.0 0.9994121 3.8848817E-4 -0.03428146 1.0 0.002689947 0.9959645 0.08970698 -4.5 0.03417797 -0.08974645 0.995378 -0.5 0.0 0.0 0.0 1.0 0.9994121 3.884883E-4 -0.034281462 1.0 0.0026899474 0.9959645 0.08970698 -4.5 0.034177974 -0.08974645 0.995378 -0.5 0.0 0.0 0.0 1.0 0.9994121 3.8848817E-4 -0.03428146 1.0 0.002689947 0.9959645 0.08970698 -4.5 0.03417797 -0.08974645 0.995378 -0.5 0.0 0.0 0.0 1.0 0.9994121 3.884884E-4 -0.034281462 1.0 0.0026899474 0.9959645 0.08970699 -4.5 0.034177974 -0.08974646 0.995378 -0.5 0.0 0.0 0.0 1.0 0.99941224 3.884884E-4 -0.034281462 1.0 0.0026899474 0.99596465 0.089706995 -4.5 0.034177974 -0.08974647 0.99537814 -0.5 0.0 0.0 0.0 1.0 0.99941224 3.884884E-4 -0.034281462 1.0 0.0026899474 0.99596465 0.089706995 -4.5 0.034177974 -0.08974647 0.99537814 -0.5 0.0 0.0 0.0 1.0 0.9994121 3.884883E-4 -0.03428146 1.0 0.002689947 0.9959645 0.08970699 -4.5 0.03417797 -0.08974646 0.995378 -0.5 0.0 0.0 0.0 1.0 0.9994121 3.8848817E-4 -0.03428146 1.0 0.002689947 0.9959645 0.08970698 -4.5 0.03417797 -0.08974645 0.995378 -0.5 0.0 0.0 0.0 1.0 0.99941224 3.884884E-4 -0.034281462 1.0 0.0026899474 0.99596465 0.089706995 -4.5 0.034177974 -0.08974647 0.99537814 -0.5 0.0 0.0 0.0 1.0 0.99941224 3.884883E-4 -0.034281462 1.0 0.0026899474 0.99596465 0.08970699 -4.5 0.034177974 -0.08974646 0.99537814 -0.5 0.0 0.0 0.0 1.0 0.9994121 3.8848817E-4 -0.03428146 1.0 0.0026899471 0.9959645 0.08970699 -4.5 0.03417797 -0.08974646 0.995378 -0.5 0.0 0.0 0.0 1.0 0.99941224 3.8848852E-4 -0.034281462 1.0 0.0026899474 0.99596465 0.089707 -4.5 0.034177974 -0.089746475 0.99537814 -0.5 0.0 0.0 0.0 1.0 0.99941224 3.884884E-4 -0.034281462 1.0 0.0026899474 0.99596465 0.089706995 -4.5 0.034177974 -0.08974647 0.99537814 -0.5 0.0 0.0 0.0 1.0 0.9994121 3.884884E-4 -0.034281462 1.0 0.0026899474 0.9959645 0.08970699 -4.5 0.034177974 -0.08974646 0.995378 -0.5 0.0 0.0 0.0 1.0 0.9994121 3.884884E-4 -0.034281462 1.0 0.0026899474 0.9959645 0.08970699 -4.5 0.034177974 -0.08974646 0.995378 -0.5 0.0 0.0 0.0 1.0 0.9994121 3.8848817E-4 -0.03428146 1.0 0.002689947 0.9959645 0.08970698 -4.5 0.03417797 -0.08974645 0.995378 -0.5 0.0 0.0 0.0 1.0 0.99941224 3.884884E-4 -0.034281462 1.0 0.0026899474 0.99596465 0.089706995 -4.5 0.034177974 -0.08974647 0.99537814 -0.5 0.0 0.0 0.0 1.0 0.9994121 3.8848817E-4 -0.03428146 1.0 0.002689947 0.9959645 0.08970698 -4.5 0.03417797 -0.08974645 0.995378 -0.5 0.0 0.0 0.0 1.0 0.99941224 3.884884E-4 -0.034281462 1.0 0.0026899474 0.99596465 0.089706995 -4.5 0.034177974 -0.08974647 0.99537814 -0.5 0.0 0.0 0.0 1.0 0.99941224 3.884884E-4 -0.034281462 1.0 0.0026899474 0.99596465 0.089706995 -4.5 0.034177974 -0.08974647 0.99537814 -0.5 0.0 0.0 0.0 1.0 0.99941224 3.884884E-4 -0.034281462 1.0 0.0026899474 0.99596465 0.089706995 -4.5 0.034177974 -0.08974647 0.99537814 -0.5 0.0 0.0 0.0 1.0 0.9994121 3.884884E-4 -0.034281462 1.0 0.0026899474 0.9959645 0.08970699 -4.5 0.034177974 -0.08974646 0.995378 -0.5 0.0 0.0 0.0 1.0 0.9994121 3.8848817E-4 -0.03428146 1.0 0.002689947 0.9959645 0.08970698 -4.5 0.03417797 -0.08974645 0.995378 -0.5 0.0 0.0 0.0 1.0 0.9994121 3.884884E-4 -0.034281462 1.0 0.0026899474 0.9959645 0.08970699 -4.5 0.034177974 -0.08974646 0.995378 -0.5 0.0 0.0 0.0 1.0 0.99941224 3.884883E-4 -0.034281462 1.0 0.0026899474 0.99596465 0.08970699 -4.5 0.034177974 -0.08974646 0.99537814 -0.5 0.0 0.0 0.0 1.0 0.99941224 3.884884E-4 -0.034281462 1.0 0.0026899474 0.99596465 0.089706995 -4.5 0.034177974 -0.08974647 0.99537814 -0.5 0.0 0.0 0.0 1.0 0.99941224 3.884884E-4 -0.034281462 1.0 0.0026899474 0.99596465 0.089706995 -4.5 0.034177974 -0.08974647 0.99537814 -0.5 0.0 0.0 0.0 1.0 0.99941224 3.884884E-4 -0.034281462 1.0 0.0026899474 0.99596465 0.089706995 -4.5 0.034177974 -0.08974647 0.99537814 -0.5 0.0 0.0 0.0 1.0 0.9994121 3.884884E-4 -0.034281462 1.0 0.0026899474 0.9959645 0.08970699 -4.5 0.034177974 -0.08974646 0.995378 -0.5 0.0 0.0 0.0 1.0 0.99941224 3.884884E-4 -0.034281462 1.0 0.0026899474 0.99596465 0.089706995 -4.5 0.034177974 -0.08974647 0.99537814 -0.5 0.0 0.0 0.0 1.0 0.99941224 3.884884E-4 -0.034281462 1.0 0.0026899474 0.99596465 0.089706995 -4.5 0.034177974 -0.08974647 0.99537814 -0.5 0.0 0.0 0.0 1.0 0.99941224 3.884884E-4 -0.034281462 1.0 0.0026899474 0.99596465 0.089706995 -4.5 0.034177974 -0.08974647 0.99537814 -0.5 0.0 0.0 0.0 1.0 0.99941224 3.884884E-4 -0.034281462 1.0 0.0026899474 0.99596465 0.089706995 -4.5 0.034177974 -0.08974647 0.99537814 -0.5 0.0 0.0 0.0 1.0 0.99941224 3.884884E-4 -0.034281462 1.0 0.0026899474 0.99596465 0.089706995 -4.5 0.034177974 -0.08974647 0.99537814 -0.5 0.0 0.0 0.0 1.0 0.99941224 3.884884E-4 -0.034281462 1.0 0.0026899474 0.99596465 0.089706995 -4.5 0.034177974 -0.08974647 0.99537814 -0.5 0.0 0.0 0.0 1.0 0.99941224 3.884884E-4 -0.034281462 1.0 0.0026899474 0.99596465 0.089706995 -4.5 0.034177974 -0.08974647 0.99537814 -0.5 0.0 0.0 0.0 1.0 0.99941224 3.884884E-4 -0.034281462 1.0 0.0026899474 0.99596465 0.089706995 -4.5 0.034177974 -0.08974647 0.99537814 -0.5 0.0 0.0 0.0 1.0 0.9994121 3.884884E-4 -0.034281462 1.0 0.0026899474 0.9959645 0.08970699 -4.5 0.034177974 -0.08974646 0.995378 -0.5 0.0 0.0 0.0 1.0 0.9994121 3.8848817E-4 -0.03428146 1.0 0.002689947 0.9959645 0.08970698 -4.5 0.03417797 -0.08974645 0.995378 -0.5 0.0 0.0 0.0 1.0 0.99941224 3.884884E-4 -0.034281462 1.0 0.0026899474 0.99596465 0.089706995 -4.5 0.034177974 -0.08974647 0.99537814 -0.5 0.0 0.0 0.0 1.0 0.99941224 3.884884E-4 -0.034281462 1.0 0.0026899474 0.99596465 0.089706995 -4.5 0.034177974 -0.08974647 0.99537814 -0.5 0.0 0.0 0.0 1.0 0.99941224 3.884884E-4 -0.034281462 1.0 0.0026899474 0.99596465 0.089706995 -4.5 0.034177974 -0.08974647 0.99537814 -0.5 0.0 0.0 0.0 1.0 0.9994121 3.884884E-4 -0.034281462 1.0 0.0026899474 0.9959645 0.08970699 -4.5 0.034177974 -0.08974646 0.995378 -0.5 0.0 0.0 0.0 1.0 0.99941224 3.884884E-4 -0.034281462 1.0 0.0026899474 0.99596465 0.089706995 -4.5 0.034177974 -0.08974647 0.99537814 -0.5 0.0 0.0 0.0 1.0 0.99941224 3.884883E-4 -0.034281462 1.0 0.0026899474 0.99596465 0.08970699 -4.5 0.034177974 -0.08974646 0.99537814 -0.5 0.0 0.0 0.0 1.0 0.99941224 3.884884E-4 -0.034281462 1.0 0.0026899474 0.99596465 0.089706995 -4.5 0.034177974 -0.08974647 0.99537814 -0.5 0.0 0.0 0.0 1.0 0.99941224 3.884884E-4 -0.034281462 1.0 0.0026899474 0.99596465 0.089706995 -4.5 0.034177974 -0.08974647 0.99537814 -0.5 0.0 0.0 0.0 1.0 0.99941224 3.884884E-4 -0.034281462 1.0 0.0026899474 0.99596465 0.089706995 -4.5 0.034177974 -0.08974647 0.99537814 -0.5 0.0 0.0 0.0 1.0 0.99941224 3.884884E-4 -0.034281462 1.0 0.0026899474 0.99596465 0.089706995 -4.5 0.034177974 -0.08974647 0.99537814 -0.5 0.0 0.0 0.0 1.0 0.99941224 3.884884E-4 -0.034281462 1.0 0.0026899474 0.99596465 0.089706995 -4.5 0.034177974 -0.08974647 0.99537814 -0.5 0.0 0.0 0.0 1.0 0.99941224 3.884884E-4 -0.034281462 1.0 0.0026899474 0.99596465 0.089706995 -4.5 0.034177974 -0.08974647 0.99537814 -0.5 0.0 0.0 0.0 1.0 0.99941224 3.884884E-4 -0.034281462 1.0 0.0026899474 0.99596465 0.089706995 -4.5 0.034177974 -0.08974647 0.99537814 -0.5 0.0 0.0 0.0 1.0 0.99941224 3.884884E-4 -0.034281462 1.0 0.0026899474 0.99596465 0.089706995 -4.5 0.034177974 -0.08974647 0.99537814 -0.5 0.0 0.0 0.0 1.0 0.99941224 3.884884E-4 -0.034281462 1.0 0.0026899474 0.99596465 0.089706995 -4.5 0.034177974 -0.08974647 0.99537814 -0.5 0.0 0.0 0.0 1.0 0.99941224 3.884884E-4 -0.034281462 1.0 0.0026899474 0.99596465 0.089706995 -4.5 0.034177974 -0.08974647 0.99537814 -0.5 0.0 0.0 0.0 1.0 0.99941224 3.884884E-4 -0.034281462 1.0 0.0026899474 0.99596465 0.089706995 -4.5 0.034177974 -0.08974647 0.99537814 -0.5 0.0 0.0 0.0 1.0 0.99941224 3.884884E-4 -0.034281462 1.0 0.0026899474 0.99596465 0.089706995 -4.5 0.034177974 -0.08974647 0.99537814 -0.5 0.0 0.0 0.0 1.0 0.99941224 3.884884E-4 -0.034281462 1.0 0.0026899474 0.99596465 0.089706995 -4.5 0.034177974 -0.08974647 0.99537814 -0.5 0.0 0.0 0.0 1.0 0.99941224 3.884884E-4 -0.034281462 1.0 0.0026899474 0.99596465 0.089706995 -4.5 0.034177974 -0.08974647 0.99537814 -0.5 0.0 0.0 0.0 1.0 0.9994225 3.714643E-4 -0.03397721 1.0 0.002652528 0.99603593 0.08891218 -4.5 0.033875547 -0.08895097 0.99545974 -0.5 0.0 0.0 0.0 1.0 0.9994532 3.21851E-4 -0.03306435 1.0 0.0025417195 0.9962462 0.0865274 -4.5 0.03296808 -0.08656413 0.99570066 -0.5 0.0 0.0 0.0 1.0 0.9995023 2.4402619E-4 -0.031542603 1.0 0.00236187 0.99658394 0.082551435 -4.5 0.031455 -0.08258486 0.99608743 -0.5 0.0 0.0 0.0 1.0 0.99956733 1.4528795E-4 -0.029411543 1.0 0.0021202331 0.99703014 0.07698244 -4.5 0.02933538 -0.077011496 0.99659854 -0.5 0.0 0.0 0.0 1.0 0.99964434 3.58579E-5 -0.026670659 1.0 0.0018269729 0.9975581 0.06981806 -4.5 0.026608033 -0.06984194 0.99720323 -0.5 0.0 0.0 0.0 1.0 0.999728 -7.111585E-5 -0.023319455 1.0 0.0014951746 0.9981332 0.06105566 -4.5 0.023271581 -0.06107392 0.99786186 -0.5 0.0 0.0 0.0 1.0 0.9998128 -1.5955727E-4 -0.019357594 1.0 0.001140855 0.9987138 0.05069274 -4.5 0.019324606 -0.050705325 0.9985269 -0.5 0.0 0.0 0.0 1.0 0.9998884 -2.096481E-4 -0.01493741 1.0 7.940187E-4 0.99923396 0.0391261 -4.5 0.014917765 -0.039133593 0.9991226 -0.5 0.0 0.0 0.0 1.0 0.99993974 -2.1101859E-4 -0.010973988 1.0 5.264686E-4 0.99958646 0.028750312 -4.5 0.010963384 -0.028754357 0.9995264 -0.5 0.0 0.0 0.0 1.0 0.999971 -1.8002649E-4 -0.007620328 1.0 3.3215966E-4 0.9998006 0.019967569 -4.5 0.0076152133 -0.019969521 0.9997716 -0.5 0.0 0.0 0.0 1.0 0.99998814 -1.3274928E-4 -0.004876636 1.0 1.9506433E-4 0.99991834 0.012780034 -4.5 0.0048745414 -0.012780833 0.9999065 -0.5 0.0 0.0 0.0 1.0 0.99999624 -8.234093E-5 -0.0027429059 1.0 1.0205797E-4 0.9999742 0.0071890135 -4.5 0.0027422432 -0.007189267 0.99997044 -0.5 0.0 0.0 0.0 1.0 0.9999992 -3.9030652E-5 -0.0012190024 1.0 4.292543E-5 0.9999948 0.0031951878 -4.5 0.0012188716 -0.0031952376 0.9999941 -0.5 0.0 0.0 0.0 1.0 1.0000001 -1.0122899E-5 -3.0474144E-4 1.0 1.0366327E-5 0.9999999 7.988097E-4 -4.5 3.0473323E-4 -7.9881283E-4 0.9999998 -0.5 0.0 0.0 0.0 1.0 1.0 0.0 0.0 1.0 0.0 1.0 0.0 -4.5 0.0 0.0 1.0 -0.5 0.0 0.0 0.0 1.0 1.0 0.0 0.0 1.0 0.0 1.0 0.0 -4.5 0.0 0.0 1.0 -0.5 0.0 0.0 0.0 1.0 1.0 0.0 0.0 1.0 0.0 1.0 0.0 -4.5 0.0 0.0 1.0 -0.5 0.0 0.0 0.0 1.0 1.0 0.0 0.0 1.0 0.0 1.0 0.0 -4.5 0.0 0.0 1.0 -0.5 0.0 0.0 0.0 1.0 1.0 0.0 0.0 1.0 0.0 1.0 0.0 -4.5 0.0 0.0 1.0 -0.5 0.0 0.0 0.0 1.0 1.0 0.0 0.0 1.0 0.0 1.0 0.0 -4.5 0.0 0.0 1.0 -0.5 0.0 0.0 0.0 1.0 1.0 0.0 0.0 1.0 0.0 1.0 0.0 -4.5 0.0 0.0 1.0 -0.5 0.0 0.0 0.0 1.0 </float_array>
          <technique_common>
            <accessor count="143" source="#Right_Claw-global-anim-outSource-global-array" stride="16">
              <param type="float4x4"/>
            </accessor>
          </technique_common>
        </source>
        <sampler id="Right_Claw-global-anim-globalSampler">
          <input semantic="INPUT" source="#Right_Claw-global-anim-inSource-TIME"/>
          <input semantic="OUTPUT" source="#Right_Claw-global-anim-outSource-global"/>
          <input semantic="INTERPOLATION" source="#Right_Claw-global-anim-interpolation"/>
        </sampler>
        <channel source="#Right_Claw-global-anim-globalSampler" target="Right_Claw-global/matrix"/>
      </animation>
    </animation>
    <animation id="Right_Claw-local-anim" name="Right_Claw-local-anim">
      <animation>
        <source id="Right_Claw-local-anim-inSource-TIME">
          <float_array count="143" id="Right_Claw-local-anim-inSource-TIME-array">0.0 0.041666668 0.083333336 0.125 0.16666667 0.20833333 0.25 0.29166666 0.33333334 0.375 0.41666666 0.45833334 0.5 0.5416667 0.5833333 0.625 0.6666667 0.7083333 0.75 0.7916667 0.8333333 0.875 0.9166667 0.9583333 1.0 1.0416666 1.0833334 1.125 1.1666666 1.2083334 1.25 1.2916666 1.3333334 1.375 1.4166666 1.4583334 1.5 1.5416666 1.5833334 1.625 1.6666666 1.7083334 1.75 1.7916666 1.8333334 1.875 1.9166666 1.9583334 2.0 2.0416667 2.0833333 2.125 2.1666667 2.2083333 2.25 2.2916667 2.3333333 2.375 2.4166667 2.4583333 2.5 2.5416667 2.5833333 2.625 2.6666667 2.7083333 2.75 2.7916667 2.8333333 2.875 2.9166667 2.9583333 3.0 3.0416667 3.0833333 3.125 3.1666667 3.2083333 3.25 3.2916667 3.3333333 3.375 3.4166667 3.4583333 3.5 3.5416667 3.5833333 3.625 3.6666667 3.7083333 3.75 3.7916667 3.8333333 3.875 3.9166667 3.9583333 4.0 4.0416665 4.0833335 4.125 4.1666665 4.2083335 4.25 4.2916665 4.3333335 4.375 4.4166665 4.4583335 4.5 4.5416665 4.5833335 4.625 4.6666665 4.7083335 4.75 4.7916665 4.8333335 4.875 4.9166665 4.9583335 5.0 5.0416665 5.0833335 5.125 5.1666665 5.2083335 5.25 5.2916665 5.3333335 5.375 5.4166665 5.4583335 5.5 5.5416665 5.5833335 5.625 5.6666665 5.7083335 5.75 5.7916665 5.8333335 5.875 5.9166665 </float_array>
          <technique_common>
            <accessor count="143" source="#Right_Claw-local-anim-inSource-TIME-array">
              <param name="TIME" type="float"/>
            </accessor>
          </technique_common>
        </source>
        <source id="Right_Claw-local-anim-interpolation">
          <Name_array count="143" id="Right_Claw-local-anim-interpolation-array">LINEAR LINEAR LINEAR LINEAR LINEAR LINEAR LINEAR LINEAR LINEAR LINEAR LINEAR LINEAR LINEAR LINEAR LINEAR LINEAR LINEAR LINEAR LINEAR LINEAR LINEAR LINEAR LINEAR LINEAR LINEAR LINEAR LINEAR LINEAR LINEAR LINEAR LINEAR LINEAR LINEAR LINEAR LINEAR LINEAR LINEAR LINEAR LINEAR LINEAR LINEAR LINEAR LINEAR LINEAR LINEAR LINEAR LINEAR LINEAR LINEAR LINEAR LINEAR LINEAR LINEAR LINEAR LINEAR LINEAR LINEAR LINEAR LINEAR LINEAR LINEAR LINEAR LINEAR LINEAR LINEAR LINEAR LINEAR LINEAR LINEAR LINEAR LINEAR LINEAR LINEAR LINEAR LINEAR LINEAR LINEAR LINEAR LINEAR LINEAR LINEAR LINEAR LINEAR LINEAR LINEAR LINEAR LINEAR LINEAR LINEAR LINEAR LINEAR LINEAR LINEAR LINEAR LINEAR LINEAR LINEAR LINEAR LINEAR LINEAR LINEAR LINEAR LINEAR LINEAR LINEAR LINEAR LINEAR LINEAR LINEAR LINEAR LINEAR LINEAR LINEAR LINEAR LINEAR LINEAR LINEAR LINEAR LINEAR LINEAR LINEAR LINEAR LINEAR LINEAR LINEAR LINEAR LINEAR LINEAR LINEAR LINEAR LINEAR LINEAR LINEAR LINEAR LINEAR LINEAR LINEAR LINEAR LINEAR LINEAR LINEAR LINEAR LINEAR </Name_array>
          <technique_common>
            <accessor count="143" source="#Right_Claw-local-anim-interpolation-array">
              <param type="name"/>
            </accessor>
          </technique_common>
        </source>
        <source id="Right_Claw-local-anim-outSource-local">
          <float_array count="2288" id="Right_Claw-local-anim-outSource-local-array">1.0 0.0 0.0 0.0 0.0 1.0 0.0 -1.9999999 0.0 0.0 1.0 1.5 0.0 0.0 0.0 1.0 1.0 0.0 0.0 0.0 0.0 1.0 0.0 -1.9999999 0.0 0.0 1.0 1.5 0.0 0.0 0.0 1.0 1.0 0.0 0.0 0.0 0.0 1.0 0.0 -1.9999999 0.0 0.0 1.0 1.5 0.0 0.0 0.0 1.0 1.0 0.0 0.0 0.0 0.0 1.0 0.0 -1.9999999 0.0 0.0 1.0 1.5 0.0 0.0 0.0 1.0 1.0 0.0 0.0 0.0 0.0 1.0 0.0 -1.9999999 0.0 0.0 1.0 1.5 0.0 0.0 0.0 1.0 1.0 0.0 0.0 0.0 0.0 1.0 0.0 -1.9999999 0.0 0.0 1.0 1.5 0.0 0.0 0.0 1.0 1.0 0.0 0.0 0.0 0.0 1.0 0.0 -1.9999999 0.0 0.0 1.0 1.5 0.0 0.0 0.0 1.0 1.0 0.0 0.0 0.0 0.0 1.0 0.0 -1.9999999 0.0 0.0 1.0 1.5 0.0 0.0 0.0 1.0 1.0 0.0 0.0 0.0 0.0 1.0 0.0 -1.9999999 0.0 0.0 1.0 1.5 0.0 0.0 0.0 1.0 1.0 0.0 0.0 0.0 0.0 1.0 0.0 -1.9999999 0.0 0.0 1.0 1.5 0.0 0.0 0.0 1.0 1.0 0.0 0.0 0.0 0.0 1.0 0.0 -1.9999999 0.0 0.0 1.0 1.5 0.0 0.0 0.0 1.0 1.0 0.0 0.0 0.0 0.0 1.0 0.0 -1.9999999 0.0 0.0 1.0 1.5 0.0 0.0 0.0 1.0 1.0 0.0 0.0 0.0 0.0 1.0 0.0 -1.9999999 0.0 0.0 1.0 1.5 0.0 0.0 0.0 1.0 1.0 0.0 0.0 0.0 0.0 1.0 0.0 -1.9999999 0.0 0.0 1.0 1.5 0.0 0.0 0.0 1.0 1.0 0.0 0.0 0.0 0.0 1.0 0.0 -1.9999999 0.0 0.0 1.0 1.5 0.0 0.0 0.0 1.0 1.0 0.0 0.0 0.0 0.0 1.0 0.0 -1.9999999 0.0 0.0 1.0 1.5 0.0 0.0 0.0 1.0 1.0 0.0 0.0 0.0 0.0 1.0 0.0 -1.9999999 0.0 0.0 1.0 1.5 0.0 0.0 0.0 1.0 1.0 0.0 0.0 0.0 0.0 1.0 0.0 -1.9999999 0.0 0.0 1.0 1.5 0.0 0.0 0.0 1.0 1.0 0.0 0.0 0.0 0.0 1.0 0.0 -1.9999999 0.0 0.0 1.0 1.5 0.0 0.0 0.0 1.0 1.0 0.0 0.0 0.0 0.0 1.0 0.0 -1.9999999 0.0 0.0 1.0 1.5 0.0 0.0 0.0 1.0 1.0 0.0 0.0 0.0 0.0 1.0 0.0 -1.9999999 0.0 0.0 1.0 1.5 0.0 0.0 0.0 1.0 1.0 0.0 0.0 0.0 0.0 1.0 0.0 -1.9999999 0.0 0.0 1.0 1.5 0.0 0.0 0.0 1.0 1.0 0.0 0.0 0.0 0.0 1.0 0.0 -1.9999999 0.0 0.0 1.0 1.5 0.0 0.0 0.0 1.0 1.0 0.0 0.0 0.0 0.0 1.0 0.0 -1.9999999 0.0 0.0 1.0 1.5 0.0 0.0 0.0 1.0 1.0 0.0 0.0 0.0 0.0 1.0 0.0 -1.9999999 0.0 0.0 1.0 1.5 0.0 0.0 0.0 1.0 1.0 0.0 0.0 0.0 0.0 1.0 0.0 -1.9999999 0.0 0.0 1.0 1.5 0.0 0.0 0.0 1.0 1.0 0.0 0.0 0.0 0.0 1.0 0.0 -1.9999999 0.0 0.0 1.0 1.5 0.0 0.0 0.0 1.0 1.0 0.0 0.0 0.0 0.0 1.0 0.0 -1.9999999 0.0 0.0 1.0 1.5 0.0 0.0 0.0 1.0 1.0 0.0 0.0 0.0 0.0 1.0 0.0 -1.9999999 0.0 0.0 1.0 1.5 0.0 0.0 0.0 1.0 1.0 0.0 0.0 0.0 0.0 1.0 0.0 -1.9999999 0.0 0.0 1.0 1.5 0.0 0.0 0.0 1.0 1.0 0.0 0.0 0.0 0.0 1.0 0.0 -1.9999999 0.0 0.0 1.0 1.5 0.0 0.0 0.0 1.0 1.0 0.0 0.0 0.0 0.0 1.0 0.0 -1.9999999 0.0 0.0 1.0 1.5 0.0 0.0 0.0 1.0 1.0 0.0 0.0 0.0 0.0 1.0 0.0 -1.9999999 0.0 0.0 1.0 1.5 0.0 0.0 0.0 1.0 1.0 0.0 0.0 0.0 0.0 1.0 0.0 -1.9999999 0.0 0.0 1.0 1.5 0.0 0.0 0.0 1.0 1.0 0.0 0.0 0.0 0.0 1.0 0.0 -1.9999999 0.0 0.0 1.0 1.5 0.0 0.0 0.0 1.0 1.0 0.0 0.0 0.0 0.0 1.0 0.0 -1.9999999 0.0 0.0 1.0 1.5 0.0 0.0 0.0 1.0 1.0 0.0 0.0 0.0 0.0 1.0 0.0 -1.9999999 0.0 0.0 1.0 1.5 0.0 0.0 0.0 1.0 1.0 0.0 0.0 0.0 0.0 1.0 0.0 -1.9999999 0.0 0.0 1.0 1.5 0.0 0.0 0.0 1.0 1.0 0.0 0.0 0.0 0.0 1.0 0.0 -1.9999999 0.0 0.0 1.0 1.5 0.0 0.0 0.0 1.0 1.0 0.0 0.0 0.0 0.0 1.0 0.0 -1.9999999 0.0 0.0 1.0 1.5 0.0 0.0 0.0 1.0 1.0 0.0 0.0 0.0 0.0 1.0 0.0 -1.9999999 0.0 0.0 1.0 1.5 0.0 0.0 0.0 1.0 1.0 0.0 0.0 0.0 0.0 1.0 0.0 -1.9999999 0.0 0.0 1.0 1.5 0.0 0.0 0.0 1.0 1.0 0.0 0.0 0.0 0.0 1.0 0.0 -1.9999999 0.0 0.0 1.0 1.5 0.0 0.0 0.0 1.0 1.0 0.0 0.0 0.0 0.0 1.0 0.0 -1.9999999 0.0 0.0 1.0 1.5 0.0 0.0 0.0 1.0 1.0 0.0 0.0 0.0 0.0 1.0 0.0 -1.9999999 0.0 0.0 1.0 1.5 0.0 0.0 0.0 1.0 1.0 0.0 0.0 0.0 0.0 1.0 0.0 -1.9999999 0.0 0.0 1.0 1.5 0.0 0.0 0.0 1.0 1.0 0.0 0.0 0.0 0.0 1.0 0.0 -1.9999999 0.0 0.0 1.0 1.5 0.0 0.0 0.0 1.0 1.0 0.0 0.0 0.0 0.0 1.0 0.0 -1.9999999 0.0 0.0 1.0 1.5 0.0 0.0 0.0 1.0 1.0 0.0 0.0 0.0 0.0 1.0 0.0 -1.9999999 0.0 0.0 1.0 1.5 0.0 0.0 0.0 1.0 1.0 0.0 0.0 0.0 0.0 1.0 0.0 -1.9999999 0.0 0.0 1.0 1.5 0.0 0.0 0.0 1.0 1.0 0.0 0.0 0.0 0.0 1.0 0.0 -1.9999999 0.0 0.0 1.0 1.5 0.0 0.0 0.0 1.0 1.0 0.0 0.0 0.0 0.0 1.0 0.0 -1.9999999 0.0 0.0 1.0 1.5 0.0 0.0 0.0 1.0 1.0 0.0 0.0 0.0 0.0 1.0 0.0 -1.9999999 0.0 0.0 1.0 1.5 0.0 0.0 0.0 1.0 1.0 0.0 0.0 0.0 0.0 1.0 0.0 -1.9999999 0.0 0.0 1.0 1.5 0.0 0.0 0.0 1.0 1.0 0.0 0.0 0.0 0.0 1.0 0.0 -1.9999999 0.0 0.0 1.0 1.5 0.0 0.0 0.0 1.0 1.0 0.0 0.0 0.0 0.0 1.0 0.0 -1.9999999 0.0 0.0 1.0 1.5 0.0 0.0 0.0 1.0 1.0 0.0 0.0 0.0 0.0 1.0 0.0 -1.9999999 0.0 0.0 1.0 1.5 0.0 0.0 0.0 1.0 1.0 0.0 0.0 0.0 0.0 1.0 0.0 -1.9999999 0.0 0.0 1.0 1.5 0.0 0.0 0.0 1.0 1.0 0.0 0.0 0.0 0.0 1.0 0.0 -1.9999999 0.0 0.0 1.0 1.5 0.0 0.0 0.0 1.0 1.0 0.0 0.0 0.0 0.0 1.0 0.0 -1.9999999 0.0 0.0 1.0 1.5 0.0 0.0 0.0 1.0 1.0 0.0 0.0 0.0 0.0 1.0 0.0 -1.9999999 0.0 0.0 1.0 1.5 0.0 0.0 0.0 1.0 1.0 0.0 0.0 0.0 0.0 1.0 0.0 -1.9999999 0.0 0.0 1.0 1.5 0.0 0.0 0.0 1.0 1.0 0.0 0.0 0.0 0.0 1.0 0.0 -1.9999999 0.0 0.0 1.0 1.5 0.0 0.0 0.0 1.0 1.0 0.0 0.0 0.0 0.0 1.0 0.0 -1.9999999 0.0 0.0 1.0 1.5 0.0 0.0 0.0 1.0 1.0 0.0 0.0 0.0 0.0 1.0 0.0 -1.9999999 0.0 0.0 1.0 1.5 0.0 0.0 0.0 1.0 1.0 0.0 0.0 0.0 0.0 1.0 0.0 -1.9999999 0.0 0.0 1.0 1.5 0.0 0.0 0.0 1.0 1.0 0.0 0.0 0.0 0.0 1.0 0.0 -1.9999999 0.0 0.0 1.0 1.5 0.0 0.0 0.0 1.0 1.0 0.0 0.0 0.0 0.0 1.0 0.0 -1.9999999 0.0 0.0 1.0 1.5 0.0 0.0 0.0 1.0 1.0 0.0 0.0 0.0 0.0 1.0 0.0 -1.9999999 0.0 0.0 1.0 1.5 0.0 0.0 0.0 1.0 1.0 0.0 0.0 0.0 0.0 1.0 0.0 -1.9999999 0.0 0.0 1.0 1.5 0.0 0.0 0.0 1.0 1.0 0.0 0.0 0.0 0.0 1.0 0.0 -1.9999999 0.0 0.0 1.0 1.5 0.0 0.0 0.0 1.0 1.0 0.0 0.0 0.0 0.0 1.0 0.0 -1.9999999 0.0 0.0 1.0 1.5 0.0 0.0 0.0 1.0 1.0 0.0 0.0 0.0 0.0 1.0 0.0 -1.9999999 0.0 0.0 1.0 1.5 0.0 0.0 0.0 1.0 1.0 0.0 0.0 0.0 0.0 1.0 0.0 -1.9999999 0.0 0.0 1.0 1.5 0.0 0.0 0.0 1.0 1.0 0.0 0.0 0.0 0.0 1.0 0.0 -1.9999999 0.0 0.0 1.0 1.5 0.0 0.0 0.0 1.0 1.0 0.0 0.0 0.0 0.0 1.0 0.0 -1.9999999 0.0 0.0 1.0 1.5 0.0 0.0 0.0 1.0 1.0 0.0 0.0 0.0 0.0 1.0 0.0 -1.9999999 0.0 0.0 1.0 1.5 0.0 0.0 0.0 1.0 1.0 0.0 0.0 0.0 0.0 1.0 0.0 -1.9999999 0.0 0.0 1.0 1.5 0.0 0.0 0.0 1.0 1.0 0.0 0.0 0.0 0.0 1.0 0.0 -1.9999999 0.0 0.0 1.0 1.5 0.0 0.0 0.0 1.0 1.0 0.0 0.0 0.0 0.0 1.0 0.0 -1.9999999 0.0 0.0 1.0 1.5 0.0 0.0 0.0 1.0 1.0 0.0 0.0 0.0 0.0 1.0 0.0 -1.9999999 0.0 0.0 1.0 1.5 0.0 0.0 0.0 1.0 1.0 0.0 0.0 0.0 0.0 1.0 0.0 -1.9999999 0.0 0.0 1.0 1.5 0.0 0.0 0.0 1.0 1.0 0.0 0.0 0.0 0.0 1.0 0.0 -1.9999999 0.0 0.0 1.0 1.5 0.0 0.0 0.0 1.0 1.0 0.0 0.0 0.0 0.0 1.0 0.0 -1.9999999 0.0 0.0 1.0 1.5 0.0 0.0 0.0 1.0 1.0 0.0 0.0 0.0 0.0 1.0 0.0 -1.9999999 0.0 0.0 1.0 1.5 0.0 0.0 0.0 1.0 1.0 0.0 0.0 0.0 0.0 1.0 0.0 -1.9999999 0.0 0.0 1.0 1.5 0.0 0.0 0.0 1.0 1.0 0.0 0.0 0.0 0.0 1.0 0.0 -1.9999999 0.0 0.0 1.0 1.5 0.0 0.0 0.0 1.0 1.0 0.0 0.0 0.0 0.0 1.0 0.0 -1.9999999 0.0 0.0 1.0 1.5 0.0 0.0 0.0 1.0 1.0 0.0 0.0 0.0 0.0 1.0 0.0 -1.9999999 0.0 0.0 1.0 1.5 0.0 0.0 0.0 1.0 1.0 0.0 0.0 0.0 0.0 1.0 0.0 -1.9999999 0.0 0.0 1.0 1.5 0.0 0.0 0.0 1.0 1.0 0.0 0.0 0.0 0.0 1.0 0.0 -1.9999999 0.0 0.0 1.0 1.5 0.0 0.0 0.0 1.0 1.0 0.0 0.0 0.0 0.0 1.0 0.0 -1.9999999 0.0 0.0 1.0 1.5 0.0 0.0 0.0 1.0 1.0 0.0 0.0 0.0 0.0 1.0 0.0 -1.9999999 0.0 0.0 1.0 1.5 0.0 0.0 0.0 1.0 1.0 0.0 0.0 0.0 0.0 1.0 0.0 -1.9999999 0.0 0.0 1.0 1.5 0.0 0.0 0.0 1.0 1.0 0.0 0.0 0.0 0.0 1.0 0.0 -1.9999999 0.0 0.0 1.0 1.5 0.0 0.0 0.0 1.0 1.0 0.0 0.0 0.0 0.0 1.0 0.0 -1.9999999 0.0 0.0 1.0 1.5 0.0 0.0 0.0 1.0 1.0 0.0 0.0 0.0 0.0 1.0 0.0 -1.9999999 0.0 0.0 1.0 1.5 0.0 0.0 0.0 1.0 1.0 0.0 0.0 0.0 0.0 1.0 0.0 -1.9999999 0.0 0.0 1.0 1.5 0.0 0.0 0.0 1.0 1.0 0.0 0.0 0.0 0.0 1.0 0.0 -1.9999999 0.0 0.0 1.0 1.5 0.0 0.0 0.0 1.0 1.0 0.0 0.0 0.0 0.0 1.0 0.0 -1.9999999 0.0 0.0 1.0 1.5 0.0 0.0 0.0 1.0 1.0 0.0 0.0 0.0 0.0 1.0 0.0 -1.9999999 0.0 0.0 1.0 1.5 0.0 0.0 0.0 1.0 1.0 0.0 0.0 0.0 0.0 1.0 0.0 -1.9999999 0.0 0.0 1.0 1.5 0.0 0.0 0.0 1.0 1.0 0.0 0.0 0.0 0.0 1.0 0.0 -1.9999999 0.0 0.0 1.0 1.5 0.0 0.0 0.0 1.0 1.0 0.0 0.0 0.0 0.0 1.0 0.0 -1.9999999 0.0 0.0 1.0 1.5 0.0 0.0 0.0 1.0 1.0 0.0 0.0 0.0 0.0 1.0 0.0 -1.9999999 0.0 0.0 1.0 1.5 0.0 0.0 0.0 1.0 1.0 0.0 0.0 0.0 0.0 1.0 0.0 -1.9999999 0.0 0.0 1.0 1.5 0.0 0.0 0.0 1.0 1.0 0.0 0.0 0.0 0.0 1.0 0.0 -1.9999999 0.0 0.0 1.0 1.5 0.0 0.0 0.0 1.0 1.0 0.0 0.0 0.0 0.0 1.0 0.0 -1.9999999 0.0 0.0 1.0 1.5 0.0 0.0 0.0 1.0 1.0 0.0 0.0 0.0 0.0 1.0 0.0 -1.9999999 0.0 0.0 1.0 1.5 0.0 0.0 0.0 1.0 1.0 0.0 0.0 0.0 0.0 1.0 0.0 -1.9999999 0.0 0.0 1.0 1.5 0.0 0.0 0.0 1.0 1.0 0.0 0.0 0.0 0.0 1.0 0.0 -1.9999999 0.0 0.0 1.0 1.5 0.0 0.0 0.0 1.0 1.0 0.0 0.0 0.0 0.0 1.0 0.0 -1.9999999 0.0 0.0 1.0 1.5 0.0 0.0 0.0 1.0 1.0 0.0 0.0 0.0 0.0 1.0 0.0 -1.9999999 0.0 0.0 1.0 1.5 0.0 0.0 0.0 1.0 1.0 0.0 0.0 0.0 0.0 1.0 0.0 -1.9999999 0.0 0.0 1.0 1.5 0.0 0.0 0.0 1.0 1.0 0.0 0.0 0.0 0.0 1.0 0.0 -1.9999999 0.0 0.0 1.0 1.5 0.0 0.0 0.0 1.0 1.0 0.0 0.0 0.0 0.0 1.0 0.0 -1.9999999 0.0 0.0 1.0 1.5 0.0 0.0 0.0 1.0 1.0 0.0 0.0 0.0 0.0 1.0 0.0 -1.9999999 0.0 0.0 1.0 1.5 0.0 0.0 0.0 1.0 1.0 0.0 0.0 0.0 0.0 1.0 0.0 -1.9999999 0.0 0.0 1.0 1.5 0.0 0.0 0.0 1.0 1.0 0.0 0.0 0.0 0.0 1.0 0.0 -1.9999999 0.0 0.0 1.0 1.5 0.0 0.0 0.0 1.0 1.0 0.0 0.0 0.0 0.0 1.0 0.0 -1.9999999 0.0 0.0 1.0 1.5 0.0 0.0 0.0 1.0 1.0 0.0 0.0 0.0 0.0 1.0 0.0 -1.9999999 0.0 0.0 1.0 1.5 0.0 0.0 0.0 1.0 1.0 0.0 0.0 0.0 0.0 1.0 0.0 -1.9999999 0.0 0.0 1.0 1.5 0.0 0.0 0.0 1.0 1.0 0.0 0.0 0.0 0.0 1.0 0.0 -1.9999999 0.0 0.0 1.0 1.5 0.0 0.0 0.0 1.0 1.0 0.0 0.0 0.0 0.0 1.0 0.0 -1.9999999 0.0 0.0 1.0 1.5 0.0 0.0 0.0 1.0 1.0 0.0 0.0 0.0 0.0 1.0 0.0 -1.9999999 0.0 0.0 1.0 1.5 0.0 0.0 0.0 1.0 1.0 0.0 0.0 0.0 0.0 1.0 0.0 -1.9999999 0.0 0.0 1.0 1.5 0.0 0.0 0.0 1.0 1.0 0.0 0.0 0.0 0.0 1.0 0.0 -1.9999999 0.0 0.0 1.0 1.5 0.0 0.0 0.0 1.0 1.0 0.0 0.0 0.0 0.0 1.0 0.0 -1.9999999 0.0 0.0 1.0 1.5 0.0 0.0 0.0 1.0 1.0 0.0 0.0 0.0 0.0 1.0 0.0 -1.9999999 0.0 0.0 1.0 1.5 0.0 0.0 0.0 1.0 1.0 0.0 0.0 0.0 0.0 1.0 0.0 -1.9999999 0.0 0.0 1.0 1.5 0.0 0.0 0.0 1.0 1.0 0.0 0.0 0.0 0.0 1.0 0.0 -1.9999999 0.0 0.0 1.0 1.5 0.0 0.0 0.0 1.0 1.0 0.0 0.0 0.0 0.0 1.0 0.0 -1.9999999 0.0 0.0 1.0 1.5 0.0 0.0 0.0 1.0 1.0 0.0 0.0 0.0 0.0 1.0 0.0 -1.9999999 0.0 0.0 1.0 1.5 0.0 0.0 0.0 1.0 1.0 0.0 0.0 0.0 0.0 1.0 0.0 -1.9999999 0.0 0.0 1.0 1.5 0.0 0.0 0.0 1.0 1.0 0.0 0.0 0.0 0.0 1.0 0.0 -1.9999999 0.0 0.0 1.0 1.5 0.0 0.0 0.0 1.0 1.0 0.0 0.0 0.0 0.0 1.0 0.0 -1.9999999 0.0 0.0 1.0 1.5 0.0 0.0 0.0 1.0 1.0 0.0 0.0 0.0 0.0 1.0 0.0 -1.9999999 0.0 0.0 1.0 1.5 0.0 0.0 0.0 1.0 1.0 0.0 0.0 0.0 0.0 1.0 0.0 -1.9999999 0.0 0.0 1.0 1.5 0.0 0.0 0.0 1.0 1.0 0.0 0.0 0.0 0.0 1.0 0.0 -1.9999999 0.0 0.0 1.0 1.5 0.0 0.0 0.0 1.0 1.0 0.0 0.0 0.0 0.0 1.0 0.0 -1.9999999 0.0 0.0 1.0 1.5 0.0 0.0 0.0 1.0 1.0 0.0 0.0 0.0 0.0 1.0 0.0 -1.9999999 0.0 0.0 1.0 1.5 0.0 0.0 0.0 1.0 1.0 0.0 0.0 0.0 0.0 1.0 0.0 -1.9999999 0.0 0.0 1.0 1.5 0.0 0.0 0.0 1.0 1.0 0.0 0.0 0.0 0.0 1.0 0.0 -1.9999999 0.0 0.0 1.0 1.5 0.0 0.0 0.0 1.0 </float_array>
          <technique_common>
            <accessor count="143" source="#Right_Claw-local-anim-outSource-local-array" stride="16">
              <param type="float4x4"/>
            </accessor>
          </technique_common>
        </source>
        <sampler id="Right_Claw-local-anim-localSampler">
          <input semantic="INPUT" source="#Right_Claw-local-anim-inSource-TIME"/>
          <input semantic="OUTPUT" source="#Right_Claw-local-anim-outSource-local"/>
          <input semantic="INTERPOLATION" source="#Right_Claw-local-anim-interpolation"/>
        </sampler>
        <channel source="#Right_Claw-local-anim-localSampler" target="Right_Claw-local/matrix"/>
      </animation>
    </animation>
    <animation id="Tail1-global-anim" name="Tail1-global-anim">
      <animation>
        <source id="Tail1-global-anim-inSource-TIME">
          <float_array count="143" id="Tail1-global-anim-inSource-TIME-array">0.0 0.041666668 0.083333336 0.125 0.16666667 0.20833333 0.25 0.29166666 0.33333334 0.375 0.41666666 0.45833334 0.5 0.5416667 0.5833333 0.625 0.6666667 0.7083333 0.75 0.7916667 0.8333333 0.875 0.9166667 0.9583333 1.0 1.0416666 1.0833334 1.125 1.1666666 1.2083334 1.25 1.2916666 1.3333334 1.375 1.4166666 1.4583334 1.5 1.5416666 1.5833334 1.625 1.6666666 1.7083334 1.75 1.7916666 1.8333334 1.875 1.9166666 1.9583334 2.0 2.0416667 2.0833333 2.125 2.1666667 2.2083333 2.25 2.2916667 2.3333333 2.375 2.4166667 2.4583333 2.5 2.5416667 2.5833333 2.625 2.6666667 2.7083333 2.75 2.7916667 2.8333333 2.875 2.9166667 2.9583333 3.0 3.0416667 3.0833333 3.125 3.1666667 3.2083333 3.25 3.2916667 3.3333333 3.375 3.4166667 3.4583333 3.5 3.5416667 3.5833333 3.625 3.6666667 3.7083333 3.75 3.7916667 3.8333333 3.875 3.9166667 3.9583333 4.0 4.0416665 4.0833335 4.125 4.1666665 4.2083335 4.25 4.2916665 4.3333335 4.375 4.4166665 4.4583335 4.5 4.5416665 4.5833335 4.625 4.6666665 4.7083335 4.75 4.7916665 4.8333335 4.875 4.9166665 4.9583335 5.0 5.0416665 5.0833335 5.125 5.1666665 5.2083335 5.25 5.2916665 5.3333335 5.375 5.4166665 5.4583335 5.5 5.5416665 5.5833335 5.625 5.6666665 5.7083335 5.75 5.7916665 5.8333335 5.875 5.9166665 </float_array>
          <technique_common>
            <accessor count="143" source="#Tail1-global-anim-inSource-TIME-array">
              <param name="TIME" type="float"/>
            </accessor>
          </technique_common>
        </source>
        <source id="Tail1-global-anim-interpolation">
          <Name_array count="143" id="Tail1-global-anim-interpolation-array">LINEAR LINEAR LINEAR LINEAR LINEAR LINEAR LINEAR LINEAR LINEAR LINEAR LINEAR LINEAR LINEAR LINEAR LINEAR LINEAR LINEAR LINEAR LINEAR LINEAR LINEAR LINEAR LINEAR LINEAR LINEAR LINEAR LINEAR LINEAR LINEAR LINEAR LINEAR LINEAR LINEAR LINEAR LINEAR LINEAR LINEAR LINEAR LINEAR LINEAR LINEAR LINEAR LINEAR LINEAR LINEAR LINEAR LINEAR LINEAR LINEAR LINEAR LINEAR LINEAR LINEAR LINEAR LINEAR LINEAR LINEAR LINEAR LINEAR LINEAR LINEAR LINEAR LINEAR LINEAR LINEAR LINEAR LINEAR LINEAR LINEAR LINEAR LINEAR LINEAR LINEAR LINEAR LINEAR LINEAR LINEAR LINEAR LINEAR LINEAR LINEAR LINEAR LINEAR LINEAR LINEAR LINEAR LINEAR LINEAR LINEAR LINEAR LINEAR LINEAR LINEAR LINEAR LINEAR LINEAR LINEAR LINEAR LINEAR LINEAR LINEAR LINEAR LINEAR LINEAR LINEAR LINEAR LINEAR LINEAR LINEAR LINEAR LINEAR LINEAR LINEAR LINEAR LINEAR LINEAR LINEAR LINEAR LINEAR LINEAR LINEAR LINEAR LINEAR LINEAR LINEAR LINEAR LINEAR LINEAR LINEAR LINEAR LINEAR LINEAR LINEAR LINEAR LINEAR LINEAR LINEAR LINEAR LINEAR LINEAR LINEAR LINEAR LINEAR </Name_array>
          <technique_common>
            <accessor count="143" source="#Tail1-global-anim-interpolation-array">
              <param type="name"/>
            </accessor>
          </technique_common>
        </source>
        <source id="Tail1-global-anim-outSource-global">
          <float_array count="2288" id="Tail1-global-anim-outSource-global-array">1.0 0.0 0.0 -0.5 0.0 0.81915176 0.57357687 0.0 0.0 -0.57357687 0.81915176 -5.0 0.0 0.0 0.0 1.0 1.0000001 0.0 0.0 -0.5 0.0 0.82122207 0.57060903 0.0 0.0 -0.57060903 0.82122207 -5.0 0.0 0.0 0.0 1.0 1.0000001 0.0 0.0 -0.5 0.0 0.82736796 0.56166047 0.0 0.0 -0.56166047 0.82736796 -5.0 0.0 0.0 0.0 1.0 1.0 0.0 0.0 -0.5 0.0 0.83739406 0.54659975 0.0 0.0 -0.54659975 0.83739406 -5.0 0.0 0.0 0.0 1.0 1.0 0.0 0.0 -0.5 0.0 0.85096943 0.52521515 0.0 0.0 -0.52521515 0.85096943 -5.0 0.0 0.0 0.0 1.0 1.0 0.0 0.0 -0.5 0.0 0.86762017 0.4972276 0.0 0.0 -0.4972276 0.86762017 -5.0 0.0 0.0 0.0 1.0 1.0000002 0.0 0.0 -0.5 0.0 0.8867199 0.46230748 0.0 0.0 -0.46230748 0.8867199 -5.0 0.0 0.0 0.0 1.0 1.0000001 0.0 0.0 -0.5 0.0 0.9074787 0.42009836 0.0 0.0 -0.42009836 0.9074787 -5.0 0.0 0.0 0.0 1.0 1.0 0.0 0.0 -0.5 0.0 0.9262297 0.37695968 0.0 0.0 -0.37695968 0.9262297 -5.0 0.0 0.0 0.0 1.0 1.0 0.0 0.0 -0.5 0.0 0.9404968 0.33980247 0.0 0.0 -0.33980247 0.9404968 -5.0 0.0 0.0 0.0 1.0 1.0 0.0 0.0 -0.5 0.0 0.9510627 0.30899805 0.0 0.0 -0.30899805 0.9510627 -5.0 0.0 0.0 0.0 1.0 1.0000001 0.0 0.0 -0.5 0.0 0.95858383 0.28481078 0.0 0.0 -0.28481078 0.95858383 -5.0 0.0 0.0 0.0 1.0 1.0 0.0 0.0 -0.5 0.0 0.96357965 0.26742136 0.0 0.0 -0.26742136 0.96357965 -5.0 0.0 0.0 0.0 1.0 1.0 0.0 0.0 -0.5 0.0 0.9664259 0.25694537 0.0 0.0 -0.25694537 0.9664259 -5.0 0.0 0.0 0.0 1.0 1.0 0.0 0.0 -0.5 0.0 0.9673494 0.25344655 0.0 0.0 -0.25344655 0.9673494 -5.0 0.0 0.0 0.0 1.0 1.0 0.0 0.0 -0.5 0.0 0.96380997 0.2665901 0.0 0.0 -0.2665901 0.96380997 -5.0 0.0 0.0 0.0 1.0 1.0000002 0.0 0.0 -0.5 0.0 0.95212334 0.3057148 0.0 0.0 -0.3057148 0.95212334 -5.0 0.0 0.0 0.0 1.0 1.0000002 0.0 0.0 -0.5 0.0 0.93884903 0.3443297 0.0 0.0 -0.3443297 0.93884903 -5.0 0.0 0.0 0.0 1.0 1.0 0.0 0.0 -0.5 0.0 0.93407506 0.35707688 0.0 0.0 -0.35707688 0.93407506 -5.0 0.0 0.0 0.0 1.0 1.0 0.0 0.0 -0.5 0.0 0.93621814 0.35141948 0.0 0.0 -0.35141948 0.93621814 -5.0 0.0 0.0 0.0 1.0 1.0 0.0 0.0 -0.5 0.0 0.9424416 0.3343709 0.0 0.0 -0.3343709 0.9424416 -5.0 0.0 0.0 0.0 1.0 1.0000002 0.0 0.0 -0.5 0.0 0.95212334 0.3057148 0.0 0.0 -0.3057148 0.95212334 -5.0 0.0 0.0 0.0 1.0 1.0 0.0 0.0 -0.5 0.0 0.9609337 0.27677888 0.0 0.0 -0.27677888 0.9609337 -5.0 0.0 0.0 0.0 1.0 1.0000001 0.0 0.0 -0.5 0.0 0.96579856 0.2592941 0.0 0.0 -0.2592941 0.96579856 -5.0 0.0 0.0 0.0 1.0 1.0 0.0 0.0 -0.5 0.0 0.9673494 0.25344655 0.0 0.0 -0.25344655 0.9673494 -5.0 0.0 0.0 0.0 1.0 0.9999923 -8.474686E-5 -0.0039661094 -0.5 0.001096758 0.96670973 0.25587395 0.0 0.003812391 -0.25587627 0.9667022 -5.0 0.0 0.0 0.0 1.0 0.9998741 -2.7918653E-4 -0.015864909 -0.5 0.004444276 0.964753 0.26311973 0.0 0.0152322585 -0.2631571 0.96463275 -5.0 0.0 0.0 0.0 1.0 0.9993627 -4.0384242E-4 -0.035692595 -0.5 0.010212805 0.9613692 0.2750726 0.0 0.034202673 -0.27526185 0.96076065 -5.0 0.0 0.0 0.0 1.0 0.99845827 -2.7919002E-4 -0.055506226 -0.5 0.016215226 0.95783365 0.28686526 0.0 0.053085644 -0.28732303 0.95636153 -5.0 0.0 0.0 0.0 1.0 0.99772716 -8.4751286E-5 -0.06738315 -0.5 0.019927584 0.9556403 0.2938613 0.0 0.06436915 -0.2945362 0.95347 -5.0 0.0 0.0 0.0 1.0 0.9974521 -6.519258E-9 -0.07133971 -0.5 0.021183357 0.95489734 0.29617974 0.0 0.06812209 -0.2969363 0.9524643 -5.0 0.0 0.0 0.0 1.0 0.9981931 -6.9262367E-4 -0.060086723 -0.5 0.017583989 0.959531 0.28105417 0.0 0.0574604 -0.28160283 0.9578092 -5.0 0.0 0.0 0.0 1.0 0.9988072 -0.0012044678 -0.04881645 -0.5 0.014154118 0.9639199 0.2658166 0.0 0.046734974 -0.26619044 0.962787 -5.0 0.0 0.0 0.0 1.0 0.99929434 -0.0015353491 -0.03753321 -0.5 0.010895057 0.9680624 0.250473 0.0 0.035949923 -0.25070515 0.9673959 -5.0 0.0 0.0 0.0 1.0 0.9996544 -0.0016851383 -0.026241343 -0.5 0.007808062 0.97195715 0.23502918 0.0 0.0251094 -0.2351528 0.9716342 -5.0 0.0 0.0 0.0 1.0 0.99965435 -0.0015145559 -0.02625174 -0.5 0.0078080613 0.97040904 0.2413411 0.0 0.0251094 -0.24146263 0.9700853 -5.0 0.0 0.0 0.0 1.0 0.9996543 -0.0010024523 -0.026276277 -0.5 0.0078080613 0.9655193 0.26021475 0.0 0.025109397 -0.26032996 0.9651933 -5.0 0.0 0.0 0.0 1.0 0.99965435 -1.4819577E-4 -0.026294975 -0.5 0.0078080613 0.95655507 0.2914475 0.0 0.025109397 -0.29155204 0.9562255 -5.0 0.0 0.0 0.0 1.0 0.99965435 9.6243597E-4 -0.026277773 -0.5 0.0078080604 0.9433931 0.33158505 0.0 0.025109395 -0.3316756 0.9430594 -5.0 0.0 0.0 0.0 1.0 0.9996542 0.0018157028 -0.026232623 -0.5 0.0078080585 0.93212163 0.36206117 0.0 0.025109392 -0.3621408 0.9317851 -5.0 0.0 0.0 0.0 1.0 0.9996543 0.0023268005 -0.026192242 -0.5 0.0078080604 0.92488563 0.38016543 0.0 0.025109397 -0.3802385 0.9245477 -5.0 0.0 0.0 0.0 1.0 0.9996543 0.00249698 -0.026176568 -0.5 0.0078080604 0.92239535 0.38616842 0.0 0.025109395 -0.3862393 0.9220569 -5.0 0.0 0.0 0.0 1.0 0.9996545 0.00228646 -0.0261958 -0.5 0.0078080613 0.9254702 0.37874064 0.0 0.025109401 -0.3788142 0.9251323 -5.0 0.0 0.0 0.0 1.0 0.9996542 0.0016540652 -0.026243312 -0.5 0.0078080595 0.93433434 0.35631207 0.0 0.025109394 -0.35639378 0.93399835 -5.0 0.0 0.0 0.0 1.0 0.99965423 0.0010207093 -0.026275571 -0.5 0.0078080604 0.9426554 0.3336764 0.0 0.025109395 -0.33376616 0.9423215 -5.0 0.0 0.0 0.0 1.0 0.99965423 8.094399E-4 -0.026282927 -0.5 0.00780806 0.94530743 0.32608736 0.0 0.025109394 -0.3261798 0.94497424 -5.0 0.0 0.0 0.0 1.0 0.9996623 8.6394744E-4 -0.02597745 -0.5 0.007724093 0.94442135 0.32864714 0.0 0.024817588 -0.32873678 0.9440956 -5.0 0.0 0.0 0.0 1.0 0.9996854 0.001022504 -0.025060114 -0.5 0.007467447 0.9417211 0.33631176 0.0 0.023943517 -0.33639312 0.9414172 -5.0 0.0 0.0 0.0 1.0 0.9997225 0.0012701941 -0.023528423 -0.5 0.007023943 0.937083 0.3490362 0.0 0.022491429 -0.34910455 0.93681395 -5.0 0.0 0.0 0.0 1.0 0.9997703 0.0015820831 -0.021378627 -0.5 0.0063700723 0.9303013 0.3667412 0.0 0.020468777 -0.36679313 0.93007743 -5.0 0.0 0.0 0.0 1.0 0.999825 0.0019231316 -0.018606456 -0.5 0.005473226 0.9210912 0.3893083 0.0 0.017886935 -0.38934204 0.92091954 -5.0 0.0 0.0 0.0 1.0 0.99987966 0.002235529 -0.015362743 -0.5 0.0043477323 0.90965575 0.4153406 0.0 0.014903311 -0.41535735 0.9095364 -5.0 0.0 0.0 0.0 1.0 0.99991816 0.0024298334 -0.0125761675 -0.5 0.003315823 0.89926857 0.43738478 0.0 0.012372122 -0.43739063 0.89918673 -5.0 0.0 0.0 0.0 1.0 0.9999428 0.0025339944 -0.010405978 -0.5 0.0024707585 0.89082026 0.45434946 0.0 0.010421174 -0.4543491 0.8907629 -5.0 0.0 0.0 0.0 1.0 0.9999576 0.0025832108 -0.008854797 -0.5 0.0018445766 0.8845899 0.46636647 0.0 0.009037586 -0.46636295 0.8845475 -5.0 0.0 0.0 0.0 1.0 0.9999653 0.002602662 -0.0079238145 -0.5 0.0014599004 0.8807737 0.47353527 0.0 0.008211539 -0.47353038 0.88073933 -5.0 0.0 0.0 0.0 1.0 0.9999676 0.0026074653 -0.007613448 -0.5 0.0013301829 0.8794887 0.4759179 0.0 0.007936881 -0.4759126 0.87945676 -5.0 0.0 0.0 0.0 1.0 0.9999676 0.0026074653 -0.0076134475 -0.5 0.0013301829 0.8794887 0.4759179 0.0 0.007936881 -0.4759126 0.87945676 -5.0 0.0 0.0 0.0 1.0 0.9999676 0.0026074653 -0.0076134475 -0.5 0.0013301828 0.8794887 0.4759179 0.0 0.007936881 -0.4759126 0.87945676 -5.0 0.0 0.0 0.0 1.0 0.9999677 0.0026074653 -0.0076134484 -0.5 0.0013301828 0.8794888 0.47591794 0.0 0.007936881 -0.47591263 0.8794569 -5.0 0.0 0.0 0.0 1.0 0.99996775 0.002607466 -0.007613449 -0.5 0.0013301831 0.8794888 0.47591797 0.0 0.007936882 -0.47591266 0.8794569 -5.0 0.0 0.0 0.0 1.0 0.9999676 0.0026074653 -0.0076134475 -0.5 0.0013301829 0.8794887 0.4759179 0.0 0.007936881 -0.4759126 0.87945676 -5.0 0.0 0.0 0.0 1.0 0.9999676 0.0026074653 -0.0076134475 -0.5 0.0013301829 0.8794887 0.47591788 0.0 0.007936881 -0.47591257 0.87945676 -5.0 0.0 0.0 0.0 1.0 0.9999677 0.0026074653 -0.0076134484 -0.5 0.0013301828 0.8794888 0.47591794 0.0 0.007936881 -0.47591263 0.8794569 -5.0 0.0 0.0 0.0 1.0 0.9999676 0.0026074653 -0.0076134475 -0.5 0.0013301829 0.8794887 0.4759179 0.0 0.007936881 -0.4759126 0.87945676 -5.0 0.0 0.0 0.0 1.0 0.9999676 0.0026074653 -0.0076134475 -0.5 0.0013301829 0.8794887 0.4759179 0.0 0.007936881 -0.4759126 0.87945676 -5.0 0.0 0.0 0.0 1.0 0.9999676 0.0026074653 -0.0076134475 -0.5 0.0013301829 0.8794887 0.4759179 0.0 0.007936881 -0.4759126 0.87945676 -5.0 0.0 0.0 0.0 1.0 0.99996763 0.0025898458 -0.00761946 -0.5 0.0013301831 0.88058734 0.47388202 0.0 0.007936882 -0.47387683 0.8805554 -5.0 0.0 0.0 0.0 1.0 0.99996763 0.0025369031 -0.0076372507 -0.5 0.0013301829 0.883855 0.46775925 0.0 0.007936882 -0.46775424 0.883823 -5.0 0.0 0.0 0.0 1.0 0.9999677 0.0024483958 -0.0076660835 -0.5 0.001330183 0.8892063 0.45750466 0.0 0.007936882 -0.45750007 0.8891742 -5.0 0.0 0.0 0.0 1.0 0.9999677 0.002323938 -0.0077047255 -0.5 0.001330183 0.8964981 0.44304577 0.0 0.007936882 -0.44304165 0.89646596 -5.0 0.0 0.0 0.0 1.0 0.99996763 0.0021630293 -0.0077514364 -0.5 0.0013301827 0.90552753 0.42428553 0.0 0.007936881 -0.42428207 0.90549535 -5.0 0.0 0.0 0.0 1.0 0.9999677 0.0019650972 -0.0078039644 -0.5 0.0013301828 0.9160301 0.4011074 0.0 0.007936881 -0.40110478 0.91599786 -5.0 0.0 0.0 0.0 1.0 0.99996775 0.0017658923 -0.0078514395 -0.5 0.0013301825 0.9259396 0.37766954 0.0 0.007936881 -0.37766775 0.92590725 -5.0 0.0 0.0 0.0 1.0 0.99996775 0.0016020508 -0.007886501 -0.5 0.0013301829 0.9336017 0.3583106 0.0 0.007936882 -0.35830948 0.9335693 -5.0 0.0 0.0 0.0 1.0 0.9999677 0.0014741342 -0.00791141 -0.5 0.0013301829 0.93928134 0.34314573 0.0 0.007936882 -0.34314513 0.939249 -5.0 0.0 0.0 0.0 1.0 0.99996775 0.0013825266 -0.007927932 -0.5 0.0013301828 0.94318765 0.3322584 0.0 0.007936882 -0.33225816 0.9431552 -5.0 0.0 0.0 0.0 1.0 0.99996775 0.0013274726 -0.007937335 -0.5 0.0013301828 0.94547075 0.32570457 0.0 0.007936881 -0.32570457 0.9454384 -5.0 0.0 0.0 0.0 1.0 0.9999676 0.0013091067 -0.007940384 -0.5 0.0013301825 0.9462216 0.32351643 0.0 0.00793688 -0.3235165 0.9461892 -5.0 0.0 0.0 0.0 1.0 0.9999817 0.0011487363 -0.00596852 -0.5 8.0503384E-4 0.94829434 0.31739178 0.0 0.006024512 -0.3173907 0.94827586 -5.0 0.0 0.0 0.0 1.0 0.9999999 7.441855E-4 -4.7164933E-5 -0.5 -6.960578E-4 0.954274 0.29893306 0.0 2.6746988E-4 -0.29893294 0.9542743 -5.0 0.0 0.0 0.0 1.0 0.9999516 3.254736E-4 0.009835524 -0.5 -0.0029486842 0.96344143 0.26790303 0.0 -0.009388755 -0.26791906 0.9633957 -5.0 0.0 0.0 0.0 1.0 0.99980545 2.2656936E-4 0.019725615 -0.5 -0.0048876167 0.97160167 0.23657212 0.0 -0.01911184 -0.23662248 0.9714137 -5.0 0.0 0.0 0.0 1.0 0.99967086 3.207971E-4 0.02565853 -0.5 -0.0058994675 0.97601056 0.21764399 0.0 -0.024973173 -0.21772368 0.9756911 -5.0 0.0 0.0 0.0 1.0 0.9996181 3.7779682E-4 0.027635427 -0.5 -0.0062114038 0.97739846 0.21131475 0.0 -0.026930986 -0.21140568 0.9770274 -5.0 0.0 0.0 0.0 1.0 0.9996717 3.8966606E-4 0.025624624 -0.5 -0.00580658 0.9773251 0.2116653 0.0 -0.024961105 -0.21174458 0.9770064 -5.0 0.0 0.0 0.0 1.0 0.9998081 4.2946078E-4 0.01959165 -0.5 -0.0045878845 0.9771043 0.21271187 0.0 -0.019051732 -0.2127609 0.97691864 -5.0 0.0 0.0 0.0 1.0 0.99995446 5.097296E-4 0.009535318 -0.5 -0.002542732 0.97673404 0.21443921 0.0 -0.009204164 -0.21445367 0.9766908 -5.0 0.0 0.0 0.0 1.0 0.9999895 6.513742E-4 -0.004544674 -0.5 3.4950871E-4 0.9762112 0.21682167 0.0 0.0045777936 -0.21682099 0.9762007 -5.0 0.0 0.0 0.0 1.0 0.99974316 8.8361884E-4 -0.022645228 -0.5 0.0041169953 0.97553116 0.21982272 0.0 0.022285365 -0.2198595 0.97527695 -5.0 0.0 0.0 0.0 1.0 0.99904174 0.0012257507 -0.043751705 -0.5 0.0085803345 0.97472703 0.22323437 0.0 0.042919602 -0.22339584 0.9737824 -5.0 0.0 0.0 0.0 1.0 0.9980858 0.0015799045 -0.061826695 -0.5 0.012462806 0.974029 0.22608072 0.0 0.06057817 -0.22641847 0.97214466 -5.0 0.0 0.0 0.0 1.0 0.99711597 0.0018941402 -0.07587048 -0.5 0.015517836 0.9734804 0.22824411 0.0 0.074290745 -0.22876318 0.97064334 -5.0 0.0 0.0 0.0 1.0 0.9963022 0.0021393336 -0.085892245 -0.5 0.017718555 0.9730855 0.2297622 0.0 0.08407204 -0.23043445 0.9694493 -5.0 0.0 0.0 0.0 1.0 0.99576545 0.0022947323 -0.09190094 -0.5 0.01904628 0.97284746 0.23066199 0.0 0.08993491 -0.23143563 0.96868426 -5.0 0.0 0.0 0.0 1.0 0.9955786 0.0023479108 -0.093903095 -0.5 0.01949007 0.972768 0.23096012 0.0 0.091888204 -0.23176913 0.9684212 -5.0 0.0 0.0 0.0 1.0 0.99584013 0.002269567 -0.09108994 -0.5 0.018793032 0.97308016 0.22969961 0.0 0.08915912 -0.23045594 0.96898955 -5.0 0.0 0.0 0.0 1.0 0.9965771 0.0020574215 -0.0826456 -0.5 0.016723266 0.97400624 0.22590393 0.0 0.0809621 -0.22651273 0.9706377 -5.0 0.0 0.0 0.0 1.0 0.9976457 0.0017801696 -0.06855706 -0.5 0.013345223 0.97551435 0.21953078 0.0 0.0672692 -0.21992882 0.9731938 -5.0 0.0 0.0 0.0 1.0 0.99873704 0.0015624689 -0.050219696 -0.5 0.009088724 0.9774092 0.2111605 0.0 0.049415123 -0.21135022 0.97616047 -5.0 0.0 0.0 0.0 1.0 0.999347 0.0015048482 -0.03610126 -0.5 0.005919318 0.97881556 0.20465827 0.0 0.035644457 -0.20473832 0.97816753 -5.0 0.0 0.0 0.0 1.0 0.99961716 0.0015161304 -0.027626494 -0.5 0.004061794 0.9796379 0.20073111 0.0 0.027368298 -0.20076649 0.97925675 -5.0 0.0 0.0 0.0 1.0 0.9996914 0.0015275348 -0.024801118 -0.5 0.0034500076 0.97990865 0.1994179 0.0 0.024607444 -0.1994419 0.97960085 -5.0 0.0 0.0 0.0 1.0 0.9997166 0.001577972 -0.023757195 -0.5 0.0032185507 0.97968644 0.20051005 0.0 0.023590999 -0.20052966 0.9794036 -5.0 0.0 0.0 0.0 1.0 0.99978584 0.0017223336 -0.02062482 -0.5 0.0025173542 0.9790127 0.20378368 0.0 0.020542946 -0.20379193 0.9787987 -5.0 0.0 0.0 0.0 1.0 0.9998797 0.0019397545 -0.0154023785 -0.5 0.0013259831 0.97786576 0.20923021 0.0 0.01546731 -0.20922542 0.97774535 -5.0 0.0 0.0 0.0 1.0 0.9999651 0.002195416 -0.008087885 -0.5 -3.894659E-4 0.97620857 0.21683438 0.0 0.008371502 -0.21682362 0.9761751 -5.0 0.0 0.0 0.0 1.0 0.9999969 0.0024293696 7.971704E-4 -0.5 -0.0025466837 0.9741164 0.2260335 0.0 -2.2741786E-4 -0.22603478 0.9741194 -5.0 0.0 0.0 0.0 1.0 0.9999638 0.0025590034 0.008115401 -0.5 -0.004383938 0.97232795 0.23357922 0.0 -0.0072931005 -0.23360634 0.972304 -5.0 0.0 0.0 0.0 1.0 0.9999077 0.0026167338 0.013342596 -0.5 -0.0057296525 0.9710147 0.23895174 0.0 -0.012330581 -0.2390061 0.9709399 -5.0 0.0 0.0 0.0 1.0 0.99986076 0.0026374264 0.016478643 -0.5 -0.0065503763 0.9702122 0.24216807 0.0 -0.01534908 -0.24224228 0.9700944 -5.0 0.0 0.0 0.0 1.0 0.99984294 0.0026419992 0.017523922 -0.5 -0.0068261595 0.96994233 0.24323896 0.0 -0.016354557 -0.24332038 0.96980804 -5.0 0.0 0.0 0.0 1.0 0.9998431 0.0025717414 0.01753437 -0.5 -0.0068261605 0.9689598 0.24712467 0.0 -0.016354555 -0.24720556 0.9688252 -5.0 0.0 0.0 0.0 1.0 0.9998432 0.0023607062 0.017564029 -0.5 -0.0068261605 0.9659181 0.25875846 0.0 -0.016354557 -0.25883773 0.9657826 -5.0 0.0 0.0 0.0 1.0 0.999843 0.0020435066 0.017603748 -0.5 -0.00682616 0.9610934 0.27613938 0.0 -0.016354553 -0.27621615 0.96095645 -5.0 0.0 0.0 0.0 1.0 0.999843 0.0018316747 0.017627047 -0.5 -0.0068261595 0.95770335 0.28767648 0.0 -0.016354552 -0.28775164 0.9575654 -5.0 0.0 0.0 0.0 1.0 0.99984294 0.001761009 0.017634246 -0.5 -0.0068261595 0.95654255 0.29151273 0.0 -0.01635455 -0.2915873 0.9564044 -5.0 0.0 0.0 0.0 1.0 0.99984306 0.0017828224 0.017632056 -0.5 -0.0068261605 0.9569026 0.29032928 0.0 -0.016354553 -0.29040402 0.9567645 -5.0 0.0 0.0 0.0 1.0 0.9998431 0.0018482471 0.017625319 -0.5 -0.0068261605 0.95797354 0.28677595 0.0 -0.016354555 -0.28685123 0.9578357 -5.0 0.0 0.0 0.0 1.0 0.99984294 0.0019572363 0.017613549 -0.5 -0.00682616 0.95972896 0.28084472 0.0 -0.016354553 -0.28092083 0.95959157 -5.0 0.0 0.0 0.0 1.0 0.999843 0.002109701 0.017595943 -0.5 -0.0068261605 0.96212524 0.27252263 0.0 -0.016354557 -0.27259994 0.96198857 -5.0 0.0 0.0 0.0 1.0 0.99984294 0.0022946289 0.01757278 -0.5 -0.0068261595 0.96493787 0.26238954 0.0 -0.016354553 -0.26246828 0.964802 -5.0 0.0 0.0 0.0 1.0 0.9998431 0.0024467285 0.017552253 -0.5 -0.0068261605 0.96717423 0.25402308 0.0 -0.016354557 -0.254103 0.96703905 -5.0 0.0 0.0 0.0 1.0 0.999843 0.0025552541 0.01753678 -0.5 -0.0068261605 0.96872693 0.24803557 0.0 -0.016354555 -0.24811633 0.9685922 -5.0 0.0 0.0 0.0 1.0 0.99984306 0.0026203205 0.017527178 -0.5 -0.0068261605 0.9696408 0.24443866 0.0 -0.016354557 -0.2445199 0.96950644 -5.0 0.0 0.0 0.0 1.0 0.99984294 0.0026419999 0.01752392 -0.5 -0.0068261595 0.96994233 0.24323896 0.0 -0.016354555 -0.24332038 0.96980804 -5.0 0.0 0.0 0.0 1.0 0.9998525 0.0024633983 0.016996494 -0.5 -0.006705437 0.96710396 0.2542928 0.0 -0.015810953 -0.25436926 0.96697783 -5.0 0.0 0.0 0.0 1.0 0.99987954 0.0019638573 0.015402452 -0.5 -0.0063061593 0.9578351 0.28724962 0.0 -0.01418889 -0.28731215 0.957732 -5.0 0.0 0.0 0.0 1.0 0.9999184 0.0012534242 0.012710631 -0.5 -0.0055180695 0.9398985 0.34140927 0.0 -0.011518773 -0.3414516 0.93982875 -5.0 0.0 0.0 0.0 1.0 0.99996054 5.1902747E-4 0.008883219 -0.5 -0.0041617188 0.90966415 0.41532397 0.0 -0.007865181 -0.41534448 0.9096303 -5.0 0.0 0.0 0.0 1.0 0.9999875 9.232736E-5 0.0050092833 -0.5 -0.0025181337 0.8736296 0.48658508 0.0 -0.0043313326 -0.48659158 0.8736189 -5.0 0.0 0.0 0.0 1.0 0.99999756 -2.2483408E-5 0.0022274049 -0.5 -0.0011740328 0.84446585 0.53560823 0.0 -0.0018930094 -0.53560954 0.8444637 -5.0 0.0 0.0 0.0 1.0 0.99999994 -1.515061E-5 5.5672106E-4 -0.5 -3.0158967E-4 0.82564235 0.5641939 0.0 -4.6820033E-4 -0.564194 0.8256422 -5.0 0.0 0.0 0.0 1.0 1.0 0.0 0.0 -0.5 0.0 0.81915176 0.57357687 0.0 0.0 -0.57357687 0.81915176 -5.0 0.0 0.0 0.0 1.0 1.0 0.0 0.0 -0.5 0.0 0.81915176 0.57357687 0.0 0.0 -0.57357687 0.81915176 -5.0 0.0 0.0 0.0 1.0 1.0 0.0 0.0 -0.5 0.0 0.81915176 0.57357687 0.0 0.0 -0.57357687 0.81915176 -5.0 0.0 0.0 0.0 1.0 1.0 0.0 0.0 -0.5 0.0 0.81915176 0.57357687 0.0 0.0 -0.57357687 0.81915176 -5.0 0.0 0.0 0.0 1.0 1.0 0.0 0.0 -0.5 0.0 0.81915176 0.57357687 0.0 0.0 -0.57357687 0.81915176 -5.0 0.0 0.0 0.0 1.0 1.0 0.0 0.0 -0.5 0.0 0.81915176 0.57357687 0.0 0.0 -0.57357687 0.81915176 -5.0 0.0 0.0 0.0 1.0 1.0 0.0 0.0 -0.5 0.0 0.81915176 0.57357687 0.0 0.0 -0.57357687 0.81915176 -5.0 0.0 0.0 0.0 1.0 1.0 0.0 0.0 -0.5 0.0 0.81915176 0.57357687 0.0 0.0 -0.57357687 0.81915176 -5.0 0.0 0.0 0.0 1.0 1.0 0.0 0.0 -0.5 0.0 0.81915176 0.57357687 0.0 0.0 -0.57357687 0.81915176 -5.0 0.0 0.0 0.0 1.0 1.0 0.0 0.0 -0.5 0.0 0.81915176 0.57357687 0.0 0.0 -0.57357687 0.81915176 -5.0 0.0 0.0 0.0 1.0 </float_array>
          <technique_common>
            <accessor count="143" source="#Tail1-global-anim-outSource-global-array" stride="16">
              <param type="float4x4"/>
            </accessor>
          </technique_common>
        </source>
        <sampler id="Tail1-global-anim-globalSampler">
          <input semantic="INPUT" source="#Tail1-global-anim-inSource-TIME"/>
          <input semantic="OUTPUT" source="#Tail1-global-anim-outSource-global"/>
          <input semantic="INTERPOLATION" source="#Tail1-global-anim-interpolation"/>
        </sampler>
        <channel source="#Tail1-global-anim-globalSampler" target="Tail1-global/matrix"/>
      </animation>
    </animation>
    <animation id="Tail1-local-anim" name="Tail1-local-anim">
      <animation>
        <source id="Tail1-local-anim-inSource-TIME">
          <float_array count="143" id="Tail1-local-anim-inSource-TIME-array">0.0 0.041666668 0.083333336 0.125 0.16666667 0.20833333 0.25 0.29166666 0.33333334 0.375 0.41666666 0.45833334 0.5 0.5416667 0.5833333 0.625 0.6666667 0.7083333 0.75 0.7916667 0.8333333 0.875 0.9166667 0.9583333 1.0 1.0416666 1.0833334 1.125 1.1666666 1.2083334 1.25 1.2916666 1.3333334 1.375 1.4166666 1.4583334 1.5 1.5416666 1.5833334 1.625 1.6666666 1.7083334 1.75 1.7916666 1.8333334 1.875 1.9166666 1.9583334 2.0 2.0416667 2.0833333 2.125 2.1666667 2.2083333 2.25 2.2916667 2.3333333 2.375 2.4166667 2.4583333 2.5 2.5416667 2.5833333 2.625 2.6666667 2.7083333 2.75 2.7916667 2.8333333 2.875 2.9166667 2.9583333 3.0 3.0416667 3.0833333 3.125 3.1666667 3.2083333 3.25 3.2916667 3.3333333 3.375 3.4166667 3.4583333 3.5 3.5416667 3.5833333 3.625 3.6666667 3.7083333 3.75 3.7916667 3.8333333 3.875 3.9166667 3.9583333 4.0 4.0416665 4.0833335 4.125 4.1666665 4.2083335 4.25 4.2916665 4.3333335 4.375 4.4166665 4.4583335 4.5 4.5416665 4.5833335 4.625 4.6666665 4.7083335 4.75 4.7916665 4.8333335 4.875 4.9166665 4.9583335 5.0 5.0416665 5.0833335 5.125 5.1666665 5.2083335 5.25 5.2916665 5.3333335 5.375 5.4166665 5.4583335 5.5 5.5416665 5.5833335 5.625 5.6666665 5.7083335 5.75 5.7916665 5.8333335 5.875 5.9166665 </float_array>
          <technique_common>
            <accessor count="143" source="#Tail1-local-anim-inSource-TIME-array">
              <param name="TIME" type="float"/>
            </accessor>
          </technique_common>
        </source>
        <source id="Tail1-local-anim-interpolation">
          <Name_array count="143" id="Tail1-local-anim-interpolation-array">LINEAR LINEAR LINEAR LINEAR LINEAR LINEAR LINEAR LINEAR LINEAR LINEAR LINEAR LINEAR LINEAR LINEAR LINEAR LINEAR LINEAR LINEAR LINEAR LINEAR LINEAR LINEAR LINEAR LINEAR LINEAR LINEAR LINEAR LINEAR LINEAR LINEAR LINEAR LINEAR LINEAR LINEAR LINEAR LINEAR LINEAR LINEAR LINEAR LINEAR LINEAR LINEAR LINEAR LINEAR LINEAR LINEAR LINEAR LINEAR LINEAR LINEAR LINEAR LINEAR LINEAR LINEAR LINEAR LINEAR LINEAR LINEAR LINEAR LINEAR LINEAR LINEAR LINEAR LINEAR LINEAR LINEAR LINEAR LINEAR LINEAR LINEAR LINEAR LINEAR LINEAR LINEAR LINEAR LINEAR LINEAR LINEAR LINEAR LINEAR LINEAR LINEAR LINEAR LINEAR LINEAR LINEAR LINEAR LINEAR LINEAR LINEAR LINEAR LINEAR LINEAR LINEAR LINEAR LINEAR LINEAR LINEAR LINEAR LINEAR LINEAR LINEAR LINEAR LINEAR LINEAR LINEAR LINEAR LINEAR LINEAR LINEAR LINEAR LINEAR LINEAR LINEAR LINEAR LINEAR LINEAR LINEAR LINEAR LINEAR LINEAR LINEAR LINEAR LINEAR LINEAR LINEAR LINEAR LINEAR LINEAR LINEAR LINEAR LINEAR LINEAR LINEAR LINEAR LINEAR LINEAR LINEAR LINEAR LINEAR LINEAR LINEAR LINEAR </Name_array>
          <technique_common>
            <accessor count="143" source="#Tail1-local-anim-interpolation-array">
              <param type="name"/>
            </accessor>
          </technique_common>
        </source>
        <source id="Tail1-local-anim-outSource-local">
          <float_array count="2288" id="Tail1-local-anim-outSource-local-array">1.0 0.0 0.0 5.9604645E-7 0.0 1.0 0.0 0.0 0.0 0.0 1.0 -3.5 0.0 0.0 0.0 1.0 1.0 0.0 0.0 5.9604645E-7 0.0 1.0 0.0 0.0 0.0 0.0 1.0 -3.5 0.0 0.0 0.0 1.0 1.0 0.0 0.0 5.9604645E-7 0.0 1.0 0.0 0.0 0.0 0.0 1.0 -3.5 0.0 0.0 0.0 1.0 1.0 0.0 0.0 5.9604645E-7 0.0 1.0 0.0 0.0 0.0 0.0 1.0 -3.5 0.0 0.0 0.0 1.0 1.0 0.0 0.0 5.9604645E-7 0.0 1.0 0.0 0.0 0.0 0.0 1.0 -3.5 0.0 0.0 0.0 1.0 1.0 0.0 0.0 5.9604645E-7 0.0 1.0 0.0 0.0 0.0 0.0 1.0 -3.5 0.0 0.0 0.0 1.0 1.0 0.0 0.0 5.9604645E-7 0.0 1.0 0.0 0.0 0.0 0.0 1.0 -3.5 0.0 0.0 0.0 1.0 1.0 0.0 0.0 5.9604645E-7 0.0 1.0 0.0 0.0 0.0 0.0 1.0 -3.5 0.0 0.0 0.0 1.0 1.0 0.0 0.0 5.9604645E-7 0.0 1.0 0.0 0.0 0.0 0.0 1.0 -3.5 0.0 0.0 0.0 1.0 1.0 0.0 0.0 5.9604645E-7 0.0 1.0 0.0 0.0 0.0 0.0 1.0 -3.5 0.0 0.0 0.0 1.0 1.0 0.0 0.0 5.9604645E-7 0.0 1.0 0.0 0.0 0.0 0.0 1.0 -3.5 0.0 0.0 0.0 1.0 1.0 0.0 0.0 5.9604645E-7 0.0 1.0 0.0 0.0 0.0 0.0 1.0 -3.5 0.0 0.0 0.0 1.0 1.0 0.0 0.0 5.9604645E-7 0.0 1.0 0.0 0.0 0.0 0.0 1.0 -3.5 0.0 0.0 0.0 1.0 1.0 0.0 0.0 5.9604645E-7 0.0 1.0 0.0 0.0 0.0 0.0 1.0 -3.5 0.0 0.0 0.0 1.0 1.0 0.0 0.0 5.9604645E-7 0.0 1.0 0.0 0.0 0.0 0.0 1.0 -3.5 0.0 0.0 0.0 1.0 1.0 0.0 0.0 5.9604645E-7 0.0 1.0 0.0 0.0 0.0 0.0 1.0 -3.5 0.0 0.0 0.0 1.0 1.0 0.0 0.0 5.9604645E-7 0.0 1.0 0.0 0.0 0.0 0.0 1.0 -3.5 0.0 0.0 0.0 1.0 1.0 0.0 0.0 5.9604645E-7 0.0 1.0 0.0 0.0 0.0 0.0 1.0 -3.5 0.0 0.0 0.0 1.0 1.0 0.0 0.0 5.9604645E-7 0.0 1.0 0.0 0.0 0.0 0.0 1.0 -3.5 0.0 0.0 0.0 1.0 1.0 0.0 0.0 5.9604645E-7 0.0 1.0 0.0 0.0 0.0 0.0 1.0 -3.5 0.0 0.0 0.0 1.0 1.0 0.0 0.0 5.9604645E-7 0.0 1.0 0.0 0.0 0.0 0.0 1.0 -3.5 0.0 0.0 0.0 1.0 1.0 0.0 0.0 5.9604645E-7 0.0 1.0 0.0 0.0 0.0 0.0 1.0 -3.5 0.0 0.0 0.0 1.0 1.0 0.0 0.0 5.9604645E-7 0.0 1.0 0.0 0.0 0.0 0.0 1.0 -3.5 0.0 0.0 0.0 1.0 1.0 0.0 0.0 5.9604645E-7 0.0 1.0 0.0 0.0 0.0 0.0 1.0 -3.5 0.0 0.0 0.0 1.0 1.0 0.0 0.0 5.9604645E-7 0.0 1.0 0.0 0.0 0.0 0.0 1.0 -3.5 0.0 0.0 0.0 1.0 1.0 0.0 0.0 5.9604645E-7 0.0 1.0 0.0 0.0 0.0 0.0 1.0 -3.5 0.0 0.0 0.0 1.0 1.0 0.0 0.0 5.9604645E-7 0.0 1.0 0.0 0.0 0.0 0.0 1.0 -3.5 0.0 0.0 0.0 1.0 1.0 0.0 0.0 5.9604645E-7 0.0 1.0 0.0 0.0 0.0 0.0 1.0 -3.5 0.0 0.0 0.0 1.0 1.0 0.0 0.0 5.9604645E-7 0.0 1.0 0.0 0.0 0.0 0.0 1.0 -3.5 0.0 0.0 0.0 1.0 1.0 0.0 0.0 5.9604645E-7 0.0 1.0 0.0 0.0 0.0 0.0 1.0 -3.5 0.0 0.0 0.0 1.0 1.0 0.0 0.0 5.9604645E-7 0.0 1.0 0.0 0.0 0.0 0.0 1.0 -3.5 0.0 0.0 0.0 1.0 1.0 0.0 0.0 5.9604645E-7 0.0 1.0 0.0 0.0 0.0 0.0 1.0 -3.5 0.0 0.0 0.0 1.0 1.0 0.0 0.0 5.9604645E-7 0.0 1.0 0.0 0.0 0.0 0.0 1.0 -3.5 0.0 0.0 0.0 1.0 1.0 0.0 0.0 5.9604645E-7 0.0 1.0 0.0 0.0 0.0 0.0 1.0 -3.5 0.0 0.0 0.0 1.0 1.0 0.0 0.0 5.9604645E-7 0.0 1.0 0.0 0.0 0.0 0.0 1.0 -3.5 0.0 0.0 0.0 1.0 1.0 0.0 0.0 5.9604645E-7 0.0 1.0 0.0 0.0 0.0 0.0 1.0 -3.5 0.0 0.0 0.0 1.0 1.0 0.0 0.0 5.9604645E-7 0.0 1.0 0.0 0.0 0.0 0.0 1.0 -3.5 0.0 0.0 0.0 1.0 1.0 0.0 0.0 5.9604645E-7 0.0 1.0 0.0 0.0 0.0 0.0 1.0 -3.5 0.0 0.0 0.0 1.0 1.0 0.0 0.0 5.9604645E-7 0.0 1.0 0.0 0.0 0.0 0.0 1.0 -3.5 0.0 0.0 0.0 1.0 1.0 0.0 0.0 5.9604645E-7 0.0 1.0 0.0 0.0 0.0 0.0 1.0 -3.5 0.0 0.0 0.0 1.0 1.0 0.0 0.0 5.9604645E-7 0.0 1.0 0.0 0.0 0.0 0.0 1.0 -3.5 0.0 0.0 0.0 1.0 1.0 0.0 0.0 5.9604645E-7 0.0 1.0 0.0 0.0 0.0 0.0 1.0 -3.5 0.0 0.0 0.0 1.0 1.0 0.0 0.0 5.9604645E-7 0.0 1.0 0.0 0.0 0.0 0.0 1.0 -3.5 0.0 0.0 0.0 1.0 1.0 0.0 0.0 5.9604645E-7 0.0 1.0 0.0 0.0 0.0 0.0 1.0 -3.5 0.0 0.0 0.0 1.0 1.0 0.0 0.0 5.9604645E-7 0.0 1.0 0.0 0.0 0.0 0.0 1.0 -3.5 0.0 0.0 0.0 1.0 1.0 0.0 0.0 5.9604645E-7 0.0 1.0 0.0 0.0 0.0 0.0 1.0 -3.5 0.0 0.0 0.0 1.0 1.0 0.0 0.0 5.9604645E-7 0.0 1.0 0.0 0.0 0.0 0.0 1.0 -3.5 0.0 0.0 0.0 1.0 1.0 0.0 0.0 5.9604645E-7 0.0 1.0 0.0 0.0 0.0 0.0 1.0 -3.5 0.0 0.0 0.0 1.0 1.0 0.0 0.0 5.9604645E-7 0.0 1.0 0.0 0.0 0.0 0.0 1.0 -3.5 0.0 0.0 0.0 1.0 1.0 0.0 0.0 5.9604645E-7 0.0 1.0 0.0 0.0 0.0 0.0 1.0 -3.5 0.0 0.0 0.0 1.0 1.0 0.0 0.0 5.9604645E-7 0.0 1.0 0.0 0.0 0.0 0.0 1.0 -3.5 0.0 0.0 0.0 1.0 1.0 0.0 0.0 5.9604645E-7 0.0 1.0 0.0 0.0 0.0 0.0 1.0 -3.5 0.0 0.0 0.0 1.0 1.0 0.0 0.0 5.9604645E-7 0.0 1.0 0.0 0.0 0.0 0.0 1.0 -3.5 0.0 0.0 0.0 1.0 1.0 0.0 0.0 5.9604645E-7 0.0 1.0 0.0 0.0 0.0 0.0 1.0 -3.5 0.0 0.0 0.0 1.0 1.0 0.0 0.0 5.9604645E-7 0.0 1.0 0.0 0.0 0.0 0.0 1.0 -3.5 0.0 0.0 0.0 1.0 1.0 0.0 0.0 5.9604645E-7 0.0 1.0 0.0 0.0 0.0 0.0 1.0 -3.5 0.0 0.0 0.0 1.0 1.0 0.0 0.0 5.9604645E-7 0.0 1.0 0.0 0.0 0.0 0.0 1.0 -3.5 0.0 0.0 0.0 1.0 1.0 0.0 0.0 5.9604645E-7 0.0 1.0 0.0 0.0 0.0 0.0 1.0 -3.5 0.0 0.0 0.0 1.0 1.0 0.0 0.0 5.9604645E-7 0.0 1.0 0.0 0.0 0.0 0.0 1.0 -3.5 0.0 0.0 0.0 1.0 1.0 0.0 0.0 5.9604645E-7 0.0 1.0 0.0 0.0 0.0 0.0 1.0 -3.5 0.0 0.0 0.0 1.0 1.0 0.0 0.0 5.9604645E-7 0.0 1.0 0.0 0.0 0.0 0.0 1.0 -3.5 0.0 0.0 0.0 1.0 1.0 0.0 0.0 5.9604645E-7 0.0 1.0 0.0 0.0 0.0 0.0 1.0 -3.5 0.0 0.0 0.0 1.0 1.0 0.0 0.0 5.9604645E-7 0.0 1.0 0.0 0.0 0.0 0.0 1.0 -3.5 0.0 0.0 0.0 1.0 1.0 0.0 0.0 5.9604645E-7 0.0 1.0 0.0 0.0 0.0 0.0 1.0 -3.5 0.0 0.0 0.0 1.0 1.0 0.0 0.0 5.9604645E-7 0.0 1.0 0.0 0.0 0.0 0.0 1.0 -3.5 0.0 0.0 0.0 1.0 1.0 0.0 0.0 5.9604645E-7 0.0 1.0 0.0 0.0 0.0 0.0 1.0 -3.5 0.0 0.0 0.0 1.0 1.0 0.0 0.0 5.9604645E-7 0.0 1.0 0.0 0.0 0.0 0.0 1.0 -3.5 0.0 0.0 0.0 1.0 1.0 0.0 0.0 5.9604645E-7 0.0 1.0 0.0 0.0 0.0 0.0 1.0 -3.5 0.0 0.0 0.0 1.0 1.0 0.0 0.0 5.9604645E-7 0.0 1.0 0.0 0.0 0.0 0.0 1.0 -3.5 0.0 0.0 0.0 1.0 1.0 0.0 0.0 5.9604645E-7 0.0 1.0 0.0 0.0 0.0 0.0 1.0 -3.5 0.0 0.0 0.0 1.0 1.0 0.0 0.0 5.9604645E-7 0.0 1.0 0.0 0.0 0.0 0.0 1.0 -3.5 0.0 0.0 0.0 1.0 1.0 0.0 0.0 5.9604645E-7 0.0 1.0 0.0 0.0 0.0 0.0 1.0 -3.5 0.0 0.0 0.0 1.0 1.0 0.0 0.0 5.9604645E-7 0.0 1.0 0.0 0.0 0.0 0.0 1.0 -3.5 0.0 0.0 0.0 1.0 1.0 0.0 0.0 5.9604645E-7 0.0 1.0 0.0 0.0 0.0 0.0 1.0 -3.5 0.0 0.0 0.0 1.0 1.0 0.0 0.0 5.9604645E-7 0.0 1.0 0.0 0.0 0.0 0.0 1.0 -3.5 0.0 0.0 0.0 1.0 1.0 0.0 0.0 5.9604645E-7 0.0 1.0 0.0 0.0 0.0 0.0 1.0 -3.5 0.0 0.0 0.0 1.0 1.0 0.0 0.0 5.9604645E-7 0.0 1.0 0.0 0.0 0.0 0.0 1.0 -3.5 0.0 0.0 0.0 1.0 1.0 0.0 0.0 5.9604645E-7 0.0 1.0 0.0 0.0 0.0 0.0 1.0 -3.5 0.0 0.0 0.0 1.0 1.0 0.0 0.0 5.9604645E-7 0.0 1.0 0.0 0.0 0.0 0.0 1.0 -3.5 0.0 0.0 0.0 1.0 1.0 0.0 0.0 5.9604645E-7 0.0 1.0 0.0 0.0 0.0 0.0 1.0 -3.5 0.0 0.0 0.0 1.0 1.0 0.0 0.0 5.9604645E-7 0.0 1.0 0.0 0.0 0.0 0.0 1.0 -3.5 0.0 0.0 0.0 1.0 1.0 0.0 0.0 5.9604645E-7 0.0 1.0 0.0 0.0 0.0 0.0 1.0 -3.5 0.0 0.0 0.0 1.0 1.0 0.0 0.0 5.9604645E-7 0.0 1.0 0.0 0.0 0.0 0.0 1.0 -3.5 0.0 0.0 0.0 1.0 1.0 0.0 0.0 5.9604645E-7 0.0 1.0 0.0 0.0 0.0 0.0 1.0 -3.5 0.0 0.0 0.0 1.0 1.0 0.0 0.0 5.9604645E-7 0.0 1.0 0.0 0.0 0.0 0.0 1.0 -3.5 0.0 0.0 0.0 1.0 1.0 0.0 0.0 5.9604645E-7 0.0 1.0 0.0 0.0 0.0 0.0 1.0 -3.5 0.0 0.0 0.0 1.0 1.0 0.0 0.0 5.9604645E-7 0.0 1.0 0.0 0.0 0.0 0.0 1.0 -3.5 0.0 0.0 0.0 1.0 1.0 0.0 0.0 5.9604645E-7 0.0 1.0 0.0 0.0 0.0 0.0 1.0 -3.5 0.0 0.0 0.0 1.0 1.0 0.0 0.0 5.9604645E-7 0.0 1.0 0.0 0.0 0.0 0.0 1.0 -3.5 0.0 0.0 0.0 1.0 1.0 0.0 0.0 5.9604645E-7 0.0 1.0 0.0 0.0 0.0 0.0 1.0 -3.5 0.0 0.0 0.0 1.0 1.0 0.0 0.0 5.9604645E-7 0.0 1.0 0.0 0.0 0.0 0.0 1.0 -3.5 0.0 0.0 0.0 1.0 1.0 0.0 0.0 5.9604645E-7 0.0 1.0 0.0 0.0 0.0 0.0 1.0 -3.5 0.0 0.0 0.0 1.0 1.0 0.0 0.0 5.9604645E-7 0.0 1.0 0.0 0.0 0.0 0.0 1.0 -3.5 0.0 0.0 0.0 1.0 1.0 0.0 0.0 5.9604645E-7 0.0 1.0 0.0 0.0 0.0 0.0 1.0 -3.5 0.0 0.0 0.0 1.0 1.0 0.0 0.0 5.9604645E-7 0.0 1.0 0.0 0.0 0.0 0.0 1.0 -3.5 0.0 0.0 0.0 1.0 1.0 0.0 0.0 5.9604645E-7 0.0 1.0 0.0 0.0 0.0 0.0 1.0 -3.5 0.0 0.0 0.0 1.0 1.0 0.0 0.0 5.9604645E-7 0.0 1.0 0.0 0.0 0.0 0.0 1.0 -3.5 0.0 0.0 0.0 1.0 1.0 0.0 0.0 5.9604645E-7 0.0 1.0 0.0 0.0 0.0 0.0 1.0 -3.5 0.0 0.0 0.0 1.0 1.0 0.0 0.0 5.9604645E-7 0.0 1.0 0.0 0.0 0.0 0.0 1.0 -3.5 0.0 0.0 0.0 1.0 1.0 0.0 0.0 5.9604645E-7 0.0 1.0 0.0 0.0 0.0 0.0 1.0 -3.5 0.0 0.0 0.0 1.0 1.0 0.0 0.0 5.9604645E-7 0.0 1.0 0.0 0.0 0.0 0.0 1.0 -3.5 0.0 0.0 0.0 1.0 1.0 0.0 0.0 5.9604645E-7 0.0 1.0 0.0 0.0 0.0 0.0 1.0 -3.5 0.0 0.0 0.0 1.0 1.0 0.0 0.0 5.9604645E-7 0.0 1.0 0.0 0.0 0.0 0.0 1.0 -3.5 0.0 0.0 0.0 1.0 1.0 0.0 0.0 5.9604645E-7 0.0 1.0 0.0 0.0 0.0 0.0 1.0 -3.5 0.0 0.0 0.0 1.0 1.0 0.0 0.0 5.9604645E-7 0.0 1.0 0.0 0.0 0.0 0.0 1.0 -3.5 0.0 0.0 0.0 1.0 1.0 0.0 0.0 5.9604645E-7 0.0 1.0 0.0 0.0 0.0 0.0 1.0 -3.5 0.0 0.0 0.0 1.0 1.0 0.0 0.0 5.9604645E-7 0.0 1.0 0.0 0.0 0.0 0.0 1.0 -3.5 0.0 0.0 0.0 1.0 1.0 0.0 0.0 5.9604645E-7 0.0 1.0 0.0 0.0 0.0 0.0 1.0 -3.5 0.0 0.0 0.0 1.0 1.0 0.0 0.0 5.9604645E-7 0.0 1.0 0.0 0.0 0.0 0.0 1.0 -3.5 0.0 0.0 0.0 1.0 1.0 0.0 0.0 5.9604645E-7 0.0 1.0 0.0 0.0 0.0 0.0 1.0 -3.5 0.0 0.0 0.0 1.0 1.0 0.0 0.0 5.9604645E-7 0.0 1.0 0.0 0.0 0.0 0.0 1.0 -3.5 0.0 0.0 0.0 1.0 1.0 0.0 0.0 5.9604645E-7 0.0 1.0 0.0 0.0 0.0 0.0 1.0 -3.5 0.0 0.0 0.0 1.0 1.0 0.0 0.0 5.9604645E-7 0.0 1.0 0.0 0.0 0.0 0.0 1.0 -3.5 0.0 0.0 0.0 1.0 1.0 0.0 0.0 5.9604645E-7 0.0 1.0 0.0 0.0 0.0 0.0 1.0 -3.5 0.0 0.0 0.0 1.0 1.0 0.0 0.0 5.9604645E-7 0.0 1.0 0.0 0.0 0.0 0.0 1.0 -3.5 0.0 0.0 0.0 1.0 1.0 0.0 0.0 5.9604645E-7 0.0 1.0 0.0 0.0 0.0 0.0 1.0 -3.5 0.0 0.0 0.0 1.0 1.0 0.0 0.0 5.9604645E-7 0.0 1.0 0.0 0.0 0.0 0.0 1.0 -3.5 0.0 0.0 0.0 1.0 1.0 0.0 0.0 5.9604645E-7 0.0 1.0 0.0 0.0 0.0 0.0 1.0 -3.5 0.0 0.0 0.0 1.0 1.0 0.0 0.0 5.9604645E-7 0.0 1.0 0.0 0.0 0.0 0.0 1.0 -3.5 0.0 0.0 0.0 1.0 1.0 0.0 0.0 5.9604645E-7 0.0 1.0 0.0 0.0 0.0 0.0 1.0 -3.5 0.0 0.0 0.0 1.0 1.0 0.0 0.0 5.9604645E-7 0.0 1.0 0.0 0.0 0.0 0.0 1.0 -3.5 0.0 0.0 0.0 1.0 1.0 0.0 0.0 5.9604645E-7 0.0 1.0 0.0 0.0 0.0 0.0 1.0 -3.5 0.0 0.0 0.0 1.0 1.0 0.0 0.0 5.9604645E-7 0.0 1.0 0.0 0.0 0.0 0.0 1.0 -3.5 0.0 0.0 0.0 1.0 1.0 0.0 0.0 5.9604645E-7 0.0 1.0 0.0 0.0 0.0 0.0 1.0 -3.5 0.0 0.0 0.0 1.0 1.0 0.0 0.0 5.9604645E-7 0.0 1.0 0.0 0.0 0.0 0.0 1.0 -3.5 0.0 0.0 0.0 1.0 1.0 0.0 0.0 5.9604645E-7 0.0 1.0 0.0 0.0 0.0 0.0 1.0 -3.5 0.0 0.0 0.0 1.0 1.0 0.0 0.0 5.9604645E-7 0.0 1.0 0.0 0.0 0.0 0.0 1.0 -3.5 0.0 0.0 0.0 1.0 1.0 0.0 0.0 5.9604645E-7 0.0 1.0 0.0 0.0 0.0 0.0 1.0 -3.5 0.0 0.0 0.0 1.0 1.0 0.0 0.0 5.9604645E-7 0.0 1.0 0.0 0.0 0.0 0.0 1.0 -3.5 0.0 0.0 0.0 1.0 1.0 0.0 0.0 5.9604645E-7 0.0 1.0 0.0 0.0 0.0 0.0 1.0 -3.5 0.0 0.0 0.0 1.0 1.0 0.0 0.0 5.9604645E-7 0.0 1.0 0.0 0.0 0.0 0.0 1.0 -3.5 0.0 0.0 0.0 1.0 1.0 0.0 0.0 5.9604645E-7 0.0 1.0 0.0 0.0 0.0 0.0 1.0 -3.5 0.0 0.0 0.0 1.0 1.0 0.0 0.0 5.9604645E-7 0.0 1.0 0.0 0.0 0.0 0.0 1.0 -3.5 0.0 0.0 0.0 1.0 1.0 0.0 0.0 5.9604645E-7 0.0 1.0 0.0 0.0 0.0 0.0 1.0 -3.5 0.0 0.0 0.0 1.0 1.0 0.0 0.0 5.9604645E-7 0.0 1.0 0.0 0.0 0.0 0.0 1.0 -3.5 0.0 0.0 0.0 1.0 1.0 0.0 0.0 5.9604645E-7 0.0 1.0 0.0 0.0 0.0 0.0 1.0 -3.5 0.0 0.0 0.0 1.0 1.0 0.0 0.0 5.9604645E-7 0.0 1.0 0.0 0.0 0.0 0.0 1.0 -3.5 0.0 0.0 0.0 1.0 1.0 0.0 0.0 5.9604645E-7 0.0 1.0 0.0 0.0 0.0 0.0 1.0 -3.5 0.0 0.0 0.0 1.0 1.0 0.0 0.0 5.9604645E-7 0.0 1.0 0.0 0.0 0.0 0.0 1.0 -3.5 0.0 0.0 0.0 1.0 1.0 0.0 0.0 5.9604645E-7 0.0 1.0 0.0 0.0 0.0 0.0 1.0 -3.5 0.0 0.0 0.0 1.0 1.0 0.0 0.0 5.9604645E-7 0.0 1.0 0.0 0.0 0.0 0.0 1.0 -3.5 0.0 0.0 0.0 1.0 1.0 0.0 0.0 5.9604645E-7 0.0 1.0 0.0 0.0 0.0 0.0 1.0 -3.5 0.0 0.0 0.0 1.0 1.0 0.0 0.0 5.9604645E-7 0.0 1.0 0.0 0.0 0.0 0.0 1.0 -3.5 0.0 0.0 0.0 1.0 </float_array>
          <technique_common>
            <accessor count="143" source="#Tail1-local-anim-outSource-local-array" stride="16">
              <param type="float4x4"/>
            </accessor>
          </technique_common>
        </source>
        <sampler id="Tail1-local-anim-localSampler">
          <input semantic="INPUT" source="#Tail1-local-anim-inSource-TIME"/>
          <input semantic="OUTPUT" source="#Tail1-local-anim-outSource-local"/>
          <input semantic="INTERPOLATION" source="#Tail1-local-anim-interpolation"/>
        </sampler>
        <channel source="#Tail1-local-anim-localSampler" target="Tail1-local/matrix"/>
      </animation>
    </animation>
    <animation id="Tail2-global-anim" name="Tail2-global-anim">
      <animation>
        <source id="Tail2-global-anim-inSource-TIME">
          <float_array count="143" id="Tail2-global-anim-inSource-TIME-array">0.0 0.041666668 0.083333336 0.125 0.16666667 0.20833333 0.25 0.29166666 0.33333334 0.375 0.41666666 0.45833334 0.5 0.5416667 0.5833333 0.625 0.6666667 0.7083333 0.75 0.7916667 0.8333333 0.875 0.9166667 0.9583333 1.0 1.0416666 1.0833334 1.125 1.1666666 1.2083334 1.25 1.2916666 1.3333334 1.375 1.4166666 1.4583334 1.5 1.5416666 1.5833334 1.625 1.6666666 1.7083334 1.75 1.7916666 1.8333334 1.875 1.9166666 1.9583334 2.0 2.0416667 2.0833333 2.125 2.1666667 2.2083333 2.25 2.2916667 2.3333333 2.375 2.4166667 2.4583333 2.5 2.5416667 2.5833333 2.625 2.6666667 2.7083333 2.75 2.7916667 2.8333333 2.875 2.9166667 2.9583333 3.0 3.0416667 3.0833333 3.125 3.1666667 3.2083333 3.25 3.2916667 3.3333333 3.375 3.4166667 3.4583333 3.5 3.5416667 3.5833333 3.625 3.6666667 3.7083333 3.75 3.7916667 3.8333333 3.875 3.9166667 3.9583333 4.0 4.0416665 4.0833335 4.125 4.1666665 4.2083335 4.25 4.2916665 4.3333335 4.375 4.4166665 4.4583335 4.5 4.5416665 4.5833335 4.625 4.6666665 4.7083335 4.75 4.7916665 4.8333335 4.875 4.9166665 4.9583335 5.0 5.0416665 5.0833335 5.125 5.1666665 5.2083335 5.25 5.2916665 5.3333335 5.375 5.4166665 5.4583335 5.5 5.5416665 5.5833335 5.625 5.6666665 5.7083335 5.75 5.7916665 5.8333335 5.875 5.9166665 </float_array>
          <technique_common>
            <accessor count="143" source="#Tail2-global-anim-inSource-TIME-array">
              <param name="TIME" type="float"/>
            </accessor>
          </technique_common>
        </source>
        <source id="Tail2-global-anim-interpolation">
          <Name_array count="143" id="Tail2-global-anim-interpolation-array">LINEAR LINEAR LINEAR LINEAR LINEAR LINEAR LINEAR LINEAR LINEAR LINEAR LINEAR LINEAR LINEAR LINEAR LINEAR LINEAR LINEAR LINEAR LINEAR LINEAR LINEAR LINEAR LINEAR LINEAR LINEAR LINEAR LINEAR LINEAR LINEAR LINEAR LINEAR LINEAR LINEAR LINEAR LINEAR LINEAR LINEAR LINEAR LINEAR LINEAR LINEAR LINEAR LINEAR LINEAR LINEAR LINEAR LINEAR LINEAR LINEAR LINEAR LINEAR LINEAR LINEAR LINEAR LINEAR LINEAR LINEAR LINEAR LINEAR LINEAR LINEAR LINEAR LINEAR LINEAR LINEAR LINEAR LINEAR LINEAR LINEAR LINEAR LINEAR LINEAR LINEAR LINEAR LINEAR LINEAR LINEAR LINEAR LINEAR LINEAR LINEAR LINEAR LINEAR LINEAR LINEAR LINEAR LINEAR LINEAR LINEAR LINEAR LINEAR LINEAR LINEAR LINEAR LINEAR LINEAR LINEAR LINEAR LINEAR LINEAR LINEAR LINEAR LINEAR LINEAR LINEAR LINEAR LINEAR LINEAR LINEAR LINEAR LINEAR LINEAR LINEAR LINEAR LINEAR LINEAR LINEAR LINEAR LINEAR LINEAR LINEAR LINEAR LINEAR LINEAR LINEAR LINEAR LINEAR LINEAR LINEAR LINEAR LINEAR LINEAR LINEAR LINEAR LINEAR LINEAR LINEAR LINEAR LINEAR LINEAR LINEAR LINEAR LINEAR </Name_array>
          <technique_common>
            <accessor count="143" source="#Tail2-global-anim-interpolation-array">
              <param type="name"/>
            </accessor>
          </technique_common>
        </source>
        <source id="Tail2-global-anim-outSource-global">
          <float_array count="2288" id="Tail2-global-anim-outSource-global-array">1.0 0.0 0.0 0.0 0.0 1.0 0.0 0.0 0.0 0.0 1.0 -6.0 0.0 0.0 0.0 1.0 1.0 0.0 0.0 0.0 0.0 1.0 0.0 0.0 0.0 0.0 1.0 -6.0 0.0 0.0 0.0 1.0 1.0 0.0 0.0 0.0 0.0 1.0 0.0 0.0 0.0 0.0 1.0 -6.0 0.0 0.0 0.0 1.0 1.0 0.0 0.0 0.0 0.0 1.0 0.0 0.0 0.0 0.0 1.0 -6.0 0.0 0.0 0.0 1.0 1.0 0.0 0.0 0.0 0.0 1.0 0.0 0.0 0.0 0.0 1.0 -6.0 0.0 0.0 0.0 1.0 1.0 0.0 0.0 0.0 0.0 1.0 0.0 0.0 0.0 0.0 1.0 -6.0 0.0 0.0 0.0 1.0 1.0 0.0 0.0 0.0 0.0 1.0 0.0 0.0 0.0 0.0 1.0 -6.0 0.0 0.0 0.0 1.0 1.0 0.0 0.0 0.0 0.0 1.0 0.0 0.0 0.0 0.0 1.0 -6.0 0.0 0.0 0.0 1.0 1.0 0.0 0.0 0.0 0.0 1.0 0.0 0.0 0.0 0.0 1.0 -6.0 0.0 0.0 0.0 1.0 1.0 0.0 0.0 0.0 0.0 1.0 0.0 0.0 0.0 0.0 1.0 -6.0 0.0 0.0 0.0 1.0 1.0 0.0 0.0 0.0 0.0 1.0 0.0 0.0 0.0 0.0 1.0 -6.0 0.0 0.0 0.0 1.0 1.0 0.0 0.0 0.0 0.0 1.0 0.0 0.0 0.0 0.0 1.0 -6.0 0.0 0.0 0.0 1.0 1.0 0.0 0.0 0.0 0.0 1.0 0.0 0.0 0.0 0.0 1.0 -6.0 0.0 0.0 0.0 1.0 1.0 0.0 0.0 0.0 0.0 1.0 0.0 0.0 0.0 0.0 1.0 -6.0 0.0 0.0 0.0 1.0 1.0 0.0 0.0 0.0 0.0 1.0 0.0 0.0 0.0 0.0 1.0 -6.0 0.0 0.0 0.0 1.0 1.0 0.0 0.0 0.0 0.0 1.0 0.0 0.0 0.0 0.0 1.0 -6.0 0.0 0.0 0.0 1.0 1.0 0.0 0.0 0.0 0.0 1.0 0.0 0.0 0.0 0.0 1.0 -6.0 0.0 0.0 0.0 1.0 1.0 0.0 0.0 0.0 0.0 1.0 0.0 0.0 0.0 0.0 1.0 -6.0 0.0 0.0 0.0 1.0 1.0 0.0 0.0 0.0 0.0 1.0 0.0 0.0 0.0 0.0 1.0 -6.0 0.0 0.0 0.0 1.0 1.0 0.0 0.0 0.0 0.0 1.0 0.0 0.0 0.0 0.0 1.0 -6.0 0.0 0.0 0.0 1.0 1.0 0.0 0.0 0.0 0.0 1.0 0.0 0.0 0.0 0.0 1.0 -6.0 0.0 0.0 0.0 1.0 1.0 0.0 0.0 0.0 0.0 1.0 0.0 0.0 0.0 0.0 1.0 -6.0 0.0 0.0 0.0 1.0 1.0 0.0 0.0 0.0 0.0 1.0 0.0 0.0 0.0 0.0 1.0 -6.0 0.0 0.0 0.0 1.0 1.0 0.0 0.0 0.0 0.0 1.0 0.0 0.0 0.0 0.0 1.0 -6.0 0.0 0.0 0.0 1.0 1.0 0.0 0.0 0.0 0.0 1.0 0.0 0.0 0.0 0.0 1.0 -6.0 0.0 0.0 0.0 1.0 1.0 0.0 0.0 0.0 0.0 1.0 0.0 0.0 0.0 0.0 1.0 -6.0 0.0 0.0 0.0 1.0 1.0 0.0 0.0 0.0 0.0 1.0 0.0 0.0 0.0 0.0 1.0 -6.0 0.0 0.0 0.0 1.0 1.0 0.0 0.0 0.0 0.0 1.0 0.0 0.0 0.0 0.0 1.0 -6.0 0.0 0.0 0.0 1.0 1.0 0.0 0.0 0.0 0.0 1.0 0.0 0.0 0.0 0.0 1.0 -6.0 0.0 0.0 0.0 1.0 1.0 0.0 0.0 0.0 0.0 1.0 0.0 0.0 0.0 0.0 1.0 -6.0 0.0 0.0 0.0 1.0 1.0 0.0 0.0 0.0 0.0 1.0 0.0 0.0 0.0 0.0 1.0 -6.0 0.0 0.0 0.0 1.0 1.0 0.0 0.0 0.0 0.0 1.0 0.0 0.0 0.0 0.0 1.0 -6.0 0.0 0.0 0.0 1.0 1.0 0.0 0.0 0.0 0.0 1.0 0.0 0.0 0.0 0.0 1.0 -6.0 0.0 0.0 0.0 1.0 1.0 0.0 0.0 0.0 0.0 1.0 0.0 0.0 0.0 0.0 1.0 -6.0 0.0 0.0 0.0 1.0 1.0 0.0 0.0 0.0 0.0 1.0 0.0 0.0 0.0 0.0 1.0 -6.0 0.0 0.0 0.0 1.0 1.0 0.0 0.0 0.0 0.0 1.0 0.0 0.0 0.0 0.0 1.0 -6.0 0.0 0.0 0.0 1.0 1.0 0.0 0.0 0.0 0.0 1.0 0.0 0.0 0.0 0.0 1.0 -6.0 0.0 0.0 0.0 1.0 1.0 0.0 0.0 0.0 0.0 1.0 0.0 0.0 0.0 0.0 1.0 -6.0 0.0 0.0 0.0 1.0 1.0 0.0 0.0 0.0 0.0 1.0 0.0 0.0 0.0 0.0 1.0 -6.0 0.0 0.0 0.0 1.0 1.0 0.0 0.0 0.0 0.0 1.0 0.0 0.0 0.0 0.0 1.0 -6.0 0.0 0.0 0.0 1.0 1.0 0.0 0.0 0.0 0.0 1.0 0.0 0.0 0.0 0.0 1.0 -6.0 0.0 0.0 0.0 1.0 1.0 0.0 0.0 0.0 0.0 1.0 0.0 0.0 0.0 0.0 1.0 -6.0 0.0 0.0 0.0 1.0 1.0 0.0 0.0 0.0 0.0 1.0 0.0 0.0 0.0 0.0 1.0 -6.0 0.0 0.0 0.0 1.0 1.0 0.0 0.0 0.0 0.0 1.0 0.0 0.0 0.0 0.0 1.0 -6.0 0.0 0.0 0.0 1.0 1.0 0.0 0.0 0.0 0.0 1.0 0.0 0.0 0.0 0.0 1.0 -6.0 0.0 0.0 0.0 1.0 1.0 0.0 0.0 0.0 0.0 1.0 0.0 0.0 0.0 0.0 1.0 -6.0 0.0 0.0 0.0 1.0 1.0 0.0 0.0 0.0 0.0 1.0 0.0 0.0 0.0 0.0 1.0 -6.0 0.0 0.0 0.0 1.0 1.0 0.0 0.0 0.0 0.0 1.0 0.0 0.0 0.0 0.0 1.0 -6.0 0.0 0.0 0.0 1.0 1.0 0.0 0.0 0.0 0.0 1.0 0.0 0.0 0.0 0.0 1.0 -6.0 0.0 0.0 0.0 1.0 1.0 0.0 0.0 0.0 0.0 1.0 0.0 0.0 0.0 0.0 1.0 -6.0 0.0 0.0 0.0 1.0 1.0 0.0 0.0 0.0 0.0 1.0 0.0 0.0 0.0 0.0 1.0 -6.0 0.0 0.0 0.0 1.0 1.0 0.0 0.0 0.0 0.0 1.0 0.0 0.0 0.0 0.0 1.0 -6.0 0.0 0.0 0.0 1.0 1.0 0.0 0.0 0.0 0.0 1.0 0.0 0.0 0.0 0.0 1.0 -6.0 0.0 0.0 0.0 1.0 1.0 0.0 0.0 0.0 0.0 1.0 0.0 0.0 0.0 0.0 1.0 -6.0 0.0 0.0 0.0 1.0 1.0 0.0 0.0 0.0 0.0 1.0 0.0 0.0 0.0 0.0 1.0 -6.0 0.0 0.0 0.0 1.0 1.0 0.0 0.0 0.0 0.0 1.0 0.0 0.0 0.0 0.0 1.0 -6.0 0.0 0.0 0.0 1.0 1.0 0.0 0.0 0.0 0.0 1.0 0.0 0.0 0.0 0.0 1.0 -6.0 0.0 0.0 0.0 1.0 1.0 0.0 0.0 0.0 0.0 1.0 0.0 0.0 0.0 0.0 1.0 -6.0 0.0 0.0 0.0 1.0 1.0 0.0 0.0 0.0 0.0 1.0 0.0 0.0 0.0 0.0 1.0 -6.0 0.0 0.0 0.0 1.0 1.0 0.0 0.0 0.0 0.0 1.0 0.0 0.0 0.0 0.0 1.0 -6.0 0.0 0.0 0.0 1.0 1.0 0.0 0.0 0.0 0.0 1.0 0.0 0.0 0.0 0.0 1.0 -6.0 0.0 0.0 0.0 1.0 1.0 0.0 0.0 0.0 0.0 1.0 0.0 0.0 0.0 0.0 1.0 -6.0 0.0 0.0 0.0 1.0 1.0 0.0 0.0 0.0 0.0 1.0 0.0 0.0 0.0 0.0 1.0 -6.0 0.0 0.0 0.0 1.0 1.0 0.0 0.0 0.0 0.0 1.0 0.0 0.0 0.0 0.0 1.0 -6.0 0.0 0.0 0.0 1.0 1.0 0.0 0.0 0.0 0.0 1.0 0.0 0.0 0.0 0.0 1.0 -6.0 0.0 0.0 0.0 1.0 1.0 0.0 0.0 0.0 0.0 1.0 0.0 0.0 0.0 0.0 1.0 -6.0 0.0 0.0 0.0 1.0 1.0 0.0 0.0 0.0 0.0 1.0 0.0 0.0 0.0 0.0 1.0 -6.0 0.0 0.0 0.0 1.0 1.0 0.0 0.0 0.0 0.0 1.0 0.0 0.0 0.0 0.0 1.0 -6.0 0.0 0.0 0.0 1.0 1.0 0.0 0.0 0.0 0.0 1.0 0.0 0.0 0.0 0.0 1.0 -6.0 0.0 0.0 0.0 1.0 1.0 0.0 0.0 0.0 0.0 1.0 0.0 0.0 0.0 0.0 1.0 -6.0 0.0 0.0 0.0 1.0 1.0 0.0 0.0 0.0 0.0 1.0 0.0 0.0 0.0 0.0 1.0 -6.0 0.0 0.0 0.0 1.0 1.0 0.0 0.0 0.0 0.0 1.0 0.0 0.0 0.0 0.0 1.0 -6.0 0.0 0.0 0.0 1.0 1.0 0.0 0.0 0.0 0.0 1.0 0.0 0.0 0.0 0.0 1.0 -6.0 0.0 0.0 0.0 1.0 1.0 0.0 0.0 0.0 0.0 1.0 0.0 0.0 0.0 0.0 1.0 -6.0 0.0 0.0 0.0 1.0 1.0 0.0 0.0 0.0 0.0 1.0 0.0 0.0 0.0 0.0 1.0 -6.0 0.0 0.0 0.0 1.0 1.0 0.0 0.0 0.0 0.0 1.0 0.0 0.0 0.0 0.0 1.0 -6.0 0.0 0.0 0.0 1.0 1.0 0.0 0.0 0.0 0.0 1.0 0.0 0.0 0.0 0.0 1.0 -6.0 0.0 0.0 0.0 1.0 1.0 0.0 0.0 0.0 0.0 1.0 0.0 0.0 0.0 0.0 1.0 -6.0 0.0 0.0 0.0 1.0 1.0 0.0 0.0 0.0 0.0 1.0 0.0 0.0 0.0 0.0 1.0 -6.0 0.0 0.0 0.0 1.0 1.0 0.0 0.0 0.0 0.0 1.0 0.0 0.0 0.0 0.0 1.0 -6.0 0.0 0.0 0.0 1.0 1.0 0.0 0.0 0.0 0.0 1.0 0.0 0.0 0.0 0.0 1.0 -6.0 0.0 0.0 0.0 1.0 1.0 0.0 0.0 0.0 0.0 1.0 0.0 0.0 0.0 0.0 1.0 -6.0 0.0 0.0 0.0 1.0 1.0 0.0 0.0 0.0 0.0 1.0 0.0 0.0 0.0 0.0 1.0 -6.0 0.0 0.0 0.0 1.0 1.0 0.0 0.0 0.0 0.0 1.0 0.0 0.0 0.0 0.0 1.0 -6.0 0.0 0.0 0.0 1.0 1.0 0.0 0.0 0.0 0.0 1.0 0.0 0.0 0.0 0.0 1.0 -6.0 0.0 0.0 0.0 1.0 1.0 0.0 0.0 0.0 0.0 1.0 0.0 0.0 0.0 0.0 1.0 -6.0 0.0 0.0 0.0 1.0 1.0 0.0 0.0 0.0 0.0 1.0 0.0 0.0 0.0 0.0 1.0 -6.0 0.0 0.0 0.0 1.0 1.0 0.0 0.0 0.0 0.0 1.0 0.0 0.0 0.0 0.0 1.0 -6.0 0.0 0.0 0.0 1.0 1.0 0.0 0.0 0.0 0.0 1.0 0.0 0.0 0.0 0.0 1.0 -6.0 0.0 0.0 0.0 1.0 1.0 0.0 0.0 0.0 0.0 1.0 0.0 0.0 0.0 0.0 1.0 -6.0 0.0 0.0 0.0 1.0 1.0 0.0 0.0 0.0 0.0 1.0 0.0 0.0 0.0 0.0 1.0 -6.0 0.0 0.0 0.0 1.0 1.0 0.0 0.0 0.0 0.0 1.0 0.0 0.0 0.0 0.0 1.0 -6.0 0.0 0.0 0.0 1.0 1.0 0.0 0.0 0.0 0.0 1.0 0.0 0.0 0.0 0.0 1.0 -6.0 0.0 0.0 0.0 1.0 1.0 0.0 0.0 0.0 0.0 1.0 0.0 0.0 0.0 0.0 1.0 -6.0 0.0 0.0 0.0 1.0 1.0 0.0 0.0 0.0 0.0 1.0 0.0 0.0 0.0 0.0 1.0 -6.0 0.0 0.0 0.0 1.0 1.0 0.0 0.0 0.0 0.0 1.0 0.0 0.0 0.0 0.0 1.0 -6.0 0.0 0.0 0.0 1.0 1.0 0.0 0.0 0.0 0.0 1.0 0.0 0.0 0.0 0.0 1.0 -6.0 0.0 0.0 0.0 1.0 1.0 0.0 0.0 0.0 0.0 1.0 0.0 0.0 0.0 0.0 1.0 -6.0 0.0 0.0 0.0 1.0 1.0 0.0 0.0 0.0 0.0 1.0 0.0 0.0 0.0 0.0 1.0 -6.0 0.0 0.0 0.0 1.0 1.0 0.0 0.0 0.0 0.0 1.0 0.0 0.0 0.0 0.0 1.0 -6.0 0.0 0.0 0.0 1.0 1.0 0.0 0.0 0.0 0.0 1.0 0.0 0.0 0.0 0.0 1.0 -6.0 0.0 0.0 0.0 1.0 1.0 0.0 0.0 0.0 0.0 1.0 0.0 0.0 0.0 0.0 1.0 -6.0 0.0 0.0 0.0 1.0 1.0 0.0 0.0 0.0 0.0 1.0 0.0 0.0 0.0 0.0 1.0 -6.0 0.0 0.0 0.0 1.0 1.0 0.0 0.0 0.0 0.0 1.0 0.0 0.0 0.0 0.0 1.0 -6.0 0.0 0.0 0.0 1.0 1.0 0.0 0.0 0.0 0.0 1.0 0.0 0.0 0.0 0.0 1.0 -6.0 0.0 0.0 0.0 1.0 1.0 0.0 0.0 0.0 0.0 1.0 0.0 0.0 0.0 0.0 1.0 -6.0 0.0 0.0 0.0 1.0 1.0 0.0 0.0 0.0 0.0 1.0 0.0 0.0 0.0 0.0 1.0 -6.0 0.0 0.0 0.0 1.0 1.0 0.0 0.0 0.0 0.0 1.0 0.0 0.0 0.0 0.0 1.0 -6.0 0.0 0.0 0.0 1.0 1.0 0.0 0.0 0.0 0.0 1.0 0.0 0.0 0.0 0.0 1.0 -6.0 0.0 0.0 0.0 1.0 1.0 0.0 0.0 0.0 0.0 1.0 0.0 0.0 0.0 0.0 1.0 -6.0 0.0 0.0 0.0 1.0 1.0 0.0 0.0 0.0 0.0 1.0 0.0 0.0 0.0 0.0 1.0 -6.0 0.0 0.0 0.0 1.0 1.0 0.0 0.0 0.0 0.0 1.0 0.0 0.0 0.0 0.0 1.0 -6.0 0.0 0.0 0.0 1.0 1.0 0.0 0.0 0.0 0.0 1.0 0.0 0.0 0.0 0.0 1.0 -6.0 0.0 0.0 0.0 1.0 1.0 0.0 0.0 0.0 0.0 1.0 0.0 0.0 0.0 0.0 1.0 -6.0 0.0 0.0 0.0 1.0 1.0 0.0 0.0 0.0 0.0 1.0 0.0 0.0 0.0 0.0 1.0 -6.0 0.0 0.0 0.0 1.0 1.0 0.0 0.0 0.0 0.0 1.0 0.0 0.0 0.0 0.0 1.0 -6.0 0.0 0.0 0.0 1.0 1.0 0.0 0.0 0.0 0.0 1.0 0.0 0.0 0.0 0.0 1.0 -6.0 0.0 0.0 0.0 1.0 1.0 0.0 0.0 0.0 0.0 1.0 0.0 0.0 0.0 0.0 1.0 -6.0 0.0 0.0 0.0 1.0 1.0 0.0 0.0 0.0 0.0 1.0 0.0 0.0 0.0 0.0 1.0 -6.0 0.0 0.0 0.0 1.0 1.0 0.0 0.0 0.0 0.0 1.0 0.0 0.0 0.0 0.0 1.0 -6.0 0.0 0.0 0.0 1.0 1.0 0.0 0.0 0.0 0.0 1.0 0.0 0.0 0.0 0.0 1.0 -6.0 0.0 0.0 0.0 1.0 1.0 0.0 0.0 0.0 0.0 1.0 0.0 0.0 0.0 0.0 1.0 -6.0 0.0 0.0 0.0 1.0 1.0 0.0 0.0 0.0 0.0 1.0 0.0 0.0 0.0 0.0 1.0 -6.0 0.0 0.0 0.0 1.0 1.0 0.0 0.0 0.0 0.0 1.0 0.0 0.0 0.0 0.0 1.0 -6.0 0.0 0.0 0.0 1.0 1.0 0.0 0.0 0.0 0.0 1.0 0.0 0.0 0.0 0.0 1.0 -6.0 0.0 0.0 0.0 1.0 1.0 0.0 0.0 0.0 0.0 1.0 0.0 0.0 0.0 0.0 1.0 -6.0 0.0 0.0 0.0 1.0 1.0 0.0 0.0 0.0 0.0 1.0 0.0 0.0 0.0 0.0 1.0 -6.0 0.0 0.0 0.0 1.0 1.0 0.0 0.0 0.0 0.0 1.0 0.0 0.0 0.0 0.0 1.0 -6.0 0.0 0.0 0.0 1.0 1.0 0.0 0.0 0.0 0.0 1.0 0.0 0.0 0.0 0.0 1.0 -6.0 0.0 0.0 0.0 1.0 1.0 0.0 0.0 0.0 0.0 1.0 0.0 0.0 0.0 0.0 1.0 -6.0 0.0 0.0 0.0 1.0 1.0 0.0 0.0 0.0 0.0 1.0 0.0 0.0 0.0 0.0 1.0 -6.0 0.0 0.0 0.0 1.0 1.0 0.0 0.0 0.0 0.0 1.0 0.0 0.0 0.0 0.0 1.0 -6.0 0.0 0.0 0.0 1.0 1.0 0.0 0.0 0.0 0.0 1.0 0.0 0.0 0.0 0.0 1.0 -6.0 0.0 0.0 0.0 1.0 1.0 0.0 0.0 0.0 0.0 1.0 0.0 0.0 0.0 0.0 1.0 -6.0 0.0 0.0 0.0 1.0 1.0 0.0 0.0 0.0 0.0 1.0 0.0 0.0 0.0 0.0 1.0 -6.0 0.0 0.0 0.0 1.0 1.0 0.0 0.0 0.0 0.0 1.0 0.0 0.0 0.0 0.0 1.0 -6.0 0.0 0.0 0.0 1.0 1.0 0.0 0.0 0.0 0.0 1.0 0.0 0.0 0.0 0.0 1.0 -6.0 0.0 0.0 0.0 1.0 1.0 0.0 0.0 0.0 0.0 1.0 0.0 0.0 0.0 0.0 1.0 -6.0 0.0 0.0 0.0 1.0 1.0 0.0 0.0 0.0 0.0 1.0 0.0 0.0 0.0 0.0 1.0 -6.0 0.0 0.0 0.0 1.0 1.0 0.0 0.0 0.0 0.0 1.0 0.0 0.0 0.0 0.0 1.0 -6.0 0.0 0.0 0.0 1.0 1.0 0.0 0.0 0.0 0.0 1.0 0.0 0.0 0.0 0.0 1.0 -6.0 0.0 0.0 0.0 1.0 1.0 0.0 0.0 0.0 0.0 1.0 0.0 0.0 0.0 0.0 1.0 -6.0 0.0 0.0 0.0 1.0 1.0 0.0 0.0 0.0 0.0 1.0 0.0 0.0 0.0 0.0 1.0 -6.0 0.0 0.0 0.0 1.0 </float_array>
          <technique_common>
            <accessor count="143" source="#Tail2-global-anim-outSource-global-array" stride="16">
              <param type="float4x4"/>
            </accessor>
          </technique_common>
        </source>
        <sampler id="Tail2-global-anim-globalSampler">
          <input semantic="INPUT" source="#Tail2-global-anim-inSource-TIME"/>
          <input semantic="OUTPUT" source="#Tail2-global-anim-outSource-global"/>
          <input semantic="INTERPOLATION" source="#Tail2-global-anim-interpolation"/>
        </sampler>
        <channel source="#Tail2-global-anim-globalSampler" target="Tail2-global/matrix"/>
      </animation>
    </animation>
    <animation id="Tail2-local-anim" name="Tail2-local-anim">
      <animation>
        <source id="Tail2-local-anim-inSource-TIME">
          <float_array count="143" id="Tail2-local-anim-inSource-TIME-array">0.0 0.041666668 0.083333336 0.125 0.16666667 0.20833333 0.25 0.29166666 0.33333334 0.375 0.41666666 0.45833334 0.5 0.5416667 0.5833333 0.625 0.6666667 0.7083333 0.75 0.7916667 0.8333333 0.875 0.9166667 0.9583333 1.0 1.0416666 1.0833334 1.125 1.1666666 1.2083334 1.25 1.2916666 1.3333334 1.375 1.4166666 1.4583334 1.5 1.5416666 1.5833334 1.625 1.6666666 1.7083334 1.75 1.7916666 1.8333334 1.875 1.9166666 1.9583334 2.0 2.0416667 2.0833333 2.125 2.1666667 2.2083333 2.25 2.2916667 2.3333333 2.375 2.4166667 2.4583333 2.5 2.5416667 2.5833333 2.625 2.6666667 2.7083333 2.75 2.7916667 2.8333333 2.875 2.9166667 2.9583333 3.0 3.0416667 3.0833333 3.125 3.1666667 3.2083333 3.25 3.2916667 3.3333333 3.375 3.4166667 3.4583333 3.5 3.5416667 3.5833333 3.625 3.6666667 3.7083333 3.75 3.7916667 3.8333333 3.875 3.9166667 3.9583333 4.0 4.0416665 4.0833335 4.125 4.1666665 4.2083335 4.25 4.2916665 4.3333335 4.375 4.4166665 4.4583335 4.5 4.5416665 4.5833335 4.625 4.6666665 4.7083335 4.75 4.7916665 4.8333335 4.875 4.9166665 4.9583335 5.0 5.0416665 5.0833335 5.125 5.1666665 5.2083335 5.25 5.2916665 5.3333335 5.375 5.4166665 5.4583335 5.5 5.5416665 5.5833335 5.625 5.6666665 5.7083335 5.75 5.7916665 5.8333335 5.875 5.9166665 </float_array>
          <technique_common>
            <accessor count="143" source="#Tail2-local-anim-inSource-TIME-array">
              <param name="TIME" type="float"/>
            </accessor>
          </technique_common>
        </source>
        <source id="Tail2-local-anim-interpolation">
          <Name_array count="143" id="Tail2-local-anim-interpolation-array">LINEAR LINEAR LINEAR LINEAR LINEAR LINEAR LINEAR LINEAR LINEAR LINEAR LINEAR LINEAR LINEAR LINEAR LINEAR LINEAR LINEAR LINEAR LINEAR LINEAR LINEAR LINEAR LINEAR LINEAR LINEAR LINEAR LINEAR LINEAR LINEAR LINEAR LINEAR LINEAR LINEAR LINEAR LINEAR LINEAR LINEAR LINEAR LINEAR LINEAR LINEAR LINEAR LINEAR LINEAR LINEAR LINEAR LINEAR LINEAR LINEAR LINEAR LINEAR LINEAR LINEAR LINEAR LINEAR LINEAR LINEAR LINEAR LINEAR LINEAR LINEAR LINEAR LINEAR LINEAR LINEAR LINEAR LINEAR LINEAR LINEAR LINEAR LINEAR LINEAR LINEAR LINEAR LINEAR LINEAR LINEAR LINEAR LINEAR LINEAR LINEAR LINEAR LINEAR LINEAR LINEAR LINEAR LINEAR LINEAR LINEAR LINEAR LINEAR LINEAR LINEAR LINEAR LINEAR LINEAR LINEAR LINEAR LINEAR LINEAR LINEAR LINEAR LINEAR LINEAR LINEAR LINEAR LINEAR LINEAR LINEAR LINEAR LINEAR LINEAR LINEAR LINEAR LINEAR LINEAR LINEAR LINEAR LINEAR LINEAR LINEAR LINEAR LINEAR LINEAR LINEAR LINEAR LINEAR LINEAR LINEAR LINEAR LINEAR LINEAR LINEAR LINEAR LINEAR LINEAR LINEAR LINEAR LINEAR LINEAR LINEAR LINEAR LINEAR </Name_array>
          <technique_common>
            <accessor count="143" source="#Tail2-local-anim-interpolation-array">
              <param type="name"/>
            </accessor>
          </technique_common>
        </source>
        <source id="Tail2-local-anim-outSource-local">
          <float_array count="2288" id="Tail2-local-anim-outSource-local-array">1.0 0.0 0.0 0.0 0.0 1.0 0.0 0.0 0.0 0.0 1.0 0.0 0.0 0.0 0.0 1.0 1.0 0.0 0.0 0.0 0.0 1.0 0.0 0.0 0.0 0.0 1.0 0.0 0.0 0.0 0.0 1.0 1.0 0.0 0.0 0.0 0.0 1.0 0.0 0.0 0.0 0.0 1.0 0.0 0.0 0.0 0.0 1.0 1.0 0.0 0.0 0.0 0.0 1.0 0.0 0.0 0.0 0.0 1.0 0.0 0.0 0.0 0.0 1.0 1.0 0.0 0.0 0.0 0.0 1.0 0.0 0.0 0.0 0.0 1.0 0.0 0.0 0.0 0.0 1.0 1.0 0.0 0.0 0.0 0.0 1.0 0.0 0.0 0.0 0.0 1.0 0.0 0.0 0.0 0.0 1.0 1.0 0.0 0.0 0.0 0.0 1.0 0.0 0.0 0.0 0.0 1.0 0.0 0.0 0.0 0.0 1.0 1.0 0.0 0.0 0.0 0.0 1.0 0.0 0.0 0.0 0.0 1.0 0.0 0.0 0.0 0.0 1.0 1.0 0.0 0.0 0.0 0.0 1.0 0.0 0.0 0.0 0.0 1.0 0.0 0.0 0.0 0.0 1.0 1.0 0.0 0.0 0.0 0.0 1.0 0.0 0.0 0.0 0.0 1.0 0.0 0.0 0.0 0.0 1.0 1.0 0.0 0.0 0.0 0.0 1.0 0.0 0.0 0.0 0.0 1.0 0.0 0.0 0.0 0.0 1.0 1.0 0.0 0.0 0.0 0.0 1.0 0.0 0.0 0.0 0.0 1.0 0.0 0.0 0.0 0.0 1.0 1.0 0.0 0.0 0.0 0.0 1.0 0.0 0.0 0.0 0.0 1.0 0.0 0.0 0.0 0.0 1.0 1.0 0.0 0.0 0.0 0.0 1.0 0.0 0.0 0.0 0.0 1.0 0.0 0.0 0.0 0.0 1.0 1.0 0.0 0.0 0.0 0.0 1.0 0.0 0.0 0.0 0.0 1.0 0.0 0.0 0.0 0.0 1.0 1.0 0.0 0.0 0.0 0.0 1.0 0.0 0.0 0.0 0.0 1.0 0.0 0.0 0.0 0.0 1.0 1.0 0.0 0.0 0.0 0.0 1.0 0.0 0.0 0.0 0.0 1.0 0.0 0.0 0.0 0.0 1.0 1.0 0.0 0.0 0.0 0.0 1.0 0.0 0.0 0.0 0.0 1.0 0.0 0.0 0.0 0.0 1.0 1.0 0.0 0.0 0.0 0.0 1.0 0.0 0.0 0.0 0.0 1.0 0.0 0.0 0.0 0.0 1.0 1.0 0.0 0.0 0.0 0.0 1.0 0.0 0.0 0.0 0.0 1.0 0.0 0.0 0.0 0.0 1.0 1.0 0.0 0.0 0.0 0.0 1.0 0.0 0.0 0.0 0.0 1.0 0.0 0.0 0.0 0.0 1.0 1.0 0.0 0.0 0.0 0.0 1.0 0.0 0.0 0.0 0.0 1.0 0.0 0.0 0.0 0.0 1.0 1.0 0.0 0.0 0.0 0.0 1.0 0.0 0.0 0.0 0.0 1.0 0.0 0.0 0.0 0.0 1.0 1.0 0.0 0.0 0.0 0.0 1.0 0.0 0.0 0.0 0.0 1.0 0.0 0.0 0.0 0.0 1.0 1.0 0.0 0.0 0.0 0.0 1.0 0.0 0.0 0.0 0.0 1.0 0.0 0.0 0.0 0.0 1.0 1.0 0.0 0.0 0.0 0.0 1.0 0.0 0.0 0.0 0.0 1.0 0.0 0.0 0.0 0.0 1.0 1.0 0.0 0.0 0.0 0.0 1.0 0.0 0.0 0.0 0.0 1.0 0.0 0.0 0.0 0.0 1.0 1.0 0.0 0.0 0.0 0.0 1.0 0.0 0.0 0.0 0.0 1.0 0.0 0.0 0.0 0.0 1.0 1.0 0.0 0.0 0.0 0.0 1.0 0.0 0.0 0.0 0.0 1.0 0.0 0.0 0.0 0.0 1.0 1.0 0.0 0.0 0.0 0.0 1.0 0.0 0.0 0.0 0.0 1.0 0.0 0.0 0.0 0.0 1.0 1.0 0.0 0.0 0.0 0.0 1.0 0.0 0.0 0.0 0.0 1.0 0.0 0.0 0.0 0.0 1.0 1.0 0.0 0.0 0.0 0.0 1.0 0.0 0.0 0.0 0.0 1.0 0.0 0.0 0.0 0.0 1.0 1.0 0.0 0.0 0.0 0.0 1.0 0.0 0.0 0.0 0.0 1.0 0.0 0.0 0.0 0.0 1.0 1.0 0.0 0.0 0.0 0.0 1.0 0.0 0.0 0.0 0.0 1.0 0.0 0.0 0.0 0.0 1.0 1.0 0.0 0.0 0.0 0.0 1.0 0.0 0.0 0.0 0.0 1.0 0.0 0.0 0.0 0.0 1.0 1.0 0.0 0.0 0.0 0.0 1.0 0.0 0.0 0.0 0.0 1.0 0.0 0.0 0.0 0.0 1.0 1.0 0.0 0.0 0.0 0.0 1.0 0.0 0.0 0.0 0.0 1.0 0.0 0.0 0.0 0.0 1.0 1.0 0.0 0.0 0.0 0.0 1.0 0.0 0.0 0.0 0.0 1.0 0.0 0.0 0.0 0.0 1.0 1.0 0.0 0.0 0.0 0.0 1.0 0.0 0.0 0.0 0.0 1.0 0.0 0.0 0.0 0.0 1.0 1.0 0.0 0.0 0.0 0.0 1.0 0.0 0.0 0.0 0.0 1.0 0.0 0.0 0.0 0.0 1.0 1.0 0.0 0.0 0.0 0.0 1.0 0.0 0.0 0.0 0.0 1.0 0.0 0.0 0.0 0.0 1.0 1.0 0.0 0.0 0.0 0.0 1.0 0.0 0.0 0.0 0.0 1.0 0.0 0.0 0.0 0.0 1.0 1.0 0.0 0.0 0.0 0.0 1.0 0.0 0.0 0.0 0.0 1.0 0.0 0.0 0.0 0.0 1.0 1.0 0.0 0.0 0.0 0.0 1.0 0.0 0.0 0.0 0.0 1.0 0.0 0.0 0.0 0.0 1.0 1.0 0.0 0.0 0.0 0.0 1.0 0.0 0.0 0.0 0.0 1.0 0.0 0.0 0.0 0.0 1.0 1.0 0.0 0.0 0.0 0.0 1.0 0.0 0.0 0.0 0.0 1.0 0.0 0.0 0.0 0.0 1.0 1.0 0.0 0.0 0.0 0.0 1.0 0.0 0.0 0.0 0.0 1.0 0.0 0.0 0.0 0.0 1.0 1.0 0.0 0.0 0.0 0.0 1.0 0.0 0.0 0.0 0.0 1.0 0.0 0.0 0.0 0.0 1.0 1.0 0.0 0.0 0.0 0.0 1.0 0.0 0.0 0.0 0.0 1.0 0.0 0.0 0.0 0.0 1.0 1.0 0.0 0.0 0.0 0.0 1.0 0.0 0.0 0.0 0.0 1.0 0.0 0.0 0.0 0.0 1.0 1.0 0.0 0.0 0.0 0.0 1.0 0.0 0.0 0.0 0.0 1.0 0.0 0.0 0.0 0.0 1.0 1.0 0.0 0.0 0.0 0.0 1.0 0.0 0.0 0.0 0.0 1.0 0.0 0.0 0.0 0.0 1.0 1.0 0.0 0.0 0.0 0.0 1.0 0.0 0.0 0.0 0.0 1.0 0.0 0.0 0.0 0.0 1.0 1.0 0.0 0.0 0.0 0.0 1.0 0.0 0.0 0.0 0.0 1.0 0.0 0.0 0.0 0.0 1.0 1.0 0.0 0.0 0.0 0.0 1.0 0.0 0.0 0.0 0.0 1.0 0.0 0.0 0.0 0.0 1.0 1.0 0.0 0.0 0.0 0.0 1.0 0.0 0.0 0.0 0.0 1.0 0.0 0.0 0.0 0.0 1.0 1.0 0.0 0.0 0.0 0.0 1.0 0.0 0.0 0.0 0.0 1.0 0.0 0.0 0.0 0.0 1.0 1.0 0.0 0.0 0.0 0.0 1.0 0.0 0.0 0.0 0.0 1.0 0.0 0.0 0.0 0.0 1.0 1.0 0.0 0.0 0.0 0.0 1.0 0.0 0.0 0.0 0.0 1.0 0.0 0.0 0.0 0.0 1.0 1.0 0.0 0.0 0.0 0.0 1.0 0.0 0.0 0.0 0.0 1.0 0.0 0.0 0.0 0.0 1.0 1.0 0.0 0.0 0.0 0.0 1.0 0.0 0.0 0.0 0.0 1.0 0.0 0.0 0.0 0.0 1.0 1.0 0.0 0.0 0.0 0.0 1.0 0.0 0.0 0.0 0.0 1.0 0.0 0.0 0.0 0.0 1.0 1.0 0.0 0.0 0.0 0.0 1.0 0.0 0.0 0.0 0.0 1.0 0.0 0.0 0.0 0.0 1.0 1.0 0.0 0.0 0.0 0.0 1.0 0.0 0.0 0.0 0.0 1.0 0.0 0.0 0.0 0.0 1.0 1.0 0.0 0.0 0.0 0.0 1.0 0.0 0.0 0.0 0.0 1.0 0.0 0.0 0.0 0.0 1.0 1.0 0.0 0.0 0.0 0.0 1.0 0.0 0.0 0.0 0.0 1.0 0.0 0.0 0.0 0.0 1.0 1.0 0.0 0.0 0.0 0.0 1.0 0.0 0.0 0.0 0.0 1.0 0.0 0.0 0.0 0.0 1.0 1.0 0.0 0.0 0.0 0.0 1.0 0.0 0.0 0.0 0.0 1.0 0.0 0.0 0.0 0.0 1.0 1.0 0.0 0.0 0.0 0.0 1.0 0.0 0.0 0.0 0.0 1.0 0.0 0.0 0.0 0.0 1.0 1.0 0.0 0.0 0.0 0.0 1.0 0.0 0.0 0.0 0.0 1.0 0.0 0.0 0.0 0.0 1.0 1.0 0.0 0.0 0.0 0.0 1.0 0.0 0.0 0.0 0.0 1.0 0.0 0.0 0.0 0.0 1.0 1.0 0.0 0.0 0.0 0.0 1.0 0.0 0.0 0.0 0.0 1.0 0.0 0.0 0.0 0.0 1.0 1.0 0.0 0.0 0.0 0.0 1.0 0.0 0.0 0.0 0.0 1.0 0.0 0.0 0.0 0.0 1.0 1.0 0.0 0.0 0.0 0.0 1.0 0.0 0.0 0.0 0.0 1.0 0.0 0.0 0.0 0.0 1.0 1.0 0.0 0.0 0.0 0.0 1.0 0.0 0.0 0.0 0.0 1.0 0.0 0.0 0.0 0.0 1.0 1.0 0.0 0.0 0.0 0.0 1.0 0.0 0.0 0.0 0.0 1.0 0.0 0.0 0.0 0.0 1.0 1.0 0.0 0.0 0.0 0.0 1.0 0.0 0.0 0.0 0.0 1.0 0.0 0.0 0.0 0.0 1.0 1.0 0.0 0.0 0.0 0.0 1.0 0.0 0.0 0.0 0.0 1.0 0.0 0.0 0.0 0.0 1.0 1.0 0.0 0.0 0.0 0.0 1.0 0.0 0.0 0.0 0.0 1.0 0.0 0.0 0.0 0.0 1.0 1.0 0.0 0.0 0.0 0.0 1.0 0.0 0.0 0.0 0.0 1.0 0.0 0.0 0.0 0.0 1.0 1.0 0.0 0.0 0.0 0.0 1.0 0.0 0.0 0.0 0.0 1.0 0.0 0.0 0.0 0.0 1.0 1.0 0.0 0.0 0.0 0.0 1.0 0.0 0.0 0.0 0.0 1.0 0.0 0.0 0.0 0.0 1.0 1.0 0.0 0.0 0.0 0.0 1.0 0.0 0.0 0.0 0.0 1.0 0.0 0.0 0.0 0.0 1.0 1.0 0.0 0.0 0.0 0.0 1.0 0.0 0.0 0.0 0.0 1.0 0.0 0.0 0.0 0.0 1.0 1.0 0.0 0.0 0.0 0.0 1.0 0.0 0.0 0.0 0.0 1.0 0.0 0.0 0.0 0.0 1.0 1.0 0.0 0.0 0.0 0.0 1.0 0.0 0.0 0.0 0.0 1.0 0.0 0.0 0.0 0.0 1.0 1.0 0.0 0.0 0.0 0.0 1.0 0.0 0.0 0.0 0.0 1.0 0.0 0.0 0.0 0.0 1.0 1.0 0.0 0.0 0.0 0.0 1.0 0.0 0.0 0.0 0.0 1.0 0.0 0.0 0.0 0.0 1.0 1.0 0.0 0.0 0.0 0.0 1.0 0.0 0.0 0.0 0.0 1.0 0.0 0.0 0.0 0.0 1.0 1.0 0.0 0.0 0.0 0.0 1.0 0.0 0.0 0.0 0.0 1.0 0.0 0.0 0.0 0.0 1.0 1.0 0.0 0.0 0.0 0.0 1.0 0.0 0.0 0.0 0.0 1.0 0.0 0.0 0.0 0.0 1.0 1.0 0.0 0.0 0.0 0.0 1.0 0.0 0.0 0.0 0.0 1.0 0.0 0.0 0.0 0.0 1.0 1.0 0.0 0.0 0.0 0.0 1.0 0.0 0.0 0.0 0.0 1.0 0.0 0.0 0.0 0.0 1.0 1.0 0.0 0.0 0.0 0.0 1.0 0.0 0.0 0.0 0.0 1.0 0.0 0.0 0.0 0.0 1.0 1.0 0.0 0.0 0.0 0.0 1.0 0.0 0.0 0.0 0.0 1.0 0.0 0.0 0.0 0.0 1.0 1.0 0.0 0.0 0.0 0.0 1.0 0.0 0.0 0.0 0.0 1.0 0.0 0.0 0.0 0.0 1.0 1.0 0.0 0.0 0.0 0.0 1.0 0.0 0.0 0.0 0.0 1.0 0.0 0.0 0.0 0.0 1.0 1.0 0.0 0.0 0.0 0.0 1.0 0.0 0.0 0.0 0.0 1.0 0.0 0.0 0.0 0.0 1.0 1.0 0.0 0.0 0.0 0.0 1.0 0.0 0.0 0.0 0.0 1.0 0.0 0.0 0.0 0.0 1.0 1.0 0.0 0.0 0.0 0.0 1.0 0.0 0.0 0.0 0.0 1.0 0.0 0.0 0.0 0.0 1.0 1.0 0.0 0.0 0.0 0.0 1.0 0.0 0.0 0.0 0.0 1.0 0.0 0.0 0.0 0.0 1.0 1.0 0.0 0.0 0.0 0.0 1.0 0.0 0.0 0.0 0.0 1.0 0.0 0.0 0.0 0.0 1.0 1.0 0.0 0.0 0.0 0.0 1.0 0.0 0.0 0.0 0.0 1.0 0.0 0.0 0.0 0.0 1.0 1.0 0.0 0.0 0.0 0.0 1.0 0.0 0.0 0.0 0.0 1.0 0.0 0.0 0.0 0.0 1.0 1.0 0.0 0.0 0.0 0.0 1.0 0.0 0.0 0.0 0.0 1.0 0.0 0.0 0.0 0.0 1.0 1.0 0.0 0.0 0.0 0.0 1.0 0.0 0.0 0.0 0.0 1.0 0.0 0.0 0.0 0.0 1.0 1.0 0.0 0.0 0.0 0.0 1.0 0.0 0.0 0.0 0.0 1.0 0.0 0.0 0.0 0.0 1.0 1.0 0.0 0.0 0.0 0.0 1.0 0.0 0.0 0.0 0.0 1.0 0.0 0.0 0.0 0.0 1.0 1.0 0.0 0.0 0.0 0.0 1.0 0.0 0.0 0.0 0.0 1.0 0.0 0.0 0.0 0.0 1.0 1.0 0.0 0.0 0.0 0.0 1.0 0.0 0.0 0.0 0.0 1.0 0.0 0.0 0.0 0.0 1.0 1.0 0.0 0.0 0.0 0.0 1.0 0.0 0.0 0.0 0.0 1.0 0.0 0.0 0.0 0.0 1.0 1.0 0.0 0.0 0.0 0.0 1.0 0.0 0.0 0.0 0.0 1.0 0.0 0.0 0.0 0.0 1.0 1.0 0.0 0.0 0.0 0.0 1.0 0.0 0.0 0.0 0.0 1.0 0.0 0.0 0.0 0.0 1.0 1.0 0.0 0.0 0.0 0.0 1.0 0.0 0.0 0.0 0.0 1.0 0.0 0.0 0.0 0.0 1.0 1.0 0.0 0.0 0.0 0.0 1.0 0.0 0.0 0.0 0.0 1.0 0.0 0.0 0.0 0.0 1.0 1.0 0.0 0.0 0.0 0.0 1.0 0.0 0.0 0.0 0.0 1.0 0.0 0.0 0.0 0.0 1.0 1.0 0.0 0.0 0.0 0.0 1.0 0.0 0.0 0.0 0.0 1.0 0.0 0.0 0.0 0.0 1.0 1.0 0.0 0.0 0.0 0.0 1.0 0.0 0.0 0.0 0.0 1.0 0.0 0.0 0.0 0.0 1.0 1.0 0.0 0.0 0.0 0.0 1.0 0.0 0.0 0.0 0.0 1.0 0.0 0.0 0.0 0.0 1.0 1.0 0.0 0.0 0.0 0.0 1.0 0.0 0.0 0.0 0.0 1.0 0.0 0.0 0.0 0.0 1.0 1.0 0.0 0.0 0.0 0.0 1.0 0.0 0.0 0.0 0.0 1.0 0.0 0.0 0.0 0.0 1.0 1.0 0.0 0.0 0.0 0.0 1.0 0.0 0.0 0.0 0.0 1.0 0.0 0.0 0.0 0.0 1.0 1.0 0.0 0.0 0.0 0.0 1.0 0.0 0.0 0.0 0.0 1.0 0.0 0.0 0.0 0.0 1.0 1.0 0.0 0.0 0.0 0.0 1.0 0.0 0.0 0.0 0.0 1.0 0.0 0.0 0.0 0.0 1.0 1.0 0.0 0.0 0.0 0.0 1.0 0.0 0.0 0.0 0.0 1.0 0.0 0.0 0.0 0.0 1.0 1.0 0.0 0.0 0.0 0.0 1.0 0.0 0.0 0.0 0.0 1.0 0.0 0.0 0.0 0.0 1.0 1.0 0.0 0.0 0.0 0.0 1.0 0.0 0.0 0.0 0.0 1.0 0.0 0.0 0.0 0.0 1.0 1.0 0.0 0.0 0.0 0.0 1.0 0.0 0.0 0.0 0.0 1.0 0.0 0.0 0.0 0.0 1.0 1.0 0.0 0.0 0.0 0.0 1.0 0.0 0.0 0.0 0.0 1.0 0.0 0.0 0.0 0.0 1.0 1.0 0.0 0.0 0.0 0.0 1.0 0.0 0.0 0.0 0.0 1.0 0.0 0.0 0.0 0.0 1.0 1.0 0.0 0.0 0.0 0.0 1.0 0.0 0.0 0.0 0.0 1.0 0.0 0.0 0.0 0.0 1.0 1.0 0.0 0.0 0.0 0.0 1.0 0.0 0.0 0.0 0.0 1.0 0.0 0.0 0.0 0.0 1.0 1.0 0.0 0.0 0.0 0.0 1.0 0.0 0.0 0.0 0.0 1.0 0.0 0.0 0.0 0.0 1.0 1.0 0.0 0.0 0.0 0.0 1.0 0.0 0.0 0.0 0.0 1.0 0.0 0.0 0.0 0.0 1.0 1.0 0.0 0.0 0.0 0.0 1.0 0.0 0.0 0.0 0.0 1.0 0.0 0.0 0.0 0.0 1.0 1.0 0.0 0.0 0.0 0.0 1.0 0.0 0.0 0.0 0.0 1.0 0.0 0.0 0.0 0.0 1.0 1.0 0.0 0.0 0.0 0.0 1.0 0.0 0.0 0.0 0.0 1.0 0.0 0.0 0.0 0.0 1.0 1.0 0.0 0.0 0.0 0.0 1.0 0.0 0.0 0.0 0.0 1.0 0.0 0.0 0.0 0.0 1.0 1.0 0.0 0.0 0.0 0.0 1.0 0.0 0.0 0.0 0.0 1.0 0.0 0.0 0.0 0.0 1.0 1.0 0.0 0.0 0.0 0.0 1.0 0.0 0.0 0.0 0.0 1.0 0.0 0.0 0.0 0.0 1.0 1.0 0.0 0.0 0.0 0.0 1.0 0.0 0.0 0.0 0.0 1.0 0.0 0.0 0.0 0.0 1.0 1.0 0.0 0.0 0.0 0.0 1.0 0.0 0.0 0.0 0.0 1.0 0.0 0.0 0.0 0.0 1.0 1.0 0.0 0.0 0.0 0.0 1.0 0.0 0.0 0.0 0.0 1.0 0.0 0.0 0.0 0.0 1.0 </float_array>
          <technique_common>
            <accessor count="143" source="#Tail2-local-anim-outSource-local-array" stride="16">
              <param type="float4x4"/>
            </accessor>
          </technique_common>
        </source>
        <sampler id="Tail2-local-anim-localSampler">
          <input semantic="INPUT" source="#Tail2-local-anim-inSource-TIME"/>
          <input semantic="OUTPUT" source="#Tail2-local-anim-outSource-local"/>
          <input semantic="INTERPOLATION" source="#Tail2-local-anim-interpolation"/>
        </sampler>
        <channel source="#Tail2-local-anim-localSampler" target="Tail2-local/matrix"/>
      </animation>
    </animation>
    <animation id="Left_Claw-global-anim" name="Left_Claw-global-anim">
      <animation>
        <source id="Left_Claw-global-anim-inSource-TIME">
          <float_array count="143" id="Left_Claw-global-anim-inSource-TIME-array">0.0 0.041666668 0.083333336 0.125 0.16666667 0.20833333 0.25 0.29166666 0.33333334 0.375 0.41666666 0.45833334 0.5 0.5416667 0.5833333 0.625 0.6666667 0.7083333 0.75 0.7916667 0.8333333 0.875 0.9166667 0.9583333 1.0 1.0416666 1.0833334 1.125 1.1666666 1.2083334 1.25 1.2916666 1.3333334 1.375 1.4166666 1.4583334 1.5 1.5416666 1.5833334 1.625 1.6666666 1.7083334 1.75 1.7916666 1.8333334 1.875 1.9166666 1.9583334 2.0 2.0416667 2.0833333 2.125 2.1666667 2.2083333 2.25 2.2916667 2.3333333 2.375 2.4166667 2.4583333 2.5 2.5416667 2.5833333 2.625 2.6666667 2.7083333 2.75 2.7916667 2.8333333 2.875 2.9166667 2.9583333 3.0 3.0416667 3.0833333 3.125 3.1666667 3.2083333 3.25 3.2916667 3.3333333 3.375 3.4166667 3.4583333 3.5 3.5416667 3.5833333 3.625 3.6666667 3.7083333 3.75 3.7916667 3.8333333 3.875 3.9166667 3.9583333 4.0 4.0416665 4.0833335 4.125 4.1666665 4.2083335 4.25 4.2916665 4.3333335 4.375 4.4166665 4.4583335 4.5 4.5416665 4.5833335 4.625 4.6666665 4.7083335 4.75 4.7916665 4.8333335 4.875 4.9166665 4.9583335 5.0 5.0416665 5.0833335 5.125 5.1666665 5.2083335 5.25 5.2916665 5.3333335 5.375 5.4166665 5.4583335 5.5 5.5416665 5.5833335 5.625 5.6666665 5.7083335 5.75 5.7916665 5.8333335 5.875 5.9166665 </float_array>
          <technique_common>
            <accessor count="143" source="#Left_Claw-global-anim-inSource-TIME-array">
              <param name="TIME" type="float"/>
            </accessor>
          </technique_common>
        </source>
        <source id="Left_Claw-global-anim-interpolation">
          <Name_array count="143" id="Left_Claw-global-anim-interpolation-array">LINEAR LINEAR LINEAR LINEAR LINEAR LINEAR LINEAR LINEAR LINEAR LINEAR LINEAR LINEAR LINEAR LINEAR LINEAR LINEAR LINEAR LINEAR LINEAR LINEAR LINEAR LINEAR LINEAR LINEAR LINEAR LINEAR LINEAR LINEAR LINEAR LINEAR LINEAR LINEAR LINEAR LINEAR LINEAR LINEAR LINEAR LINEAR LINEAR LINEAR LINEAR LINEAR LINEAR LINEAR LINEAR LINEAR LINEAR LINEAR LINEAR LINEAR LINEAR LINEAR LINEAR LINEAR LINEAR LINEAR LINEAR LINEAR LINEAR LINEAR LINEAR LINEAR LINEAR LINEAR LINEAR LINEAR LINEAR LINEAR LINEAR LINEAR LINEAR LINEAR LINEAR LINEAR LINEAR LINEAR LINEAR LINEAR LINEAR LINEAR LINEAR LINEAR LINEAR LINEAR LINEAR LINEAR LINEAR LINEAR LINEAR LINEAR LINEAR LINEAR LINEAR LINEAR LINEAR LINEAR LINEAR LINEAR LINEAR LINEAR LINEAR LINEAR LINEAR LINEAR LINEAR LINEAR LINEAR LINEAR LINEAR LINEAR LINEAR LINEAR LINEAR LINEAR LINEAR LINEAR LINEAR LINEAR LINEAR LINEAR LINEAR LINEAR LINEAR LINEAR LINEAR LINEAR LINEAR LINEAR LINEAR LINEAR LINEAR LINEAR LINEAR LINEAR LINEAR LINEAR LINEAR LINEAR LINEAR LINEAR LINEAR LINEAR LINEAR </Name_array>
          <technique_common>
            <accessor count="143" source="#Left_Claw-global-anim-interpolation-array">
              <param type="name"/>
            </accessor>
          </technique_common>
        </source>
        <source id="Left_Claw-global-anim-outSource-global">
          <float_array count="2288" id="Left_Claw-global-anim-outSource-global-array">1.0 0.0 0.0 -2.0 0.0 1.0 -5.9604634E-8 -4.5 0.0 5.9604634E-8 1.0 -0.5 0.0 0.0 0.0 1.0 1.0 0.0 0.0 -2.0 0.0 0.99999976 6.9808104E-4 -4.5 0.0 -6.9808104E-4 0.99999976 -0.5 0.0 0.0 0.0 1.0 1.0 0.0 0.0 -2.0 0.0 0.9999961 0.0027924997 -4.5 0.0 -0.0027924997 0.9999961 -0.5 0.0 0.0 0.0 1.0 1.0 0.0 0.0 -2.0 0.0 0.9999802 0.0062831654 -4.5 0.0 -0.0062831654 0.9999802 -0.5 0.0 0.0 0.0 1.0 1.0000002 0.0 0.0 -2.0 0.0 0.99993783 0.011169963 -4.5 0.0 -0.011169963 0.99993783 -0.5 0.0 0.0 0.0 1.0 1.0000001 0.0 0.0 -2.0 0.0 0.99984777 0.017452575 -4.5 0.0 -0.017452575 0.99984777 -0.5 0.0 0.0 0.0 1.0 1.0000001 0.0 0.0 -2.0 0.0 0.9996843 0.025130361 -4.5 0.0 -0.025130361 0.9996843 -0.5 0.0 0.0 0.0 1.0 1.0 0.0 0.0 -2.0 0.0 0.9994149 0.03420216 -4.5 0.0 -0.03420216 0.9994149 -0.5 0.0 0.0 0.0 1.0 1.0 0.0 0.0 -2.0 0.0 0.99901754 0.04431736 -4.5 0.0 -0.04431736 0.99901754 -0.5 0.0 0.0 0.0 1.0 1.0000001 0.0 0.0 -2.0 0.0 0.9985743 0.053382333 -4.5 0.0 -0.053382333 0.9985743 -0.5 0.0 0.0 0.0 1.0 1.0 0.0 0.0 -2.0 0.0 0.9981348 0.061049253 -4.5 0.0 -0.061049253 0.9981348 -0.5 0.0 0.0 0.0 1.0 1.0000001 0.0 0.0 -2.0 0.0 0.9977316 0.06731959 -4.5 0.0 -0.06731959 0.9977316 -0.5 0.0 0.0 0.0 1.0 1.0 0.0 0.0 -2.0 0.0 0.99739057 0.07219464 -4.5 0.0 -0.07219464 0.99739057 -0.5 0.0 0.0 0.0 1.0 1.0000001 0.0 0.0 -2.0 0.0 0.99713254 0.07567579 -4.5 0.0 -0.07567579 0.99713254 -0.5 0.0 0.0 0.0 1.0 1.0 0.0 0.0 -2.0 0.0 0.99697185 0.07776402 -4.5 0.0 -0.07776402 0.99697185 -0.5 0.0 0.0 0.0 1.0 1.0 0.0 0.0 -2.0 0.0 0.99691725 0.078460045 -4.5 0.0 -0.078460045 0.99691725 -0.5 0.0 0.0 0.0 1.0 1.0 0.0 0.0 -2.0 0.0 0.99691725 0.078460045 -4.5 0.0 -0.078460045 0.99691725 -0.5 0.0 0.0 0.0 1.0 1.0 0.0 0.0 -2.0 0.0 0.99691725 0.07846004 -4.5 0.0 -0.07846004 0.99691725 -0.5 0.0 0.0 0.0 1.0 1.0000001 0.0 0.0 -2.0 0.0 0.99691737 0.078460045 -4.5 0.0 -0.078460045 0.99691737 -0.5 0.0 0.0 0.0 1.0 1.0000001 0.0 0.0 -2.0 0.0 0.99691737 0.078460045 -4.5 0.0 -0.078460045 0.99691737 -0.5 0.0 0.0 0.0 1.0 1.0 0.0 0.0 -2.0 0.0 0.99691725 0.078460045 -4.5 0.0 -0.078460045 0.99691725 -0.5 0.0 0.0 0.0 1.0 1.0 0.0 0.0 -2.0 0.0 0.99691725 0.078460045 -4.5 0.0 -0.078460045 0.99691725 -0.5 0.0 0.0 0.0 1.0 1.0 0.0 0.0 -2.0 0.0 0.99691725 0.078460045 -4.5 0.0 -0.078460045 0.99691725 -0.5 0.0 0.0 0.0 1.0 0.99999905 -1.9214396E-5 -0.0014321163 -2.0 1.3001855E-4 0.9969993 0.0774111 -4.5 0.0014263313 -0.077411205 0.9969983 -0.5 0.0 0.0 0.0 1.0 0.99998367 -8.589958E-5 -0.005728447 -2.0 5.1107956E-4 0.9972387 0.0742625 -4.5 0.005706249 -0.07426421 0.99722236 -0.5 0.0 0.0 0.0 1.0 0.9999171 -2.2717824E-4 -0.012888531 -2.0 0.0011161596 0.9976155 0.06900945 -4.5 0.01284212 -0.06901811 0.9975329 -0.5 0.0 0.0 0.0 1.0 0.9997537 -4.6713965E-4 -0.022194542 -2.0 0.0018465522 0.998064 0.062171243 -4.5 0.022122525 -0.062196903 0.9978188 -0.5 0.0 0.0 0.0 1.0 0.9995691 -6.9500465E-4 -0.029350322 -2.0 0.0023650685 0.99837697 0.056904748 -4.5 0.029263131 -0.056949638 0.9979482 -0.5 0.0 0.0 0.0 1.0 0.9994335 -8.4977347E-4 -0.033642262 -2.0 0.0026580673 0.99855125 0.0537425 -4.5 0.033547856 -0.053801477 0.9979879 -0.5 0.0 0.0 0.0 1.0 0.99938446 -9.043701E-4 -0.03507263 -2.0 0.0027527139 0.99860734 0.052688066 -4.5 0.03497613 -0.05275217 0.997995 -0.5 0.0 0.0 0.0 1.0 0.99938446 -9.0437004E-4 -0.03507263 -2.0 0.0027527139 0.99860734 0.05268807 -4.5 0.03497613 -0.052752174 0.997995 -0.5 0.0 0.0 0.0 1.0 0.9993846 -9.0437016E-4 -0.035072632 -2.0 0.002752714 0.99860746 0.052688073 -4.5 0.034976132 -0.05275218 0.99799514 -0.5 0.0 0.0 0.0 1.0 0.99938446 -9.043701E-4 -0.03507263 -2.0 0.0027527139 0.99860734 0.052688066 -4.5 0.03497613 -0.05275217 0.997995 -0.5 0.0 0.0 0.0 1.0 0.99938446 -9.043701E-4 -0.03507263 -2.0 0.0027527139 0.99860734 0.052688066 -4.5 0.03497613 -0.05275217 0.997995 -0.5 0.0 0.0 0.0 1.0 0.9993846 -9.043702E-4 -0.035072632 -2.0 0.0027527139 0.99860746 0.05268807 -4.5 0.034976132 -0.052752174 0.99799514 -0.5 0.0 0.0 0.0 1.0 0.9993846 -9.0437004E-4 -0.035072636 -2.0 0.002752714 0.99860746 0.052688073 -4.5 0.034976136 -0.05275218 0.99799514 -0.5 0.0 0.0 0.0 1.0 0.99938446 -9.043701E-4 -0.03507263 -2.0 0.0027527139 0.99860734 0.052688066 -4.5 0.03497613 -0.05275217 0.997995 -0.5 0.0 0.0 0.0 1.0 0.99938434 -9.043701E-4 -0.035072625 -2.0 0.0027527136 0.9986072 0.052688062 -4.5 0.034976125 -0.052752167 0.9979949 -0.5 0.0 0.0 0.0 1.0 0.99938446 -9.043701E-4 -0.03507263 -2.0 0.0027527139 0.99860734 0.052688066 -4.5 0.03497613 -0.05275217 0.997995 -0.5 0.0 0.0 0.0 1.0 0.99938446 -9.043701E-4 -0.03507263 -2.0 0.0027527139 0.99860734 0.052688066 -4.5 0.03497613 -0.05275217 0.997995 -0.5 0.0 0.0 0.0 1.0 0.99938446 -9.043701E-4 -0.03507263 -2.0 0.0027527139 0.99860734 0.052688066 -4.5 0.03497613 -0.05275217 0.997995 -0.5 0.0 0.0 0.0 1.0 0.99938446 -9.0437004E-4 -0.03507263 -2.0 0.0027527139 0.99860734 0.05268807 -4.5 0.03497613 -0.052752174 0.997995 -0.5 0.0 0.0 0.0 1.0 0.99938434 -9.0437004E-4 -0.03507263 -2.0 0.0027527136 0.9986072 0.05268806 -4.5 0.03497613 -0.052752163 0.9979949 -0.5 0.0 0.0 0.0 1.0 0.99938446 -9.0437016E-4 -0.03507263 -2.0 0.0027527139 0.99860734 0.052688062 -4.5 0.03497613 -0.052752167 0.997995 -0.5 0.0 0.0 0.0 1.0 0.9993846 -9.043701E-4 -0.035072636 -2.0 0.002752714 0.99860746 0.05268807 -4.5 0.034976136 -0.052752174 0.99799514 -0.5 0.0 0.0 0.0 1.0 0.99938446 -9.043701E-4 -0.03507263 -2.0 0.0027527139 0.99860734 0.052688066 -4.5 0.03497613 -0.05275217 0.997995 -0.5 0.0 0.0 0.0 1.0 0.99938446 -9.043701E-4 -0.03507263 -2.0 0.0027527139 0.99860734 0.052688066 -4.5 0.03497613 -0.05275217 0.997995 -0.5 0.0 0.0 0.0 1.0 0.99938446 -9.043701E-4 -0.03507263 -2.0 0.0027527139 0.99860734 0.052688066 -4.5 0.03497613 -0.05275217 0.997995 -0.5 0.0 0.0 0.0 1.0 0.99938446 -9.043701E-4 -0.03507263 -2.0 0.0027527139 0.99860734 0.052688066 -4.5 0.03497613 -0.05275217 0.997995 -0.5 0.0 0.0 0.0 1.0 0.99938446 -9.043701E-4 -0.03507263 -2.0 0.0027527139 0.99860734 0.052688066 -4.5 0.03497613 -0.05275217 0.997995 -0.5 0.0 0.0 0.0 1.0 0.99938434 -9.0437E-4 -0.03507263 -2.0 0.0027527139 0.9986072 0.052688062 -4.5 0.03497613 -0.052752167 0.9979949 -0.5 0.0 0.0 0.0 1.0 0.9993846 -9.043703E-4 -0.035072632 -2.0 0.002752714 0.99860746 0.052688073 -4.5 0.034976132 -0.05275218 0.99799514 -0.5 0.0 0.0 0.0 1.0 0.99938446 -9.043701E-4 -0.03507263 -2.0 0.0027527139 0.99860734 0.052688066 -4.5 0.03497613 -0.05275217 0.997995 -0.5 0.0 0.0 0.0 1.0 0.99938446 -9.043702E-4 -0.03507263 -2.0 0.0027527139 0.99860734 0.052688066 -4.5 0.03497613 -0.05275217 0.997995 -0.5 0.0 0.0 0.0 1.0 0.99938434 -9.0436987E-4 -0.03507263 -2.0 0.0027527136 0.9986072 0.052688062 -4.5 0.03497613 -0.052752167 0.9979949 -0.5 0.0 0.0 0.0 1.0 0.99938446 -9.043702E-4 -0.03507263 -2.0 0.0027527139 0.99860734 0.052688066 -4.5 0.03497613 -0.05275217 0.997995 -0.5 0.0 0.0 0.0 1.0 0.99938446 -9.0437E-4 -0.03507263 -2.0 0.0027527139 0.99860734 0.052688066 -4.5 0.03497613 -0.05275217 0.997995 -0.5 0.0 0.0 0.0 1.0 0.99938446 -9.043701E-4 -0.03507263 -2.0 0.0027527139 0.99860734 0.052688066 -4.5 0.03497613 -0.05275217 0.997995 -0.5 0.0 0.0 0.0 1.0 0.99938446 -9.043702E-4 -0.03507263 -2.0 0.0027527139 0.99860734 0.052688066 -4.5 0.03497613 -0.05275217 0.997995 -0.5 0.0 0.0 0.0 1.0 0.99938446 -9.0437E-4 -0.03507263 -2.0 0.0027527139 0.99860734 0.052688066 -4.5 0.03497613 -0.05275217 0.997995 -0.5 0.0 0.0 0.0 1.0 0.9993846 -9.0437033E-4 -0.035072632 -2.0 0.002752714 0.99860746 0.05268807 -4.5 0.034976132 -0.052752174 0.99799514 -0.5 0.0 0.0 0.0 1.0 0.99938446 -9.0437004E-4 -0.03507263 -2.0 0.0027527136 0.99860734 0.052688062 -4.5 0.03497613 -0.052752167 0.997995 -0.5 0.0 0.0 0.0 1.0 0.99938446 -9.0437004E-4 -0.03507263 -2.0 0.0027527136 0.99860734 0.052688062 -4.5 0.03497613 -0.052752167 0.997995 -0.5 0.0 0.0 0.0 1.0 0.99938446 -9.043702E-4 -0.03507263 -2.0 0.0027527139 0.99860734 0.052688066 -4.5 0.03497613 -0.05275217 0.997995 -0.5 0.0 0.0 0.0 1.0 0.99938446 -9.0437E-4 -0.03507263 -2.0 0.0027527139 0.99860734 0.052688066 -4.5 0.03497613 -0.05275217 0.997995 -0.5 0.0 0.0 0.0 1.0 0.99938446 -9.0437016E-4 -0.03507263 -2.0 0.0027527139 0.99860734 0.052688062 -4.5 0.03497613 -0.052752167 0.997995 -0.5 0.0 0.0 0.0 1.0 0.99938446 -9.0437004E-4 -0.03507263 -2.0 0.0027527139 0.99860734 0.05268807 -4.5 0.03497613 -0.052752174 0.997995 -0.5 0.0 0.0 0.0 1.0 0.99938446 -9.043702E-4 -0.03507263 -2.0 0.0027527139 0.99860734 0.052688066 -4.5 0.03497613 -0.05275217 0.997995 -0.5 0.0 0.0 0.0 1.0 0.99938446 -9.043699E-4 -0.03507263 -2.0 0.0027527139 0.99860734 0.05268807 -4.5 0.03497613 -0.052752174 0.997995 -0.5 0.0 0.0 0.0 1.0 0.9993846 -9.0437016E-4 -0.035072636 -2.0 0.0027527143 0.99860746 0.052688073 -4.5 0.034976136 -0.05275218 0.99799514 -0.5 0.0 0.0 0.0 1.0 0.99938446 -9.043701E-4 -0.03507263 -2.0 0.0027527139 0.99860734 0.052688066 -4.5 0.03497613 -0.05275217 0.997995 -0.5 0.0 0.0 0.0 1.0 0.99938446 -9.043701E-4 -0.03507263 -2.0 0.0027527139 0.99860734 0.052688066 -4.5 0.03497613 -0.05275217 0.997995 -0.5 0.0 0.0 0.0 1.0 0.99938446 -9.0437E-4 -0.03507263 -2.0 0.0027527139 0.99860734 0.052688066 -4.5 0.03497613 -0.05275217 0.997995 -0.5 0.0 0.0 0.0 1.0 0.99938446 -9.0437016E-4 -0.03507263 -2.0 0.0027527139 0.99860734 0.052688062 -4.5 0.03497613 -0.052752167 0.997995 -0.5 0.0 0.0 0.0 1.0 0.99938446 -9.0437016E-4 -0.03507263 -2.0 0.002752714 0.99860734 0.05268807 -4.5 0.03497613 -0.052752174 0.997995 -0.5 0.0 0.0 0.0 1.0 0.99938446 -9.043701E-4 -0.03507263 -2.0 0.0027527139 0.99860734 0.052688066 -4.5 0.03497613 -0.05275217 0.997995 -0.5 0.0 0.0 0.0 1.0 0.99938446 -9.043701E-4 -0.03507263 -2.0 0.0027527139 0.99860734 0.052688066 -4.5 0.03497613 -0.05275217 0.997995 -0.5 0.0 0.0 0.0 1.0 0.99938446 -9.043702E-4 -0.03507263 -2.0 0.0027527139 0.99860734 0.052688066 -4.5 0.03497613 -0.05275217 0.997995 -0.5 0.0 0.0 0.0 1.0 0.99938446 -9.043701E-4 -0.03507263 -2.0 0.0027527139 0.99860734 0.052688066 -4.5 0.03497613 -0.05275217 0.997995 -0.5 0.0 0.0 0.0 1.0 0.99938446 -9.043701E-4 -0.03507263 -2.0 0.0027527139 0.99860734 0.052688066 -4.5 0.03497613 -0.05275217 0.997995 -0.5 0.0 0.0 0.0 1.0 0.99938446 -9.043701E-4 -0.03507263 -2.0 0.0027527139 0.99860734 0.052688066 -4.5 0.03497613 -0.05275217 0.997995 -0.5 0.0 0.0 0.0 1.0 0.99938446 -9.0437E-4 -0.03507263 -2.0 0.0027527139 0.99860734 0.052688066 -4.5 0.03497613 -0.05275217 0.997995 -0.5 0.0 0.0 0.0 1.0 0.99938446 -9.043702E-4 -0.03507263 -2.0 0.0027527139 0.99860734 0.052688066 -4.5 0.03497613 -0.05275217 0.997995 -0.5 0.0 0.0 0.0 1.0 0.99938446 -9.043702E-4 -0.03507263 -2.0 0.0027527139 0.99860734 0.052688066 -4.5 0.03497613 -0.05275217 0.997995 -0.5 0.0 0.0 0.0 1.0 0.99938446 -9.0437016E-4 -0.03507263 -2.0 0.0027527139 0.99860734 0.052688062 -4.5 0.03497613 -0.052752167 0.997995 -0.5 0.0 0.0 0.0 1.0 0.99938446 -9.0437016E-4 -0.03507263 -2.0 0.0027527139 0.99860734 0.052688062 -4.5 0.03497613 -0.052752167 0.997995 -0.5 0.0 0.0 0.0 1.0 0.99938446 -9.043702E-4 -0.03507263 -2.0 0.0027527139 0.99860734 0.052688066 -4.5 0.03497613 -0.05275217 0.997995 -0.5 0.0 0.0 0.0 1.0 0.99938446 -9.043702E-4 -0.03507263 -2.0 0.0027527139 0.99860734 0.052688066 -4.5 0.03497613 -0.05275217 0.997995 -0.5 0.0 0.0 0.0 1.0 0.99938446 -9.043701E-4 -0.03507263 -2.0 0.0027527139 0.99860734 0.052688066 -4.5 0.03497613 -0.05275217 0.997995 -0.5 0.0 0.0 0.0 1.0 0.99938446 -9.0437004E-4 -0.03507263 -2.0 0.0027527136 0.99860734 0.052688062 -4.5 0.03497613 -0.052752167 0.997995 -0.5 0.0 0.0 0.0 1.0 0.99938446 -9.043701E-4 -0.03507263 -2.0 0.0027527139 0.99860734 0.052688066 -4.5 0.03497613 -0.05275217 0.997995 -0.5 0.0 0.0 0.0 1.0 0.99938446 -9.0437016E-4 -0.03507263 -2.0 0.0027527139 0.99860734 0.052688062 -4.5 0.03497613 -0.052752167 0.997995 -0.5 0.0 0.0 0.0 1.0 0.99938446 -9.043702E-4 -0.03507263 -2.0 0.0027527139 0.99860734 0.052688066 -4.5 0.03497613 -0.05275217 0.997995 -0.5 0.0 0.0 0.0 1.0 0.99938446 -9.0437004E-4 -0.03507263 -2.0 0.0027527139 0.99860734 0.05268807 -4.5 0.03497613 -0.052752174 0.997995 -0.5 0.0 0.0 0.0 1.0 0.99938446 -9.0437E-4 -0.03507263 -2.0 0.0027527139 0.99860734 0.052688066 -4.5 0.03497613 -0.05275217 0.997995 -0.5 0.0 0.0 0.0 1.0 0.99938446 -9.043701E-4 -0.03507263 -2.0 0.0027527139 0.99860734 0.052688066 -4.5 0.03497613 -0.05275217 0.997995 -0.5 0.0 0.0 0.0 1.0 0.99938446 -9.0437E-4 -0.03507263 -2.0 0.0027527139 0.99860734 0.052688066 -4.5 0.03497613 -0.05275217 0.997995 -0.5 0.0 0.0 0.0 1.0 0.99938446 -9.043701E-4 -0.03507263 -2.0 0.0027527139 0.99860734 0.052688066 -4.5 0.03497613 -0.05275217 0.997995 -0.5 0.0 0.0 0.0 1.0 0.99938446 -9.043701E-4 -0.03507263 -2.0 0.0027527139 0.99860734 0.052688066 -4.5 0.03497613 -0.05275217 0.997995 -0.5 0.0 0.0 0.0 1.0 0.99938446 -9.0437004E-4 -0.03507263 -2.0 0.0027527139 0.99860734 0.05268807 -4.5 0.03497613 -0.052752174 0.997995 -0.5 0.0 0.0 0.0 1.0 0.99938446 -9.0437016E-4 -0.03507263 -2.0 0.002752714 0.99860734 0.05268807 -4.5 0.03497613 -0.052752174 0.997995 -0.5 0.0 0.0 0.0 1.0 0.99938446 -9.043701E-4 -0.03507263 -2.0 0.0027527139 0.99860734 0.052688066 -4.5 0.03497613 -0.05275217 0.997995 -0.5 0.0 0.0 0.0 1.0 0.99938446 -9.043701E-4 -0.03507263 -2.0 0.0027527139 0.99860734 0.052688066 -4.5 0.03497613 -0.05275217 0.997995 -0.5 0.0 0.0 0.0 1.0 0.99938446 -9.043701E-4 -0.03507263 -2.0 0.0027527139 0.99860734 0.052688066 -4.5 0.03497613 -0.05275217 0.997995 -0.5 0.0 0.0 0.0 1.0 0.99938446 -9.043701E-4 -0.03507263 -2.0 0.0027527139 0.99860734 0.052688066 -4.5 0.03497613 -0.05275217 0.997995 -0.5 0.0 0.0 0.0 1.0 0.99938446 -9.043701E-4 -0.03507263 -2.0 0.0027527139 0.99860734 0.052688066 -4.5 0.03497613 -0.05275217 0.997995 -0.5 0.0 0.0 0.0 1.0 0.99938446 -9.043701E-4 -0.03507263 -2.0 0.0027527139 0.99860734 0.052688066 -4.5 0.03497613 -0.05275217 0.997995 -0.5 0.0 0.0 0.0 1.0 0.99938446 -9.043701E-4 -0.03507263 -2.0 0.0027527139 0.99860734 0.052688066 -4.5 0.03497613 -0.05275217 0.997995 -0.5 0.0 0.0 0.0 1.0 0.99938446 -9.0437E-4 -0.035072632 -2.0 0.0027527139 0.99860734 0.052688066 -4.5 0.034976132 -0.05275217 0.997995 -0.5 0.0 0.0 0.0 1.0 0.99938446 -9.043701E-4 -0.03507263 -2.0 0.0027527139 0.99860734 0.052688066 -4.5 0.03497613 -0.05275217 0.997995 -0.5 0.0 0.0 0.0 1.0 0.99938446 -9.043701E-4 -0.03507263 -2.0 0.0027527139 0.99860734 0.052688066 -4.5 0.03497613 -0.05275217 0.997995 -0.5 0.0 0.0 0.0 1.0 0.99938446 -9.043701E-4 -0.03507263 -2.0 0.0027527139 0.99860734 0.052688066 -4.5 0.03497613 -0.05275217 0.997995 -0.5 0.0 0.0 0.0 1.0 0.99938446 -9.043701E-4 -0.03507263 -2.0 0.0027527139 0.99860734 0.052688066 -4.5 0.03497613 -0.05275217 0.997995 -0.5 0.0 0.0 0.0 1.0 0.99938446 -9.043701E-4 -0.03507263 -2.0 0.0027527139 0.99860734 0.052688066 -4.5 0.03497613 -0.05275217 0.997995 -0.5 0.0 0.0 0.0 1.0 0.99938446 -9.043701E-4 -0.03507263 -2.0 0.0027527139 0.99860734 0.052688066 -4.5 0.03497613 -0.05275217 0.997995 -0.5 0.0 0.0 0.0 1.0 0.99938446 -9.043701E-4 -0.03507263 -2.0 0.0027527139 0.99860734 0.052688066 -4.5 0.03497613 -0.05275217 0.997995 -0.5 0.0 0.0 0.0 1.0 0.99938446 -9.043701E-4 -0.03507263 -2.0 0.0027527139 0.99860734 0.052688066 -4.5 0.03497613 -0.05275217 0.997995 -0.5 0.0 0.0 0.0 1.0 0.99938446 -9.043701E-4 -0.03507263 -2.0 0.0027527139 0.99860734 0.052688066 -4.5 0.03497613 -0.05275217 0.997995 -0.5 0.0 0.0 0.0 1.0 0.99938446 -9.043701E-4 -0.03507263 -2.0 0.0027527139 0.99860734 0.052688066 -4.5 0.03497613 -0.05275217 0.997995 -0.5 0.0 0.0 0.0 1.0 0.99938446 -9.043701E-4 -0.03507263 -2.0 0.0027527139 0.99860734 0.052688066 -4.5 0.03497613 -0.05275217 0.997995 -0.5 0.0 0.0 0.0 1.0 0.99938446 -9.043701E-4 -0.03507263 -2.0 0.0027527139 0.99860734 0.052688066 -4.5 0.03497613 -0.05275217 0.997995 -0.5 0.0 0.0 0.0 1.0 0.99938446 -9.043701E-4 -0.03507263 -2.0 0.0027527139 0.99860734 0.052688066 -4.5 0.03497613 -0.05275217 0.997995 -0.5 0.0 0.0 0.0 1.0 0.9993954 -9.0448913E-4 -0.03476086 -2.0 0.0027201301 0.998632 0.052220624 -4.5 0.034666065 -0.052283596 0.99803054 -0.5 0.0 0.0 0.0 1.0 0.9994274 -9.0396823E-4 -0.03382552 -2.0 0.0026232507 0.9987045 0.050818175 -4.5 0.033735763 -0.05087781 0.998135 -0.5 0.0 0.0 0.0 1.0 0.9994791 -9.001725E-4 -0.032266587 -2.0 0.0024646912 0.9988213 0.04848037 -4.5 0.032184906 -0.04853463 0.99830306 -0.5 0.0 0.0 0.0 1.0 0.99954706 -8.887103E-4 -0.03008395 -2.0 0.0022488097 0.9989752 0.045206547 -4.5 0.030012943 -0.045253724 0.99852467 -0.5 0.0 0.0 0.0 1.0 0.9996276 -8.6343475E-4 -0.027277578 -2.0 0.001981716 0.99915737 0.040995967 -4.5 0.027219195 -0.041034754 0.9987869 -0.5 0.0 0.0 0.0 1.0 0.9997154 -8.164423E-4 -0.023847464 -2.0 0.0016712698 0.99935603 0.03584774 -4.5 0.023802835 -0.035877384 0.99907285 -0.5 0.0 0.0 0.0 1.0 0.99980384 -7.3807535E-4 -0.01979371 -2.0 0.0013270868 0.9995562 0.02976091 -4.5 0.019762957 -0.02978134 0.9993611 -0.5 0.0 0.0 0.0 1.0 0.9998832 -6.214929E-4 -0.015272493 -2.0 9.7223424E-4 0.9997357 0.022968877 -4.5 0.015254181 -0.022981044 0.99961954 -0.5 0.0 0.0 0.0 1.0 0.99993706 -4.908215E-4 -0.0112194745 -2.0 6.801482E-4 0.9998575 0.016877245 -4.5 0.011209589 -0.016883813 0.9997948 -0.5 0.0 0.0 0.0 1.0 0.9999698 -3.6094902E-4 -0.0077905366 -2.0 4.5225403E-4 0.9999314 0.011721415 -4.5 0.00778577 -0.011724582 0.9999012 -0.5 0.0 0.0 0.0 1.0 0.9999876 -2.4153039E-4 -0.004985486 -2.0 2.789291E-4 0.99997187 0.0075021866 -4.5 0.004983534 -0.007503484 0.99995947 -0.5 0.0 0.0 0.0 1.0 0.99999607 -1.4046402E-4 -0.002804122 -2.0 1.522972E-4 0.99999106 0.004220153 -4.5 0.002803504 -0.004220564 0.9999871 -0.5 0.0 0.0 0.0 1.0 0.9999993 -6.388982E-5 -0.0012462093 -2.0 6.622722E-5 0.99999833 0.0018756548 -4.5 0.0012460873 -0.0018757358 0.99999756 -0.5 0.0 0.0 0.0 1.0 1.0 -1.6191794E-5 -3.1154475E-4 -2.0 1.633787E-5 0.99999994 4.6888244E-4 -4.5 3.1153712E-4 -4.688875E-4 0.99999994 -0.5 0.0 0.0 0.0 1.0 1.0 0.0 0.0 -2.0 0.0 1.0 -5.9604645E-8 -4.5 0.0 5.9604645E-8 1.0 -0.5 0.0 0.0 0.0 1.0 1.0 0.0 0.0 -2.0 0.0 1.0 -5.960463E-8 -4.5 0.0 5.960463E-8 1.0 -0.5 0.0 0.0 0.0 1.0 1.0 0.0 0.0 -2.0 0.0 1.0 -5.9604638E-8 -4.5 0.0 5.9604638E-8 1.0 -0.5 0.0 0.0 0.0 1.0 1.0 0.0 0.0 -2.0 0.0 1.0 -5.9604634E-8 -4.5 0.0 5.9604634E-8 1.0 -0.5 0.0 0.0 0.0 1.0 1.0 0.0 0.0 -2.0 0.0 1.0 -5.9604634E-8 -4.5 0.0 5.9604634E-8 1.0 -0.5 0.0 0.0 0.0 1.0 1.0 0.0 0.0 -2.0 0.0 1.0 -5.9604634E-8 -4.5 0.0 5.9604634E-8 1.0 -0.5 0.0 0.0 0.0 1.0 1.0 0.0 0.0 -2.0 0.0 1.0 -5.9604634E-8 -4.5 0.0 5.9604634E-8 1.0 -0.5 0.0 0.0 0.0 1.0 </float_array>
          <technique_common>
            <accessor count="143" source="#Left_Claw-global-anim-outSource-global-array" stride="16">
              <param type="float4x4"/>
            </accessor>
          </technique_common>
        </source>
        <sampler id="Left_Claw-global-anim-globalSampler">
          <input semantic="INPUT" source="#Left_Claw-global-anim-inSource-TIME"/>
          <input semantic="OUTPUT" source="#Left_Claw-global-anim-outSource-global"/>
          <input semantic="INTERPOLATION" source="#Left_Claw-global-anim-interpolation"/>
        </sampler>
        <channel source="#Left_Claw-global-anim-globalSampler" target="Left_Claw-global/matrix"/>
      </animation>
    </animation>
    <animation id="Left_Claw-local-anim" name="Left_Claw-local-anim">
      <animation>
        <source id="Left_Claw-local-anim-inSource-TIME">
          <float_array count="143" id="Left_Claw-local-anim-inSource-TIME-array">0.0 0.041666668 0.083333336 0.125 0.16666667 0.20833333 0.25 0.29166666 0.33333334 0.375 0.41666666 0.45833334 0.5 0.5416667 0.5833333 0.625 0.6666667 0.7083333 0.75 0.7916667 0.8333333 0.875 0.9166667 0.9583333 1.0 1.0416666 1.0833334 1.125 1.1666666 1.2083334 1.25 1.2916666 1.3333334 1.375 1.4166666 1.4583334 1.5 1.5416666 1.5833334 1.625 1.6666666 1.7083334 1.75 1.7916666 1.8333334 1.875 1.9166666 1.9583334 2.0 2.0416667 2.0833333 2.125 2.1666667 2.2083333 2.25 2.2916667 2.3333333 2.375 2.4166667 2.4583333 2.5 2.5416667 2.5833333 2.625 2.6666667 2.7083333 2.75 2.7916667 2.8333333 2.875 2.9166667 2.9583333 3.0 3.0416667 3.0833333 3.125 3.1666667 3.2083333 3.25 3.2916667 3.3333333 3.375 3.4166667 3.4583333 3.5 3.5416667 3.5833333 3.625 3.6666667 3.7083333 3.75 3.7916667 3.8333333 3.875 3.9166667 3.9583333 4.0 4.0416665 4.0833335 4.125 4.1666665 4.2083335 4.25 4.2916665 4.3333335 4.375 4.4166665 4.4583335 4.5 4.5416665 4.5833335 4.625 4.6666665 4.7083335 4.75 4.7916665 4.8333335 4.875 4.9166665 4.9583335 5.0 5.0416665 5.0833335 5.125 5.1666665 5.2083335 5.25 5.2916665 5.3333335 5.375 5.4166665 5.4583335 5.5 5.5416665 5.5833335 5.625 5.6666665 5.7083335 5.75 5.7916665 5.8333335 5.875 5.9166665 </float_array>
          <technique_common>
            <accessor count="143" source="#Left_Claw-local-anim-inSource-TIME-array">
              <param name="TIME" type="float"/>
            </accessor>
          </technique_common>
        </source>
        <source id="Left_Claw-local-anim-interpolation">
          <Name_array count="143" id="Left_Claw-local-anim-interpolation-array">LINEAR LINEAR LINEAR LINEAR LINEAR LINEAR LINEAR LINEAR LINEAR LINEAR LINEAR LINEAR LINEAR LINEAR LINEAR LINEAR LINEAR LINEAR LINEAR LINEAR LINEAR LINEAR LINEAR LINEAR LINEAR LINEAR LINEAR LINEAR LINEAR LINEAR LINEAR LINEAR LINEAR LINEAR LINEAR LINEAR LINEAR LINEAR LINEAR LINEAR LINEAR LINEAR LINEAR LINEAR LINEAR LINEAR LINEAR LINEAR LINEAR LINEAR LINEAR LINEAR LINEAR LINEAR LINEAR LINEAR LINEAR LINEAR LINEAR LINEAR LINEAR LINEAR LINEAR LINEAR LINEAR LINEAR LINEAR LINEAR LINEAR LINEAR LINEAR LINEAR LINEAR LINEAR LINEAR LINEAR LINEAR LINEAR LINEAR LINEAR LINEAR LINEAR LINEAR LINEAR LINEAR LINEAR LINEAR LINEAR LINEAR LINEAR LINEAR LINEAR LINEAR LINEAR LINEAR LINEAR LINEAR LINEAR LINEAR LINEAR LINEAR LINEAR LINEAR LINEAR LINEAR LINEAR LINEAR LINEAR LINEAR LINEAR LINEAR LINEAR LINEAR LINEAR LINEAR LINEAR LINEAR LINEAR LINEAR LINEAR LINEAR LINEAR LINEAR LINEAR LINEAR LINEAR LINEAR LINEAR LINEAR LINEAR LINEAR LINEAR LINEAR LINEAR LINEAR LINEAR LINEAR LINEAR LINEAR LINEAR LINEAR LINEAR LINEAR </Name_array>
          <technique_common>
            <accessor count="143" source="#Left_Claw-local-anim-interpolation-array">
              <param type="name"/>
            </accessor>
          </technique_common>
        </source>
        <source id="Left_Claw-local-anim-outSource-local">
          <float_array count="2288" id="Left_Claw-local-anim-outSource-local-array">1.0 0.0 0.0 0.0 0.0 1.0 0.0 -1.9999999 0.0 0.0 1.0 1.5 0.0 0.0 0.0 1.0 1.0 0.0 0.0 0.0 0.0 1.0 0.0 -1.9999999 0.0 0.0 1.0 1.5 0.0 0.0 0.0 1.0 1.0 0.0 0.0 0.0 0.0 1.0 0.0 -1.9999999 0.0 0.0 1.0 1.5 0.0 0.0 0.0 1.0 1.0 0.0 0.0 0.0 0.0 1.0 0.0 -1.9999999 0.0 0.0 1.0 1.5 0.0 0.0 0.0 1.0 1.0 0.0 0.0 0.0 0.0 1.0 0.0 -1.9999999 0.0 0.0 1.0 1.5 0.0 0.0 0.0 1.0 1.0 0.0 0.0 0.0 0.0 1.0 0.0 -1.9999999 0.0 0.0 1.0 1.5 0.0 0.0 0.0 1.0 1.0 0.0 0.0 0.0 0.0 1.0 0.0 -1.9999999 0.0 0.0 1.0 1.5 0.0 0.0 0.0 1.0 1.0 0.0 0.0 0.0 0.0 1.0 0.0 -1.9999999 0.0 0.0 1.0 1.5 0.0 0.0 0.0 1.0 1.0 0.0 0.0 0.0 0.0 1.0 0.0 -1.9999999 0.0 0.0 1.0 1.5 0.0 0.0 0.0 1.0 1.0 0.0 0.0 0.0 0.0 1.0 0.0 -1.9999999 0.0 0.0 1.0 1.5 0.0 0.0 0.0 1.0 1.0 0.0 0.0 0.0 0.0 1.0 0.0 -1.9999999 0.0 0.0 1.0 1.5 0.0 0.0 0.0 1.0 1.0 0.0 0.0 0.0 0.0 1.0 0.0 -1.9999999 0.0 0.0 1.0 1.5 0.0 0.0 0.0 1.0 1.0 0.0 0.0 0.0 0.0 1.0 0.0 -1.9999999 0.0 0.0 1.0 1.5 0.0 0.0 0.0 1.0 1.0 0.0 0.0 0.0 0.0 1.0 0.0 -1.9999999 0.0 0.0 1.0 1.5 0.0 0.0 0.0 1.0 1.0 0.0 0.0 0.0 0.0 1.0 0.0 -1.9999999 0.0 0.0 1.0 1.5 0.0 0.0 0.0 1.0 1.0 0.0 0.0 0.0 0.0 1.0 0.0 -1.9999999 0.0 0.0 1.0 1.5 0.0 0.0 0.0 1.0 1.0 0.0 0.0 0.0 0.0 1.0 0.0 -1.9999999 0.0 0.0 1.0 1.5 0.0 0.0 0.0 1.0 1.0 0.0 0.0 0.0 0.0 1.0 0.0 -1.9999999 0.0 0.0 1.0 1.5 0.0 0.0 0.0 1.0 1.0 0.0 0.0 0.0 0.0 1.0 0.0 -1.9999999 0.0 0.0 1.0 1.5 0.0 0.0 0.0 1.0 1.0 0.0 0.0 0.0 0.0 1.0 0.0 -1.9999999 0.0 0.0 1.0 1.5 0.0 0.0 0.0 1.0 1.0 0.0 0.0 0.0 0.0 1.0 0.0 -1.9999999 0.0 0.0 1.0 1.5 0.0 0.0 0.0 1.0 1.0 0.0 0.0 0.0 0.0 1.0 0.0 -1.9999999 0.0 0.0 1.0 1.5 0.0 0.0 0.0 1.0 1.0 0.0 0.0 0.0 0.0 1.0 0.0 -1.9999999 0.0 0.0 1.0 1.5 0.0 0.0 0.0 1.0 1.0 0.0 0.0 0.0 0.0 1.0 0.0 -1.9999999 0.0 0.0 1.0 1.5 0.0 0.0 0.0 1.0 1.0 0.0 0.0 0.0 0.0 1.0 0.0 -1.9999999 0.0 0.0 1.0 1.5 0.0 0.0 0.0 1.0 1.0 0.0 0.0 0.0 0.0 1.0 0.0 -1.9999999 0.0 0.0 1.0 1.5 0.0 0.0 0.0 1.0 1.0 0.0 0.0 0.0 0.0 1.0 0.0 -1.9999999 0.0 0.0 1.0 1.5 0.0 0.0 0.0 1.0 1.0 0.0 0.0 0.0 0.0 1.0 0.0 -1.9999999 0.0 0.0 1.0 1.5 0.0 0.0 0.0 1.0 1.0 0.0 0.0 0.0 0.0 1.0 0.0 -1.9999999 0.0 0.0 1.0 1.5 0.0 0.0 0.0 1.0 1.0 0.0 0.0 0.0 0.0 1.0 0.0 -1.9999999 0.0 0.0 1.0 1.5 0.0 0.0 0.0 1.0 1.0 0.0 0.0 0.0 0.0 1.0 0.0 -1.9999999 0.0 0.0 1.0 1.5 0.0 0.0 0.0 1.0 1.0 0.0 0.0 0.0 0.0 1.0 0.0 -1.9999999 0.0 0.0 1.0 1.5 0.0 0.0 0.0 1.0 1.0 0.0 0.0 0.0 0.0 1.0 0.0 -1.9999999 0.0 0.0 1.0 1.5 0.0 0.0 0.0 1.0 1.0 0.0 0.0 0.0 0.0 1.0 0.0 -1.9999999 0.0 0.0 1.0 1.5 0.0 0.0 0.0 1.0 1.0 0.0 0.0 0.0 0.0 1.0 0.0 -1.9999999 0.0 0.0 1.0 1.5 0.0 0.0 0.0 1.0 1.0 0.0 0.0 0.0 0.0 1.0 0.0 -1.9999999 0.0 0.0 1.0 1.5 0.0 0.0 0.0 1.0 1.0 0.0 0.0 0.0 0.0 1.0 0.0 -1.9999999 0.0 0.0 1.0 1.5 0.0 0.0 0.0 1.0 1.0 0.0 0.0 0.0 0.0 1.0 0.0 -1.9999999 0.0 0.0 1.0 1.5 0.0 0.0 0.0 1.0 1.0 0.0 0.0 0.0 0.0 1.0 0.0 -1.9999999 0.0 0.0 1.0 1.5 0.0 0.0 0.0 1.0 1.0 0.0 0.0 0.0 0.0 1.0 0.0 -1.9999999 0.0 0.0 1.0 1.5 0.0 0.0 0.0 1.0 1.0 0.0 0.0 0.0 0.0 1.0 0.0 -1.9999999 0.0 0.0 1.0 1.5 0.0 0.0 0.0 1.0 1.0 0.0 0.0 0.0 0.0 1.0 0.0 -1.9999999 0.0 0.0 1.0 1.5 0.0 0.0 0.0 1.0 1.0 0.0 0.0 0.0 0.0 1.0 0.0 -1.9999999 0.0 0.0 1.0 1.5 0.0 0.0 0.0 1.0 1.0 0.0 0.0 0.0 0.0 1.0 0.0 -1.9999999 0.0 0.0 1.0 1.5 0.0 0.0 0.0 1.0 1.0 0.0 0.0 0.0 0.0 1.0 0.0 -1.9999999 0.0 0.0 1.0 1.5 0.0 0.0 0.0 1.0 1.0 0.0 0.0 0.0 0.0 1.0 0.0 -1.9999999 0.0 0.0 1.0 1.5 0.0 0.0 0.0 1.0 1.0 0.0 0.0 0.0 0.0 1.0 0.0 -1.9999999 0.0 0.0 1.0 1.5 0.0 0.0 0.0 1.0 1.0 0.0 0.0 0.0 0.0 1.0 0.0 -1.9999999 0.0 0.0 1.0 1.5 0.0 0.0 0.0 1.0 1.0 0.0 0.0 0.0 0.0 1.0 0.0 -1.9999999 0.0 0.0 1.0 1.5 0.0 0.0 0.0 1.0 1.0 0.0 0.0 0.0 0.0 1.0 0.0 -1.9999999 0.0 0.0 1.0 1.5 0.0 0.0 0.0 1.0 1.0 0.0 0.0 0.0 0.0 1.0 0.0 -1.9999999 0.0 0.0 1.0 1.5 0.0 0.0 0.0 1.0 1.0 0.0 0.0 0.0 0.0 1.0 0.0 -1.9999999 0.0 0.0 1.0 1.5 0.0 0.0 0.0 1.0 1.0 0.0 0.0 0.0 0.0 1.0 0.0 -1.9999999 0.0 0.0 1.0 1.5 0.0 0.0 0.0 1.0 1.0 0.0 0.0 0.0 0.0 1.0 0.0 -1.9999999 0.0 0.0 1.0 1.5 0.0 0.0 0.0 1.0 1.0 0.0 0.0 0.0 0.0 1.0 0.0 -1.9999999 0.0 0.0 1.0 1.5 0.0 0.0 0.0 1.0 1.0 0.0 0.0 0.0 0.0 1.0 0.0 -1.9999999 0.0 0.0 1.0 1.5 0.0 0.0 0.0 1.0 1.0 0.0 0.0 0.0 0.0 1.0 0.0 -1.9999999 0.0 0.0 1.0 1.5 0.0 0.0 0.0 1.0 1.0 0.0 0.0 0.0 0.0 1.0 0.0 -1.9999999 0.0 0.0 1.0 1.5 0.0 0.0 0.0 1.0 1.0 0.0 0.0 0.0 0.0 1.0 0.0 -1.9999999 0.0 0.0 1.0 1.5 0.0 0.0 0.0 1.0 1.0 0.0 0.0 0.0 0.0 1.0 0.0 -1.9999999 0.0 0.0 1.0 1.5 0.0 0.0 0.0 1.0 1.0 0.0 0.0 0.0 0.0 1.0 0.0 -1.9999999 0.0 0.0 1.0 1.5 0.0 0.0 0.0 1.0 1.0 0.0 0.0 0.0 0.0 1.0 0.0 -1.9999999 0.0 0.0 1.0 1.5 0.0 0.0 0.0 1.0 1.0 0.0 0.0 0.0 0.0 1.0 0.0 -1.9999999 0.0 0.0 1.0 1.5 0.0 0.0 0.0 1.0 1.0 0.0 0.0 0.0 0.0 1.0 0.0 -1.9999999 0.0 0.0 1.0 1.5 0.0 0.0 0.0 1.0 1.0 0.0 0.0 0.0 0.0 1.0 0.0 -1.9999999 0.0 0.0 1.0 1.5 0.0 0.0 0.0 1.0 1.0 0.0 0.0 0.0 0.0 1.0 0.0 -1.9999999 0.0 0.0 1.0 1.5 0.0 0.0 0.0 1.0 1.0 0.0 0.0 0.0 0.0 1.0 0.0 -1.9999999 0.0 0.0 1.0 1.5 0.0 0.0 0.0 1.0 1.0 0.0 0.0 0.0 0.0 1.0 0.0 -1.9999999 0.0 0.0 1.0 1.5 0.0 0.0 0.0 1.0 1.0 0.0 0.0 0.0 0.0 1.0 0.0 -1.9999999 0.0 0.0 1.0 1.5 0.0 0.0 0.0 1.0 1.0 0.0 0.0 0.0 0.0 1.0 0.0 -1.9999999 0.0 0.0 1.0 1.5 0.0 0.0 0.0 1.0 1.0 0.0 0.0 0.0 0.0 1.0 0.0 -1.9999999 0.0 0.0 1.0 1.5 0.0 0.0 0.0 1.0 1.0 0.0 0.0 0.0 0.0 1.0 0.0 -1.9999999 0.0 0.0 1.0 1.5 0.0 0.0 0.0 1.0 1.0 0.0 0.0 0.0 0.0 1.0 0.0 -1.9999999 0.0 0.0 1.0 1.5 0.0 0.0 0.0 1.0 1.0 0.0 0.0 0.0 0.0 1.0 0.0 -1.9999999 0.0 0.0 1.0 1.5 0.0 0.0 0.0 1.0 1.0 0.0 0.0 0.0 0.0 1.0 0.0 -1.9999999 0.0 0.0 1.0 1.5 0.0 0.0 0.0 1.0 1.0 0.0 0.0 0.0 0.0 1.0 0.0 -1.9999999 0.0 0.0 1.0 1.5 0.0 0.0 0.0 1.0 1.0 0.0 0.0 0.0 0.0 1.0 0.0 -1.9999999 0.0 0.0 1.0 1.5 0.0 0.0 0.0 1.0 1.0 0.0 0.0 0.0 0.0 1.0 0.0 -1.9999999 0.0 0.0 1.0 1.5 0.0 0.0 0.0 1.0 1.0 0.0 0.0 0.0 0.0 1.0 0.0 -1.9999999 0.0 0.0 1.0 1.5 0.0 0.0 0.0 1.0 1.0 0.0 0.0 0.0 0.0 1.0 0.0 -1.9999999 0.0 0.0 1.0 1.5 0.0 0.0 0.0 1.0 1.0 0.0 0.0 0.0 0.0 1.0 0.0 -1.9999999 0.0 0.0 1.0 1.5 0.0 0.0 0.0 1.0 1.0 0.0 0.0 0.0 0.0 1.0 0.0 -1.9999999 0.0 0.0 1.0 1.5 0.0 0.0 0.0 1.0 1.0 0.0 0.0 0.0 0.0 1.0 0.0 -1.9999999 0.0 0.0 1.0 1.5 0.0 0.0 0.0 1.0 1.0 0.0 0.0 0.0 0.0 1.0 0.0 -1.9999999 0.0 0.0 1.0 1.5 0.0 0.0 0.0 1.0 1.0 0.0 0.0 0.0 0.0 1.0 0.0 -1.9999999 0.0 0.0 1.0 1.5 0.0 0.0 0.0 1.0 1.0 0.0 0.0 0.0 0.0 1.0 0.0 -1.9999999 0.0 0.0 1.0 1.5 0.0 0.0 0.0 1.0 1.0 0.0 0.0 0.0 0.0 1.0 0.0 -1.9999999 0.0 0.0 1.0 1.5 0.0 0.0 0.0 1.0 1.0 0.0 0.0 0.0 0.0 1.0 0.0 -1.9999999 0.0 0.0 1.0 1.5 0.0 0.0 0.0 1.0 1.0 0.0 0.0 0.0 0.0 1.0 0.0 -1.9999999 0.0 0.0 1.0 1.5 0.0 0.0 0.0 1.0 1.0 0.0 0.0 0.0 0.0 1.0 0.0 -1.9999999 0.0 0.0 1.0 1.5 0.0 0.0 0.0 1.0 1.0 0.0 0.0 0.0 0.0 1.0 0.0 -1.9999999 0.0 0.0 1.0 1.5 0.0 0.0 0.0 1.0 1.0 0.0 0.0 0.0 0.0 1.0 0.0 -1.9999999 0.0 0.0 1.0 1.5 0.0 0.0 0.0 1.0 1.0 0.0 0.0 0.0 0.0 1.0 0.0 -1.9999999 0.0 0.0 1.0 1.5 0.0 0.0 0.0 1.0 1.0 0.0 0.0 0.0 0.0 1.0 0.0 -1.9999999 0.0 0.0 1.0 1.5 0.0 0.0 0.0 1.0 1.0 0.0 0.0 0.0 0.0 1.0 0.0 -1.9999999 0.0 0.0 1.0 1.5 0.0 0.0 0.0 1.0 1.0 0.0 0.0 0.0 0.0 1.0 0.0 -1.9999999 0.0 0.0 1.0 1.5 0.0 0.0 0.0 1.0 1.0 0.0 0.0 0.0 0.0 1.0 0.0 -1.9999999 0.0 0.0 1.0 1.5 0.0 0.0 0.0 1.0 1.0 0.0 0.0 0.0 0.0 1.0 0.0 -1.9999999 0.0 0.0 1.0 1.5 0.0 0.0 0.0 1.0 1.0 0.0 0.0 0.0 0.0 1.0 0.0 -1.9999999 0.0 0.0 1.0 1.5 0.0 0.0 0.0 1.0 1.0 0.0 0.0 0.0 0.0 1.0 0.0 -1.9999999 0.0 0.0 1.0 1.5 0.0 0.0 0.0 1.0 1.0 0.0 0.0 0.0 0.0 1.0 0.0 -1.9999999 0.0 0.0 1.0 1.5 0.0 0.0 0.0 1.0 1.0 0.0 0.0 0.0 0.0 1.0 0.0 -1.9999999 0.0 0.0 1.0 1.5 0.0 0.0 0.0 1.0 1.0 0.0 0.0 0.0 0.0 1.0 0.0 -1.9999999 0.0 0.0 1.0 1.5 0.0 0.0 0.0 1.0 1.0 0.0 0.0 0.0 0.0 1.0 0.0 -1.9999999 0.0 0.0 1.0 1.5 0.0 0.0 0.0 1.0 1.0 0.0 0.0 0.0 0.0 1.0 0.0 -1.9999999 0.0 0.0 1.0 1.5 0.0 0.0 0.0 1.0 1.0 0.0 0.0 0.0 0.0 1.0 0.0 -1.9999999 0.0 0.0 1.0 1.5 0.0 0.0 0.0 1.0 1.0 0.0 0.0 0.0 0.0 1.0 0.0 -1.9999999 0.0 0.0 1.0 1.5 0.0 0.0 0.0 1.0 1.0 0.0 0.0 0.0 0.0 1.0 0.0 -1.9999999 0.0 0.0 1.0 1.5 0.0 0.0 0.0 1.0 1.0 0.0 0.0 0.0 0.0 1.0 0.0 -1.9999999 0.0 0.0 1.0 1.5 0.0 0.0 0.0 1.0 1.0 0.0 0.0 0.0 0.0 1.0 0.0 -1.9999999 0.0 0.0 1.0 1.5 0.0 0.0 0.0 1.0 1.0 0.0 0.0 0.0 0.0 1.0 0.0 -1.9999999 0.0 0.0 1.0 1.5 0.0 0.0 0.0 1.0 1.0 0.0 0.0 0.0 0.0 1.0 0.0 -1.9999999 0.0 0.0 1.0 1.5 0.0 0.0 0.0 1.0 1.0 0.0 0.0 0.0 0.0 1.0 0.0 -1.9999999 0.0 0.0 1.0 1.5 0.0 0.0 0.0 1.0 1.0 0.0 0.0 0.0 0.0 1.0 0.0 -1.9999999 0.0 0.0 1.0 1.5 0.0 0.0 0.0 1.0 1.0 0.0 0.0 0.0 0.0 1.0 0.0 -1.9999999 0.0 0.0 1.0 1.5 0.0 0.0 0.0 1.0 1.0 0.0 0.0 0.0 0.0 1.0 0.0 -1.9999999 0.0 0.0 1.0 1.5 0.0 0.0 0.0 1.0 1.0 0.0 0.0 0.0 0.0 1.0 0.0 -1.9999999 0.0 0.0 1.0 1.5 0.0 0.0 0.0 1.0 1.0 0.0 0.0 0.0 0.0 1.0 0.0 -1.9999999 0.0 0.0 1.0 1.5 0.0 0.0 0.0 1.0 1.0 0.0 0.0 0.0 0.0 1.0 0.0 -1.9999999 0.0 0.0 1.0 1.5 0.0 0.0 0.0 1.0 1.0 0.0 0.0 0.0 0.0 1.0 0.0 -1.9999999 0.0 0.0 1.0 1.5 0.0 0.0 0.0 1.0 1.0 0.0 0.0 0.0 0.0 1.0 0.0 -1.9999999 0.0 0.0 1.0 1.5 0.0 0.0 0.0 1.0 1.0 0.0 0.0 0.0 0.0 1.0 0.0 -1.9999999 0.0 0.0 1.0 1.5 0.0 0.0 0.0 1.0 1.0 0.0 0.0 0.0 0.0 1.0 0.0 -1.9999999 0.0 0.0 1.0 1.5 0.0 0.0 0.0 1.0 1.0 0.0 0.0 0.0 0.0 1.0 0.0 -1.9999999 0.0 0.0 1.0 1.5 0.0 0.0 0.0 1.0 1.0 0.0 0.0 0.0 0.0 1.0 0.0 -1.9999999 0.0 0.0 1.0 1.5 0.0 0.0 0.0 1.0 1.0 0.0 0.0 0.0 0.0 1.0 0.0 -1.9999999 0.0 0.0 1.0 1.5 0.0 0.0 0.0 1.0 1.0 0.0 0.0 0.0 0.0 1.0 0.0 -1.9999999 0.0 0.0 1.0 1.5 0.0 0.0 0.0 1.0 1.0 0.0 0.0 0.0 0.0 1.0 0.0 -1.9999999 0.0 0.0 1.0 1.5 0.0 0.0 0.0 1.0 1.0 0.0 0.0 0.0 0.0 1.0 0.0 -1.9999999 0.0 0.0 1.0 1.5 0.0 0.0 0.0 1.0 1.0 0.0 0.0 0.0 0.0 1.0 0.0 -1.9999999 0.0 0.0 1.0 1.5 0.0 0.0 0.0 1.0 1.0 0.0 0.0 0.0 0.0 1.0 0.0 -1.9999999 0.0 0.0 1.0 1.5 0.0 0.0 0.0 1.0 1.0 0.0 0.0 0.0 0.0 1.0 0.0 -1.9999999 0.0 0.0 1.0 1.5 0.0 0.0 0.0 1.0 1.0 0.0 0.0 0.0 0.0 1.0 0.0 -1.9999999 0.0 0.0 1.0 1.5 0.0 0.0 0.0 1.0 1.0 0.0 0.0 0.0 0.0 1.0 0.0 -1.9999999 0.0 0.0 1.0 1.5 0.0 0.0 0.0 1.0 1.0 0.0 0.0 0.0 0.0 1.0 0.0 -1.9999999 0.0 0.0 1.0 1.5 0.0 0.0 0.0 1.0 1.0 0.0 0.0 0.0 0.0 1.0 0.0 -1.9999999 0.0 0.0 1.0 1.5 0.0 0.0 0.0 1.0 1.0 0.0 0.0 0.0 0.0 1.0 0.0 -1.9999999 0.0 0.0 1.0 1.5 0.0 0.0 0.0 1.0 1.0 0.0 0.0 0.0 0.0 1.0 0.0 -1.9999999 0.0 0.0 1.0 1.5 0.0 0.0 0.0 1.0 1.0 0.0 0.0 0.0 0.0 1.0 0.0 -1.9999999 0.0 0.0 1.0 1.5 0.0 0.0 0.0 1.0 1.0 0.0 0.0 0.0 0.0 1.0 0.0 -1.9999999 0.0 0.0 1.0 1.5 0.0 0.0 0.0 1.0 1.0 0.0 0.0 0.0 0.0 1.0 0.0 -1.9999999 0.0 0.0 1.0 1.5 0.0 0.0 0.0 1.0 1.0 0.0 0.0 0.0 0.0 1.0 0.0 -1.9999999 0.0 0.0 1.0 1.5 0.0 0.0 0.0 1.0 1.0 0.0 0.0 0.0 0.0 1.0 0.0 -1.9999999 0.0 0.0 1.0 1.5 0.0 0.0 0.0 1.0 </float_array>
          <technique_common>
            <accessor count="143" source="#Left_Claw-local-anim-outSource-local-array" stride="16">
              <param type="float4x4"/>
            </accessor>
          </technique_common>
        </source>
        <sampler id="Left_Claw-local-anim-localSampler">
          <input semantic="INPUT" source="#Left_Claw-local-anim-inSource-TIME"/>
          <input semantic="OUTPUT" source="#Left_Claw-local-anim-outSource-local"/>
          <input semantic="INTERPOLATION" source="#Left_Claw-local-anim-interpolation"/>
        </sampler>
        <channel source="#Left_Claw-local-anim-localSampler" target="Left_Claw-local/matrix"/>
      </animation>
    </animation>
  </library_animations>
  <library_visual_scenes>
    <visual_scene id="DefaultScene">
      <node id="World-global" name="World-global" sid="World-global">
        <matrix sid="matrix">1.0 0.0 -8.742278E-8 0.0 0.0 1.0 0.0 0.0 -8.742278E-8 0.0 -1.0 0.0 0.0 0.0 0.0 1.0 </matrix>
        <node id="Controller-global" name="Controller-global" sid="Controller-global">
          <matrix sid="matrix">1.0 0.0 0.0 0.0 0.0 1.0 0.0 9.0 0.0 0.0 1.0 0.0 0.0 0.0 0.0 1.0 </matrix>
          <node id="Body-global" name="Body-global" sid="Body-global">
            <matrix sid="matrix">1.0 0.0 0.0 0.0 0.0 1.0 0.0 0.0 0.0 0.0 1.0 0.0 0.0 0.0 0.0 1.0 </matrix>
            <node id="Body-local" name="Body-local" sid="Body-local">
              <matrix sid="matrix">1.0 0.0 0.0 -0.5000001 0.0 1.0 0.0 -0.50000024 0.0 0.0 1.0 -0.49999952 0.0 0.0 0.0 1.0 </matrix>
              <instance_geometry url="#Body-Geom">
                <bind_material>
                  <technique_common>
                    <instance_material symbol="Body-Material" target="#Body-Material">
                      <bind_vertex_input input_semantic="TEXCOORD" input_set="0" semantic="Body-tex-bind"/>
                    </instance_material>
                  </technique_common>
                </bind_material>
              </instance_geometry>
            </node>
            <node id="Neck-global" name="Neck-global" sid="Neck-global">
              <matrix sid="matrix">1.0 0.0 0.0 -0.5 0.0 1.0 0.0 3.5762787E-7 0.0 0.0 1.0 3.0 0.0 0.0 0.0 1.0 </matrix>
              <node id="Neck-local" name="Neck-local" sid="Neck-local">
                <matrix sid="matrix">1.0 0.0 0.0 -0.014010668 0.0 1.0 0.0 3.9999998 0.0 0.0 1.0 1.7881393E-7 0.0 0.0 0.0 1.0 </matrix>
                <instance_geometry url="#Neck-Geom">
                  <bind_material>
                    <technique_common>
                      <instance_material symbol="Neck-Material" target="#Neck-Material">
                        <bind_vertex_input input_semantic="TEXCOORD" input_set="0" semantic="Neck-tex-bind"/>
                      </instance_material>
                    </technique_common>
                  </bind_material>
                </instance_geometry>
              </node>
              <node id="Head-global" name="Head-global" sid="Head-global">
                <matrix sid="matrix">1.0 0.0 0.0 0.0 0.0 1.0 1.1920927E-7 7.9999995 0.0 -1.1920927E-7 1.0 0.99999857 0.0 0.0 0.0 1.0 </matrix>
                <node id="Head-local" name="Head-local" sid="Head-local">
                  <matrix sid="matrix">1.0 0.0 0.0 0.0 0.0 1.0 0.0 0.49999997 0.0 0.0 1.0 5.5 0.0 0.0 0.0 1.0 </matrix>
                  <instance_geometry url="#Head-Geom">
                    <bind_material>
                      <technique_common>
                        <instance_material symbol="Head-Material" target="#Head-Material">
                          <bind_vertex_input input_semantic="TEXCOORD" input_set="0" semantic="Head-tex-bind"/>
                        </instance_material>
                      </technique_common>
                    </bind_material>
                  </instance_geometry>
                </node>
              </node>
            </node>
            <node id="Right_Wing1-global" name="Right_Wing1-global" sid="Right_Wing1-global">
              <matrix sid="matrix">0.2473197 0.9679536 0.04357779 1.5 -0.8344888 0.23564297 -0.49809754 0.9597521 -0.49240404 0.086824134 0.86602545 2.0 0.0 0.0 0.0 1.0 </matrix>
              <node id="Right_Wing1-local" name="Right_Wing1-local" sid="Right_Wing1-local">
                <matrix sid="matrix">1.0 0.0 0.0 3.5 0.0 1.0 0.0 1.0 0.0 0.0 1.0 -2.5 0.0 0.0 0.0 1.0 </matrix>
                <instance_geometry url="#Right_Wing1-Geom">
                  <bind_material>
                    <technique_common>
                      <instance_material symbol="Right_Wing1-Material" target="#Right_Wing1-Material">
                        <bind_vertex_input input_semantic="TEXCOORD" input_set="0" semantic="Right_Wing1-tex-bind"/>
                      </instance_material>
                    </technique_common>
                  </bind_material>
                </instance_geometry>
              </node>
              <node id="Right_Wing2-global" name="Right_Wing2-global" sid="Right_Wing2-global">
                <matrix sid="matrix">0.17364821 -0.08583196 0.9810603 7.9999986 0.0 0.9961947 0.08715606 0.99999905 -0.9848078 -0.015134487 0.17298737 0.99999976 0.0 0.0 0.0 1.0 </matrix>
                <node id="Right_Wing2-local" name="Right_Wing2-local" sid="Right_Wing2-local">
                  <matrix sid="matrix">1.0 0.0 0.0 5.5 0.0 1.0 0.0 0.0 0.0 0.0 1.0 -3.0 0.0 0.0 0.0 1.0 </matrix>
                  <instance_geometry url="#Right_Wing2-Geom">
                    <bind_material>
                      <technique_common>
                        <instance_material symbol="Right_Wing2-Material" target="#Right_Wing2-Material">
                          <bind_vertex_input input_semantic="TEXCOORD" input_set="0" semantic="Right_Wing2-tex-bind"/>
                        </instance_material>
                      </technique_common>
                    </bind_material>
                  </instance_geometry>
                </node>
              </node>
            </node>
            <node id="Left_Wing1-global" name="Left_Wing1-global" sid="Left_Wing1-global">
              <matrix sid="matrix">0.2345697 -0.9659259 -0.1093816 -2.5 0.8754261 0.258819 -0.4082179 1.3467846 0.4226182 1.4901161E-8 0.9063078 2.0 0.0 0.0 0.0 1.0 </matrix>
              <node id="Left_Wing1-local" name="Left_Wing1-local" sid="Left_Wing1-local">
                <matrix sid="matrix">1.0 0.0 0.0 -3.5 0.0 1.0 0.0 1.0628033 0.0 0.0 1.0 -2.5 0.0 0.0 0.0 1.0 </matrix>
                <instance_geometry url="#Left_Wing1-Geom">
                  <bind_material>
                    <technique_common>
                      <instance_material symbol="Left_Wing1-Material" target="#Left_Wing1-Material">
                        <bind_vertex_input input_semantic="TEXCOORD" input_set="0" semantic="Left_Wing1-tex-bind"/>
                      </instance_material>
                    </technique_common>
                  </bind_material>
                </instance_geometry>
              </node>
              <node id="Left_Wing2-global" name="Left_Wing2-global" sid="Left_Wing2-global">
                <matrix sid="matrix">0.08715582 0.0 -0.9961948 -8.0 0.0 1.0000001 0.0 1.0000005 0.9961948 0.0 0.08715582 1.0000005 0.0 0.0 0.0 1.0 </matrix>
                <node id="Left_Wing2-local" name="Left_Wing2-local" sid="Left_Wing2-local">
                  <matrix sid="matrix">1.0 0.0 0.0 -5.5 0.0 1.0 0.0 0.0 0.0 0.0 1.0 -3.0 0.0 0.0 0.0 1.0 </matrix>
                  <instance_geometry url="#Left_Wing2-Geom">
                    <bind_material>
                      <technique_common>
                        <instance_material symbol="Left_Wing2-Material" target="#Left_Wing2-Material">
                          <bind_vertex_input input_semantic="TEXCOORD" input_set="0" semantic="Left_Wing2-tex-bind"/>
                        </instance_material>
                      </technique_common>
                    </bind_material>
                  </instance_geometry>
                </node>
              </node>
            </node>
            <node id="Right_Claw-global" name="Right_Claw-global" sid="Right_Claw-global">
              <matrix sid="matrix">1.0 0.0 0.0 1.0 0.0 1.0 0.0 -4.5 0.0 0.0 1.0 -0.5 0.0 0.0 0.0 1.0 </matrix>
              <node id="Right_Claw-local" name="Right_Claw-local" sid="Right_Claw-local">
                <matrix sid="matrix">1.0 0.0 0.0 0.0 0.0 1.0 0.0 -1.9999999 0.0 0.0 1.0 1.5 0.0 0.0 0.0 1.0 </matrix>
                <instance_geometry url="#RIght_Claw-Geom">
                  <bind_material>
                    <technique_common>
                      <instance_material symbol="RIght_Claw-Material" target="#RIght_Claw-Material">
                        <bind_vertex_input input_semantic="TEXCOORD" input_set="0" semantic="RIght_Claw-tex-bind"/>
                      </instance_material>
                    </technique_common>
                  </bind_material>
                </instance_geometry>
              </node>
            </node>
            <node id="Tail1-global" name="Tail1-global" sid="Tail1-global">
              <matrix sid="matrix">1.0 0.0 0.0 -0.5 0.0 0.81915176 0.57357687 0.0 0.0 -0.57357687 0.81915176 -5.0 0.0 0.0 0.0 1.0 </matrix>
              <node id="Tail1-local" name="Tail1-local" sid="Tail1-local">
                <matrix sid="matrix">1.0 0.0 0.0 5.9604645E-7 0.0 1.0 0.0 0.0 0.0 0.0 1.0 -3.5 0.0 0.0 0.0 1.0 </matrix>
                <instance_geometry url="#Tail1-Geom">
                  <bind_material>
                    <technique_common>
                      <instance_material symbol="Tail1-Material" target="#Tail1-Material">
                        <bind_vertex_input input_semantic="TEXCOORD" input_set="0" semantic="Tail1-tex-bind"/>
                      </instance_material>
                    </technique_common>
                  </bind_material>
                </instance_geometry>
              </node>
              <node id="Tail2-global" name="Tail2-global" sid="Tail2-global">
                <matrix sid="matrix">1.0 0.0 0.0 0.0 0.0 1.0 0.0 0.0 0.0 0.0 1.0 -6.0 0.0 0.0 0.0 1.0 </matrix>
              </node>
            </node>
            <node id="Left_Claw-global" name="Left_Claw-global" sid="Left_Claw-global">
              <matrix sid="matrix">1.0 0.0 0.0 -2.0 0.0 1.0 -5.9604634E-8 -4.5 0.0 5.9604634E-8 1.0 -0.5 0.0 0.0 0.0 1.0 </matrix>
              <node id="Left_Claw-local" name="Left_Claw-local" sid="Left_Claw-local">
                <matrix sid="matrix">1.0 0.0 0.0 0.0 0.0 1.0 0.0 -1.9999999 0.0 0.0 1.0 1.5 0.0 0.0 0.0 1.0 </matrix>
                <instance_geometry url="#Left_Claw-Geom">
                  <bind_material>
                    <technique_common>
                      <instance_material symbol="Left_Claw-Material" target="#Left_Claw-Material">
                        <bind_vertex_input input_semantic="TEXCOORD" input_set="0" semantic="Left_Claw-tex-bind"/>
                      </instance_material>
                    </technique_common>
                  </bind_material>
                </instance_geometry>
              </node>
            </node>
          </node>
        </node>
      </node>
    </visual_scene>
  </library_visual_scenes>
  <scene>
    <instance_visual_scene url="#DefaultScene"/>
  </scene>
</COLLADA>
