<?xml version="1.0" encoding="UTF-8"?>
<COLLADA xmlns="http://www.collada.org/2005/11/COLLADASchema" version="1.4.1">
  <asset>
    <created>2025-03-02T21:16:55Z</created>
    <modified>2025-03-02T21:16:55Z</modified>
    <revision>1.0</revision>
  </asset>
  <library_images>
    <image id="head-diffuse-tex" name="head-diffuse-tex">
      <init_from>Python_res/Python_head_diffuse.png</init_from>
    </image>
    <image id="head-emissive-tex" name="head-emissive-tex">
      <init_from>Python_res/Python_head_emissive.png</init_from>
    </image>
    <image id="jaw-diffuse-tex" name="jaw-diffuse-tex">
      <init_from>Python_res/Python_jaw_diffuse.png</init_from>
    </image>
    <image id="jaw-emissive-tex" name="jaw-emissive-tex">
      <init_from>Python_res/Python_jaw_emissive.png</init_from>
    </image>
    <image id="neck1-diffuse-tex" name="neck1-diffuse-tex">
      <init_from>Python_res/Python_neck1_diffuse.png</init_from>
    </image>
    <image id="neck1-emissive-tex" name="neck1-emissive-tex">
      <init_from>Python_res/Python_neck1_emissive.png</init_from>
    </image>
    <image id="neck2-diffuse-tex" name="neck2-diffuse-tex">
      <init_from>Python_res/Python_neck2_diffuse.png</init_from>
    </image>
    <image id="neck2-emissive-tex" name="neck2-emissive-tex">
      <init_from>Python_res/Python_neck2_emissive.png</init_from>
    </image>
    <image id="body-diffuse-tex" name="body-diffuse-tex">
      <init_from>Python_res/Python_body_diffuse.png</init_from>
    </image>
    <image id="body-emissive-tex" name="body-emissive-tex">
      <init_from>Python_res/Python_body_emissive.png</init_from>
    </image>
    <image id="tail1-diffuse-tex" name="tail1-diffuse-tex">
      <init_from>Python_res/Python_tail1_diffuse.png</init_from>
    </image>
    <image id="tail1-emissive-tex" name="tail1-emissive-tex">
      <init_from>Python_res/Python_tail1_emissive.png</init_from>
    </image>
    <image id="tail2-diffuse-tex" name="tail2-diffuse-tex">
      <init_from>Python_res/Python_tail2_diffuse.png</init_from>
    </image>
    <image id="tail2-emissive-tex" name="tail2-emissive-tex">
      <init_from>Python_res/Python_tail2_emissive.png</init_from>
    </image>
    <image id="tail3-diffuse-tex" name="tail3-diffuse-tex">
      <init_from>Python_res/Python_tail3_diffuse.png</init_from>
    </image>
    <image id="tail3-emissive-tex" name="tail3-emissive-tex">
      <init_from>Python_res/Python_tail3_emissive.png</init_from>
    </image>
    <image id="tail4-diffuse-tex" name="tail4-diffuse-tex">
      <init_from>Python_res/Python_tail4_diffuse.png</init_from>
    </image>
    <image id="tail4-emissive-tex" name="tail4-emissive-tex">
      <init_from>Python_res/Python_tail4_emissive.png</init_from>
    </image>
    <image id="tail5-diffuse-tex" name="tail5-diffuse-tex">
      <init_from>Python_res/Python_tail5_diffuse.png</init_from>
    </image>
    <image id="tail5-emissive-tex" name="tail5-emissive-tex">
      <init_from>Python_res/Python_tail5_emissive.png</init_from>
    </image>
    <image id="tail6-diffuse-tex" name="tail6-diffuse-tex">
      <init_from>Python_res/Python_tail6_diffuse.png</init_from>
    </image>
    <image id="tail6-emissive-tex" name="tail6-emissive-tex">
      <init_from>Python_res/Python_tail6_emissive.png</init_from>
    </image>
  </library_images>
  <library_effects>
    <effect id="head-Effect">
      <profile_COMMON>
        <newparam sid="head-diffuse-surface">
          <surface type="2D">
            <init_from>head-diffuse-tex</init_from>
            <format>A8R8G8B8</format>
          </surface>
        </newparam>
        <newparam sid="head-emissive-surface">
          <surface type="2D">
            <init_from>head-emissive-tex</init_from>
            <format>A8R8G8B8</format>
          </surface>
        </newparam>
        <newparam sid="head-diffuse-sampler">
          <sampler2D>
            <source>head-diffuse-surface</source>
            <wrap_s>CLAMP</wrap_s>
            <wrap_t>CLAMP</wrap_t>
            <minfilter>NONE</minfilter>
            <magfilter>NONE</magfilter>
            <mipfilter>NONE</mipfilter>
          </sampler2D>
        </newparam>
        <newparam sid="head-emissive-sampler">
          <sampler2D>
            <source>head-emissive-surface</source>
            <wrap_s>CLAMP</wrap_s>
            <wrap_t>CLAMP</wrap_t>
            <minfilter>NONE</minfilter>
            <magfilter>NONE</magfilter>
            <mipfilter>NONE</mipfilter>
          </sampler2D>
        </newparam>
        <technique sid="phong1">
          <phong>
            <emission>
              <texture texcoord="head-tex-bind" texture="head-emissive-sampler"/>
            </emission>
            <ambient>
              <color>1.0 1.0 1.0 1.0</color>
            </ambient>
            <diffuse>
              <texture texcoord="head-tex-bind" texture="head-diffuse-sampler"/>
            </diffuse>
            <specular>
              <color>0.0 0.0 0.0 1.0</color>
            </specular>
            <shininess>
              <float>5.0</float>
            </shininess>
            <reflective>
              <color>1.0 1.0 1.0 1.0</color>
            </reflective>
            <reflectivity>
              <float>0.2</float>
            </reflectivity>
            <transparent>
              <color>1.0 1.0 1.0 1.0</color>
            </transparent>
            <transparency>
              <float>1.0</float>
            </transparency>
          </phong>
        </technique>
      </profile_COMMON>
    </effect>
    <effect id="jaw-Effect">
      <profile_COMMON>
        <newparam sid="jaw-diffuse-surface">
          <surface type="2D">
            <init_from>jaw-diffuse-tex</init_from>
            <format>A8R8G8B8</format>
          </surface>
        </newparam>
        <newparam sid="jaw-emissive-surface">
          <surface type="2D">
            <init_from>jaw-emissive-tex</init_from>
            <format>A8R8G8B8</format>
          </surface>
        </newparam>
        <newparam sid="jaw-diffuse-sampler">
          <sampler2D>
            <source>jaw-diffuse-surface</source>
            <wrap_s>CLAMP</wrap_s>
            <wrap_t>CLAMP</wrap_t>
            <minfilter>NONE</minfilter>
            <magfilter>NONE</magfilter>
            <mipfilter>NONE</mipfilter>
          </sampler2D>
        </newparam>
        <newparam sid="jaw-emissive-sampler">
          <sampler2D>
            <source>jaw-emissive-surface</source>
            <wrap_s>CLAMP</wrap_s>
            <wrap_t>CLAMP</wrap_t>
            <minfilter>NONE</minfilter>
            <magfilter>NONE</magfilter>
            <mipfilter>NONE</mipfilter>
          </sampler2D>
        </newparam>
        <technique sid="phong1">
          <phong>
            <emission>
              <texture texcoord="jaw-tex-bind" texture="jaw-emissive-sampler"/>
            </emission>
            <ambient>
              <color>1.0 1.0 1.0 1.0</color>
            </ambient>
            <diffuse>
              <texture texcoord="jaw-tex-bind" texture="jaw-diffuse-sampler"/>
            </diffuse>
            <specular>
              <color>0.0 0.0 0.0 1.0</color>
            </specular>
            <shininess>
              <float>5.0</float>
            </shininess>
            <reflective>
              <color>1.0 1.0 1.0 1.0</color>
            </reflective>
            <reflectivity>
              <float>0.2</float>
            </reflectivity>
            <transparent>
              <color>1.0 1.0 1.0 1.0</color>
            </transparent>
            <transparency>
              <float>1.0</float>
            </transparency>
          </phong>
        </technique>
      </profile_COMMON>
    </effect>
    <effect id="neck1-Effect">
      <profile_COMMON>
        <newparam sid="neck1-diffuse-surface">
          <surface type="2D">
            <init_from>neck1-diffuse-tex</init_from>
            <format>A8R8G8B8</format>
          </surface>
        </newparam>
        <newparam sid="neck1-emissive-surface">
          <surface type="2D">
            <init_from>neck1-emissive-tex</init_from>
            <format>A8R8G8B8</format>
          </surface>
        </newparam>
        <newparam sid="neck1-diffuse-sampler">
          <sampler2D>
            <source>neck1-diffuse-surface</source>
            <wrap_s>CLAMP</wrap_s>
            <wrap_t>CLAMP</wrap_t>
            <minfilter>NONE</minfilter>
            <magfilter>NONE</magfilter>
            <mipfilter>NONE</mipfilter>
          </sampler2D>
        </newparam>
        <newparam sid="neck1-emissive-sampler">
          <sampler2D>
            <source>neck1-emissive-surface</source>
            <wrap_s>CLAMP</wrap_s>
            <wrap_t>CLAMP</wrap_t>
            <minfilter>NONE</minfilter>
            <magfilter>NONE</magfilter>
            <mipfilter>NONE</mipfilter>
          </sampler2D>
        </newparam>
        <technique sid="phong1">
          <phong>
            <emission>
              <texture texcoord="neck1-tex-bind" texture="neck1-emissive-sampler"/>
            </emission>
            <ambient>
              <color>1.0 1.0 1.0 1.0</color>
            </ambient>
            <diffuse>
              <texture texcoord="neck1-tex-bind" texture="neck1-diffuse-sampler"/>
            </diffuse>
            <specular>
              <color>0.0 0.0 0.0 1.0</color>
            </specular>
            <shininess>
              <float>5.0</float>
            </shininess>
            <reflective>
              <color>1.0 1.0 1.0 1.0</color>
            </reflective>
            <reflectivity>
              <float>0.2</float>
            </reflectivity>
            <transparent>
              <color>1.0 1.0 1.0 1.0</color>
            </transparent>
            <transparency>
              <float>1.0</float>
            </transparency>
          </phong>
        </technique>
      </profile_COMMON>
    </effect>
    <effect id="neck2-Effect">
      <profile_COMMON>
        <newparam sid="neck2-diffuse-surface">
          <surface type="2D">
            <init_from>neck2-diffuse-tex</init_from>
            <format>A8R8G8B8</format>
          </surface>
        </newparam>
        <newparam sid="neck2-emissive-surface">
          <surface type="2D">
            <init_from>neck2-emissive-tex</init_from>
            <format>A8R8G8B8</format>
          </surface>
        </newparam>
        <newparam sid="neck2-diffuse-sampler">
          <sampler2D>
            <source>neck2-diffuse-surface</source>
            <wrap_s>CLAMP</wrap_s>
            <wrap_t>CLAMP</wrap_t>
            <minfilter>NONE</minfilter>
            <magfilter>NONE</magfilter>
            <mipfilter>NONE</mipfilter>
          </sampler2D>
        </newparam>
        <newparam sid="neck2-emissive-sampler">
          <sampler2D>
            <source>neck2-emissive-surface</source>
            <wrap_s>CLAMP</wrap_s>
            <wrap_t>CLAMP</wrap_t>
            <minfilter>NONE</minfilter>
            <magfilter>NONE</magfilter>
            <mipfilter>NONE</mipfilter>
          </sampler2D>
        </newparam>
        <technique sid="phong1">
          <phong>
            <emission>
              <texture texcoord="neck2-tex-bind" texture="neck2-emissive-sampler"/>
            </emission>
            <ambient>
              <color>1.0 1.0 1.0 1.0</color>
            </ambient>
            <diffuse>
              <texture texcoord="neck2-tex-bind" texture="neck2-diffuse-sampler"/>
            </diffuse>
            <specular>
              <color>0.0 0.0 0.0 1.0</color>
            </specular>
            <shininess>
              <float>5.0</float>
            </shininess>
            <reflective>
              <color>1.0 1.0 1.0 1.0</color>
            </reflective>
            <reflectivity>
              <float>0.2</float>
            </reflectivity>
            <transparent>
              <color>1.0 1.0 1.0 1.0</color>
            </transparent>
            <transparency>
              <float>1.0</float>
            </transparency>
          </phong>
        </technique>
      </profile_COMMON>
    </effect>
    <effect id="body-Effect">
      <profile_COMMON>
        <newparam sid="body-diffuse-surface">
          <surface type="2D">
            <init_from>body-diffuse-tex</init_from>
            <format>A8R8G8B8</format>
          </surface>
        </newparam>
        <newparam sid="body-emissive-surface">
          <surface type="2D">
            <init_from>body-emissive-tex</init_from>
            <format>A8R8G8B8</format>
          </surface>
        </newparam>
        <newparam sid="body-diffuse-sampler">
          <sampler2D>
            <source>body-diffuse-surface</source>
            <wrap_s>CLAMP</wrap_s>
            <wrap_t>CLAMP</wrap_t>
            <minfilter>NONE</minfilter>
            <magfilter>NONE</magfilter>
            <mipfilter>NONE</mipfilter>
          </sampler2D>
        </newparam>
        <newparam sid="body-emissive-sampler">
          <sampler2D>
            <source>body-emissive-surface</source>
            <wrap_s>CLAMP</wrap_s>
            <wrap_t>CLAMP</wrap_t>
            <minfilter>NONE</minfilter>
            <magfilter>NONE</magfilter>
            <mipfilter>NONE</mipfilter>
          </sampler2D>
        </newparam>
        <technique sid="phong1">
          <phong>
            <emission>
              <texture texcoord="body-tex-bind" texture="body-emissive-sampler"/>
            </emission>
            <ambient>
              <color>1.0 1.0 1.0 1.0</color>
            </ambient>
            <diffuse>
              <texture texcoord="body-tex-bind" texture="body-diffuse-sampler"/>
            </diffuse>
            <specular>
              <color>0.0 0.0 0.0 1.0</color>
            </specular>
            <shininess>
              <float>5.0</float>
            </shininess>
            <reflective>
              <color>1.0 1.0 1.0 1.0</color>
            </reflective>
            <reflectivity>
              <float>0.2</float>
            </reflectivity>
            <transparent>
              <color>1.0 1.0 1.0 1.0</color>
            </transparent>
            <transparency>
              <float>1.0</float>
            </transparency>
          </phong>
        </technique>
      </profile_COMMON>
    </effect>
    <effect id="tail1-Effect">
      <profile_COMMON>
        <newparam sid="tail1-diffuse-surface">
          <surface type="2D">
            <init_from>tail1-diffuse-tex</init_from>
            <format>A8R8G8B8</format>
          </surface>
        </newparam>
        <newparam sid="tail1-emissive-surface">
          <surface type="2D">
            <init_from>tail1-emissive-tex</init_from>
            <format>A8R8G8B8</format>
          </surface>
        </newparam>
        <newparam sid="tail1-diffuse-sampler">
          <sampler2D>
            <source>tail1-diffuse-surface</source>
            <wrap_s>CLAMP</wrap_s>
            <wrap_t>CLAMP</wrap_t>
            <minfilter>NONE</minfilter>
            <magfilter>NONE</magfilter>
            <mipfilter>NONE</mipfilter>
          </sampler2D>
        </newparam>
        <newparam sid="tail1-emissive-sampler">
          <sampler2D>
            <source>tail1-emissive-surface</source>
            <wrap_s>CLAMP</wrap_s>
            <wrap_t>CLAMP</wrap_t>
            <minfilter>NONE</minfilter>
            <magfilter>NONE</magfilter>
            <mipfilter>NONE</mipfilter>
          </sampler2D>
        </newparam>
        <technique sid="phong1">
          <phong>
            <emission>
              <texture texcoord="tail1-tex-bind" texture="tail1-emissive-sampler"/>
            </emission>
            <ambient>
              <color>1.0 1.0 1.0 1.0</color>
            </ambient>
            <diffuse>
              <texture texcoord="tail1-tex-bind" texture="tail1-diffuse-sampler"/>
            </diffuse>
            <specular>
              <color>0.0 0.0 0.0 1.0</color>
            </specular>
            <shininess>
              <float>5.0</float>
            </shininess>
            <reflective>
              <color>1.0 1.0 1.0 1.0</color>
            </reflective>
            <reflectivity>
              <float>0.2</float>
            </reflectivity>
            <transparent>
              <color>1.0 1.0 1.0 1.0</color>
            </transparent>
            <transparency>
              <float>1.0</float>
            </transparency>
          </phong>
        </technique>
      </profile_COMMON>
    </effect>
    <effect id="tail2-Effect">
      <profile_COMMON>
        <newparam sid="tail2-diffuse-surface">
          <surface type="2D">
            <init_from>tail2-diffuse-tex</init_from>
            <format>A8R8G8B8</format>
          </surface>
        </newparam>
        <newparam sid="tail2-emissive-surface">
          <surface type="2D">
            <init_from>tail2-emissive-tex</init_from>
            <format>A8R8G8B8</format>
          </surface>
        </newparam>
        <newparam sid="tail2-diffuse-sampler">
          <sampler2D>
            <source>tail2-diffuse-surface</source>
            <wrap_s>CLAMP</wrap_s>
            <wrap_t>CLAMP</wrap_t>
            <minfilter>NONE</minfilter>
            <magfilter>NONE</magfilter>
            <mipfilter>NONE</mipfilter>
          </sampler2D>
        </newparam>
        <newparam sid="tail2-emissive-sampler">
          <sampler2D>
            <source>tail2-emissive-surface</source>
            <wrap_s>CLAMP</wrap_s>
            <wrap_t>CLAMP</wrap_t>
            <minfilter>NONE</minfilter>
            <magfilter>NONE</magfilter>
            <mipfilter>NONE</mipfilter>
          </sampler2D>
        </newparam>
        <technique sid="phong1">
          <phong>
            <emission>
              <texture texcoord="tail2-tex-bind" texture="tail2-emissive-sampler"/>
            </emission>
            <ambient>
              <color>1.0 1.0 1.0 1.0</color>
            </ambient>
            <diffuse>
              <texture texcoord="tail2-tex-bind" texture="tail2-diffuse-sampler"/>
            </diffuse>
            <specular>
              <color>0.0 0.0 0.0 1.0</color>
            </specular>
            <shininess>
              <float>5.0</float>
            </shininess>
            <reflective>
              <color>1.0 1.0 1.0 1.0</color>
            </reflective>
            <reflectivity>
              <float>0.2</float>
            </reflectivity>
            <transparent>
              <color>1.0 1.0 1.0 1.0</color>
            </transparent>
            <transparency>
              <float>1.0</float>
            </transparency>
          </phong>
        </technique>
      </profile_COMMON>
    </effect>
    <effect id="tail3-Effect">
      <profile_COMMON>
        <newparam sid="tail3-diffuse-surface">
          <surface type="2D">
            <init_from>tail3-diffuse-tex</init_from>
            <format>A8R8G8B8</format>
          </surface>
        </newparam>
        <newparam sid="tail3-emissive-surface">
          <surface type="2D">
            <init_from>tail3-emissive-tex</init_from>
            <format>A8R8G8B8</format>
          </surface>
        </newparam>
        <newparam sid="tail3-diffuse-sampler">
          <sampler2D>
            <source>tail3-diffuse-surface</source>
            <wrap_s>CLAMP</wrap_s>
            <wrap_t>CLAMP</wrap_t>
            <minfilter>NONE</minfilter>
            <magfilter>NONE</magfilter>
            <mipfilter>NONE</mipfilter>
          </sampler2D>
        </newparam>
        <newparam sid="tail3-emissive-sampler">
          <sampler2D>
            <source>tail3-emissive-surface</source>
            <wrap_s>CLAMP</wrap_s>
            <wrap_t>CLAMP</wrap_t>
            <minfilter>NONE</minfilter>
            <magfilter>NONE</magfilter>
            <mipfilter>NONE</mipfilter>
          </sampler2D>
        </newparam>
        <technique sid="phong1">
          <phong>
            <emission>
              <texture texcoord="tail3-tex-bind" texture="tail3-emissive-sampler"/>
            </emission>
            <ambient>
              <color>1.0 1.0 1.0 1.0</color>
            </ambient>
            <diffuse>
              <texture texcoord="tail3-tex-bind" texture="tail3-diffuse-sampler"/>
            </diffuse>
            <specular>
              <color>0.0 0.0 0.0 1.0</color>
            </specular>
            <shininess>
              <float>5.0</float>
            </shininess>
            <reflective>
              <color>1.0 1.0 1.0 1.0</color>
            </reflective>
            <reflectivity>
              <float>0.2</float>
            </reflectivity>
            <transparent>
              <color>1.0 1.0 1.0 1.0</color>
            </transparent>
            <transparency>
              <float>1.0</float>
            </transparency>
          </phong>
        </technique>
      </profile_COMMON>
    </effect>
    <effect id="tail4-Effect">
      <profile_COMMON>
        <newparam sid="tail4-diffuse-surface">
          <surface type="2D">
            <init_from>tail4-diffuse-tex</init_from>
            <format>A8R8G8B8</format>
          </surface>
        </newparam>
        <newparam sid="tail4-emissive-surface">
          <surface type="2D">
            <init_from>tail4-emissive-tex</init_from>
            <format>A8R8G8B8</format>
          </surface>
        </newparam>
        <newparam sid="tail4-diffuse-sampler">
          <sampler2D>
            <source>tail4-diffuse-surface</source>
            <wrap_s>CLAMP</wrap_s>
            <wrap_t>CLAMP</wrap_t>
            <minfilter>NONE</minfilter>
            <magfilter>NONE</magfilter>
            <mipfilter>NONE</mipfilter>
          </sampler2D>
        </newparam>
        <newparam sid="tail4-emissive-sampler">
          <sampler2D>
            <source>tail4-emissive-surface</source>
            <wrap_s>CLAMP</wrap_s>
            <wrap_t>CLAMP</wrap_t>
            <minfilter>NONE</minfilter>
            <magfilter>NONE</magfilter>
            <mipfilter>NONE</mipfilter>
          </sampler2D>
        </newparam>
        <technique sid="phong1">
          <phong>
            <emission>
              <texture texcoord="tail4-tex-bind" texture="tail4-emissive-sampler"/>
            </emission>
            <ambient>
              <color>1.0 1.0 1.0 1.0</color>
            </ambient>
            <diffuse>
              <texture texcoord="tail4-tex-bind" texture="tail4-diffuse-sampler"/>
            </diffuse>
            <specular>
              <color>0.0 0.0 0.0 1.0</color>
            </specular>
            <shininess>
              <float>5.0</float>
            </shininess>
            <reflective>
              <color>1.0 1.0 1.0 1.0</color>
            </reflective>
            <reflectivity>
              <float>0.2</float>
            </reflectivity>
            <transparent>
              <color>1.0 1.0 1.0 1.0</color>
            </transparent>
            <transparency>
              <float>1.0</float>
            </transparency>
          </phong>
        </technique>
      </profile_COMMON>
    </effect>
    <effect id="tail5-Effect">
      <profile_COMMON>
        <newparam sid="tail5-diffuse-surface">
          <surface type="2D">
            <init_from>tail5-diffuse-tex</init_from>
            <format>A8R8G8B8</format>
          </surface>
        </newparam>
        <newparam sid="tail5-emissive-surface">
          <surface type="2D">
            <init_from>tail5-emissive-tex</init_from>
            <format>A8R8G8B8</format>
          </surface>
        </newparam>
        <newparam sid="tail5-diffuse-sampler">
          <sampler2D>
            <source>tail5-diffuse-surface</source>
            <wrap_s>CLAMP</wrap_s>
            <wrap_t>CLAMP</wrap_t>
            <minfilter>NONE</minfilter>
            <magfilter>NONE</magfilter>
            <mipfilter>NONE</mipfilter>
          </sampler2D>
        </newparam>
        <newparam sid="tail5-emissive-sampler">
          <sampler2D>
            <source>tail5-emissive-surface</source>
            <wrap_s>CLAMP</wrap_s>
            <wrap_t>CLAMP</wrap_t>
            <minfilter>NONE</minfilter>
            <magfilter>NONE</magfilter>
            <mipfilter>NONE</mipfilter>
          </sampler2D>
        </newparam>
        <technique sid="phong1">
          <phong>
            <emission>
              <texture texcoord="tail5-tex-bind" texture="tail5-emissive-sampler"/>
            </emission>
            <ambient>
              <color>1.0 1.0 1.0 1.0</color>
            </ambient>
            <diffuse>
              <texture texcoord="tail5-tex-bind" texture="tail5-diffuse-sampler"/>
            </diffuse>
            <specular>
              <color>0.0 0.0 0.0 1.0</color>
            </specular>
            <shininess>
              <float>5.0</float>
            </shininess>
            <reflective>
              <color>1.0 1.0 1.0 1.0</color>
            </reflective>
            <reflectivity>
              <float>0.2</float>
            </reflectivity>
            <transparent>
              <color>1.0 1.0 1.0 1.0</color>
            </transparent>
            <transparency>
              <float>1.0</float>
            </transparency>
          </phong>
        </technique>
      </profile_COMMON>
    </effect>
    <effect id="tail6-Effect">
      <profile_COMMON>
        <newparam sid="tail6-diffuse-surface">
          <surface type="2D">
            <init_from>tail6-diffuse-tex</init_from>
            <format>A8R8G8B8</format>
          </surface>
        </newparam>
        <newparam sid="tail6-emissive-surface">
          <surface type="2D">
            <init_from>tail6-emissive-tex</init_from>
            <format>A8R8G8B8</format>
          </surface>
        </newparam>
        <newparam sid="tail6-diffuse-sampler">
          <sampler2D>
            <source>tail6-diffuse-surface</source>
            <wrap_s>CLAMP</wrap_s>
            <wrap_t>CLAMP</wrap_t>
            <minfilter>NONE</minfilter>
            <magfilter>NONE</magfilter>
            <mipfilter>NONE</mipfilter>
          </sampler2D>
        </newparam>
        <newparam sid="tail6-emissive-sampler">
          <sampler2D>
            <source>tail6-emissive-surface</source>
            <wrap_s>CLAMP</wrap_s>
            <wrap_t>CLAMP</wrap_t>
            <minfilter>NONE</minfilter>
            <magfilter>NONE</magfilter>
            <mipfilter>NONE</mipfilter>
          </sampler2D>
        </newparam>
        <technique sid="phong1">
          <phong>
            <emission>
              <texture texcoord="tail6-tex-bind" texture="tail6-emissive-sampler"/>
            </emission>
            <ambient>
              <color>1.0 1.0 1.0 1.0</color>
            </ambient>
            <diffuse>
              <texture texcoord="tail6-tex-bind" texture="tail6-diffuse-sampler"/>
            </diffuse>
            <specular>
              <color>0.0 0.0 0.0 1.0</color>
            </specular>
            <shininess>
              <float>5.0</float>
            </shininess>
            <reflective>
              <color>1.0 1.0 1.0 1.0</color>
            </reflective>
            <reflectivity>
              <float>0.2</float>
            </reflectivity>
            <transparent>
              <color>1.0 1.0 1.0 1.0</color>
            </transparent>
            <transparency>
              <float>1.0</float>
            </transparency>
          </phong>
        </technique>
      </profile_COMMON>
    </effect>
  </library_effects>
  <library_materials>
    <material id="head-Material">
      <instance_effect url="#head-Effect"/>
    </material>
    <material id="jaw-Material">
      <instance_effect url="#jaw-Effect"/>
    </material>
    <material id="neck1-Material">
      <instance_effect url="#neck1-Effect"/>
    </material>
    <material id="neck2-Material">
      <instance_effect url="#neck2-Effect"/>
    </material>
    <material id="body-Material">
      <instance_effect url="#body-Effect"/>
    </material>
    <material id="tail1-Material">
      <instance_effect url="#tail1-Effect"/>
    </material>
    <material id="tail2-Material">
      <instance_effect url="#tail2-Effect"/>
    </material>
    <material id="tail3-Material">
      <instance_effect url="#tail3-Effect"/>
    </material>
    <material id="tail4-Material">
      <instance_effect url="#tail4-Effect"/>
    </material>
    <material id="tail5-Material">
      <instance_effect url="#tail5-Effect"/>
    </material>
    <material id="tail6-Material">
      <instance_effect url="#tail6-Effect"/>
    </material>
  </library_materials>
  <library_geometries>
    <geometry id="head-Geom" name="head-Geom">
      <mesh>
        <source id="head-Pos">
          <float_array count="1104" id="head-Pos-array">-5.5 -1.0 2.5000002 -5.5 1.9999995 2.5000002 -5.5 1.9999995 -0.4999995 -5.5 -1.0 -0.4999995 -4.5 -2.0 -0.4999995 -4.5 1.9999995 -0.4999995 -4.5 1.9999995 -4.4999995 -4.5 -2.0 -4.4999995 -4.5 -2.0 -4.4999995 -4.5 0.99999976 -4.4999995 -4.5 0.99999976 -5.5 -4.5 -2.0 -5.5 -4.5 -2.0 2.5000002 -4.5 -1.0 2.5000002 -4.5 -1.0 -0.4999995 -4.5 -2.0 -0.4999995 -3.4999998 -2.0 4.500001 -3.4999998 1.9999995 4.500001 -3.4999998 1.9999995 2.5000002 -3.4999998 -2.0 2.5000002 -3.4999998 1.9999995 1.5000002 -3.4999998 2.9999998 1.5000002 -3.4999998 2.9999998 -4.4999995 -3.4999998 1.9999995 -4.4999995 -3.4999998 0.99999976 -4.4999995 -3.4999998 1.9999995 -4.4999995 -3.4999998 1.9999995 -5.5 -3.4999998 0.99999976 -5.5 -2.4999998 -2.0 7.4999995 -2.4999998 1.9999995 7.4999995 -2.4999998 1.9999995 4.500001 -2.4999998 -2.0 4.500001 -2.4999998 -2.0 -5.5 -2.4999998 1.9999995 -5.5 -2.4999998 1.9999995 -7.4999995 -2.4999998 -2.0 -7.4999995 -2.4999998 -2.9999998 0.50000036 -2.4999998 -2.0 0.50000036 -2.4999998 -2.0 -5.5 -2.4999998 -2.9999998 -5.5 -2.4999998 1.9999995 -4.4999995 -2.4999998 2.9999998 -4.4999995 -2.4999998 2.9999998 -5.5 -2.4999998 1.9999995 -5.5 -1.4999998 1.9999995 3.5 -1.4999998 2.9999998 3.5 -1.4999998 2.9999998 1.5000002 -1.4999998 1.9999995 1.5000002 0.50000036 -2.0 7.4999995 0.50000036 -1.0 7.4999995 0.50000036 -1.0 6.5000005 0.50000036 -2.0 6.5000005 1.5000002 -2.0 6.5000005 1.5000002 -1.0 6.5000005 1.5000002 -1.0 3.5 1.5000002 -2.0 3.5 2.5000002 -2.0 3.5 2.5000002 -1.0 3.5 2.5000002 -1.0 0.50000036 2.5000002 -2.0 0.50000036 -2.4999998 -2.0 0.50000036 -2.4999998 -1.0 0.50000036 -2.4999998 -1.0 3.5 -2.4999998 -2.0 3.5 -1.4999998 -2.0 3.5 -1.4999998 -1.0 3.5 -1.4999998 -1.0 6.5000005 -1.4999998 -2.0 6.5000005 -0.49999994 -2.0 6.5000005 -0.49999994 -1.0 6.5000005 -0.49999994 -1.0 7.4999995 -0.49999994 -2.0 7.4999995 1.5000002 1.9999995 1.5000002 1.5000002 2.9999998 1.5000002 1.5000002 2.9999998 3.5 1.5000002 1.9999995 3.5 2.5000002 -2.0 4.500001 2.5000002 1.9999995 4.500001 2.5000002 1.9999995 7.4999995 2.5000002 -2.0 7.4999995 2.5000002 -2.0 -7.4999995 2.5000002 1.9999995 -7.4999995 2.5000002 1.9999995 -5.5 2.5000002 -2.0 -5.5 2.5000002 -2.9999998 -5.5 2.5000002 -2.0 -5.5 2.5000002 -2.0 0.50000036 2.5000002 -2.9999998 0.50000036 2.5000002 1.9999995 -5.5 2.5000002 2.9999998 -5.5 2.5000002 2.9999998 -4.4999995 2.5000002 1.9999995 -4.4999995 3.5 -2.0 2.5000002 3.5 1.9999995 2.5000002 3.5 1.9999995 4.500001 3.5 -2.0 4.500001 3.5 1.9999995 -4.4999995 3.5 2.9999998 -4.4999995 3.5 2.9999998 1.5000002 3.5 1.9999995 1.5000002 3.5 0.99999976 -5.5 3.5 1.9999995 -5.5 3.5 1.9999995 -4.4999995 3.5 0.99999976 -4.4999995 4.5 -2.0 -4.4999995 4.5 1.9999995 -4.4999995 4.5 1.9999995 -0.4999995 4.5 -2.0 -0.4999995 4.5 -2.0 -5.5 4.5 0.99999976 -5.5 4.5 0.99999976 -4.4999995 4.5 -2.0 -4.4999995 4.5 -2.0 -0.4999995 4.5 -1.0 -0.4999995 4.5 -1.0 2.5000002 4.5 -2.0 2.5000002 5.5 -1.0 -0.4999995 5.5 1.9999995 -0.4999995 5.5 1.9999995 2.5000002 5.5 -1.0 2.5000002 -2.4999998 -2.9999998 -5.5 2.5000002 -2.9999998 -5.5 2.5000002 -2.9999998 0.50000036 -2.4999998 -2.9999998 0.50000036 -4.5 -2.0 -5.5 -2.4999998 -2.0 -5.5 -2.4999998 -2.0 2.5000002 -4.5 -2.0 2.5000002 2.5000002 -2.0 -5.5 4.5 -2.0 -5.5 4.5 -2.0 2.5000002 2.5000002 -2.0 2.5000002 -2.4999998 -2.0 -7.4999995 2.5000002 -2.0 -7.4999995 2.5000002 -2.0 -5.5 -2.4999998 -2.0 -5.5 -2.4999998 -2.0 3.5 -1.4999998 -2.0 3.5 -1.4999998 -2.0 7.4999995 -2.4999998 -2.0 7.4999995 1.5000002 -2.0 4.500001 2.5000002 -2.0 4.500001 2.5000002 -2.0 7.4999995 1.5000002 -2.0 7.4999995 -3.4999998 -2.0 2.5000002 -2.4999998 -2.0 2.5000002 -2.4999998 -2.0 4.500001 -3.4999998 -2.0 4.500001 2.5000002 -2.0 2.5000002 3.5 -2.0 2.5000002 3.5 -2.0 4.500001 2.5000002 -2.0 4.500001 1.5000002 -2.0 3.5 2.5000002 -2.0 3.5 2.5000002 -2.0 4.500001 1.5000002 -2.0 4.500001 -1.4999998 -2.0 6.5000005 -0.49999994 -2.0 6.5000005 -0.49999994 -2.0 7.4999995 -1.4999998 -2.0 7.4999995 0.50000036 -2.0 6.5000005 1.5000002 -2.0 6.5000005 1.5000002 -2.0 7.4999995 0.50000036 -2.0 7.4999995 -2.4999998 -1.0 0.50000036 2.5000002 -1.0 0.50000036 2.5000002 -1.0 3.5 -2.4999998 -1.0 3.5 -1.4999998 -1.0 3.5 1.5000002 -1.0 3.5 1.5000002 -1.0 6.5000005 -1.4999998 -1.0 6.5000005 -5.5 -1.0 -0.4999995 -4.5 -1.0 -0.4999995 -4.5 -1.0 2.5000002 -5.5 -1.0 2.5000002 4.5 -1.0 -0.4999995 5.5 -1.0 -0.4999995 5.5 -1.0 2.5000002 4.5 -1.0 2.5000002 -0.49999994 -1.0 6.5000005 0.50000036 -1.0 6.5000005 0.50000036 -1.0 7.4999995 -0.49999994 -1.0 7.4999995 -4.5 0.99999976 -4.4999995 -3.4999998 0.99999976 -4.4999995 -3.4999998 0.99999976 -5.5 -4.5 0.99999976 -5.5 3.5 0.99999976 -4.4999995 4.5 0.99999976 -4.4999995 4.5 0.99999976 -5.5 3.5 0.99999976 -5.5 -2.4999998 1.9999995 7.4999995 2.5000002 1.9999995 7.4999995 2.5000002 1.9999995 4.500001 -2.4999998 1.9999995 4.500001 -2.4999998 1.9999995 -5.5 2.5000002 1.9999995 -5.5 2.5000002 1.9999995 -7.4999995 -2.4999998 1.9999995 -7.4999995 -4.5 1.9999995 2.5000002 -3.4999998 1.9999995 2.5000002 -3.4999998 1.9999995 -4.4999995 -4.5 1.9999995 -4.4999995 3.5 1.9999995 2.5000002 4.5 1.9999995 2.5000002 4.5 1.9999995 -4.4999995 3.5 1.9999995 -4.4999995 -3.4999998 1.9999995 4.500001 3.5 1.9999995 4.500001 3.5 1.9999995 3.5 -3.4999998 1.9999995 3.5 -3.4999998 1.9999995 3.5 -1.4999998 1.9999995 3.5 -1.4999998 1.9999995 1.5000002 -3.4999998 1.9999995 1.5000002 1.5000002 1.9999995 3.5 3.5 1.9999995 3.5 3.5 1.9999995 1.5000002 1.5000002 1.9999995 1.5000002 -5.5 1.9999995 2.5000002 -4.5 1.9999995 2.5000002 -4.5 1.9999995 -0.4999995 -5.5 1.9999995 -0.4999995 4.5 1.9999995 2.5000002 5.5 1.9999995 2.5000002 5.5 1.9999995 -0.4999995 4.5 1.9999995 -0.4999995 -3.4999998 1.9999995 -4.4999995 -2.4999998 1.9999995 -4.4999995 -2.4999998 1.9999995 -5.5 -3.4999998 1.9999995 -5.5 2.5000002 1.9999995 -4.4999995 3.5 1.9999995 -4.4999995 3.5 1.9999995 -5.5 2.5000002 1.9999995 -5.5 -3.4999998 2.9999998 1.5000002 3.5 2.9999998 1.5000002 3.5 2.9999998 -4.4999995 -3.4999998 2.9999998 -4.4999995 -1.4999998 2.9999998 3.5 1.5000002 2.9999998 3.5 1.5000002 2.9999998 1.5000002 -1.4999998 2.9999998 1.5000002 -2.4999998 2.9999998 -4.4999995 2.5000002 2.9999998 -4.4999995 2.5000002 2.9999998 -5.5 -2.4999998 2.9999998 -5.5 -2.4999998 1.9999995 -7.4999995 2.5000002 1.9999995 -7.4999995 2.5000002 -2.0 -7.4999995 -2.4999998 -2.0 -7.4999995 -4.5 0.99999976 -5.5 -2.4999998 0.99999976 -5.5 -2.4999998 -2.0 -5.5 -4.5 -2.0 -5.5 2.5000002 0.99999976 -5.5 4.5 0.99999976 -5.5 4.5 -2.0 -5.5 2.5000002 -2.0 -5.5 -2.4999998 -2.0 -5.5 2.5000002 -2.0 -5.5 2.5000002 -2.9999998 -5.5 -2.4999998 -2.9999998 -5.5 -2.4999998 2.9999998 -5.5 2.5000002 2.9999998 -5.5 2.5000002 1.9999995 -5.5 -2.4999998 1.9999995 -5.5 -3.4999998 1.9999995 -5.5 -2.4999998 1.9999995 -5.5 -2.4999998 0.99999976 -5.5 -3.4999998 0.99999976 -5.5 2.5000002 1.9999995 -5.5 3.5 1.9999995 -5.5 3.5 0.99999976 -5.5 2.5000002 0.99999976 -5.5 -4.5 1.9999995 -4.4999995 -3.4999998 1.9999995 -4.4999995 -3.4999998 0.99999976 -4.4999995 -4.5 0.99999976 -4.4999995 3.5 1.9999995 -4.4999995 4.5 1.9999995 -4.4999995 4.5 0.99999976 -4.4999995 3.5 0.99999976 -4.4999995 -3.4999998 2.9999998 -4.4999995 -2.4999998 2.9999998 -4.4999995 -2.4999998 1.9999995 -4.4999995 -3.4999998 1.9999995 -4.4999995 2.5000002 2.9999998 -4.4999995 3.5 2.9999998 -4.4999995 3.5 1.9999995 -4.4999995 2.5000002 1.9999995 -4.4999995 -5.5 1.9999995 -0.4999995 -4.5 1.9999995 -0.4999995 -4.5 -1.0 -0.4999995 -5.5 -1.0 -0.4999995 4.5 1.9999995 -0.4999995 5.5 1.9999995 -0.4999995 5.5 -1.0 -0.4999995 4.5 -1.0 -0.4999995 -2.4999998 -1.0 3.5 -1.4999998 -1.0 3.5 -1.4999998 -2.0 3.5 -2.4999998 -2.0 3.5 1.5000002 -1.0 3.5 2.5000002 -1.0 3.5 2.5000002 -2.0 3.5 1.5000002 -2.0 3.5 -1.4999998 -1.0 6.5000005 -0.49999994 -1.0 6.5000005 -0.49999994 -2.0 6.5000005 -1.4999998 -2.0 6.5000005 0.50000036 -1.0 6.5000005 1.5000002 -1.0 6.5000005 1.5000002 -2.0 6.5000005 0.50000036 -2.0 6.5000005 -2.4999998 -2.9999998 0.50000036 2.5000002 -2.9999998 0.50000036 2.5000002 -1.0 0.50000036 -2.4999998 -1.0 0.50000036 -3.4999998 1.9999995 1.5000002 -1.4999998 1.9999995 1.5000002 -1.4999998 2.9999998 1.5000002 -3.4999998 2.9999998 1.5000002 1.5000002 1.9999995 1.5000002 3.5 1.9999995 1.5000002 3.5 2.9999998 1.5000002 1.5000002 2.9999998 1.5000002 -5.5 -1.0 2.5000002 -3.4999998 -1.0 2.5000002 -3.4999998 1.9999995 2.5000002 -5.5 1.9999995 2.5000002 3.5 -1.0 2.5000002 5.5 -1.0 2.5000002 5.5 1.9999995 2.5000002 3.5 1.9999995 2.5000002 -4.5 -2.0 2.5000002 -3.4999998 -2.0 2.5000002 -3.4999998 -1.0 2.5000002 -4.5 -1.0 2.5000002 3.5 -2.0 2.5000002 4.5 -2.0 2.5000002 4.5 -1.0 2.5000002 3.5 -1.0 2.5000002 -1.4999998 1.9999995 3.5 1.5000002 1.9999995 3.5 1.5000002 2.9999998 3.5 -1.4999998 2.9999998 3.5 -3.4999998 -2.0 4.500001 -2.4999998 -2.0 4.500001 -2.4999998 1.9999995 4.500001 -3.4999998 1.9999995 4.500001 2.5000002 -2.0 4.500001 3.5 -2.0 4.500001 3.5 1.9999995 4.500001 2.5000002 1.9999995 4.500001 -2.4999998 -1.0 7.4999995 2.5000002 -1.0 7.4999995 2.5000002 1.9999995 7.4999995 -2.4999998 1.9999995 7.4999995 -2.4999998 -2.0 7.4999995 -0.49999994 -2.0 7.4999995 -0.49999994 -1.0 7.4999995 -2.4999998 -1.0 7.4999995 0.50000036 -2.0 7.4999995 2.5000002 -2.0 7.4999995 2.5000002 -1.0 7.4999995 0.50000036 -1.0 7.4999995 </float_array>
          <technique_common>
            <accessor count="368" source="#head-Pos-array" stride="3">
              <param name="X" type="float"/>
              <param name="Y" type="float"/>
              <param name="Z" type="float"/>
            </accessor>
          </technique_common>
        </source>
        <source id="head-UV">
          <float_array count="736" id="head-UV-array">0.0 0.953125 0.046875 0.953125 0.046875 1.0 0.0 1.0 0.0 0.859375 0.0625 0.859375 0.0625 0.921875 0.0 0.921875 0.09375 0.953125 0.09375 1.0 0.078125 1.0 0.078125 0.953125 0.125 0.953125 0.140625 0.953125 0.140625 1.0 0.125 1.0 0.03125 0.765625 0.03125 0.828125 0.0 0.828125 0.0 0.765625 0.09375 0.828125 0.109375 0.828125 0.109375 0.921875 0.09375 0.921875 0.078125 0.984375 0.09375 0.984375 0.09375 1.0 0.078125 1.0 0.1875 0.859375 0.1875 0.921875 0.140625 0.921875 0.140625 0.859375 0.171875 0.765625 0.171875 0.828125 0.140625 0.828125 0.140625 0.765625 0.265625 0.90625 0.28125 0.90625 0.28125 1.0 0.265625 1.0 0.171875 0.984375 0.1875 0.984375 0.1875 1.0 0.171875 1.0 0.21875 0.96875 0.234375 0.96875 0.234375 1.0 0.21875 1.0 0.09375 0.78125 0.109375 0.78125 0.109375 0.796875 0.09375 0.796875 0.21875 0.875 0.234375 0.875 0.234375 0.921875 0.21875 0.921875 0.203125 0.78125 0.21875 0.78125 0.21875 0.828125 0.203125 0.828125 0.265625 0.875 0.28125 0.875 0.28125 0.828125 0.265625 0.828125 0.3125 1.0 0.328125 1.0 0.328125 0.953125 0.3125 0.953125 0.3125 1.0 0.328125 1.0 0.328125 0.984375 0.3125 0.984375 0.21875 1.0 0.234375 1.0 0.234375 0.96875 0.21875 0.96875 0.140625 0.859375 0.140625 0.921875 0.1875 0.921875 0.1875 0.859375 0.3125 0.859375 0.3125 0.921875 0.34375 0.921875 0.34375 0.859375 0.265625 1.0 0.28125 1.0 0.28125 0.90625 0.265625 0.90625 0.171875 1.0 0.1875 1.0 0.1875 0.984375 0.171875 0.984375 0.3125 0.765625 0.3125 0.828125 0.34375 0.828125 0.34375 0.765625 0.375 0.921875 0.390625 0.921875 0.390625 0.828125 0.375 0.828125 0.078125 1.0 0.09375 1.0 0.09375 0.984375 0.078125 0.984375 0.421875 0.921875 0.484375 0.921875 0.484375 0.859375 0.421875 0.859375 0.078125 0.953125 0.078125 1.0 0.09375 1.0 0.09375 0.953125 0.125 1.0 0.140625 1.0 0.140625 0.953125 0.125 0.953125 0.0 1.0 0.046875 1.0 0.046875 0.953125 0.0 0.953125 0.0 0.734375 0.078125 0.734375 0.078125 0.640625 0.0 0.640625 0.109375 0.734375 0.140625 0.734375 0.140625 0.609375 0.109375 0.609375 0.171875 0.734375 0.203125 0.734375 0.203125 0.609375 0.171875 0.609375 0.0 0.65625 0.0 0.734375 0.03125 0.734375 0.03125 0.65625 0.421875 0.828125 0.4375 0.828125 0.4375 0.765625 0.421875 0.765625 0.3125 1.0 0.328125 1.0 0.328125 0.953125 0.3125 0.953125 0.3125 1.0 0.328125 1.0 0.328125 0.96875 0.3125 0.96875 0.3125 1.0 0.328125 1.0 0.328125 0.96875 0.3125 0.96875 0.3125 1.0 0.328125 1.0 0.328125 0.984375 0.3125 0.984375 0.3125 1.0 0.328125 1.0 0.328125 0.984375 0.3125 0.984375 0.3125 1.0 0.328125 1.0 0.328125 0.984375 0.3125 0.984375 0.0 0.53125 0.0 0.609375 0.046875 0.609375 0.046875 0.53125 0.359375 1.0 0.40625 1.0 0.40625 0.953125 0.359375 0.953125 0.0 1.0 0.015625 1.0 0.015625 0.953125 0.0 0.953125 0.0 1.0 0.015625 1.0 0.015625 0.953125 0.0 0.953125 0.3125 1.0 0.328125 1.0 0.328125 0.984375 0.3125 0.984375 0.078125 0.984375 0.09375 0.984375 0.09375 1.0 0.078125 1.0 0.078125 0.984375 0.09375 0.984375 0.09375 1.0 0.078125 1.0 0.15625 0.5 0.15625 0.578125 0.109375 0.578125 0.109375 0.5 0.21875 0.5 0.21875 0.578125 0.1875 0.578125 0.1875 0.5 0.265625 0.625 0.28125 0.625 0.28125 0.734375 0.265625 0.734375 0.265625 0.625 0.28125 0.625 0.28125 0.734375 0.265625 0.734375 0.328125 0.625 0.328125 0.734375 0.3125 0.734375 0.3125 0.625 0.3125 0.890625 0.34375 0.890625 0.34375 0.921875 0.3125 0.921875 0.3125 0.890625 0.34375 0.890625 0.34375 0.921875 0.3125 0.921875 0.03125 0.953125 0.046875 0.953125 0.046875 1.0 0.03125 1.0 0.03125 0.953125 0.046875 0.953125 0.046875 1.0 0.03125 1.0 0.078125 0.984375 0.09375 0.984375 0.09375 1.0 0.078125 1.0 0.078125 0.984375 0.09375 0.984375 0.09375 1.0 0.078125 1.0 0.453125 0.625 0.453125 0.734375 0.359375 0.734375 0.359375 0.625 0.46875 0.953125 0.46875 1.0 0.4375 1.0 0.4375 0.953125 0.28125 0.515625 0.28125 0.59375 0.265625 0.59375 0.265625 0.515625 0.421875 0.515625 0.421875 0.59375 0.359375 0.59375 0.359375 0.515625 0.109375 0.6875 0.140625 0.6875 0.140625 0.734375 0.109375 0.734375 0.109375 0.6875 0.140625 0.6875 0.140625 0.734375 0.109375 0.734375 0.28125 0.921875 0.28125 1.0 0.265625 1.0 0.265625 0.921875 0.390625 0.640625 0.390625 0.71875 0.375 0.71875 0.375 0.640625 0.078125 0.984375 0.09375 0.984375 0.09375 1.0 0.078125 1.0 0.078125 0.984375 0.09375 0.984375 0.09375 1.0 0.078125 1.0 0.078125 0.984375 0.09375 0.984375 0.09375 1.0 0.078125 1.0 0.078125 0.984375 0.09375 0.984375 0.09375 1.0 0.078125 1.0 0.125 0.984375 0.140625 0.984375 0.140625 1.0 0.125 1.0 0.125 0.984375 0.140625 0.984375 0.140625 1.0 0.125 1.0 0.46875 0.78125 0.484375 0.78125 0.484375 0.828125 0.46875 0.828125 0.3125 0.546875 0.328125 0.546875 0.328125 0.59375 0.3125 0.59375 0.3125 0.984375 0.328125 0.984375 0.328125 1.0 0.3125 1.0 0.3125 0.984375 0.328125 0.984375 0.328125 1.0 0.3125 1.0 0.3125 0.984375 0.328125 0.984375 0.328125 1.0 0.3125 1.0 0.3125 0.984375 0.328125 0.984375 0.328125 1.0 0.3125 1.0 0.0 0.65625 0.0 0.734375 0.03125 0.734375 0.03125 0.65625 0.125 0.96875 0.125 1.0 0.140625 1.0 0.140625 0.96875 0.125 0.96875 0.125 1.0 0.140625 1.0 0.140625 0.96875 0.453125 0.59375 0.484375 0.59375 0.484375 0.546875 0.453125 0.546875 0.53125 1.0 0.5625 1.0 0.5625 0.953125 0.53125 0.953125 0.078125 1.0 0.09375 1.0 0.09375 0.984375 0.078125 0.984375 0.078125 1.0 0.09375 1.0 0.09375 0.984375 0.078125 0.984375 0.4375 0.953125 0.4375 1.0 0.453125 1.0 0.453125 0.953125 0.484375 0.734375 0.5 0.734375 0.5 0.671875 0.484375 0.671875 0.484375 0.734375 0.5 0.734375 0.5 0.671875 0.484375 0.671875 0.59375 0.921875 0.59375 1.0 0.640625 1.0 0.640625 0.921875 0.3125 0.96875 0.3125 1.0 0.328125 1.0 0.328125 0.96875 0.3125 0.96875 0.3125 1.0 0.328125 1.0 0.328125 0.96875 </float_array>
          <technique_common>
            <accessor count="368" source="#head-UV-array" stride="2">
              <param name="S" type="float"/>
              <param name="T" type="float"/>
            </accessor>
          </technique_common>
        </source>
        <source id="head-Normal">
          <float_array count="18" id="head-Normal-array">-1.0 0.0 0.0 1.0 0.0 0.0 0.0 -1.0 0.0 0.0 1.0 0.0 0.0 0.0 -1.0 0.0 0.0 1.0</float_array>
          <technique_common>
            <accessor count="6" source="#head-Normal-array" stride="3">
              <param name="X" type="float"/>
              <param name="Y" type="float"/>
              <param name="Z" type="float"/>
            </accessor>
          </technique_common>
        </source>
        <vertices id="head-Vertices">
          <input semantic="POSITION" source="#head-Pos"/>
        </vertices>
        <polylist count="92" material="head-Material">
          <input offset="0" semantic="VERTEX" source="#head-Vertices"/>
          <input offset="1" semantic="TEXCOORD" set="0" source="#head-UV"/>
          <input offset="2" semantic="NORMAL" source="#head-Normal"/>
          <vcount>4 4 4 4 4 4 4 4 4 4 4 4 4 4 4 4 4 4 4 4 4 4 4 4 4 4 4 4 4 4 4 4 4 4 4 4 4 4 4 4 4 4 4 4 4 4 4 4 4 4 4 4 4 4 4 4 4 4 4 4 4 4 4 4 4 4 4 4 4 4 4 4 4 4 4 4 4 4 4 4 4 4 4 4 4 4 4 4 4 4 4 4 </vcount>
          <p>0 0 0 1 1 0 2 2 0 3 3 0 4 4 0 5 5 0 6 6 0 7 7 0 8 8 0 9 9 0 10 10 0 11 11 0 12 12 0 13 13 0 14 14 0 15 15 0 16 16 0 17 17 0 18 18 0 19 19 0 20 20 0 21 21 0 22 22 0 23 23 0 24 24 0 25 25 0 26 26 0 27 27 0 28 28 0 29 29 0 30 30 0 31 31 0 32 32 0 33 33 0 34 34 0 35 35 0 36 36 0 37 37 0 38 38 0 39 39 0 40 40 0 41 41 0 42 42 0 43 43 0 44 44 0 45 45 0 46 46 0 47 47 0 48 48 0 49 49 0 50 50 0 51 51 0 52 52 0 53 53 0 54 54 0 55 55 0 56 56 0 57 57 0 58 58 0 59 59 0 60 60 1 61 61 1 62 62 1 63 63 1 64 64 1 65 65 1 66 66 1 67 67 1 68 68 1 69 69 1 70 70 1 71 71 1 72 72 1 73 73 1 74 74 1 75 75 1 76 76 1 77 77 1 78 78 1 79 79 1 80 80 1 81 81 1 82 82 1 83 83 1 84 84 1 85 85 1 86 86 1 87 87 1 88 88 1 89 89 1 90 90 1 91 91 1 92 92 1 93 93 1 94 94 1 95 95 1 96 96 1 97 97 1 98 98 1 99 99 1 100 100 1 101 101 1 102 102 1 103 103 1 104 104 1 105 105 1 106 106 1 107 107 1 108 108 1 109 109 1 110 110 1 111 111 1 112 112 1 113 113 1 114 114 1 115 115 1 116 116 1 117 117 1 118 118 1 119 119 1 120 120 2 121 121 2 122 122 2 123 123 2 124 124 2 125 125 2 126 126 2 127 127 2 128 128 2 129 129 2 130 130 2 131 131 2 132 132 2 133 133 2 134 134 2 135 135 2 136 136 2 137 137 2 138 138 2 139 139 2 140 140 2 141 141 2 142 142 2 143 143 2 144 144 2 145 145 2 146 146 2 147 147 2 148 148 2 149 149 2 150 150 2 151 151 2 152 152 2 153 153 2 154 154 2 155 155 2 156 156 2 157 157 2 158 158 2 159 159 2 160 160 2 161 161 2 162 162 2 163 163 2 164 164 2 165 165 2 166 166 2 167 167 2 168 168 2 169 169 2 170 170 2 171 171 2 172 172 2 173 173 2 174 174 2 175 175 2 176 176 2 177 177 2 178 178 2 179 179 2 180 180 2 181 181 2 182 182 2 183 183 2 184 184 3 185 185 3 186 186 3 187 187 3 188 188 3 189 189 3 190 190 3 191 191 3 192 192 3 193 193 3 194 194 3 195 195 3 196 196 3 197 197 3 198 198 3 199 199 3 200 200 3 201 201 3 202 202 3 203 203 3 204 204 3 205 205 3 206 206 3 207 207 3 208 208 3 209 209 3 210 210 3 211 211 3 212 212 3 213 213 3 214 214 3 215 215 3 216 216 3 217 217 3 218 218 3 219 219 3 220 220 3 221 221 3 222 222 3 223 223 3 224 224 3 225 225 3 226 226 3 227 227 3 228 228 3 229 229 3 230 230 3 231 231 3 232 232 3 233 233 3 234 234 3 235 235 3 236 236 3 237 237 3 238 238 3 239 239 3 240 240 3 241 241 3 242 242 3 243 243 3 244 244 3 245 245 3 246 246 3 247 247 3 248 248 4 249 249 4 250 250 4 251 251 4 252 252 4 253 253 4 254 254 4 255 255 4 256 256 4 257 257 4 258 258 4 259 259 4 260 260 4 261 261 4 262 262 4 263 263 4 264 264 4 265 265 4 266 266 4 267 267 4 268 268 4 269 269 4 270 270 4 271 271 4 272 272 4 273 273 4 274 274 4 275 275 4 276 276 4 277 277 4 278 278 4 279 279 4 280 280 4 281 281 4 282 282 4 283 283 4 284 284 4 285 285 4 286 286 4 287 287 4 288 288 4 289 289 4 290 290 4 291 291 4 292 292 4 293 293 4 294 294 4 295 295 4 296 296 4 297 297 4 298 298 4 299 299 4 300 300 4 301 301 4 302 302 4 303 303 4 304 304 4 305 305 4 306 306 4 307 307 4 308 308 4 309 309 4 310 310 4 311 311 4 312 312 4 313 313 4 314 314 4 315 315 4 316 316 5 317 317 5 318 318 5 319 319 5 320 320 5 321 321 5 322 322 5 323 323 5 324 324 5 325 325 5 326 326 5 327 327 5 328 328 5 329 329 5 330 330 5 331 331 5 332 332 5 333 333 5 334 334 5 335 335 5 336 336 5 337 337 5 338 338 5 339 339 5 340 340 5 341 341 5 342 342 5 343 343 5 344 344 5 345 345 5 346 346 5 347 347 5 348 348 5 349 349 5 350 350 5 351 351 5 352 352 5 353 353 5 354 354 5 355 355 5 356 356 5 357 357 5 358 358 5 359 359 5 360 360 5 361 361 5 362 362 5 363 363 5 364 364 5 365 365 5 366 366 5 367 367 5 </p>
        </polylist>
      </mesh>
    </geometry>
    <geometry id="jaw-Geom" name="jaw-Geom">
      <mesh>
        <source id="jaw-Pos">
          <float_array count="144" id="jaw-Pos-array">-2.9999998 -1.0 0.5000001 -2.9999998 1.0 0.5000001 -2.9999998 1.0 -3.4999998 -2.9999998 -1.0 -3.4999998 -2.0 -1.0 3.4999998 -2.0 1.0 3.4999998 -2.0 1.0 0.5000001 -2.0 -1.0 0.5000001 1.9999996 -1.0 0.5000001 1.9999996 1.0 0.5000001 1.9999996 1.0 3.4999998 1.9999996 -1.0 3.4999998 2.9999998 -1.0 -3.4999998 2.9999998 1.0 -3.4999998 2.9999998 1.0 0.5000001 2.9999998 -1.0 0.5000001 -2.9999998 -1.0 -3.4999998 2.9999998 -1.0 -3.4999998 2.9999998 -1.0 0.5000001 -2.9999998 -1.0 0.5000001 -2.0 -1.0 0.5000001 1.9999996 -1.0 0.5000001 1.9999996 -1.0 3.4999998 -2.0 -1.0 3.4999998 -2.9999998 1.0 0.5000001 2.9999998 1.0 0.5000001 2.9999998 1.0 -3.4999998 -2.9999998 1.0 -3.4999998 -2.0 1.0 3.4999998 1.9999996 1.0 3.4999998 1.9999996 1.0 0.5000001 -2.0 1.0 0.5000001 -2.9999998 1.0 -3.4999998 2.9999998 1.0 -3.4999998 2.9999998 -1.0 -3.4999998 -2.9999998 -1.0 -3.4999998 -2.9999998 -1.0 0.5000001 -2.0 -1.0 0.5000001 -2.0 1.0 0.5000001 -2.9999998 1.0 0.5000001 1.9999996 -1.0 0.5000001 2.9999998 -1.0 0.5000001 2.9999998 1.0 0.5000001 1.9999996 1.0 0.5000001 -2.0 -1.0 3.4999998 1.9999996 -1.0 3.4999998 1.9999996 1.0 3.4999998 -2.0 1.0 3.4999998 </float_array>
          <technique_common>
            <accessor count="48" source="#jaw-Pos-array" stride="3">
              <param name="X" type="float"/>
              <param name="Y" type="float"/>
              <param name="Z" type="float"/>
            </accessor>
          </technique_common>
        </source>
        <source id="jaw-UV">
          <float_array count="96" id="jaw-UV-array">0.0 0.875 0.0625 0.875 0.0625 1.0 0.0 1.0 0.0 0.875 0.0625 0.875 0.0625 0.96875 0.0 0.96875 0.0 0.96875 0.0625 0.96875 0.0625 0.875 0.0 0.875 0.0 1.0 0.0625 1.0 0.0625 0.875 0.0 0.875 0.28125 0.8125 0.28125 1.0 0.40625 1.0 0.40625 0.8125 0.3125 0.875 0.3125 1.0 0.40625 1.0 0.40625 0.875 0.125 0.53125 0.125 0.71875 0.0 0.71875 0.0 0.53125 0.21875 0.875 0.21875 1.0 0.125 1.0 0.125 0.875 0.34375 0.53125 0.34375 0.71875 0.28125 0.71875 0.28125 0.53125 0.1875 1.0 0.21875 1.0 0.21875 0.9375 0.1875 0.9375 0.1875 1.0 0.21875 1.0 0.21875 0.9375 0.1875 0.9375 0.40625 0.59375 0.40625 0.71875 0.46875 0.71875 0.46875 0.59375 </float_array>
          <technique_common>
            <accessor count="48" source="#jaw-UV-array" stride="2">
              <param name="S" type="float"/>
              <param name="T" type="float"/>
            </accessor>
          </technique_common>
        </source>
        <source id="jaw-Normal">
          <float_array count="18" id="jaw-Normal-array">-1.0 0.0 0.0 1.0 0.0 0.0 0.0 -1.0 0.0 0.0 1.0 0.0 0.0 0.0 -1.0 0.0 0.0 1.0</float_array>
          <technique_common>
            <accessor count="6" source="#jaw-Normal-array" stride="3">
              <param name="X" type="float"/>
              <param name="Y" type="float"/>
              <param name="Z" type="float"/>
            </accessor>
          </technique_common>
        </source>
        <vertices id="jaw-Vertices">
          <input semantic="POSITION" source="#jaw-Pos"/>
        </vertices>
        <polylist count="12" material="jaw-Material">
          <input offset="0" semantic="VERTEX" source="#jaw-Vertices"/>
          <input offset="1" semantic="TEXCOORD" set="0" source="#jaw-UV"/>
          <input offset="2" semantic="NORMAL" source="#jaw-Normal"/>
          <vcount>4 4 4 4 4 4 4 4 4 4 4 4 </vcount>
          <p>0 0 0 1 1 0 2 2 0 3 3 0 4 4 0 5 5 0 6 6 0 7 7 0 8 8 1 9 9 1 10 10 1 11 11 1 12 12 1 13 13 1 14 14 1 15 15 1 16 16 2 17 17 2 18 18 2 19 19 2 20 20 2 21 21 2 22 22 2 23 23 2 24 24 3 25 25 3 26 26 3 27 27 3 28 28 3 29 29 3 30 30 3 31 31 3 32 32 4 33 33 4 34 34 4 35 35 4 36 36 5 37 37 5 38 38 5 39 39 5 40 40 5 41 41 5 42 42 5 43 43 5 44 44 5 45 45 5 46 46 5 47 47 5 </p>
        </polylist>
      </mesh>
    </geometry>
    <geometry id="neck1-Geom" name="neck1-Geom">
      <mesh>
        <source id="neck1-Pos">
          <float_array count="228" id="neck1-Pos-array">-3.4999995 -2.5 3.5 -3.4999995 2.5 3.5 -3.4999995 2.5 -5.5 -3.4999995 -2.5 -5.5 -2.4999998 -2.5 7.4999995 -2.4999998 2.5 7.4999995 -2.4999998 2.5 3.5 -2.4999998 -2.5 3.5 -2.4999998 -2.5 -5.5 -2.4999998 1.5 -5.5 -2.4999998 1.5 -7.4999995 -2.4999998 -2.5 -7.4999995 2.4999998 -2.5 3.5 2.4999998 2.5 3.5 2.4999998 2.5 7.4999995 2.4999998 -2.5 7.4999995 2.4999998 -2.5 -7.4999995 2.4999998 1.5 -7.4999995 2.4999998 1.5 -5.5 2.4999998 -2.5 -5.5 3.4999995 -2.5 -5.5 3.4999995 2.5 -5.5 3.4999995 2.5 3.5 3.4999995 -2.5 3.5 -2.4999998 -2.5 -7.4999995 2.4999998 -2.5 -7.4999995 2.4999998 -2.5 7.4999995 -2.4999998 -2.5 7.4999995 -3.4999995 -2.5 -5.5 -2.4999998 -2.5 -5.5 -2.4999998 -2.5 3.5 -3.4999995 -2.5 3.5 2.4999998 -2.5 -5.5 3.4999995 -2.5 -5.5 3.4999995 -2.5 3.5 2.4999998 -2.5 3.5 -2.4999998 1.5 -5.5 2.4999998 1.5 -5.5 2.4999998 1.5 -7.4999995 -2.4999998 1.5 -7.4999995 -3.4999995 2.5 3.5 3.4999995 2.5 3.5 3.4999995 2.5 -5.5 -3.4999995 2.5 -5.5 -2.4999998 2.5 7.4999995 2.4999998 2.5 7.4999995 2.4999998 2.5 3.5 -2.4999998 2.5 3.5 -2.4999998 1.5 -7.4999995 2.4999998 1.5 -7.4999995 2.4999998 -2.5 -7.4999995 -2.4999998 -2.5 -7.4999995 -3.4999995 2.5 -5.5 3.4999995 2.5 -5.5 3.4999995 1.5 -5.5 -3.4999995 1.5 -5.5 -3.4999995 1.5 -5.5 -2.4999998 1.5 -5.5 -2.4999998 -2.5 -5.5 -3.4999995 -2.5 -5.5 2.4999998 1.5 -5.5 3.4999995 1.5 -5.5 3.4999995 -2.5 -5.5 2.4999998 -2.5 -5.5 -3.4999995 -2.5 3.5 -2.4999998 -2.5 3.5 -2.4999998 2.5 3.5 -3.4999995 2.5 3.5 2.4999998 -2.5 3.5 3.4999995 -2.5 3.5 3.4999995 2.5 3.5 2.4999998 2.5 3.5 -2.4999998 -2.5 7.4999995 2.4999998 -2.5 7.4999995 2.4999998 2.5 7.4999995 -2.4999998 2.5 7.4999995 </float_array>
          <technique_common>
            <accessor count="76" source="#neck1-Pos-array" stride="3">
              <param name="X" type="float"/>
              <param name="Y" type="float"/>
              <param name="Z" type="float"/>
            </accessor>
          </technique_common>
        </source>
        <source id="neck1-UV">
          <float_array count="152" id="neck1-UV-array">0.0 0.859375 0.078125 0.859375 0.078125 1.0 0.0 1.0 0.171875 0.921875 0.171875 1.0 0.109375 1.0 0.109375 0.921875 0.03125 0.765625 0.03125 0.828125 0.0 0.828125 0.0 0.765625 0.109375 0.8125 0.109375 0.890625 0.171875 0.890625 0.171875 0.8125 0.0 0.765625 0.0 0.828125 0.03125 0.828125 0.03125 0.765625 0.0 1.0 0.078125 1.0 0.078125 0.859375 0.0 0.859375 0.265625 1.0 0.34375 1.0 0.34375 0.765625 0.265625 0.765625 0.0 1.0 0.015625 1.0 0.015625 0.859375 0.0 0.859375 0.0 1.0 0.015625 1.0 0.015625 0.859375 0.0 0.859375 0.234375 0.921875 0.234375 1.0 0.203125 1.0 0.203125 0.921875 0.375 0.859375 0.484375 0.859375 0.484375 1.0 0.375 1.0 0.0625 0.65625 0.0625 0.734375 0.0 0.734375 0.0 0.65625 0.0625 0.546875 0.0625 0.625 0.0 0.625 0.0 0.546875 0.21875 0.78125 0.21875 0.890625 0.203125 0.890625 0.203125 0.78125 0.0625 0.765625 0.078125 0.765625 0.078125 0.828125 0.0625 0.828125 0.0625 0.765625 0.078125 0.765625 0.078125 0.828125 0.0625 0.828125 0.09375 0.734375 0.109375 0.734375 0.109375 0.65625 0.09375 0.65625 0.09375 0.734375 0.109375 0.734375 0.109375 0.65625 0.09375 0.65625 0.140625 0.734375 0.21875 0.734375 0.21875 0.65625 0.140625 0.65625 </float_array>
          <technique_common>
            <accessor count="76" source="#neck1-UV-array" stride="2">
              <param name="S" type="float"/>
              <param name="T" type="float"/>
            </accessor>
          </technique_common>
        </source>
        <source id="neck1-Normal">
          <float_array count="18" id="neck1-Normal-array">-1.0 0.0 0.0 1.0 0.0 0.0 0.0 -1.0 0.0 0.0 1.0 0.0 0.0 0.0 -1.0 0.0 0.0 1.0</float_array>
          <technique_common>
            <accessor count="6" source="#neck1-Normal-array" stride="3">
              <param name="X" type="float"/>
              <param name="Y" type="float"/>
              <param name="Z" type="float"/>
            </accessor>
          </technique_common>
        </source>
        <vertices id="neck1-Vertices">
          <input semantic="POSITION" source="#neck1-Pos"/>
        </vertices>
        <polylist count="19" material="neck1-Material">
          <input offset="0" semantic="VERTEX" source="#neck1-Vertices"/>
          <input offset="1" semantic="TEXCOORD" set="0" source="#neck1-UV"/>
          <input offset="2" semantic="NORMAL" source="#neck1-Normal"/>
          <vcount>4 4 4 4 4 4 4 4 4 4 4 4 4 4 4 4 4 4 4 </vcount>
          <p>0 0 0 1 1 0 2 2 0 3 3 0 4 4 0 5 5 0 6 6 0 7 7 0 8 8 0 9 9 0 10 10 0 11 11 0 12 12 1 13 13 1 14 14 1 15 15 1 16 16 1 17 17 1 18 18 1 19 19 1 20 20 1 21 21 1 22 22 1 23 23 1 24 24 2 25 25 2 26 26 2 27 27 2 28 28 2 29 29 2 30 30 2 31 31 2 32 32 2 33 33 2 34 34 2 35 35 2 36 36 3 37 37 3 38 38 3 39 39 3 40 40 3 41 41 3 42 42 3 43 43 3 44 44 3 45 45 3 46 46 3 47 47 3 48 48 4 49 49 4 50 50 4 51 51 4 52 52 4 53 53 4 54 54 4 55 55 4 56 56 4 57 57 4 58 58 4 59 59 4 60 60 4 61 61 4 62 62 4 63 63 4 64 64 5 65 65 5 66 66 5 67 67 5 68 68 5 69 69 5 70 70 5 71 71 5 72 72 5 73 73 5 74 74 5 75 75 5 </p>
        </polylist>
      </mesh>
    </geometry>
    <geometry id="neck2-Geom" name="neck2-Geom">
      <mesh>
        <source id="neck2-Pos">
          <float_array count="228" id="neck2-Pos-array">-4.0 -2.5 3.5 -4.0 2.5 3.5 -4.0 2.5 -5.5 -4.0 -2.5 -5.5 -3.0 -2.5 7.4999995 -3.0 2.5 7.4999995 -3.0 2.5 3.5 -3.0 -2.5 3.5 -3.0 -2.5 -5.5 -3.0 1.5 -5.5 -3.0 1.5 -7.4999995 -3.0 -2.5 -7.4999995 3.0 -2.5 3.5 3.0 2.5 3.5 3.0 2.5 7.4999995 3.0 -2.5 7.4999995 3.0 -2.5 -7.4999995 3.0 1.5 -7.4999995 3.0 1.5 -5.5 3.0 -2.5 -5.5 4.0 -2.5 -5.5 4.0 2.5 -5.5 4.0 2.5 3.5 4.0 -2.5 3.5 -3.0 -2.5 -7.4999995 3.0 -2.5 -7.4999995 3.0 -2.5 7.4999995 -3.0 -2.5 7.4999995 -4.0 -2.5 -5.5 -3.0 -2.5 -5.5 -3.0 -2.5 3.5 -4.0 -2.5 3.5 3.0 -2.5 -5.5 4.0 -2.5 -5.5 4.0 -2.5 3.5 3.0 -2.5 3.5 -3.0 1.5 -5.5 3.0 1.5 -5.5 3.0 1.5 -7.4999995 -3.0 1.5 -7.4999995 -4.0 2.5 3.5 4.0 2.5 3.5 4.0 2.5 -5.5 -4.0 2.5 -5.5 -3.0 2.5 7.4999995 3.0 2.5 7.4999995 3.0 2.5 3.5 -3.0 2.5 3.5 -3.0 1.5 -7.4999995 3.0 1.5 -7.4999995 3.0 -2.5 -7.4999995 -3.0 -2.5 -7.4999995 -4.0 2.5 -5.5 4.0 2.5 -5.5 4.0 1.5 -5.5 -4.0 1.5 -5.5 -4.0 1.5 -5.5 -3.0 1.5 -5.5 -3.0 -2.5 -5.5 -4.0 -2.5 -5.5 3.0 1.5 -5.5 4.0 1.5 -5.5 4.0 -2.5 -5.5 3.0 -2.5 -5.5 -4.0 -2.5 3.5 -3.0 -2.5 3.5 -3.0 2.5 3.5 -4.0 2.5 3.5 3.0 -2.5 3.5 4.0 -2.5 3.5 4.0 2.5 3.5 3.0 2.5 3.5 -3.0 -2.5 7.4999995 3.0 -2.5 7.4999995 3.0 2.5 7.4999995 -3.0 2.5 7.4999995 </float_array>
          <technique_common>
            <accessor count="76" source="#neck2-Pos-array" stride="3">
              <param name="X" type="float"/>
              <param name="Y" type="float"/>
              <param name="Z" type="float"/>
            </accessor>
          </technique_common>
        </source>
        <source id="neck2-UV">
          <float_array count="152" id="neck2-UV-array">0.0 0.859375 0.078125 0.859375 0.078125 1.0 0.0 1.0 0.171875 0.921875 0.171875 1.0 0.109375 1.0 0.109375 0.921875 0.03125 0.765625 0.03125 0.828125 0.0 0.828125 0.0 0.765625 0.109375 0.8125 0.109375 0.890625 0.171875 0.890625 0.171875 0.8125 0.0 0.765625 0.0 0.828125 0.03125 0.828125 0.03125 0.765625 0.0 1.0 0.078125 1.0 0.078125 0.859375 0.0 0.859375 0.265625 1.0 0.359375 1.0 0.359375 0.765625 0.265625 0.765625 0.0 1.0 0.015625 1.0 0.015625 0.859375 0.0 0.859375 0.0 1.0 0.015625 1.0 0.015625 0.859375 0.0 0.859375 0.234375 0.796875 0.234375 0.890625 0.203125 0.890625 0.203125 0.796875 0.0 0.59375 0.125 0.59375 0.125 0.734375 0.0 0.734375 0.453125 0.90625 0.453125 1.0 0.390625 1.0 0.390625 0.90625 0.453125 0.78125 0.453125 0.875 0.390625 0.875 0.390625 0.78125 0.171875 0.609375 0.171875 0.734375 0.15625 0.734375 0.15625 0.609375 0.0625 0.765625 0.078125 0.765625 0.078125 0.828125 0.0625 0.828125 0.0625 0.765625 0.078125 0.765625 0.078125 0.828125 0.0625 0.828125 0.203125 1.0 0.21875 1.0 0.21875 0.921875 0.203125 0.921875 0.203125 1.0 0.21875 1.0 0.21875 0.921875 0.203125 0.921875 0.265625 0.640625 0.265625 0.734375 0.34375 0.734375 0.34375 0.640625 </float_array>
          <technique_common>
            <accessor count="76" source="#neck2-UV-array" stride="2">
              <param name="S" type="float"/>
              <param name="T" type="float"/>
            </accessor>
          </technique_common>
        </source>
        <source id="neck2-Normal">
          <float_array count="18" id="neck2-Normal-array">-1.0 0.0 0.0 1.0 0.0 0.0 0.0 -1.0 0.0 0.0 1.0 0.0 0.0 0.0 -1.0 0.0 0.0 1.0</float_array>
          <technique_common>
            <accessor count="6" source="#neck2-Normal-array" stride="3">
              <param name="X" type="float"/>
              <param name="Y" type="float"/>
              <param name="Z" type="float"/>
            </accessor>
          </technique_common>
        </source>
        <vertices id="neck2-Vertices">
          <input semantic="POSITION" source="#neck2-Pos"/>
        </vertices>
        <polylist count="19" material="neck2-Material">
          <input offset="0" semantic="VERTEX" source="#neck2-Vertices"/>
          <input offset="1" semantic="TEXCOORD" set="0" source="#neck2-UV"/>
          <input offset="2" semantic="NORMAL" source="#neck2-Normal"/>
          <vcount>4 4 4 4 4 4 4 4 4 4 4 4 4 4 4 4 4 4 4 </vcount>
          <p>0 0 0 1 1 0 2 2 0 3 3 0 4 4 0 5 5 0 6 6 0 7 7 0 8 8 0 9 9 0 10 10 0 11 11 0 12 12 1 13 13 1 14 14 1 15 15 1 16 16 1 17 17 1 18 18 1 19 19 1 20 20 1 21 21 1 22 22 1 23 23 1 24 24 2 25 25 2 26 26 2 27 27 2 28 28 2 29 29 2 30 30 2 31 31 2 32 32 2 33 33 2 34 34 2 35 35 2 36 36 3 37 37 3 38 38 3 39 39 3 40 40 3 41 41 3 42 42 3 43 43 3 44 44 3 45 45 3 46 46 3 47 47 3 48 48 4 49 49 4 50 50 4 51 51 4 52 52 4 53 53 4 54 54 4 55 55 4 56 56 4 57 57 4 58 58 4 59 59 4 60 60 4 61 61 4 62 62 4 63 63 4 64 64 5 65 65 5 66 66 5 67 67 5 68 68 5 69 69 5 70 70 5 71 71 5 72 72 5 73 73 5 74 74 5 75 75 5 </p>
        </polylist>
      </mesh>
    </geometry>
    <geometry id="body-Geom" name="body-Geom">
      <mesh>
        <source id="body-Pos">
          <float_array count="240" id="body-Pos-array">-4.5 -2.9999998 3.5 -4.5 2.9999998 3.5 -4.5 2.9999998 -5.5 -4.5 -2.9999998 -5.5 -3.5 -2.9999998 7.4999995 -3.5 1.9999995 7.4999995 -3.5 1.9999995 3.5 -3.5 -2.9999998 3.5 -3.5 -2.9999998 -5.5 -3.5 1.9999995 -5.5 -3.5 1.9999995 -7.4999995 -3.5 -2.9999998 -7.4999995 3.5 -2.9999998 3.5 3.5 1.9999995 3.5 3.5 1.9999995 7.4999995 3.5 -2.9999998 7.4999995 3.5 -2.9999998 -7.4999995 3.5 1.9999995 -7.4999995 3.5 1.9999995 -5.5 3.5 -2.9999998 -5.5 4.5 -2.9999998 -5.5 4.5 2.9999998 -5.5 4.5 2.9999998 3.5 4.5 -2.9999998 3.5 -3.5 -2.9999998 -7.4999995 3.5 -2.9999998 -7.4999995 3.5 -2.9999998 7.4999995 -3.5 -2.9999998 7.4999995 -4.5 -2.9999998 -5.5 -3.5 -2.9999998 -5.5 -3.5 -2.9999998 3.5 -4.5 -2.9999998 3.5 3.5 -2.9999998 -5.5 4.5 -2.9999998 -5.5 4.5 -2.9999998 3.5 3.5 -2.9999998 3.5 -3.5 1.9999995 7.4999995 3.5 1.9999995 7.4999995 3.5 1.9999995 3.5 -3.5 1.9999995 3.5 -3.5 1.9999995 -5.5 3.5 1.9999995 -5.5 3.5 1.9999995 -7.4999995 -3.5 1.9999995 -7.4999995 -4.5 2.9999998 3.5 4.5 2.9999998 3.5 4.5 2.9999998 -5.5 -4.5 2.9999998 -5.5 -3.5 1.9999995 -7.4999995 3.5 1.9999995 -7.4999995 3.5 -2.9999998 -7.4999995 -3.5 -2.9999998 -7.4999995 -4.5 2.9999998 -5.5 4.5 2.9999998 -5.5 4.5 1.9999995 -5.5 -4.5 1.9999995 -5.5 -4.5 1.9999995 -5.5 -3.5 1.9999995 -5.5 -3.5 -2.9999998 -5.5 -4.5 -2.9999998 -5.5 3.5 1.9999995 -5.5 4.5 1.9999995 -5.5 4.5 -2.9999998 -5.5 3.5 -2.9999998 -5.5 -4.5 1.9999995 3.5 4.5 1.9999995 3.5 4.5 2.9999998 3.5 -4.5 2.9999998 3.5 -4.5 -2.9999998 3.5 -3.5 -2.9999998 3.5 -3.5 1.9999995 3.5 -4.5 1.9999995 3.5 3.5 -2.9999998 3.5 4.5 -2.9999998 3.5 4.5 1.9999995 3.5 3.5 1.9999995 3.5 -3.5 -2.9999998 7.4999995 3.5 -2.9999998 7.4999995 3.5 1.9999995 7.4999995 -3.5 1.9999995 7.4999995 </float_array>
          <technique_common>
            <accessor count="80" source="#body-Pos-array" stride="3">
              <param name="X" type="float"/>
              <param name="Y" type="float"/>
              <param name="Z" type="float"/>
            </accessor>
          </technique_common>
        </source>
        <source id="body-UV">
          <float_array count="160" id="body-UV-array">0.0 0.859375 0.09375 0.859375 0.09375 1.0 0.0 1.0 0.1875 0.921875 0.1875 1.0 0.125 1.0 0.125 0.921875 0.15625 0.8125 0.15625 0.890625 0.125 0.890625 0.125 0.8125 0.265625 0.921875 0.265625 1.0 0.328125 1.0 0.328125 0.921875 0.125 0.921875 0.125 1.0 0.15625 1.0 0.15625 0.921875 0.0 1.0 0.09375 1.0 0.09375 0.859375 0.0 0.859375 0.359375 1.0 0.46875 1.0 0.46875 0.765625 0.359375 0.765625 0.0 1.0 0.015625 1.0 0.015625 0.859375 0.0 0.859375 0.0 1.0 0.015625 1.0 0.015625 0.859375 0.0 0.859375 0.328125 0.78125 0.328125 0.890625 0.265625 0.890625 0.265625 0.78125 0.21875 0.78125 0.21875 0.890625 0.1875 0.890625 0.1875 0.78125 0.0 0.59375 0.140625 0.59375 0.140625 0.734375 0.0 0.734375 0.34375 0.625 0.34375 0.734375 0.265625 0.734375 0.265625 0.625 0.1875 0.59375 0.1875 0.734375 0.171875 0.734375 0.171875 0.59375 0.21875 0.921875 0.234375 0.921875 0.234375 1.0 0.21875 1.0 0.21875 0.921875 0.234375 0.921875 0.234375 1.0 0.21875 1.0 0.21875 0.59375 0.21875 0.734375 0.234375 0.734375 0.234375 0.59375 0.265625 0.59375 0.28125 0.59375 0.28125 0.515625 0.265625 0.515625 0.265625 0.59375 0.28125 0.59375 0.28125 0.515625 0.265625 0.515625 0.375 0.625 0.375 0.734375 0.453125 0.734375 0.453125 0.625 </float_array>
          <technique_common>
            <accessor count="80" source="#body-UV-array" stride="2">
              <param name="S" type="float"/>
              <param name="T" type="float"/>
            </accessor>
          </technique_common>
        </source>
        <source id="body-Normal">
          <float_array count="18" id="body-Normal-array">-1.0 0.0 0.0 1.0 0.0 0.0 0.0 -1.0 0.0 0.0 1.0 0.0 0.0 0.0 -1.0 0.0 0.0 1.0</float_array>
          <technique_common>
            <accessor count="6" source="#body-Normal-array" stride="3">
              <param name="X" type="float"/>
              <param name="Y" type="float"/>
              <param name="Z" type="float"/>
            </accessor>
          </technique_common>
        </source>
        <vertices id="body-Vertices">
          <input semantic="POSITION" source="#body-Pos"/>
        </vertices>
        <polylist count="20" material="body-Material">
          <input offset="0" semantic="VERTEX" source="#body-Vertices"/>
          <input offset="1" semantic="TEXCOORD" set="0" source="#body-UV"/>
          <input offset="2" semantic="NORMAL" source="#body-Normal"/>
          <vcount>4 4 4 4 4 4 4 4 4 4 4 4 4 4 4 4 4 4 4 4 </vcount>
          <p>0 0 0 1 1 0 2 2 0 3 3 0 4 4 0 5 5 0 6 6 0 7 7 0 8 8 0 9 9 0 10 10 0 11 11 0 12 12 1 13 13 1 14 14 1 15 15 1 16 16 1 17 17 1 18 18 1 19 19 1 20 20 1 21 21 1 22 22 1 23 23 1 24 24 2 25 25 2 26 26 2 27 27 2 28 28 2 29 29 2 30 30 2 31 31 2 32 32 2 33 33 2 34 34 2 35 35 2 36 36 3 37 37 3 38 38 3 39 39 3 40 40 3 41 41 3 42 42 3 43 43 3 44 44 3 45 45 3 46 46 3 47 47 3 48 48 4 49 49 4 50 50 4 51 51 4 52 52 4 53 53 4 54 54 4 55 55 4 56 56 4 57 57 4 58 58 4 59 59 4 60 60 4 61 61 4 62 62 4 63 63 4 64 64 5 65 65 5 66 66 5 67 67 5 68 68 5 69 69 5 70 70 5 71 71 5 72 72 5 73 73 5 74 74 5 75 75 5 76 76 5 77 77 5 78 78 5 79 79 5 </p>
        </polylist>
      </mesh>
    </geometry>
    <geometry id="tail1-Geom" name="tail1-Geom">
      <mesh>
        <source id="tail1-Pos">
          <float_array count="240" id="tail1-Pos-array">-4.5 -2.9999998 5.5000005 -4.5 2.9999998 5.5000005 -4.5 2.9999998 -5.5 -4.5 -2.9999998 -5.5 -3.5 -2.9999998 -5.5 -3.5 1.9999995 -5.5 -3.5 1.9999995 -7.4999995 -3.5 -2.9999998 -7.4999995 -3.5 -2.9999998 7.4999995 -3.5 1.9999995 7.4999995 -3.5 1.9999995 5.5000005 -3.5 -2.9999998 5.5000005 3.5 -2.9999998 -7.4999995 3.5 1.9999995 -7.4999995 3.5 1.9999995 -5.5 3.5 -2.9999998 -5.5 3.5 -2.9999998 5.5000005 3.5 1.9999995 5.5000005 3.5 1.9999995 7.4999995 3.5 -2.9999998 7.4999995 4.5 -2.9999998 -5.5 4.5 2.9999998 -5.5 4.5 2.9999998 5.5000005 4.5 -2.9999998 5.5000005 -3.5 -2.9999998 -7.4999995 3.5 -2.9999998 -7.4999995 3.5 -2.9999998 7.4999995 -3.5 -2.9999998 7.4999995 -4.5 -2.9999998 -5.5 -3.5 -2.9999998 -5.5 -3.5 -2.9999998 5.5000005 -4.5 -2.9999998 5.5000005 3.5 -2.9999998 -5.5 4.5 -2.9999998 -5.5 4.5 -2.9999998 5.5000005 3.5 -2.9999998 5.5000005 -3.5 1.9999995 -5.5 3.5 1.9999995 -5.5 3.5 1.9999995 -7.4999995 -3.5 1.9999995 -7.4999995 -3.5 1.9999995 7.4999995 3.5 1.9999995 7.4999995 3.5 1.9999995 5.5000005 -3.5 1.9999995 5.5000005 -4.5 2.9999998 5.5000005 4.5 2.9999998 5.5000005 4.5 2.9999998 -5.5 -4.5 2.9999998 -5.5 -3.5 1.9999995 -7.4999995 3.5 1.9999995 -7.4999995 3.5 -2.9999998 -7.4999995 -3.5 -2.9999998 -7.4999995 -4.5 2.9999998 -5.5 4.5 2.9999998 -5.5 4.5 1.9999995 -5.5 -4.5 1.9999995 -5.5 -4.5 1.9999995 -5.5 -3.5 1.9999995 -5.5 -3.5 -2.9999998 -5.5 -4.5 -2.9999998 -5.5 3.5 1.9999995 -5.5 4.5 1.9999995 -5.5 4.5 -2.9999998 -5.5 3.5 -2.9999998 -5.5 -4.5 1.9999995 5.5000005 4.5 1.9999995 5.5000005 4.5 2.9999998 5.5000005 -4.5 2.9999998 5.5000005 -4.5 -2.9999998 5.5000005 -3.5 -2.9999998 5.5000005 -3.5 1.9999995 5.5000005 -4.5 1.9999995 5.5000005 3.5 -2.9999998 5.5000005 4.5 -2.9999998 5.5000005 4.5 1.9999995 5.5000005 3.5 1.9999995 5.5000005 -3.5 -2.9999998 7.4999995 3.5 -2.9999998 7.4999995 3.5 1.9999995 7.4999995 -3.5 1.9999995 7.4999995 </float_array>
          <technique_common>
            <accessor count="80" source="#tail1-Pos-array" stride="3">
              <param name="X" type="float"/>
              <param name="Y" type="float"/>
              <param name="Z" type="float"/>
            </accessor>
          </technique_common>
        </source>
        <source id="tail1-UV">
          <float_array count="160" id="tail1-UV-array">0.0 0.828125 0.09375 0.828125 0.09375 1.0 0.0 1.0 0.15625 0.921875 0.15625 1.0 0.125 1.0 0.125 0.921875 0.21875 0.921875 0.21875 1.0 0.1875 1.0 0.1875 0.921875 0.125 0.8125 0.125 0.890625 0.15625 0.890625 0.15625 0.8125 0.1875 0.8125 0.1875 0.890625 0.21875 0.890625 0.21875 0.8125 0.0 1.0 0.09375 1.0 0.09375 0.828125 0.0 0.828125 0.265625 1.0 0.375 1.0 0.375 0.765625 0.265625 0.765625 0.0 1.0 0.015625 1.0 0.015625 0.828125 0.0 0.828125 0.0 1.0 0.015625 1.0 0.015625 0.828125 0.0 0.828125 0.4375 0.890625 0.4375 1.0 0.40625 1.0 0.40625 0.890625 0.5 0.890625 0.5 1.0 0.46875 1.0 0.46875 0.890625 0.0 0.5625 0.140625 0.5625 0.140625 0.734375 0.0 0.734375 0.34375 0.625 0.34375 0.734375 0.265625 0.734375 0.265625 0.625 0.09375 0.828125 0.09375 0.96875 0.078125 0.96875 0.078125 0.828125 0.40625 0.78125 0.421875 0.78125 0.421875 0.859375 0.40625 0.859375 0.453125 0.78125 0.46875 0.78125 0.46875 0.859375 0.453125 0.859375 0.171875 0.59375 0.171875 0.734375 0.1875 0.734375 0.1875 0.59375 0.21875 0.734375 0.234375 0.734375 0.234375 0.65625 0.21875 0.65625 0.21875 0.734375 0.234375 0.734375 0.234375 0.65625 0.21875 0.65625 0.375 0.625 0.375 0.734375 0.453125 0.734375 0.453125 0.625 </float_array>
          <technique_common>
            <accessor count="80" source="#tail1-UV-array" stride="2">
              <param name="S" type="float"/>
              <param name="T" type="float"/>
            </accessor>
          </technique_common>
        </source>
        <source id="tail1-Normal">
          <float_array count="18" id="tail1-Normal-array">-1.0 0.0 0.0 1.0 0.0 0.0 0.0 -1.0 0.0 0.0 1.0 0.0 0.0 0.0 -1.0 0.0 0.0 1.0</float_array>
          <technique_common>
            <accessor count="6" source="#tail1-Normal-array" stride="3">
              <param name="X" type="float"/>
              <param name="Y" type="float"/>
              <param name="Z" type="float"/>
            </accessor>
          </technique_common>
        </source>
        <vertices id="tail1-Vertices">
          <input semantic="POSITION" source="#tail1-Pos"/>
        </vertices>
        <polylist count="20" material="tail1-Material">
          <input offset="0" semantic="VERTEX" source="#tail1-Vertices"/>
          <input offset="1" semantic="TEXCOORD" set="0" source="#tail1-UV"/>
          <input offset="2" semantic="NORMAL" source="#tail1-Normal"/>
          <vcount>4 4 4 4 4 4 4 4 4 4 4 4 4 4 4 4 4 4 4 4 </vcount>
          <p>0 0 0 1 1 0 2 2 0 3 3 0 4 4 0 5 5 0 6 6 0 7 7 0 8 8 0 9 9 0 10 10 0 11 11 0 12 12 1 13 13 1 14 14 1 15 15 1 16 16 1 17 17 1 18 18 1 19 19 1 20 20 1 21 21 1 22 22 1 23 23 1 24 24 2 25 25 2 26 26 2 27 27 2 28 28 2 29 29 2 30 30 2 31 31 2 32 32 2 33 33 2 34 34 2 35 35 2 36 36 3 37 37 3 38 38 3 39 39 3 40 40 3 41 41 3 42 42 3 43 43 3 44 44 3 45 45 3 46 46 3 47 47 3 48 48 4 49 49 4 50 50 4 51 51 4 52 52 4 53 53 4 54 54 4 55 55 4 56 56 4 57 57 4 58 58 4 59 59 4 60 60 4 61 61 4 62 62 4 63 63 4 64 64 5 65 65 5 66 66 5 67 67 5 68 68 5 69 69 5 70 70 5 71 71 5 72 72 5 73 73 5 74 74 5 75 75 5 76 76 5 77 77 5 78 78 5 79 79 5 </p>
        </polylist>
      </mesh>
    </geometry>
    <geometry id="tail2-Geom" name="tail2-Geom">
      <mesh>
        <source id="tail2-Pos">
          <float_array count="240" id="tail2-Pos-array">-4.0 -2.9999998 5.5000005 -4.0 2.9999998 5.5000005 -4.0 2.9999998 -5.5 -4.0 -2.9999998 -5.5 -3.0 -2.9999998 -5.5 -3.0 1.9999995 -5.5 -3.0 1.9999995 -7.4999995 -3.0 -2.9999998 -7.4999995 -3.0 -2.9999998 7.4999995 -3.0 1.9999995 7.4999995 -3.0 1.9999995 5.5000005 -3.0 -2.9999998 5.5000005 3.0 -2.9999998 -7.4999995 3.0 1.9999995 -7.4999995 3.0 1.9999995 -5.5 3.0 -2.9999998 -5.5 3.0 -2.9999998 5.5000005 3.0 1.9999995 5.5000005 3.0 1.9999995 7.4999995 3.0 -2.9999998 7.4999995 4.0 -2.9999998 -5.5 4.0 2.9999998 -5.5 4.0 2.9999998 5.5000005 4.0 -2.9999998 5.5000005 -3.0 -2.9999998 -7.4999995 3.0 -2.9999998 -7.4999995 3.0 -2.9999998 7.4999995 -3.0 -2.9999998 7.4999995 -4.0 -2.9999998 -5.5 -3.0 -2.9999998 -5.5 -3.0 -2.9999998 5.5000005 -4.0 -2.9999998 5.5000005 3.0 -2.9999998 -5.5 4.0 -2.9999998 -5.5 4.0 -2.9999998 5.5000005 3.0 -2.9999998 5.5000005 -3.0 1.9999995 -5.5 3.0 1.9999995 -5.5 3.0 1.9999995 -7.4999995 -3.0 1.9999995 -7.4999995 -3.0 1.9999995 7.4999995 3.0 1.9999995 7.4999995 3.0 1.9999995 5.5000005 -3.0 1.9999995 5.5000005 -4.0 2.9999998 5.5000005 4.0 2.9999998 5.5000005 4.0 2.9999998 -5.5 -4.0 2.9999998 -5.5 -3.0 1.9999995 -7.4999995 3.0 1.9999995 -7.4999995 3.0 -2.9999998 -7.4999995 -3.0 -2.9999998 -7.4999995 -4.0 2.9999998 -5.5 4.0 2.9999998 -5.5 4.0 1.9999995 -5.5 -4.0 1.9999995 -5.5 -4.0 1.9999995 -5.5 -3.0 1.9999995 -5.5 -3.0 -2.9999998 -5.5 -4.0 -2.9999998 -5.5 3.0 1.9999995 -5.5 4.0 1.9999995 -5.5 4.0 -2.9999998 -5.5 3.0 -2.9999998 -5.5 -4.0 1.9999995 5.5000005 4.0 1.9999995 5.5000005 4.0 2.9999998 5.5000005 -4.0 2.9999998 5.5000005 -4.0 -2.9999998 5.5000005 -3.0 -2.9999998 5.5000005 -3.0 1.9999995 5.5000005 -4.0 1.9999995 5.5000005 3.0 -2.9999998 5.5000005 4.0 -2.9999998 5.5000005 4.0 1.9999995 5.5000005 3.0 1.9999995 5.5000005 -3.0 -2.9999998 7.4999995 3.0 -2.9999998 7.4999995 3.0 1.9999995 7.4999995 -3.0 1.9999995 7.4999995 </float_array>
          <technique_common>
            <accessor count="80" source="#tail2-Pos-array" stride="3">
              <param name="X" type="float"/>
              <param name="Y" type="float"/>
              <param name="Z" type="float"/>
            </accessor>
          </technique_common>
        </source>
        <source id="tail2-UV">
          <float_array count="160" id="tail2-UV-array">0.0 0.828125 0.09375 0.828125 0.09375 1.0 0.0 1.0 0.15625 0.921875 0.15625 1.0 0.125 1.0 0.125 0.921875 0.21875 0.921875 0.21875 1.0 0.1875 1.0 0.1875 0.921875 0.125 0.8125 0.125 0.890625 0.15625 0.890625 0.15625 0.8125 0.1875 0.8125 0.1875 0.890625 0.21875 0.890625 0.21875 0.8125 0.265625 1.0 0.359375 1.0 0.359375 0.828125 0.265625 0.828125 0.390625 1.0 0.484375 1.0 0.484375 0.765625 0.390625 0.765625 0.0 1.0 0.015625 1.0 0.015625 0.828125 0.0 0.828125 0.0 1.0 0.015625 1.0 0.015625 0.828125 0.0 0.828125 0.03125 0.640625 0.03125 0.734375 0.0 0.734375 0.0 0.640625 0.03125 0.515625 0.03125 0.609375 0.0 0.609375 0.0 0.515625 0.0625 0.5625 0.1875 0.5625 0.1875 0.734375 0.0625 0.734375 0.34375 0.640625 0.34375 0.734375 0.265625 0.734375 0.265625 0.640625 0.234375 0.609375 0.234375 0.734375 0.21875 0.734375 0.21875 0.609375 0.265625 0.53125 0.28125 0.53125 0.28125 0.609375 0.265625 0.609375 0.265625 0.53125 0.28125 0.53125 0.28125 0.609375 0.265625 0.609375 0.375 0.609375 0.375 0.734375 0.390625 0.734375 0.390625 0.609375 0.3125 0.609375 0.328125 0.609375 0.328125 0.53125 0.3125 0.53125 0.3125 0.609375 0.328125 0.609375 0.328125 0.53125 0.3125 0.53125 0.421875 0.640625 0.421875 0.734375 0.5 0.734375 0.5 0.640625 </float_array>
          <technique_common>
            <accessor count="80" source="#tail2-UV-array" stride="2">
              <param name="S" type="float"/>
              <param name="T" type="float"/>
            </accessor>
          </technique_common>
        </source>
        <source id="tail2-Normal">
          <float_array count="18" id="tail2-Normal-array">-1.0 0.0 0.0 1.0 0.0 0.0 0.0 -1.0 0.0 0.0 1.0 0.0 0.0 0.0 -1.0 0.0 0.0 1.0</float_array>
          <technique_common>
            <accessor count="6" source="#tail2-Normal-array" stride="3">
              <param name="X" type="float"/>
              <param name="Y" type="float"/>
              <param name="Z" type="float"/>
            </accessor>
          </technique_common>
        </source>
        <vertices id="tail2-Vertices">
          <input semantic="POSITION" source="#tail2-Pos"/>
        </vertices>
        <polylist count="20" material="tail2-Material">
          <input offset="0" semantic="VERTEX" source="#tail2-Vertices"/>
          <input offset="1" semantic="TEXCOORD" set="0" source="#tail2-UV"/>
          <input offset="2" semantic="NORMAL" source="#tail2-Normal"/>
          <vcount>4 4 4 4 4 4 4 4 4 4 4 4 4 4 4 4 4 4 4 4 </vcount>
          <p>0 0 0 1 1 0 2 2 0 3 3 0 4 4 0 5 5 0 6 6 0 7 7 0 8 8 0 9 9 0 10 10 0 11 11 0 12 12 1 13 13 1 14 14 1 15 15 1 16 16 1 17 17 1 18 18 1 19 19 1 20 20 1 21 21 1 22 22 1 23 23 1 24 24 2 25 25 2 26 26 2 27 27 2 28 28 2 29 29 2 30 30 2 31 31 2 32 32 2 33 33 2 34 34 2 35 35 2 36 36 3 37 37 3 38 38 3 39 39 3 40 40 3 41 41 3 42 42 3 43 43 3 44 44 3 45 45 3 46 46 3 47 47 3 48 48 4 49 49 4 50 50 4 51 51 4 52 52 4 53 53 4 54 54 4 55 55 4 56 56 4 57 57 4 58 58 4 59 59 4 60 60 4 61 61 4 62 62 4 63 63 4 64 64 5 65 65 5 66 66 5 67 67 5 68 68 5 69 69 5 70 70 5 71 71 5 72 72 5 73 73 5 74 74 5 75 75 5 76 76 5 77 77 5 78 78 5 79 79 5 </p>
        </polylist>
      </mesh>
    </geometry>
    <geometry id="tail3-Geom" name="tail3-Geom">
      <mesh>
        <source id="tail3-Pos">
          <float_array count="216" id="tail3-Pos-array">-3.4999995 -2.5 5.5000005 -3.4999995 2.5 5.5000005 -3.4999995 2.5 -5.5 -3.4999995 -2.5 -5.5 -2.4999998 -2.5 -5.5 -2.4999998 2.5 -5.5 -2.4999998 2.5 -7.4999995 -2.4999998 -2.5 -7.4999995 -2.4999998 -2.5 7.4999995 -2.4999998 2.5 7.4999995 -2.4999998 2.5 5.5000005 -2.4999998 -2.5 5.5000005 2.4999998 -2.5 -7.4999995 2.4999998 2.5 -7.4999995 2.4999998 2.5 -5.5 2.4999998 -2.5 -5.5 2.4999998 -2.5 5.5000005 2.4999998 2.5 5.5000005 2.4999998 2.5 7.4999995 2.4999998 -2.5 7.4999995 3.4999995 -2.5 -5.5 3.4999995 2.5 -5.5 3.4999995 2.5 5.5000005 3.4999995 -2.5 5.5000005 -3.4999995 -2.5 -5.5 3.4999995 -2.5 -5.5 3.4999995 -2.5 5.5000005 -3.4999995 -2.5 5.5000005 -2.4999998 -2.5 -7.4999995 2.4999998 -2.5 -7.4999995 2.4999998 -2.5 -5.5 -2.4999998 -2.5 -5.5 -2.4999998 -2.5 5.5000005 2.4999998 -2.5 5.5000005 2.4999998 -2.5 7.4999995 -2.4999998 -2.5 7.4999995 -3.4999995 2.5 5.5000005 3.4999995 2.5 5.5000005 3.4999995 2.5 -5.5 -3.4999995 2.5 -5.5 -2.4999998 2.5 -5.5 2.4999998 2.5 -5.5 2.4999998 2.5 -7.4999995 -2.4999998 2.5 -7.4999995 -2.4999998 2.5 7.4999995 2.4999998 2.5 7.4999995 2.4999998 2.5 5.5000005 -2.4999998 2.5 5.5000005 -2.4999998 2.5 -7.4999995 2.4999998 2.5 -7.4999995 2.4999998 -2.5 -7.4999995 -2.4999998 -2.5 -7.4999995 -3.4999995 2.5 -5.5 -2.4999998 2.5 -5.5 -2.4999998 -2.5 -5.5 -3.4999995 -2.5 -5.5 2.4999998 2.5 -5.5 3.4999995 2.5 -5.5 3.4999995 -2.5 -5.5 2.4999998 -2.5 -5.5 -3.4999995 -2.5 5.5000005 -2.4999998 -2.5 5.5000005 -2.4999998 2.5 5.5000005 -3.4999995 2.5 5.5000005 2.4999998 -2.5 5.5000005 3.4999995 -2.5 5.5000005 3.4999995 2.5 5.5000005 2.4999998 2.5 5.5000005 -2.4999998 -2.5 7.4999995 2.4999998 -2.5 7.4999995 2.4999998 2.5 7.4999995 -2.4999998 2.5 7.4999995 </float_array>
          <technique_common>
            <accessor count="72" source="#tail3-Pos-array" stride="3">
              <param name="X" type="float"/>
              <param name="Y" type="float"/>
              <param name="Z" type="float"/>
            </accessor>
          </technique_common>
        </source>
        <source id="tail3-UV">
          <float_array count="144" id="tail3-UV-array">0.0 0.828125 0.078125 0.828125 0.078125 1.0 0.0 1.0 0.140625 0.921875 0.140625 1.0 0.109375 1.0 0.109375 0.921875 0.203125 0.921875 0.203125 1.0 0.171875 1.0 0.171875 0.921875 0.109375 0.8125 0.109375 0.890625 0.140625 0.890625 0.140625 0.8125 0.171875 0.8125 0.171875 0.890625 0.203125 0.890625 0.203125 0.8125 0.265625 1.0 0.34375 1.0 0.34375 0.828125 0.265625 0.828125 0.375 1.0 0.484375 1.0 0.484375 0.828125 0.375 0.828125 0.0 0.65625 0.0 0.734375 0.03125 0.734375 0.03125 0.65625 0.0 0.65625 0.0 0.734375 0.03125 0.734375 0.03125 0.65625 0.0625 0.5625 0.171875 0.5625 0.171875 0.734375 0.0625 0.734375 0.03125 0.546875 0.03125 0.625 0.0 0.625 0.0 0.546875 0.234375 0.65625 0.234375 0.734375 0.203125 0.734375 0.203125 0.65625 0.265625 0.65625 0.34375 0.65625 0.34375 0.734375 0.265625 0.734375 0.375 0.65625 0.390625 0.65625 0.390625 0.734375 0.375 0.734375 0.375 0.65625 0.390625 0.65625 0.390625 0.734375 0.375 0.734375 0.265625 0.734375 0.28125 0.734375 0.28125 0.65625 0.265625 0.65625 0.265625 0.734375 0.28125 0.734375 0.28125 0.65625 0.265625 0.65625 0.421875 0.734375 0.5 0.734375 0.5 0.65625 0.421875 0.65625 </float_array>
          <technique_common>
            <accessor count="72" source="#tail3-UV-array" stride="2">
              <param name="S" type="float"/>
              <param name="T" type="float"/>
            </accessor>
          </technique_common>
        </source>
        <source id="tail3-Normal">
          <float_array count="18" id="tail3-Normal-array">-1.0 0.0 0.0 1.0 0.0 0.0 0.0 -1.0 0.0 0.0 1.0 0.0 0.0 0.0 -1.0 0.0 0.0 1.0</float_array>
          <technique_common>
            <accessor count="6" source="#tail3-Normal-array" stride="3">
              <param name="X" type="float"/>
              <param name="Y" type="float"/>
              <param name="Z" type="float"/>
            </accessor>
          </technique_common>
        </source>
        <vertices id="tail3-Vertices">
          <input semantic="POSITION" source="#tail3-Pos"/>
        </vertices>
        <polylist count="18" material="tail3-Material">
          <input offset="0" semantic="VERTEX" source="#tail3-Vertices"/>
          <input offset="1" semantic="TEXCOORD" set="0" source="#tail3-UV"/>
          <input offset="2" semantic="NORMAL" source="#tail3-Normal"/>
          <vcount>4 4 4 4 4 4 4 4 4 4 4 4 4 4 4 4 4 4 </vcount>
          <p>0 0 0 1 1 0 2 2 0 3 3 0 4 4 0 5 5 0 6 6 0 7 7 0 8 8 0 9 9 0 10 10 0 11 11 0 12 12 1 13 13 1 14 14 1 15 15 1 16 16 1 17 17 1 18 18 1 19 19 1 20 20 1 21 21 1 22 22 1 23 23 1 24 24 2 25 25 2 26 26 2 27 27 2 28 28 2 29 29 2 30 30 2 31 31 2 32 32 2 33 33 2 34 34 2 35 35 2 36 36 3 37 37 3 38 38 3 39 39 3 40 40 3 41 41 3 42 42 3 43 43 3 44 44 3 45 45 3 46 46 3 47 47 3 48 48 4 49 49 4 50 50 4 51 51 4 52 52 4 53 53 4 54 54 4 55 55 4 56 56 4 57 57 4 58 58 4 59 59 4 60 60 5 61 61 5 62 62 5 63 63 5 64 64 5 65 65 5 66 66 5 67 67 5 68 68 5 69 69 5 70 70 5 71 71 5 </p>
        </polylist>
      </mesh>
    </geometry>
    <geometry id="tail4-Geom" name="tail4-Geom">
      <mesh>
        <source id="tail4-Pos">
          <float_array count="216" id="tail4-Pos-array">-2.9999998 -2.0 5.5000005 -2.9999998 2.0 5.5000005 -2.9999998 2.0 -5.5 -2.9999998 -2.0 -5.5 -2.0 -2.0 -5.5 -2.0 2.0 -5.5 -2.0 2.0 -7.4999995 -2.0 -2.0 -7.4999995 -2.0 -2.0 7.4999995 -2.0 2.0 7.4999995 -2.0 2.0 5.5000005 -2.0 -2.0 5.5000005 1.9999995 -2.0 -7.4999995 1.9999995 2.0 -7.4999995 1.9999995 2.0 -5.5 1.9999995 -2.0 -5.5 1.9999995 -2.0 5.5000005 1.9999995 2.0 5.5000005 1.9999995 2.0 7.4999995 1.9999995 -2.0 7.4999995 2.9999998 -2.0 -5.5 2.9999998 2.0 -5.5 2.9999998 2.0 5.5000005 2.9999998 -2.0 5.5000005 -2.9999998 -2.0 -5.5 2.9999998 -2.0 -5.5 2.9999998 -2.0 5.5000005 -2.9999998 -2.0 5.5000005 -2.0 -2.0 -7.4999995 1.9999995 -2.0 -7.4999995 1.9999995 -2.0 -5.5 -2.0 -2.0 -5.5 -2.0 -2.0 5.5000005 1.9999995 -2.0 5.5000005 1.9999995 -2.0 7.4999995 -2.0 -2.0 7.4999995 -2.9999998 2.0 5.5000005 2.9999998 2.0 5.5000005 2.9999998 2.0 -5.5 -2.9999998 2.0 -5.5 -2.0 2.0 -5.5 1.9999995 2.0 -5.5 1.9999995 2.0 -7.4999995 -2.0 2.0 -7.4999995 -2.0 2.0 7.4999995 1.9999995 2.0 7.4999995 1.9999995 2.0 5.5000005 -2.0 2.0 5.5000005 -2.0 2.0 -7.4999995 1.9999995 2.0 -7.4999995 1.9999995 -2.0 -7.4999995 -2.0 -2.0 -7.4999995 -2.9999998 2.0 -5.5 -2.0 2.0 -5.5 -2.0 -2.0 -5.5 -2.9999998 -2.0 -5.5 1.9999995 2.0 -5.5 2.9999998 2.0 -5.5 2.9999998 -2.0 -5.5 1.9999995 -2.0 -5.5 -2.9999998 -2.0 5.5000005 -2.0 -2.0 5.5000005 -2.0 2.0 5.5000005 -2.9999998 2.0 5.5000005 1.9999995 -2.0 5.5000005 2.9999998 -2.0 5.5000005 2.9999998 2.0 5.5000005 1.9999995 2.0 5.5000005 -2.0 -2.0 7.4999995 1.9999995 -2.0 7.4999995 1.9999995 2.0 7.4999995 -2.0 2.0 7.4999995 </float_array>
          <technique_common>
            <accessor count="72" source="#tail4-Pos-array" stride="3">
              <param name="X" type="float"/>
              <param name="Y" type="float"/>
              <param name="Z" type="float"/>
            </accessor>
          </technique_common>
        </source>
        <source id="tail4-UV">
          <float_array count="144" id="tail4-UV-array">0.0 0.828125 0.0625 0.828125 0.0625 1.0 0.0 1.0 0.125 0.9375 0.125 1.0 0.09375 1.0 0.09375 0.9375 0.1875 0.9375 0.1875 1.0 0.15625 1.0 0.15625 0.9375 0.09375 0.84375 0.09375 0.90625 0.125 0.90625 0.125 0.84375 0.15625 0.84375 0.15625 0.90625 0.1875 0.90625 0.1875 0.84375 0.265625 1.0 0.328125 1.0 0.328125 0.828125 0.265625 0.828125 0.359375 1.0 0.453125 1.0 0.453125 0.828125 0.359375 0.828125 0.0 0.671875 0.0 0.734375 0.03125 0.734375 0.03125 0.671875 0.0 0.671875 0.0 0.734375 0.03125 0.734375 0.03125 0.671875 0.0625 0.5625 0.15625 0.5625 0.15625 0.734375 0.0625 0.734375 0.125 0.609375 0.125 0.671875 0.09375 0.671875 0.09375 0.609375 0.125 0.609375 0.125 0.671875 0.09375 0.671875 0.09375 0.609375 0.265625 0.671875 0.328125 0.671875 0.328125 0.734375 0.265625 0.734375 0.21875 0.9375 0.234375 0.9375 0.234375 1.0 0.21875 1.0 0.21875 0.9375 0.234375 0.9375 0.234375 1.0 0.21875 1.0 0.265625 0.734375 0.28125 0.734375 0.28125 0.671875 0.265625 0.671875 0.265625 0.734375 0.28125 0.734375 0.28125 0.671875 0.265625 0.671875 0.359375 0.734375 0.421875 0.734375 0.421875 0.671875 0.359375 0.671875 </float_array>
          <technique_common>
            <accessor count="72" source="#tail4-UV-array" stride="2">
              <param name="S" type="float"/>
              <param name="T" type="float"/>
            </accessor>
          </technique_common>
        </source>
        <source id="tail4-Normal">
          <float_array count="18" id="tail4-Normal-array">-1.0 0.0 0.0 1.0 0.0 0.0 0.0 -1.0 0.0 0.0 1.0 0.0 0.0 0.0 -1.0 0.0 0.0 1.0</float_array>
          <technique_common>
            <accessor count="6" source="#tail4-Normal-array" stride="3">
              <param name="X" type="float"/>
              <param name="Y" type="float"/>
              <param name="Z" type="float"/>
            </accessor>
          </technique_common>
        </source>
        <vertices id="tail4-Vertices">
          <input semantic="POSITION" source="#tail4-Pos"/>
        </vertices>
        <polylist count="18" material="tail4-Material">
          <input offset="0" semantic="VERTEX" source="#tail4-Vertices"/>
          <input offset="1" semantic="TEXCOORD" set="0" source="#tail4-UV"/>
          <input offset="2" semantic="NORMAL" source="#tail4-Normal"/>
          <vcount>4 4 4 4 4 4 4 4 4 4 4 4 4 4 4 4 4 4 </vcount>
          <p>0 0 0 1 1 0 2 2 0 3 3 0 4 4 0 5 5 0 6 6 0 7 7 0 8 8 0 9 9 0 10 10 0 11 11 0 12 12 1 13 13 1 14 14 1 15 15 1 16 16 1 17 17 1 18 18 1 19 19 1 20 20 1 21 21 1 22 22 1 23 23 1 24 24 2 25 25 2 26 26 2 27 27 2 28 28 2 29 29 2 30 30 2 31 31 2 32 32 2 33 33 2 34 34 2 35 35 2 36 36 3 37 37 3 38 38 3 39 39 3 40 40 3 41 41 3 42 42 3 43 43 3 44 44 3 45 45 3 46 46 3 47 47 3 48 48 4 49 49 4 50 50 4 51 51 4 52 52 4 53 53 4 54 54 4 55 55 4 56 56 4 57 57 4 58 58 4 59 59 4 60 60 5 61 61 5 62 62 5 63 63 5 64 64 5 65 65 5 66 66 5 67 67 5 68 68 5 69 69 5 70 70 5 71 71 5 </p>
        </polylist>
      </mesh>
    </geometry>
    <geometry id="tail5-Geom" name="tail5-Geom">
      <mesh>
        <source id="tail5-Pos">
          <float_array count="216" id="tail5-Pos-array">-2.5 -1.4999999 5.5000005 -2.5 1.4999999 5.5000005 -2.5 1.4999999 -2.4999998 -2.5 -1.4999999 -2.4999998 -1.4999999 -1.4999999 -2.4999998 -1.4999999 1.4999999 -2.4999998 -1.4999999 1.4999999 -7.4999995 -1.4999999 -1.4999999 -7.4999995 -1.4999999 -1.4999999 7.4999995 -1.4999999 1.4999999 7.4999995 -1.4999999 1.4999999 5.5000005 -1.4999999 -1.4999999 5.5000005 1.5 -1.4999999 -7.4999995 1.5 1.4999999 -7.4999995 1.5 1.4999999 -2.4999998 1.5 -1.4999999 -2.4999998 1.5 -1.4999999 5.5000005 1.5 1.4999999 5.5000005 1.5 1.4999999 7.4999995 1.5 -1.4999999 7.4999995 2.5 -1.4999999 -2.4999998 2.5 1.4999999 -2.4999998 2.5 1.4999999 5.5000005 2.5 -1.4999999 5.5000005 -1.4999999 -1.4999999 -7.4999995 1.5 -1.4999999 -7.4999995 1.5 -1.4999999 7.4999995 -1.4999999 -1.4999999 7.4999995 -2.5 -1.4999999 -2.4999998 -1.4999999 -1.4999999 -2.4999998 -1.4999999 -1.4999999 5.5000005 -2.5 -1.4999999 5.5000005 1.5 -1.4999999 -2.4999998 2.5 -1.4999999 -2.4999998 2.5 -1.4999999 5.5000005 1.5 -1.4999999 5.5000005 -1.4999999 1.4999999 7.4999995 1.5 1.4999999 7.4999995 1.5 1.4999999 -7.4999995 -1.4999999 1.4999999 -7.4999995 -2.5 1.4999999 5.5000005 -1.4999999 1.4999999 5.5000005 -1.4999999 1.4999999 -2.4999998 -2.5 1.4999999 -2.4999998 1.5 1.4999999 5.5000005 2.5 1.4999999 5.5000005 2.5 1.4999999 -2.4999998 1.5 1.4999999 -2.4999998 -1.4999999 1.4999999 -7.4999995 1.5 1.4999999 -7.4999995 1.5 -1.4999999 -7.4999995 -1.4999999 -1.4999999 -7.4999995 -2.5 1.4999999 -2.4999998 -1.4999999 1.4999999 -2.4999998 -1.4999999 -1.4999999 -2.4999998 -2.5 -1.4999999 -2.4999998 1.5 1.4999999 -2.4999998 2.5 1.4999999 -2.4999998 2.5 -1.4999999 -2.4999998 1.5 -1.4999999 -2.4999998 -2.5 -1.4999999 5.5000005 -1.4999999 -1.4999999 5.5000005 -1.4999999 1.4999999 5.5000005 -2.5 1.4999999 5.5000005 1.5 -1.4999999 5.5000005 2.5 -1.4999999 5.5000005 2.5 1.4999999 5.5000005 1.5 1.4999999 5.5000005 -1.4999999 -1.4999999 7.4999995 1.5 -1.4999999 7.4999995 1.5 1.4999999 7.4999995 -1.4999999 1.4999999 7.4999995 </float_array>
          <technique_common>
            <accessor count="72" source="#tail5-Pos-array" stride="3">
              <param name="X" type="float"/>
              <param name="Y" type="float"/>
              <param name="Z" type="float"/>
            </accessor>
          </technique_common>
        </source>
        <source id="tail5-UV">
          <float_array count="144" id="tail5-UV-array">0.0 0.75 0.046875 0.75 0.046875 1.0 0.0 1.0 0.0 0.53125 0.046875 0.53125 0.046875 0.6875 0.0 0.6875 0.109375 0.90625 0.109375 1.0 0.078125 1.0 0.078125 0.90625 0.078125 0.84375 0.125 0.84375 0.125 0.6875 0.078125 0.6875 0.140625 0.90625 0.140625 1.0 0.171875 1.0 0.171875 0.90625 0.0 1.0 0.046875 1.0 0.046875 0.75 0.0 0.75 0.265625 1.0 0.3125 1.0 0.3125 0.53125 0.265625 0.53125 0.0 1.0 0.015625 1.0 0.015625 0.75 0.0 0.75 0.0 1.0 0.015625 1.0 0.015625 0.75 0.0 0.75 0.34375 0.53125 0.390625 0.53125 0.390625 1.0 0.34375 1.0 0.03125 0.75 0.046875 0.75 0.046875 1.0 0.03125 1.0 0.03125 0.75 0.046875 0.75 0.046875 1.0 0.03125 1.0 0.078125 0.53125 0.125 0.53125 0.125 0.625 0.078125 0.625 0.078125 0.53125 0.09375 0.53125 0.09375 0.625 0.078125 0.625 0.078125 0.53125 0.09375 0.53125 0.09375 0.625 0.078125 0.625 0.203125 1.0 0.21875 1.0 0.21875 0.90625 0.203125 0.90625 0.203125 1.0 0.21875 1.0 0.21875 0.90625 0.203125 0.90625 0.078125 0.625 0.125 0.625 0.125 0.53125 0.078125 0.53125 </float_array>
          <technique_common>
            <accessor count="72" source="#tail5-UV-array" stride="2">
              <param name="S" type="float"/>
              <param name="T" type="float"/>
            </accessor>
          </technique_common>
        </source>
        <source id="tail5-Normal">
          <float_array count="18" id="tail5-Normal-array">-1.0 0.0 0.0 1.0 0.0 0.0 0.0 -1.0 0.0 0.0 1.0 0.0 0.0 0.0 -1.0 0.0 0.0 1.0</float_array>
          <technique_common>
            <accessor count="6" source="#tail5-Normal-array" stride="3">
              <param name="X" type="float"/>
              <param name="Y" type="float"/>
              <param name="Z" type="float"/>
            </accessor>
          </technique_common>
        </source>
        <vertices id="tail5-Vertices">
          <input semantic="POSITION" source="#tail5-Pos"/>
        </vertices>
        <polylist count="18" material="tail5-Material">
          <input offset="0" semantic="VERTEX" source="#tail5-Vertices"/>
          <input offset="1" semantic="TEXCOORD" set="0" source="#tail5-UV"/>
          <input offset="2" semantic="NORMAL" source="#tail5-Normal"/>
          <vcount>4 4 4 4 4 4 4 4 4 4 4 4 4 4 4 4 4 4 </vcount>
          <p>0 0 0 1 1 0 2 2 0 3 3 0 4 4 0 5 5 0 6 6 0 7 7 0 8 8 0 9 9 0 10 10 0 11 11 0 12 12 1 13 13 1 14 14 1 15 15 1 16 16 1 17 17 1 18 18 1 19 19 1 20 20 1 21 21 1 22 22 1 23 23 1 24 24 2 25 25 2 26 26 2 27 27 2 28 28 2 29 29 2 30 30 2 31 31 2 32 32 2 33 33 2 34 34 2 35 35 2 36 36 3 37 37 3 38 38 3 39 39 3 40 40 3 41 41 3 42 42 3 43 43 3 44 44 3 45 45 3 46 46 3 47 47 3 48 48 4 49 49 4 50 50 4 51 51 4 52 52 4 53 53 4 54 54 4 55 55 4 56 56 4 57 57 4 58 58 4 59 59 4 60 60 5 61 61 5 62 62 5 63 63 5 64 64 5 65 65 5 66 66 5 67 67 5 68 68 5 69 69 5 70 70 5 71 71 5 </p>
        </polylist>
      </mesh>
    </geometry>
    <geometry id="tail6-Geom" name="tail6-Geom">
      <mesh>
        <source id="tail6-Pos">
          <float_array count="216" id="tail6-Pos-array">-2.0 -1.0 5.5000005 -2.0 1.0 5.5000005 -2.0 1.0 0.50000036 -2.0 -1.0 0.50000036 -1.0 -1.0 0.50000036 -1.0 1.0 0.50000036 -1.0 1.0 -7.4999995 -1.0 -1.0 -7.4999995 -1.0 -1.0 7.4999995 -1.0 1.0 7.4999995 -1.0 1.0 5.5000005 -1.0 -1.0 5.5000005 1.0000001 -1.0 -7.4999995 1.0000001 1.0 -7.4999995 1.0000001 1.0 0.50000036 1.0000001 -1.0 0.50000036 1.0000001 -1.0 5.5000005 1.0000001 1.0 5.5000005 1.0000001 1.0 7.4999995 1.0000001 -1.0 7.4999995 2.0 -1.0 0.50000036 2.0 1.0 0.50000036 2.0 1.0 5.5000005 2.0 -1.0 5.5000005 -1.0 -1.0 -7.4999995 1.0000001 -1.0 -7.4999995 1.0000001 -1.0 7.4999995 -1.0 -1.0 7.4999995 -2.0 -1.0 0.50000036 -1.0 -1.0 0.50000036 -1.0 -1.0 5.5000005 -2.0 -1.0 5.5000005 1.0000001 -1.0 0.50000036 2.0 -1.0 0.50000036 2.0 -1.0 5.5000005 1.0000001 -1.0 5.5000005 -1.0 1.0 7.4999995 1.0000001 1.0 7.4999995 1.0000001 1.0 -7.4999995 -1.0 1.0 -7.4999995 -2.0 1.0 5.5000005 -1.0 1.0 5.5000005 -1.0 1.0 0.50000036 -2.0 1.0 0.50000036 1.0000001 1.0 5.5000005 2.0 1.0 5.5000005 2.0 1.0 0.50000036 1.0000001 1.0 0.50000036 -1.0 1.0 -7.4999995 1.0000001 1.0 -7.4999995 1.0000001 -1.0 -7.4999995 -1.0 -1.0 -7.4999995 -2.0 1.0 0.50000036 -1.0 1.0 0.50000036 -1.0 -1.0 0.50000036 -2.0 -1.0 0.50000036 1.0000001 1.0 0.50000036 2.0 1.0 0.50000036 2.0 -1.0 0.50000036 1.0000001 -1.0 0.50000036 -2.0 -1.0 5.5000005 -1.0 -1.0 5.5000005 -1.0 1.0 5.5000005 -2.0 1.0 5.5000005 1.0000001 -1.0 5.5000005 2.0 -1.0 5.5000005 2.0 1.0 5.5000005 1.0000001 1.0 5.5000005 -1.0 -1.0 7.4999995 1.0000001 -1.0 7.4999995 1.0000001 1.0 7.4999995 -1.0 1.0 7.4999995 </float_array>
          <technique_common>
            <accessor count="72" source="#tail6-Pos-array" stride="3">
              <param name="X" type="float"/>
              <param name="Y" type="float"/>
              <param name="Z" type="float"/>
            </accessor>
          </technique_common>
        </source>
        <source id="tail6-UV">
          <float_array count="144" id="tail6-UV-array">0.0 0.84375 0.03125 0.84375 0.03125 1.0 0.0 1.0 0.0 0.53125 0.03125 0.53125 0.03125 0.78125 0.0 0.78125 0.0625 0.9375 0.09375 0.9375 0.09375 1.0 0.0625 1.0 0.0625 0.875 0.09375 0.875 0.09375 0.625 0.0625 0.625 0.0625 1.0 0.09375 1.0 0.09375 0.9375 0.0625 0.9375 0.125 0.875 0.15625 0.875 0.15625 0.71875 0.125 0.71875 0.265625 1.0 0.296875 1.0 0.296875 0.53125 0.265625 0.53125 0.0 1.0 0.015625 1.0 0.015625 0.84375 0.0 0.84375 0.0 1.0 0.015625 1.0 0.015625 0.84375 0.0 0.84375 0.328125 0.53125 0.359375 0.53125 0.359375 1.0 0.328125 1.0 0.015625 0.84375 0.03125 0.84375 0.03125 1.0 0.015625 1.0 0.1875 0.71875 0.203125 0.71875 0.203125 0.875 0.1875 0.875 0.125 0.9375 0.15625 0.9375 0.15625 1.0 0.125 1.0 0.1875 0.9375 0.203125 0.9375 0.203125 1.0 0.1875 1.0 0.125 0.59375 0.140625 0.59375 0.140625 0.65625 0.125 0.65625 0.125 0.65625 0.140625 0.65625 0.140625 0.59375 0.125 0.59375 0.1875 1.0 0.203125 1.0 0.203125 0.9375 0.1875 0.9375 0.125 1.0 0.15625 1.0 0.15625 0.9375 0.125 0.9375 </float_array>
          <technique_common>
            <accessor count="72" source="#tail6-UV-array" stride="2">
              <param name="S" type="float"/>
              <param name="T" type="float"/>
            </accessor>
          </technique_common>
        </source>
        <source id="tail6-Normal">
          <float_array count="18" id="tail6-Normal-array">-1.0 0.0 0.0 1.0 0.0 0.0 0.0 -1.0 0.0 0.0 1.0 0.0 0.0 0.0 -1.0 0.0 0.0 1.0</float_array>
          <technique_common>
            <accessor count="6" source="#tail6-Normal-array" stride="3">
              <param name="X" type="float"/>
              <param name="Y" type="float"/>
              <param name="Z" type="float"/>
            </accessor>
          </technique_common>
        </source>
        <vertices id="tail6-Vertices">
          <input semantic="POSITION" source="#tail6-Pos"/>
        </vertices>
        <polylist count="18" material="tail6-Material">
          <input offset="0" semantic="VERTEX" source="#tail6-Vertices"/>
          <input offset="1" semantic="TEXCOORD" set="0" source="#tail6-UV"/>
          <input offset="2" semantic="NORMAL" source="#tail6-Normal"/>
          <vcount>4 4 4 4 4 4 4 4 4 4 4 4 4 4 4 4 4 4 </vcount>
          <p>0 0 0 1 1 0 2 2 0 3 3 0 4 4 0 5 5 0 6 6 0 7 7 0 8 8 0 9 9 0 10 10 0 11 11 0 12 12 1 13 13 1 14 14 1 15 15 1 16 16 1 17 17 1 18 18 1 19 19 1 20 20 1 21 21 1 22 22 1 23 23 1 24 24 2 25 25 2 26 26 2 27 27 2 28 28 2 29 29 2 30 30 2 31 31 2 32 32 2 33 33 2 34 34 2 35 35 2 36 36 3 37 37 3 38 38 3 39 39 3 40 40 3 41 41 3 42 42 3 43 43 3 44 44 3 45 45 3 46 46 3 47 47 3 48 48 4 49 49 4 50 50 4 51 51 4 52 52 4 53 53 4 54 54 4 55 55 4 56 56 4 57 57 4 58 58 4 59 59 4 60 60 5 61 61 5 62 62 5 63 63 5 64 64 5 65 65 5 66 66 5 67 67 5 68 68 5 69 69 5 70 70 5 71 71 5 </p>
        </polylist>
      </mesh>
    </geometry>
  </library_geometries>
  <library_animations>
    <animation id="controller-global-anim" name="controller-global-anim">
      <animation>
        <source id="controller-global-anim-inSource-TIME">
          <float_array count="49" id="controller-global-anim-inSource-TIME-array">0.0 0.041666668 0.083333336 0.125 0.16666667 0.20833333 0.25 0.29166666 0.33333334 0.375 0.41666666 0.45833334 0.5 0.5416667 0.5833333 0.625 0.6666667 0.7083333 0.75 0.7916667 0.8333333 0.875 0.9166667 0.9583333 1.0 1.0416666 1.0833334 1.125 1.1666666 1.2083334 1.25 1.2916666 1.3333334 1.375 1.4166666 1.4583334 1.5 1.5416666 1.5833334 1.625 1.6666666 1.7083334 1.75 1.7916666 1.8333334 1.875 1.9166666 1.9583334 2.0 </float_array>
          <technique_common>
            <accessor count="49" source="#controller-global-anim-inSource-TIME-array">
              <param name="TIME" type="float"/>
            </accessor>
          </technique_common>
        </source>
        <source id="controller-global-anim-interpolation">
          <Name_array count="49" id="controller-global-anim-interpolation-array">LINEAR LINEAR LINEAR LINEAR LINEAR LINEAR LINEAR LINEAR LINEAR LINEAR LINEAR LINEAR LINEAR LINEAR LINEAR LINEAR LINEAR LINEAR LINEAR LINEAR LINEAR LINEAR LINEAR LINEAR LINEAR LINEAR LINEAR LINEAR LINEAR LINEAR LINEAR LINEAR LINEAR LINEAR LINEAR LINEAR LINEAR LINEAR LINEAR LINEAR LINEAR LINEAR LINEAR LINEAR LINEAR LINEAR LINEAR LINEAR LINEAR </Name_array>
          <technique_common>
            <accessor count="49" source="#controller-global-anim-interpolation-array">
              <param type="name"/>
            </accessor>
          </technique_common>
        </source>
        <source id="controller-global-anim-outSource-global">
          <float_array count="784" id="controller-global-anim-outSource-global-array">1.0 0.0 0.0 0.0 0.0 1.0 0.0 0.0 0.0 0.0 1.0 0.0 0.0 0.0 0.0 1.0 1.0 0.0 0.0 0.0 0.0 1.0 0.0 0.0 0.0 0.0 1.0 0.0 0.0 0.0 0.0 1.0 1.0 0.0 0.0 0.0 0.0 1.0 0.0 0.0 0.0 0.0 1.0 0.0 0.0 0.0 0.0 1.0 1.0 0.0 0.0 0.0 0.0 1.0 0.0 0.0 0.0 0.0 1.0 0.0 0.0 0.0 0.0 1.0 1.0 0.0 0.0 0.0 0.0 1.0 0.0 0.0 0.0 0.0 1.0 0.0 0.0 0.0 0.0 1.0 1.0 0.0 0.0 0.0 0.0 1.0 0.0 0.0 0.0 0.0 1.0 0.0 0.0 0.0 0.0 1.0 1.0 0.0 0.0 0.0 0.0 1.0 0.0 0.0 0.0 0.0 1.0 0.0 0.0 0.0 0.0 1.0 1.0 0.0 0.0 0.0 0.0 1.0 0.0 0.0 0.0 0.0 1.0 0.0 0.0 0.0 0.0 1.0 1.0 0.0 0.0 0.0 0.0 1.0 0.0 0.0 0.0 0.0 1.0 0.0 0.0 0.0 0.0 1.0 1.0 0.0 0.0 0.0 0.0 1.0 0.0 0.0 0.0 0.0 1.0 0.0 0.0 0.0 0.0 1.0 1.0 0.0 0.0 0.0 0.0 1.0 0.0 0.0 0.0 0.0 1.0 0.0 0.0 0.0 0.0 1.0 1.0 0.0 0.0 0.0 0.0 1.0 0.0 0.0 0.0 0.0 1.0 0.0 0.0 0.0 0.0 1.0 1.0 0.0 0.0 0.0 0.0 1.0 0.0 0.0 0.0 0.0 1.0 0.0 0.0 0.0 0.0 1.0 1.0 0.0 0.0 0.0 0.0 1.0 0.0 0.0 0.0 0.0 1.0 0.0 0.0 0.0 0.0 1.0 1.0 0.0 0.0 0.0 0.0 1.0 0.0 0.0 0.0 0.0 1.0 0.0 0.0 0.0 0.0 1.0 1.0 0.0 0.0 0.0 0.0 1.0 0.0 0.0 0.0 0.0 1.0 0.0 0.0 0.0 0.0 1.0 1.0 0.0 0.0 0.0 0.0 1.0 0.0 0.0 0.0 0.0 1.0 0.0 0.0 0.0 0.0 1.0 1.0 0.0 0.0 0.0 0.0 1.0 0.0 0.0 0.0 0.0 1.0 0.0 0.0 0.0 0.0 1.0 1.0 0.0 0.0 0.0 0.0 1.0 0.0 0.0 0.0 0.0 1.0 0.0 0.0 0.0 0.0 1.0 1.0 0.0 0.0 0.0 0.0 1.0 0.0 0.0 0.0 0.0 1.0 0.0 0.0 0.0 0.0 1.0 1.0 0.0 0.0 0.0 0.0 1.0 0.0 0.0 0.0 0.0 1.0 0.0 0.0 0.0 0.0 1.0 1.0 0.0 0.0 0.0 0.0 1.0 0.0 0.0 0.0 0.0 1.0 0.0 0.0 0.0 0.0 1.0 1.0 0.0 0.0 0.0 0.0 1.0 0.0 0.0 0.0 0.0 1.0 0.0 0.0 0.0 0.0 1.0 1.0 0.0 0.0 0.0 0.0 1.0 0.0 0.0 0.0 0.0 1.0 0.0 0.0 0.0 0.0 1.0 1.0 0.0 0.0 0.0 0.0 1.0 0.0 0.0 0.0 0.0 1.0 0.0 0.0 0.0 0.0 1.0 1.0 0.0 0.0 0.0 0.0 1.0 0.0 0.0 0.0 0.0 1.0 0.0 0.0 0.0 0.0 1.0 1.0 0.0 0.0 0.0 0.0 1.0 0.0 0.0 0.0 0.0 1.0 0.0 0.0 0.0 0.0 1.0 1.0 0.0 0.0 0.0 0.0 1.0 0.0 0.0 0.0 0.0 1.0 0.0 0.0 0.0 0.0 1.0 1.0 0.0 0.0 0.0 0.0 1.0 0.0 0.0 0.0 0.0 1.0 0.0 0.0 0.0 0.0 1.0 1.0 0.0 0.0 0.0 0.0 1.0 0.0 0.0 0.0 0.0 1.0 0.0 0.0 0.0 0.0 1.0 1.0 0.0 0.0 0.0 0.0 1.0 0.0 0.0 0.0 0.0 1.0 0.0 0.0 0.0 0.0 1.0 1.0 0.0 0.0 0.0 0.0 1.0 0.0 0.0 0.0 0.0 1.0 0.0 0.0 0.0 0.0 1.0 1.0 0.0 0.0 0.0 0.0 1.0 0.0 0.0 0.0 0.0 1.0 0.0 0.0 0.0 0.0 1.0 1.0 0.0 0.0 0.0 0.0 1.0 0.0 0.0 0.0 0.0 1.0 0.0 0.0 0.0 0.0 1.0 1.0 0.0 0.0 0.0 0.0 1.0 0.0 0.0 0.0 0.0 1.0 0.0 0.0 0.0 0.0 1.0 1.0 0.0 0.0 0.0 0.0 1.0 0.0 0.0 0.0 0.0 1.0 0.0 0.0 0.0 0.0 1.0 1.0 0.0 0.0 0.0 0.0 1.0 0.0 0.0 0.0 0.0 1.0 0.0 0.0 0.0 0.0 1.0 1.0 0.0 0.0 0.0 0.0 1.0 0.0 0.0 0.0 0.0 1.0 0.0 0.0 0.0 0.0 1.0 1.0 0.0 0.0 0.0 0.0 1.0 0.0 0.0 0.0 0.0 1.0 0.0 0.0 0.0 0.0 1.0 1.0 0.0 0.0 0.0 0.0 1.0 0.0 0.0 0.0 0.0 1.0 0.0 0.0 0.0 0.0 1.0 1.0 0.0 0.0 0.0 0.0 1.0 0.0 0.0 0.0 0.0 1.0 0.0 0.0 0.0 0.0 1.0 1.0 0.0 0.0 0.0 0.0 1.0 0.0 0.0 0.0 0.0 1.0 0.0 0.0 0.0 0.0 1.0 1.0 0.0 0.0 0.0 0.0 1.0 0.0 0.0 0.0 0.0 1.0 0.0 0.0 0.0 0.0 1.0 1.0 0.0 0.0 0.0 0.0 1.0 0.0 0.0 0.0 0.0 1.0 0.0 0.0 0.0 0.0 1.0 1.0 0.0 0.0 0.0 0.0 1.0 0.0 0.0 0.0 0.0 1.0 0.0 0.0 0.0 0.0 1.0 1.0 0.0 0.0 0.0 0.0 1.0 0.0 0.0 0.0 0.0 1.0 0.0 0.0 0.0 0.0 1.0 1.0 0.0 0.0 0.0 0.0 1.0 0.0 0.0 0.0 0.0 1.0 0.0 0.0 0.0 0.0 1.0 1.0 0.0 0.0 0.0 0.0 1.0 0.0 0.0 0.0 0.0 1.0 0.0 0.0 0.0 0.0 1.0 1.0 0.0 0.0 0.0 0.0 1.0 0.0 0.0 0.0 0.0 1.0 0.0 0.0 0.0 0.0 1.0 </float_array>
          <technique_common>
            <accessor count="49" source="#controller-global-anim-outSource-global-array" stride="16">
              <param type="float4x4"/>
            </accessor>
          </technique_common>
        </source>
        <sampler id="controller-global-anim-globalSampler">
          <input semantic="INPUT" source="#controller-global-anim-inSource-TIME"/>
          <input semantic="OUTPUT" source="#controller-global-anim-outSource-global"/>
          <input semantic="INTERPOLATION" source="#controller-global-anim-interpolation"/>
        </sampler>
        <channel source="#controller-global-anim-globalSampler" target="controller-global/matrix"/>
      </animation>
    </animation>
    <animation id="controller-local-anim" name="controller-local-anim">
      <animation>
        <source id="controller-local-anim-inSource-TIME">
          <float_array count="49" id="controller-local-anim-inSource-TIME-array">0.0 0.041666668 0.083333336 0.125 0.16666667 0.20833333 0.25 0.29166666 0.33333334 0.375 0.41666666 0.45833334 0.5 0.5416667 0.5833333 0.625 0.6666667 0.7083333 0.75 0.7916667 0.8333333 0.875 0.9166667 0.9583333 1.0 1.0416666 1.0833334 1.125 1.1666666 1.2083334 1.25 1.2916666 1.3333334 1.375 1.4166666 1.4583334 1.5 1.5416666 1.5833334 1.625 1.6666666 1.7083334 1.75 1.7916666 1.8333334 1.875 1.9166666 1.9583334 2.0 </float_array>
          <technique_common>
            <accessor count="49" source="#controller-local-anim-inSource-TIME-array">
              <param name="TIME" type="float"/>
            </accessor>
          </technique_common>
        </source>
        <source id="controller-local-anim-interpolation">
          <Name_array count="49" id="controller-local-anim-interpolation-array">LINEAR LINEAR LINEAR LINEAR LINEAR LINEAR LINEAR LINEAR LINEAR LINEAR LINEAR LINEAR LINEAR LINEAR LINEAR LINEAR LINEAR LINEAR LINEAR LINEAR LINEAR LINEAR LINEAR LINEAR LINEAR LINEAR LINEAR LINEAR LINEAR LINEAR LINEAR LINEAR LINEAR LINEAR LINEAR LINEAR LINEAR LINEAR LINEAR LINEAR LINEAR LINEAR LINEAR LINEAR LINEAR LINEAR LINEAR LINEAR LINEAR </Name_array>
          <technique_common>
            <accessor count="49" source="#controller-local-anim-interpolation-array">
              <param type="name"/>
            </accessor>
          </technique_common>
        </source>
        <source id="controller-local-anim-outSource-local">
          <float_array count="784" id="controller-local-anim-outSource-local-array">1.0 0.0 0.0 0.0 0.0 1.0 0.0 0.0 0.0 0.0 1.0 0.0 0.0 0.0 0.0 1.0 1.0 0.0 0.0 0.0 0.0 1.0 0.0 0.0 0.0 0.0 1.0 0.0 0.0 0.0 0.0 1.0 1.0 0.0 0.0 0.0 0.0 1.0 0.0 0.0 0.0 0.0 1.0 0.0 0.0 0.0 0.0 1.0 1.0 0.0 0.0 0.0 0.0 1.0 0.0 0.0 0.0 0.0 1.0 0.0 0.0 0.0 0.0 1.0 1.0 0.0 0.0 0.0 0.0 1.0 0.0 0.0 0.0 0.0 1.0 0.0 0.0 0.0 0.0 1.0 1.0 0.0 0.0 0.0 0.0 1.0 0.0 0.0 0.0 0.0 1.0 0.0 0.0 0.0 0.0 1.0 1.0 0.0 0.0 0.0 0.0 1.0 0.0 0.0 0.0 0.0 1.0 0.0 0.0 0.0 0.0 1.0 1.0 0.0 0.0 0.0 0.0 1.0 0.0 0.0 0.0 0.0 1.0 0.0 0.0 0.0 0.0 1.0 1.0 0.0 0.0 0.0 0.0 1.0 0.0 0.0 0.0 0.0 1.0 0.0 0.0 0.0 0.0 1.0 1.0 0.0 0.0 0.0 0.0 1.0 0.0 0.0 0.0 0.0 1.0 0.0 0.0 0.0 0.0 1.0 1.0 0.0 0.0 0.0 0.0 1.0 0.0 0.0 0.0 0.0 1.0 0.0 0.0 0.0 0.0 1.0 1.0 0.0 0.0 0.0 0.0 1.0 0.0 0.0 0.0 0.0 1.0 0.0 0.0 0.0 0.0 1.0 1.0 0.0 0.0 0.0 0.0 1.0 0.0 0.0 0.0 0.0 1.0 0.0 0.0 0.0 0.0 1.0 1.0 0.0 0.0 0.0 0.0 1.0 0.0 0.0 0.0 0.0 1.0 0.0 0.0 0.0 0.0 1.0 1.0 0.0 0.0 0.0 0.0 1.0 0.0 0.0 0.0 0.0 1.0 0.0 0.0 0.0 0.0 1.0 1.0 0.0 0.0 0.0 0.0 1.0 0.0 0.0 0.0 0.0 1.0 0.0 0.0 0.0 0.0 1.0 1.0 0.0 0.0 0.0 0.0 1.0 0.0 0.0 0.0 0.0 1.0 0.0 0.0 0.0 0.0 1.0 1.0 0.0 0.0 0.0 0.0 1.0 0.0 0.0 0.0 0.0 1.0 0.0 0.0 0.0 0.0 1.0 1.0 0.0 0.0 0.0 0.0 1.0 0.0 0.0 0.0 0.0 1.0 0.0 0.0 0.0 0.0 1.0 1.0 0.0 0.0 0.0 0.0 1.0 0.0 0.0 0.0 0.0 1.0 0.0 0.0 0.0 0.0 1.0 1.0 0.0 0.0 0.0 0.0 1.0 0.0 0.0 0.0 0.0 1.0 0.0 0.0 0.0 0.0 1.0 1.0 0.0 0.0 0.0 0.0 1.0 0.0 0.0 0.0 0.0 1.0 0.0 0.0 0.0 0.0 1.0 1.0 0.0 0.0 0.0 0.0 1.0 0.0 0.0 0.0 0.0 1.0 0.0 0.0 0.0 0.0 1.0 1.0 0.0 0.0 0.0 0.0 1.0 0.0 0.0 0.0 0.0 1.0 0.0 0.0 0.0 0.0 1.0 1.0 0.0 0.0 0.0 0.0 1.0 0.0 0.0 0.0 0.0 1.0 0.0 0.0 0.0 0.0 1.0 1.0 0.0 0.0 0.0 0.0 1.0 0.0 0.0 0.0 0.0 1.0 0.0 0.0 0.0 0.0 1.0 1.0 0.0 0.0 0.0 0.0 1.0 0.0 0.0 0.0 0.0 1.0 0.0 0.0 0.0 0.0 1.0 1.0 0.0 0.0 0.0 0.0 1.0 0.0 0.0 0.0 0.0 1.0 0.0 0.0 0.0 0.0 1.0 1.0 0.0 0.0 0.0 0.0 1.0 0.0 0.0 0.0 0.0 1.0 0.0 0.0 0.0 0.0 1.0 1.0 0.0 0.0 0.0 0.0 1.0 0.0 0.0 0.0 0.0 1.0 0.0 0.0 0.0 0.0 1.0 1.0 0.0 0.0 0.0 0.0 1.0 0.0 0.0 0.0 0.0 1.0 0.0 0.0 0.0 0.0 1.0 1.0 0.0 0.0 0.0 0.0 1.0 0.0 0.0 0.0 0.0 1.0 0.0 0.0 0.0 0.0 1.0 1.0 0.0 0.0 0.0 0.0 1.0 0.0 0.0 0.0 0.0 1.0 0.0 0.0 0.0 0.0 1.0 1.0 0.0 0.0 0.0 0.0 1.0 0.0 0.0 0.0 0.0 1.0 0.0 0.0 0.0 0.0 1.0 1.0 0.0 0.0 0.0 0.0 1.0 0.0 0.0 0.0 0.0 1.0 0.0 0.0 0.0 0.0 1.0 1.0 0.0 0.0 0.0 0.0 1.0 0.0 0.0 0.0 0.0 1.0 0.0 0.0 0.0 0.0 1.0 1.0 0.0 0.0 0.0 0.0 1.0 0.0 0.0 0.0 0.0 1.0 0.0 0.0 0.0 0.0 1.0 1.0 0.0 0.0 0.0 0.0 1.0 0.0 0.0 0.0 0.0 1.0 0.0 0.0 0.0 0.0 1.0 1.0 0.0 0.0 0.0 0.0 1.0 0.0 0.0 0.0 0.0 1.0 0.0 0.0 0.0 0.0 1.0 1.0 0.0 0.0 0.0 0.0 1.0 0.0 0.0 0.0 0.0 1.0 0.0 0.0 0.0 0.0 1.0 1.0 0.0 0.0 0.0 0.0 1.0 0.0 0.0 0.0 0.0 1.0 0.0 0.0 0.0 0.0 1.0 1.0 0.0 0.0 0.0 0.0 1.0 0.0 0.0 0.0 0.0 1.0 0.0 0.0 0.0 0.0 1.0 1.0 0.0 0.0 0.0 0.0 1.0 0.0 0.0 0.0 0.0 1.0 0.0 0.0 0.0 0.0 1.0 1.0 0.0 0.0 0.0 0.0 1.0 0.0 0.0 0.0 0.0 1.0 0.0 0.0 0.0 0.0 1.0 1.0 0.0 0.0 0.0 0.0 1.0 0.0 0.0 0.0 0.0 1.0 0.0 0.0 0.0 0.0 1.0 1.0 0.0 0.0 0.0 0.0 1.0 0.0 0.0 0.0 0.0 1.0 0.0 0.0 0.0 0.0 1.0 1.0 0.0 0.0 0.0 0.0 1.0 0.0 0.0 0.0 0.0 1.0 0.0 0.0 0.0 0.0 1.0 1.0 0.0 0.0 0.0 0.0 1.0 0.0 0.0 0.0 0.0 1.0 0.0 0.0 0.0 0.0 1.0 1.0 0.0 0.0 0.0 0.0 1.0 0.0 0.0 0.0 0.0 1.0 0.0 0.0 0.0 0.0 1.0 </float_array>
          <technique_common>
            <accessor count="49" source="#controller-local-anim-outSource-local-array" stride="16">
              <param type="float4x4"/>
            </accessor>
          </technique_common>
        </source>
        <sampler id="controller-local-anim-localSampler">
          <input semantic="INPUT" source="#controller-local-anim-inSource-TIME"/>
          <input semantic="OUTPUT" source="#controller-local-anim-outSource-local"/>
          <input semantic="INTERPOLATION" source="#controller-local-anim-interpolation"/>
        </sampler>
        <channel source="#controller-local-anim-localSampler" target="controller-local/matrix"/>
      </animation>
    </animation>
    <animation id="head-global-anim" name="head-global-anim">
      <animation>
        <source id="head-global-anim-inSource-TIME">
          <float_array count="49" id="head-global-anim-inSource-TIME-array">0.0 0.041666668 0.083333336 0.125 0.16666667 0.20833333 0.25 0.29166666 0.33333334 0.375 0.41666666 0.45833334 0.5 0.5416667 0.5833333 0.625 0.6666667 0.7083333 0.75 0.7916667 0.8333333 0.875 0.9166667 0.9583333 1.0 1.0416666 1.0833334 1.125 1.1666666 1.2083334 1.25 1.2916666 1.3333334 1.375 1.4166666 1.4583334 1.5 1.5416666 1.5833334 1.625 1.6666666 1.7083334 1.75 1.7916666 1.8333334 1.875 1.9166666 1.9583334 2.0 </float_array>
          <technique_common>
            <accessor count="49" source="#head-global-anim-inSource-TIME-array">
              <param name="TIME" type="float"/>
            </accessor>
          </technique_common>
        </source>
        <source id="head-global-anim-interpolation">
          <Name_array count="49" id="head-global-anim-interpolation-array">LINEAR LINEAR LINEAR LINEAR LINEAR LINEAR LINEAR LINEAR LINEAR LINEAR LINEAR LINEAR LINEAR LINEAR LINEAR LINEAR LINEAR LINEAR LINEAR LINEAR LINEAR LINEAR LINEAR LINEAR LINEAR LINEAR LINEAR LINEAR LINEAR LINEAR LINEAR LINEAR LINEAR LINEAR LINEAR LINEAR LINEAR LINEAR LINEAR LINEAR LINEAR LINEAR LINEAR LINEAR LINEAR LINEAR LINEAR LINEAR LINEAR </Name_array>
          <technique_common>
            <accessor count="49" source="#head-global-anim-interpolation-array">
              <param type="name"/>
            </accessor>
          </technique_common>
        </source>
        <source id="head-global-anim-outSource-global">
          <float_array count="784" id="head-global-anim-outSource-global-array">1.0 0.0 0.0 0.0 0.0 1.0 0.0 3.138434 0.0 0.0 1.0 0.0 0.0 0.0 0.0 1.0 1.0 0.0 0.0 0.0 0.0 1.0 0.0 3.138434 0.0 0.0 1.0 0.0 0.0 0.0 0.0 1.0 1.0 0.0 0.0 0.0 0.0 1.0 0.0 3.138434 0.0 0.0 1.0 0.0 0.0 0.0 0.0 1.0 1.0 0.0 0.0 0.0 0.0 1.0 0.0 3.138434 0.0 0.0 1.0 0.0 0.0 0.0 0.0 1.0 1.0 0.0 0.0 0.0 0.0 1.0 0.0 3.138434 0.0 0.0 1.0 0.0 0.0 0.0 0.0 1.0 1.0 0.0 0.0 0.0 0.0 1.0 0.0 3.138434 0.0 0.0 1.0 0.0 0.0 0.0 0.0 1.0 1.0 0.0 0.0 0.0 0.0 1.0 0.0 3.138434 0.0 0.0 1.0 0.0 0.0 0.0 0.0 1.0 1.0 0.0 0.0 0.0 0.0 1.0 0.0 3.138434 0.0 0.0 1.0 0.0 0.0 0.0 0.0 1.0 1.0 0.0 0.0 0.0 0.0 1.0 0.0 3.138434 0.0 0.0 1.0 0.0 0.0 0.0 0.0 1.0 1.0 0.0 0.0 0.0 0.0 1.0 0.0 3.138434 0.0 0.0 1.0 0.0 0.0 0.0 0.0 1.0 1.0 0.0 0.0 0.0 0.0 1.0 0.0 3.138434 0.0 0.0 1.0 0.0 0.0 0.0 0.0 1.0 1.0 0.0 0.0 0.0 0.0 1.0 0.0 3.138434 0.0 0.0 1.0 0.0 0.0 0.0 0.0 1.0 1.0 0.0 0.0 0.0 0.0 1.0 0.0 3.138434 0.0 0.0 1.0 0.0 0.0 0.0 0.0 1.0 1.0 0.0 0.0 0.0 0.0 1.0 0.0 3.138434 0.0 0.0 1.0 0.0 0.0 0.0 0.0 1.0 1.0 0.0 0.0 0.0 0.0 1.0 0.0 3.138434 0.0 0.0 1.0 0.0 0.0 0.0 0.0 1.0 1.0 0.0 0.0 0.0 0.0 1.0 0.0 3.138434 0.0 0.0 1.0 0.0 0.0 0.0 0.0 1.0 1.0 0.0 0.0 0.0 0.0 1.0 0.0 3.138434 0.0 0.0 1.0 0.0 0.0 0.0 0.0 1.0 1.0 0.0 0.0 0.0 0.0 1.0 0.0 3.138434 0.0 0.0 1.0 0.0 0.0 0.0 0.0 1.0 1.0 0.0 0.0 0.0 0.0 1.0 0.0 3.138434 0.0 0.0 1.0 0.0 0.0 0.0 0.0 1.0 1.0 0.0 0.0 0.0 0.0 1.0 0.0 3.138434 0.0 0.0 1.0 0.0 0.0 0.0 0.0 1.0 1.0 0.0 0.0 0.0 0.0 1.0 0.0 3.138434 0.0 0.0 1.0 0.0 0.0 0.0 0.0 1.0 1.0 0.0 0.0 0.0 0.0 1.0 0.0 3.138434 0.0 0.0 1.0 0.0 0.0 0.0 0.0 1.0 1.0 0.0 0.0 0.0 0.0 1.0 0.0 3.138434 0.0 0.0 1.0 0.0 0.0 0.0 0.0 1.0 1.0 0.0 0.0 0.0 0.0 1.0 0.0 3.138434 0.0 0.0 1.0 0.0 0.0 0.0 0.0 1.0 1.0 0.0 0.0 0.0 0.0 1.0 0.0 3.138434 0.0 0.0 1.0 0.0 0.0 0.0 0.0 1.0 1.0 0.0 0.0 0.0 0.0 1.0 0.0 3.138434 0.0 0.0 1.0 0.0 0.0 0.0 0.0 1.0 1.0 0.0 0.0 0.0 0.0 1.0 0.0 3.138434 0.0 0.0 1.0 0.0 0.0 0.0 0.0 1.0 1.0 0.0 0.0 0.0 0.0 1.0 0.0 3.138434 0.0 0.0 1.0 0.0 0.0 0.0 0.0 1.0 1.0 0.0 0.0 0.0 0.0 1.0 0.0 3.138434 0.0 0.0 1.0 0.0 0.0 0.0 0.0 1.0 1.0 0.0 0.0 0.0 0.0 1.0 0.0 3.138434 0.0 0.0 1.0 0.0 0.0 0.0 0.0 1.0 1.0 0.0 0.0 0.0 0.0 1.0 0.0 3.138434 0.0 0.0 1.0 0.0 0.0 0.0 0.0 1.0 1.0 0.0 0.0 0.0 0.0 1.0 0.0 3.138434 0.0 0.0 1.0 0.0 0.0 0.0 0.0 1.0 1.0 0.0 0.0 0.0 0.0 1.0 0.0 3.138434 0.0 0.0 1.0 0.0 0.0 0.0 0.0 1.0 1.0 0.0 0.0 0.0 0.0 1.0 0.0 3.138434 0.0 0.0 1.0 0.0 0.0 0.0 0.0 1.0 1.0 0.0 0.0 0.0 0.0 1.0 0.0 3.138434 0.0 0.0 1.0 0.0 0.0 0.0 0.0 1.0 1.0 0.0 0.0 0.0 0.0 1.0 0.0 3.138434 0.0 0.0 1.0 0.0 0.0 0.0 0.0 1.0 1.0 0.0 0.0 0.0 0.0 1.0 0.0 3.138434 0.0 0.0 1.0 0.0 0.0 0.0 0.0 1.0 1.0 0.0 0.0 0.0 0.0 1.0 0.0 3.138434 0.0 0.0 1.0 0.0 0.0 0.0 0.0 1.0 1.0 0.0 0.0 0.0 0.0 1.0 0.0 3.138434 0.0 0.0 1.0 0.0 0.0 0.0 0.0 1.0 1.0 0.0 0.0 0.0 0.0 1.0 0.0 3.138434 0.0 0.0 1.0 0.0 0.0 0.0 0.0 1.0 1.0 0.0 0.0 0.0 0.0 1.0 0.0 3.138434 0.0 0.0 1.0 0.0 0.0 0.0 0.0 1.0 1.0 0.0 0.0 0.0 0.0 1.0 0.0 3.138434 0.0 0.0 1.0 0.0 0.0 0.0 0.0 1.0 1.0 0.0 0.0 0.0 0.0 1.0 0.0 3.138434 0.0 0.0 1.0 0.0 0.0 0.0 0.0 1.0 1.0 0.0 0.0 0.0 0.0 1.0 0.0 3.138434 0.0 0.0 1.0 0.0 0.0 0.0 0.0 1.0 1.0 0.0 0.0 0.0 0.0 1.0 0.0 3.138434 0.0 0.0 1.0 0.0 0.0 0.0 0.0 1.0 1.0 0.0 0.0 0.0 0.0 1.0 0.0 3.138434 0.0 0.0 1.0 0.0 0.0 0.0 0.0 1.0 1.0 0.0 0.0 0.0 0.0 1.0 0.0 3.138434 0.0 0.0 1.0 0.0 0.0 0.0 0.0 1.0 1.0 0.0 0.0 0.0 0.0 1.0 0.0 3.138434 0.0 0.0 1.0 0.0 0.0 0.0 0.0 1.0 1.0 0.0 0.0 0.0 0.0 1.0 0.0 3.138434 0.0 0.0 1.0 0.0 0.0 0.0 0.0 1.0 </float_array>
          <technique_common>
            <accessor count="49" source="#head-global-anim-outSource-global-array" stride="16">
              <param type="float4x4"/>
            </accessor>
          </technique_common>
        </source>
        <sampler id="head-global-anim-globalSampler">
          <input semantic="INPUT" source="#head-global-anim-inSource-TIME"/>
          <input semantic="OUTPUT" source="#head-global-anim-outSource-global"/>
          <input semantic="INTERPOLATION" source="#head-global-anim-interpolation"/>
        </sampler>
        <channel source="#head-global-anim-globalSampler" target="head-global/matrix"/>
      </animation>
    </animation>
    <animation id="head-local-anim" name="head-local-anim">
      <animation>
        <source id="head-local-anim-inSource-TIME">
          <float_array count="49" id="head-local-anim-inSource-TIME-array">0.0 0.041666668 0.083333336 0.125 0.16666667 0.20833333 0.25 0.29166666 0.33333334 0.375 0.41666666 0.45833334 0.5 0.5416667 0.5833333 0.625 0.6666667 0.7083333 0.75 0.7916667 0.8333333 0.875 0.9166667 0.9583333 1.0 1.0416666 1.0833334 1.125 1.1666666 1.2083334 1.25 1.2916666 1.3333334 1.375 1.4166666 1.4583334 1.5 1.5416666 1.5833334 1.625 1.6666666 1.7083334 1.75 1.7916666 1.8333334 1.875 1.9166666 1.9583334 2.0 </float_array>
          <technique_common>
            <accessor count="49" source="#head-local-anim-inSource-TIME-array">
              <param name="TIME" type="float"/>
            </accessor>
          </technique_common>
        </source>
        <source id="head-local-anim-interpolation">
          <Name_array count="49" id="head-local-anim-interpolation-array">LINEAR LINEAR LINEAR LINEAR LINEAR LINEAR LINEAR LINEAR LINEAR LINEAR LINEAR LINEAR LINEAR LINEAR LINEAR LINEAR LINEAR LINEAR LINEAR LINEAR LINEAR LINEAR LINEAR LINEAR LINEAR LINEAR LINEAR LINEAR LINEAR LINEAR LINEAR LINEAR LINEAR LINEAR LINEAR LINEAR LINEAR LINEAR LINEAR LINEAR LINEAR LINEAR LINEAR LINEAR LINEAR LINEAR LINEAR LINEAR LINEAR </Name_array>
          <technique_common>
            <accessor count="49" source="#head-local-anim-interpolation-array">
              <param type="name"/>
            </accessor>
          </technique_common>
        </source>
        <source id="head-local-anim-outSource-local">
          <float_array count="784" id="head-local-anim-outSource-local-array">1.0 0.0 0.0 0.0 0.0 1.0 0.0 0.0 0.0 0.0 1.0 7.5 0.0 0.0 0.0 1.0 1.0 0.0 0.0 0.0 0.0 1.0 0.0 0.0 0.0 0.0 1.0 7.5 0.0 0.0 0.0 1.0 1.0 0.0 0.0 0.0 0.0 1.0 0.0 0.0 0.0 0.0 1.0 7.5 0.0 0.0 0.0 1.0 1.0 0.0 0.0 0.0 0.0 1.0 0.0 0.0 0.0 0.0 1.0 7.5 0.0 0.0 0.0 1.0 1.0 0.0 0.0 0.0 0.0 1.0 0.0 0.0 0.0 0.0 1.0 7.5 0.0 0.0 0.0 1.0 1.0 0.0 0.0 0.0 0.0 1.0 0.0 0.0 0.0 0.0 1.0 7.5 0.0 0.0 0.0 1.0 1.0 0.0 0.0 0.0 0.0 1.0 0.0 0.0 0.0 0.0 1.0 7.5 0.0 0.0 0.0 1.0 1.0 0.0 0.0 0.0 0.0 1.0 0.0 0.0 0.0 0.0 1.0 7.5 0.0 0.0 0.0 1.0 1.0 0.0 0.0 0.0 0.0 1.0 0.0 0.0 0.0 0.0 1.0 7.5 0.0 0.0 0.0 1.0 1.0 0.0 0.0 0.0 0.0 1.0 0.0 0.0 0.0 0.0 1.0 7.5 0.0 0.0 0.0 1.0 1.0 0.0 0.0 0.0 0.0 1.0 0.0 0.0 0.0 0.0 1.0 7.5 0.0 0.0 0.0 1.0 1.0 0.0 0.0 0.0 0.0 1.0 0.0 0.0 0.0 0.0 1.0 7.5 0.0 0.0 0.0 1.0 1.0 0.0 0.0 0.0 0.0 1.0 0.0 0.0 0.0 0.0 1.0 7.5 0.0 0.0 0.0 1.0 1.0 0.0 0.0 0.0 0.0 1.0 0.0 0.0 0.0 0.0 1.0 7.5 0.0 0.0 0.0 1.0 1.0 0.0 0.0 0.0 0.0 1.0 0.0 0.0 0.0 0.0 1.0 7.5 0.0 0.0 0.0 1.0 1.0 0.0 0.0 0.0 0.0 1.0 0.0 0.0 0.0 0.0 1.0 7.5 0.0 0.0 0.0 1.0 1.0 0.0 0.0 0.0 0.0 1.0 0.0 0.0 0.0 0.0 1.0 7.5 0.0 0.0 0.0 1.0 1.0 0.0 0.0 0.0 0.0 1.0 0.0 0.0 0.0 0.0 1.0 7.5 0.0 0.0 0.0 1.0 1.0 0.0 0.0 0.0 0.0 1.0 0.0 0.0 0.0 0.0 1.0 7.5 0.0 0.0 0.0 1.0 1.0 0.0 0.0 0.0 0.0 1.0 0.0 0.0 0.0 0.0 1.0 7.5 0.0 0.0 0.0 1.0 1.0 0.0 0.0 0.0 0.0 1.0 0.0 0.0 0.0 0.0 1.0 7.5 0.0 0.0 0.0 1.0 1.0 0.0 0.0 0.0 0.0 1.0 0.0 0.0 0.0 0.0 1.0 7.5 0.0 0.0 0.0 1.0 1.0 0.0 0.0 0.0 0.0 1.0 0.0 0.0 0.0 0.0 1.0 7.5 0.0 0.0 0.0 1.0 1.0 0.0 0.0 0.0 0.0 1.0 0.0 0.0 0.0 0.0 1.0 7.5 0.0 0.0 0.0 1.0 1.0 0.0 0.0 0.0 0.0 1.0 0.0 0.0 0.0 0.0 1.0 7.5 0.0 0.0 0.0 1.0 1.0 0.0 0.0 0.0 0.0 1.0 0.0 0.0 0.0 0.0 1.0 7.5 0.0 0.0 0.0 1.0 1.0 0.0 0.0 0.0 0.0 1.0 0.0 0.0 0.0 0.0 1.0 7.5 0.0 0.0 0.0 1.0 1.0 0.0 0.0 0.0 0.0 1.0 0.0 0.0 0.0 0.0 1.0 7.5 0.0 0.0 0.0 1.0 1.0 0.0 0.0 0.0 0.0 1.0 0.0 0.0 0.0 0.0 1.0 7.5 0.0 0.0 0.0 1.0 1.0 0.0 0.0 0.0 0.0 1.0 0.0 0.0 0.0 0.0 1.0 7.5 0.0 0.0 0.0 1.0 1.0 0.0 0.0 0.0 0.0 1.0 0.0 0.0 0.0 0.0 1.0 7.5 0.0 0.0 0.0 1.0 1.0 0.0 0.0 0.0 0.0 1.0 0.0 0.0 0.0 0.0 1.0 7.5 0.0 0.0 0.0 1.0 1.0 0.0 0.0 0.0 0.0 1.0 0.0 0.0 0.0 0.0 1.0 7.5 0.0 0.0 0.0 1.0 1.0 0.0 0.0 0.0 0.0 1.0 0.0 0.0 0.0 0.0 1.0 7.5 0.0 0.0 0.0 1.0 1.0 0.0 0.0 0.0 0.0 1.0 0.0 0.0 0.0 0.0 1.0 7.5 0.0 0.0 0.0 1.0 1.0 0.0 0.0 0.0 0.0 1.0 0.0 0.0 0.0 0.0 1.0 7.5 0.0 0.0 0.0 1.0 1.0 0.0 0.0 0.0 0.0 1.0 0.0 0.0 0.0 0.0 1.0 7.5 0.0 0.0 0.0 1.0 1.0 0.0 0.0 0.0 0.0 1.0 0.0 0.0 0.0 0.0 1.0 7.5 0.0 0.0 0.0 1.0 1.0 0.0 0.0 0.0 0.0 1.0 0.0 0.0 0.0 0.0 1.0 7.5 0.0 0.0 0.0 1.0 1.0 0.0 0.0 0.0 0.0 1.0 0.0 0.0 0.0 0.0 1.0 7.5 0.0 0.0 0.0 1.0 1.0 0.0 0.0 0.0 0.0 1.0 0.0 0.0 0.0 0.0 1.0 7.5 0.0 0.0 0.0 1.0 1.0 0.0 0.0 0.0 0.0 1.0 0.0 0.0 0.0 0.0 1.0 7.5 0.0 0.0 0.0 1.0 1.0 0.0 0.0 0.0 0.0 1.0 0.0 0.0 0.0 0.0 1.0 7.5 0.0 0.0 0.0 1.0 1.0 0.0 0.0 0.0 0.0 1.0 0.0 0.0 0.0 0.0 1.0 7.5 0.0 0.0 0.0 1.0 1.0 0.0 0.0 0.0 0.0 1.0 0.0 0.0 0.0 0.0 1.0 7.5 0.0 0.0 0.0 1.0 1.0 0.0 0.0 0.0 0.0 1.0 0.0 0.0 0.0 0.0 1.0 7.5 0.0 0.0 0.0 1.0 1.0 0.0 0.0 0.0 0.0 1.0 0.0 0.0 0.0 0.0 1.0 7.5 0.0 0.0 0.0 1.0 1.0 0.0 0.0 0.0 0.0 1.0 0.0 0.0 0.0 0.0 1.0 7.5 0.0 0.0 0.0 1.0 1.0 0.0 0.0 0.0 0.0 1.0 0.0 0.0 0.0 0.0 1.0 7.5 0.0 0.0 0.0 1.0 </float_array>
          <technique_common>
            <accessor count="49" source="#head-local-anim-outSource-local-array" stride="16">
              <param type="float4x4"/>
            </accessor>
          </technique_common>
        </source>
        <sampler id="head-local-anim-localSampler">
          <input semantic="INPUT" source="#head-local-anim-inSource-TIME"/>
          <input semantic="OUTPUT" source="#head-local-anim-outSource-local"/>
          <input semantic="INTERPOLATION" source="#head-local-anim-interpolation"/>
        </sampler>
        <channel source="#head-local-anim-localSampler" target="head-local/matrix"/>
      </animation>
    </animation>
    <animation id="jaw-global-anim" name="jaw-global-anim">
      <animation>
        <source id="jaw-global-anim-inSource-TIME">
          <float_array count="49" id="jaw-global-anim-inSource-TIME-array">0.0 0.041666668 0.083333336 0.125 0.16666667 0.20833333 0.25 0.29166666 0.33333334 0.375 0.41666666 0.45833334 0.5 0.5416667 0.5833333 0.625 0.6666667 0.7083333 0.75 0.7916667 0.8333333 0.875 0.9166667 0.9583333 1.0 1.0416666 1.0833334 1.125 1.1666666 1.2083334 1.25 1.2916666 1.3333334 1.375 1.4166666 1.4583334 1.5 1.5416666 1.5833334 1.625 1.6666666 1.7083334 1.75 1.7916666 1.8333334 1.875 1.9166666 1.9583334 2.0 </float_array>
          <technique_common>
            <accessor count="49" source="#jaw-global-anim-inSource-TIME-array">
              <param name="TIME" type="float"/>
            </accessor>
          </technique_common>
        </source>
        <source id="jaw-global-anim-interpolation">
          <Name_array count="49" id="jaw-global-anim-interpolation-array">LINEAR LINEAR LINEAR LINEAR LINEAR LINEAR LINEAR LINEAR LINEAR LINEAR LINEAR LINEAR LINEAR LINEAR LINEAR LINEAR LINEAR LINEAR LINEAR LINEAR LINEAR LINEAR LINEAR LINEAR LINEAR LINEAR LINEAR LINEAR LINEAR LINEAR LINEAR LINEAR LINEAR LINEAR LINEAR LINEAR LINEAR LINEAR LINEAR LINEAR LINEAR LINEAR LINEAR LINEAR LINEAR LINEAR LINEAR LINEAR LINEAR </Name_array>
          <technique_common>
            <accessor count="49" source="#jaw-global-anim-interpolation-array">
              <param type="name"/>
            </accessor>
          </technique_common>
        </source>
        <source id="jaw-global-anim-outSource-global">
          <float_array count="784" id="jaw-global-anim-outSource-global-array">1.0 0.0 0.0 0.0 0.0 1.0 0.0 -1.165127 0.0 0.0 1.0 7.680046 0.0 0.0 0.0 1.0 1.0000002 0.0 0.0 0.0 0.0 0.98938614 -0.14531179 -1.165127 0.0 0.14531179 0.98938614 7.680046 0.0 0.0 0.0 1.0 1.0 0.0 0.0 0.0 0.0 0.9577689 -0.28753883 -1.165127 0.0 0.28753883 0.9577689 7.680046 0.0 0.0 0.0 1.0 1.0000001 0.0 0.0 0.0 0.0 0.9058205 -0.42366207 -1.165127 0.0 0.42366207 0.9058205 7.680046 0.0 0.0 0.0 1.0 1.0 0.0 0.0 0.0 0.0 0.83464277 -0.5507916 -1.165127 0.0 0.5507916 0.83464277 7.680046 0.0 0.0 0.0 1.0 1.0 0.0 0.0 0.0 0.0 0.89308053 -0.44989693 -1.165127 0.0 0.44989693 0.89308053 7.680046 0.0 0.0 0.0 1.0 1.0000002 0.0 0.0 0.0 0.0 0.93937725 -0.34288606 -1.165127 0.0 0.34288606 0.93937725 7.680046 0.0 0.0 0.0 1.0 1.0000002 0.0 0.0 0.0 0.0 0.9729032 -0.23121367 -1.165127 0.0 0.23121367 0.9729032 7.680046 0.0 0.0 0.0 1.0 1.0000001 0.0 0.0 0.0 0.0 0.99320275 -0.11639807 -1.165127 0.0 0.11639807 0.99320275 7.680046 0.0 0.0 0.0 1.0 1.0 0.0 0.0 0.0 0.0 1.0 0.0 -1.165127 0.0 0.0 1.0 7.680046 0.0 0.0 0.0 1.0 1.0 0.0 0.0 0.0 0.0 1.0 0.0 -1.165127 0.0 0.0 1.0 7.680046 0.0 0.0 0.0 1.0 1.0 0.0 0.0 0.0 0.0 1.0 0.0 -1.165127 0.0 0.0 1.0 7.680046 0.0 0.0 0.0 1.0 1.0 0.0 0.0 0.0 0.0 1.0 0.0 -1.165127 0.0 0.0 1.0 7.680046 0.0 0.0 0.0 1.0 1.0 0.0 0.0 0.0 0.0 1.0 0.0 -1.165127 0.0 0.0 1.0 7.680046 0.0 0.0 0.0 1.0 1.0 0.0 0.0 0.0 0.0 1.0 0.0 -1.165127 0.0 0.0 1.0 7.680046 0.0 0.0 0.0 1.0 1.0 0.0 0.0 0.0 0.0 1.0 0.0 -1.165127 0.0 0.0 1.0 7.680046 0.0 0.0 0.0 1.0 1.0 0.0 0.0 0.0 0.0 1.0 0.0 -1.165127 0.0 0.0 1.0 7.680046 0.0 0.0 0.0 1.0 1.0 0.0 0.0 0.0 0.0 1.0 0.0 -1.165127 0.0 0.0 1.0 7.680046 0.0 0.0 0.0 1.0 1.0 0.0 0.0 0.0 0.0 1.0 0.0 -1.165127 0.0 0.0 1.0 7.680046 0.0 0.0 0.0 1.0 1.0 0.0 0.0 0.0 0.0 1.0 0.0 -1.165127 0.0 0.0 1.0 7.680046 0.0 0.0 0.0 1.0 1.0 0.0 0.0 0.0 0.0 1.0 0.0 -1.165127 0.0 0.0 1.0 7.680046 0.0 0.0 0.0 1.0 1.0 0.0 0.0 0.0 0.0 1.0 0.0 -1.165127 0.0 0.0 1.0 7.680046 0.0 0.0 0.0 1.0 1.0 0.0 0.0 0.0 0.0 1.0 0.0 -1.165127 0.0 0.0 1.0 7.680046 0.0 0.0 0.0 1.0 1.0 0.0 0.0 0.0 0.0 1.0 0.0 -1.165127 0.0 0.0 1.0 7.680046 0.0 0.0 0.0 1.0 1.0 0.0 0.0 0.0 0.0 1.0 0.0 -1.165127 0.0 0.0 1.0 7.680046 0.0 0.0 0.0 1.0 1.0 0.0 0.0 0.0 0.0 1.0 0.0 -1.165127 0.0 0.0 1.0 7.680046 0.0 0.0 0.0 1.0 1.0 0.0 0.0 0.0 0.0 1.0 0.0 -1.165127 0.0 0.0 1.0 7.680046 0.0 0.0 0.0 1.0 1.0 0.0 0.0 0.0 0.0 1.0 0.0 -1.165127 0.0 0.0 1.0 7.680046 0.0 0.0 0.0 1.0 1.0 0.0 0.0 0.0 0.0 1.0 0.0 -1.165127 0.0 0.0 1.0 7.680046 0.0 0.0 0.0 1.0 1.0 0.0 0.0 0.0 0.0 1.0 0.0 -1.165127 0.0 0.0 1.0 7.680046 0.0 0.0 0.0 1.0 1.0 0.0 0.0 0.0 0.0 1.0 0.0 -1.165127 0.0 0.0 1.0 7.680046 0.0 0.0 0.0 1.0 1.0 0.0 0.0 0.0 0.0 1.0 0.0 -1.165127 0.0 0.0 1.0 7.680046 0.0 0.0 0.0 1.0 1.0 0.0 0.0 0.0 0.0 1.0 0.0 -1.165127 0.0 0.0 1.0 7.680046 0.0 0.0 0.0 1.0 1.0 0.0 0.0 0.0 0.0 1.0 0.0 -1.165127 0.0 0.0 1.0 7.680046 0.0 0.0 0.0 1.0 1.0 0.0 0.0 0.0 0.0 1.0 0.0 -1.165127 0.0 0.0 1.0 7.680046 0.0 0.0 0.0 1.0 1.0 0.0 0.0 0.0 0.0 1.0 0.0 -1.165127 0.0 0.0 1.0 7.680046 0.0 0.0 0.0 1.0 1.0 0.0 0.0 0.0 0.0 1.0 0.0 -1.165127 0.0 0.0 1.0 7.680046 0.0 0.0 0.0 1.0 1.0 0.0 0.0 0.0 0.0 1.0 0.0 -1.165127 0.0 0.0 1.0 7.680046 0.0 0.0 0.0 1.0 1.0 0.0 0.0 0.0 0.0 1.0 0.0 -1.165127 0.0 0.0 1.0 7.680046 0.0 0.0 0.0 1.0 1.0 0.0 0.0 0.0 0.0 1.0 0.0 -1.165127 0.0 0.0 1.0 7.680046 0.0 0.0 0.0 1.0 1.0 0.0 0.0 0.0 0.0 1.0 0.0 -1.165127 0.0 0.0 1.0 7.680046 0.0 0.0 0.0 1.0 1.0 0.0 0.0 0.0 0.0 1.0 0.0 -1.165127 0.0 0.0 1.0 7.680046 0.0 0.0 0.0 1.0 1.0 0.0 0.0 0.0 0.0 1.0 0.0 -1.165127 0.0 0.0 1.0 7.680046 0.0 0.0 0.0 1.0 1.0 0.0 0.0 0.0 0.0 1.0 0.0 -1.165127 0.0 0.0 1.0 7.680046 0.0 0.0 0.0 1.0 1.0 0.0 0.0 0.0 0.0 1.0 0.0 -1.165127 0.0 0.0 1.0 7.680046 0.0 0.0 0.0 1.0 1.0 0.0 0.0 0.0 0.0 1.0 0.0 -1.165127 0.0 0.0 1.0 7.680046 0.0 0.0 0.0 1.0 1.0 0.0 0.0 0.0 0.0 1.0 0.0 -1.165127 0.0 0.0 1.0 7.680046 0.0 0.0 0.0 1.0 1.0 0.0 0.0 0.0 0.0 1.0 0.0 -1.165127 0.0 0.0 1.0 7.680046 0.0 0.0 0.0 1.0 1.0 0.0 0.0 0.0 0.0 1.0 0.0 -1.165127 0.0 0.0 1.0 7.680046 0.0 0.0 0.0 1.0 </float_array>
          <technique_common>
            <accessor count="49" source="#jaw-global-anim-outSource-global-array" stride="16">
              <param type="float4x4"/>
            </accessor>
          </technique_common>
        </source>
        <sampler id="jaw-global-anim-globalSampler">
          <input semantic="INPUT" source="#jaw-global-anim-inSource-TIME"/>
          <input semantic="OUTPUT" source="#jaw-global-anim-outSource-global"/>
          <input semantic="INTERPOLATION" source="#jaw-global-anim-interpolation"/>
        </sampler>
        <channel source="#jaw-global-anim-globalSampler" target="jaw-global/matrix"/>
      </animation>
    </animation>
    <animation id="jaw-local-anim" name="jaw-local-anim">
      <animation>
        <source id="jaw-local-anim-inSource-TIME">
          <float_array count="49" id="jaw-local-anim-inSource-TIME-array">0.0 0.041666668 0.083333336 0.125 0.16666667 0.20833333 0.25 0.29166666 0.33333334 0.375 0.41666666 0.45833334 0.5 0.5416667 0.5833333 0.625 0.6666667 0.7083333 0.75 0.7916667 0.8333333 0.875 0.9166667 0.9583333 1.0 1.0416666 1.0833334 1.125 1.1666666 1.2083334 1.25 1.2916666 1.3333334 1.375 1.4166666 1.4583334 1.5 1.5416666 1.5833334 1.625 1.6666666 1.7083334 1.75 1.7916666 1.8333334 1.875 1.9166666 1.9583334 2.0 </float_array>
          <technique_common>
            <accessor count="49" source="#jaw-local-anim-inSource-TIME-array">
              <param name="TIME" type="float"/>
            </accessor>
          </technique_common>
        </source>
        <source id="jaw-local-anim-interpolation">
          <Name_array count="49" id="jaw-local-anim-interpolation-array">LINEAR LINEAR LINEAR LINEAR LINEAR LINEAR LINEAR LINEAR LINEAR LINEAR LINEAR LINEAR LINEAR LINEAR LINEAR LINEAR LINEAR LINEAR LINEAR LINEAR LINEAR LINEAR LINEAR LINEAR LINEAR LINEAR LINEAR LINEAR LINEAR LINEAR LINEAR LINEAR LINEAR LINEAR LINEAR LINEAR LINEAR LINEAR LINEAR LINEAR LINEAR LINEAR LINEAR LINEAR LINEAR LINEAR LINEAR LINEAR LINEAR </Name_array>
          <technique_common>
            <accessor count="49" source="#jaw-local-anim-interpolation-array">
              <param type="name"/>
            </accessor>
          </technique_common>
        </source>
        <source id="jaw-local-anim-outSource-local">
          <float_array count="784" id="jaw-local-anim-outSource-local-array">1.0 0.0 0.0 0.0 0.0 1.0 0.0 -1.0 0.0 0.0 1.0 3.5 0.0 0.0 0.0 1.0 1.0 0.0 0.0 0.0 0.0 1.0 0.0 -1.0 0.0 0.0 1.0 3.5 0.0 0.0 0.0 1.0 1.0 0.0 0.0 0.0 0.0 1.0 0.0 -1.0 0.0 0.0 1.0 3.5 0.0 0.0 0.0 1.0 1.0 0.0 0.0 0.0 0.0 1.0 0.0 -1.0 0.0 0.0 1.0 3.5 0.0 0.0 0.0 1.0 1.0 0.0 0.0 0.0 0.0 1.0 0.0 -1.0 0.0 0.0 1.0 3.5 0.0 0.0 0.0 1.0 1.0 0.0 0.0 0.0 0.0 1.0 0.0 -1.0 0.0 0.0 1.0 3.5 0.0 0.0 0.0 1.0 1.0 0.0 0.0 0.0 0.0 1.0 0.0 -1.0 0.0 0.0 1.0 3.5 0.0 0.0 0.0 1.0 1.0 0.0 0.0 0.0 0.0 1.0 0.0 -1.0 0.0 0.0 1.0 3.5 0.0 0.0 0.0 1.0 1.0 0.0 0.0 0.0 0.0 1.0 0.0 -1.0 0.0 0.0 1.0 3.5 0.0 0.0 0.0 1.0 1.0 0.0 0.0 0.0 0.0 1.0 0.0 -1.0 0.0 0.0 1.0 3.5 0.0 0.0 0.0 1.0 1.0 0.0 0.0 0.0 0.0 1.0 0.0 -1.0 0.0 0.0 1.0 3.5 0.0 0.0 0.0 1.0 1.0 0.0 0.0 0.0 0.0 1.0 0.0 -1.0 0.0 0.0 1.0 3.5 0.0 0.0 0.0 1.0 1.0 0.0 0.0 0.0 0.0 1.0 0.0 -1.0 0.0 0.0 1.0 3.5 0.0 0.0 0.0 1.0 1.0 0.0 0.0 0.0 0.0 1.0 0.0 -1.0 0.0 0.0 1.0 3.5 0.0 0.0 0.0 1.0 1.0 0.0 0.0 0.0 0.0 1.0 0.0 -1.0 0.0 0.0 1.0 3.5 0.0 0.0 0.0 1.0 1.0 0.0 0.0 0.0 0.0 1.0 0.0 -1.0 0.0 0.0 1.0 3.5 0.0 0.0 0.0 1.0 1.0 0.0 0.0 0.0 0.0 1.0 0.0 -1.0 0.0 0.0 1.0 3.5 0.0 0.0 0.0 1.0 1.0 0.0 0.0 0.0 0.0 1.0 0.0 -1.0 0.0 0.0 1.0 3.5 0.0 0.0 0.0 1.0 1.0 0.0 0.0 0.0 0.0 1.0 0.0 -1.0 0.0 0.0 1.0 3.5 0.0 0.0 0.0 1.0 1.0 0.0 0.0 0.0 0.0 1.0 0.0 -1.0 0.0 0.0 1.0 3.5 0.0 0.0 0.0 1.0 1.0 0.0 0.0 0.0 0.0 1.0 0.0 -1.0 0.0 0.0 1.0 3.5 0.0 0.0 0.0 1.0 1.0 0.0 0.0 0.0 0.0 1.0 0.0 -1.0 0.0 0.0 1.0 3.5 0.0 0.0 0.0 1.0 1.0 0.0 0.0 0.0 0.0 1.0 0.0 -1.0 0.0 0.0 1.0 3.5 0.0 0.0 0.0 1.0 1.0 0.0 0.0 0.0 0.0 1.0 0.0 -1.0 0.0 0.0 1.0 3.5 0.0 0.0 0.0 1.0 1.0 0.0 0.0 0.0 0.0 1.0 0.0 -1.0 0.0 0.0 1.0 3.5 0.0 0.0 0.0 1.0 1.0 0.0 0.0 0.0 0.0 1.0 0.0 -1.0 0.0 0.0 1.0 3.5 0.0 0.0 0.0 1.0 1.0 0.0 0.0 0.0 0.0 1.0 0.0 -1.0 0.0 0.0 1.0 3.5 0.0 0.0 0.0 1.0 1.0 0.0 0.0 0.0 0.0 1.0 0.0 -1.0 0.0 0.0 1.0 3.5 0.0 0.0 0.0 1.0 1.0 0.0 0.0 0.0 0.0 1.0 0.0 -1.0 0.0 0.0 1.0 3.5 0.0 0.0 0.0 1.0 1.0 0.0 0.0 0.0 0.0 1.0 0.0 -1.0 0.0 0.0 1.0 3.5 0.0 0.0 0.0 1.0 1.0 0.0 0.0 0.0 0.0 1.0 0.0 -1.0 0.0 0.0 1.0 3.5 0.0 0.0 0.0 1.0 1.0 0.0 0.0 0.0 0.0 1.0 0.0 -1.0 0.0 0.0 1.0 3.5 0.0 0.0 0.0 1.0 1.0 0.0 0.0 0.0 0.0 1.0 0.0 -1.0 0.0 0.0 1.0 3.5 0.0 0.0 0.0 1.0 1.0 0.0 0.0 0.0 0.0 1.0 0.0 -1.0 0.0 0.0 1.0 3.5 0.0 0.0 0.0 1.0 1.0 0.0 0.0 0.0 0.0 1.0 0.0 -1.0 0.0 0.0 1.0 3.5 0.0 0.0 0.0 1.0 1.0 0.0 0.0 0.0 0.0 1.0 0.0 -1.0 0.0 0.0 1.0 3.5 0.0 0.0 0.0 1.0 1.0 0.0 0.0 0.0 0.0 1.0 0.0 -1.0 0.0 0.0 1.0 3.5 0.0 0.0 0.0 1.0 1.0 0.0 0.0 0.0 0.0 1.0 0.0 -1.0 0.0 0.0 1.0 3.5 0.0 0.0 0.0 1.0 1.0 0.0 0.0 0.0 0.0 1.0 0.0 -1.0 0.0 0.0 1.0 3.5 0.0 0.0 0.0 1.0 1.0 0.0 0.0 0.0 0.0 1.0 0.0 -1.0 0.0 0.0 1.0 3.5 0.0 0.0 0.0 1.0 1.0 0.0 0.0 0.0 0.0 1.0 0.0 -1.0 0.0 0.0 1.0 3.5 0.0 0.0 0.0 1.0 1.0 0.0 0.0 0.0 0.0 1.0 0.0 -1.0 0.0 0.0 1.0 3.5 0.0 0.0 0.0 1.0 1.0 0.0 0.0 0.0 0.0 1.0 0.0 -1.0 0.0 0.0 1.0 3.5 0.0 0.0 0.0 1.0 1.0 0.0 0.0 0.0 0.0 1.0 0.0 -1.0 0.0 0.0 1.0 3.5 0.0 0.0 0.0 1.0 1.0 0.0 0.0 0.0 0.0 1.0 0.0 -1.0 0.0 0.0 1.0 3.5 0.0 0.0 0.0 1.0 1.0 0.0 0.0 0.0 0.0 1.0 0.0 -1.0 0.0 0.0 1.0 3.5 0.0 0.0 0.0 1.0 1.0 0.0 0.0 0.0 0.0 1.0 0.0 -1.0 0.0 0.0 1.0 3.5 0.0 0.0 0.0 1.0 1.0 0.0 0.0 0.0 0.0 1.0 0.0 -1.0 0.0 0.0 1.0 3.5 0.0 0.0 0.0 1.0 1.0 0.0 0.0 0.0 0.0 1.0 0.0 -1.0 0.0 0.0 1.0 3.5 0.0 0.0 0.0 1.0 </float_array>
          <technique_common>
            <accessor count="49" source="#jaw-local-anim-outSource-local-array" stride="16">
              <param type="float4x4"/>
            </accessor>
          </technique_common>
        </source>
        <sampler id="jaw-local-anim-localSampler">
          <input semantic="INPUT" source="#jaw-local-anim-inSource-TIME"/>
          <input semantic="OUTPUT" source="#jaw-local-anim-outSource-local"/>
          <input semantic="INTERPOLATION" source="#jaw-local-anim-interpolation"/>
        </sampler>
        <channel source="#jaw-local-anim-localSampler" target="jaw-local/matrix"/>
      </animation>
    </animation>
    <animation id="neck1-global-anim" name="neck1-global-anim">
      <animation>
        <source id="neck1-global-anim-inSource-TIME">
          <float_array count="49" id="neck1-global-anim-inSource-TIME-array">0.0 0.041666668 0.083333336 0.125 0.16666667 0.20833333 0.25 0.29166666 0.33333334 0.375 0.41666666 0.45833334 0.5 0.5416667 0.5833333 0.625 0.6666667 0.7083333 0.75 0.7916667 0.8333333 0.875 0.9166667 0.9583333 1.0 1.0416666 1.0833334 1.125 1.1666666 1.2083334 1.25 1.2916666 1.3333334 1.375 1.4166666 1.4583334 1.5 1.5416666 1.5833334 1.625 1.6666666 1.7083334 1.75 1.7916666 1.8333334 1.875 1.9166666 1.9583334 2.0 </float_array>
          <technique_common>
            <accessor count="49" source="#neck1-global-anim-inSource-TIME-array">
              <param name="TIME" type="float"/>
            </accessor>
          </technique_common>
        </source>
        <source id="neck1-global-anim-interpolation">
          <Name_array count="49" id="neck1-global-anim-interpolation-array">LINEAR LINEAR LINEAR LINEAR LINEAR LINEAR LINEAR LINEAR LINEAR LINEAR LINEAR LINEAR LINEAR LINEAR LINEAR LINEAR LINEAR LINEAR LINEAR LINEAR LINEAR LINEAR LINEAR LINEAR LINEAR LINEAR LINEAR LINEAR LINEAR LINEAR LINEAR LINEAR LINEAR LINEAR LINEAR LINEAR LINEAR LINEAR LINEAR LINEAR LINEAR LINEAR LINEAR LINEAR LINEAR LINEAR LINEAR LINEAR LINEAR </Name_array>
          <technique_common>
            <accessor count="49" source="#neck1-global-anim-interpolation-array">
              <param type="name"/>
            </accessor>
          </technique_common>
        </source>
        <source id="neck1-global-anim-outSource-global">
          <float_array count="784" id="neck1-global-anim-outSource-global-array">0.88423795 0.07243125 -0.46138588 0.0 1.1175871E-8 0.98790085 0.15508687 0.0 0.46703663 -0.13713372 0.8735394 0.0 0.0 0.0 0.0 1.0 0.88423795 0.07243125 -0.46138588 0.0 1.1175871E-8 0.98790085 0.15508687 0.0 0.46703663 -0.13713372 0.8735394 0.0 0.0 0.0 0.0 1.0 0.88423795 0.072431244 -0.46138588 0.0 1.4901161E-8 0.98790085 0.15508687 0.0 0.46703663 -0.13713372 0.8735394 0.0 0.0 0.0 0.0 1.0 0.88423795 0.07243125 -0.46138588 0.0 1.1175871E-8 0.98790085 0.15508687 0.0 0.46703663 -0.13713372 0.8735394 0.0 0.0 0.0 0.0 1.0 0.88423795 0.07243125 -0.46138588 0.0 1.1175871E-8 0.98790085 0.15508687 0.0 0.46703663 -0.13713372 0.8735394 0.0 0.0 0.0 0.0 1.0 0.88423795 0.07243124 -0.46138585 0.0 3.7252903E-9 0.9879008 0.15508686 0.0 0.4670366 -0.1371337 0.87353945 0.0 0.0 0.0 0.0 1.0 0.88423795 0.07243125 -0.46138588 0.0 1.1175871E-8 0.98790085 0.15508687 0.0 0.46703663 -0.13713372 0.8735394 0.0 0.0 0.0 0.0 1.0 0.88423795 0.07243125 -0.46138588 0.0 7.4505806E-9 0.98790085 0.15508687 0.0 0.46703663 -0.13713372 0.8735394 0.0 0.0 0.0 0.0 1.0 0.88423795 0.072431244 -0.46138588 0.0 7.4505806E-9 0.98790085 0.15508686 0.0 0.46703663 -0.1371337 0.8735394 0.0 0.0 0.0 0.0 1.0 0.88423795 0.07243125 -0.46138588 0.0 1.1175871E-8 0.98790085 0.15508687 0.0 0.46703663 -0.13713372 0.8735394 0.0 0.0 0.0 0.0 1.0 0.88423806 0.07243125 -0.46138594 0.0 7.4505806E-9 0.987901 0.15508689 0.0 0.4670367 -0.13713373 0.8735395 0.0 0.0 0.0 0.0 1.0 0.88423795 0.07243125 -0.46138588 0.0 1.1175871E-8 0.98790085 0.15508687 0.0 0.46703663 -0.13713372 0.8735394 0.0 0.0 0.0 0.0 1.0 0.88423795 0.07243125 -0.46138588 0.0 1.1175871E-8 0.98790085 0.15508687 0.0 0.46703663 -0.13713372 0.8735394 0.0 0.0 0.0 0.0 1.0 0.88423806 0.07243126 -0.46138597 0.0 1.4901161E-8 0.987901 0.1550869 0.0 0.46703672 -0.13713375 0.8735395 0.0 0.0 0.0 0.0 1.0 0.88423795 0.07243125 -0.46138588 0.0 1.1175871E-8 0.98790085 0.15508687 0.0 0.46703663 -0.13713372 0.8735394 0.0 0.0 0.0 0.0 1.0 0.88423795 0.07243125 -0.46138588 0.0 1.1175871E-8 0.98790085 0.15508687 0.0 0.46703663 -0.13713372 0.8735394 0.0 0.0 0.0 0.0 1.0 0.88423806 0.07243125 -0.46138594 0.0 3.7252903E-9 0.987901 0.1550869 0.0 0.4670367 -0.13713372 0.8735395 0.0 0.0 0.0 0.0 1.0 0.88423795 0.07243125 -0.46138588 0.0 1.4901161E-8 0.98790085 0.15508689 0.0 0.46703663 -0.13713373 0.8735394 0.0 0.0 0.0 0.0 1.0 0.88423795 0.07243125 -0.46138588 0.0 1.1175871E-8 0.98790085 0.15508687 0.0 0.46703663 -0.13713372 0.8735394 0.0 0.0 0.0 0.0 1.0 0.88423795 0.072431244 -0.46138588 0.0 1.4901161E-8 0.98790085 0.15508687 0.0 0.46703663 -0.13713372 0.8735394 0.0 0.0 0.0 0.0 1.0 0.88423795 0.07243125 -0.46138588 0.0 7.4505806E-9 0.98790085 0.15508687 0.0 0.46703663 -0.13713372 0.8735394 0.0 0.0 0.0 0.0 1.0 0.88423795 0.07243125 -0.46138588 0.0 1.1175871E-8 0.98790085 0.15508687 0.0 0.46703663 -0.13713372 0.8735394 0.0 0.0 0.0 0.0 1.0 0.88423795 0.07243124 -0.46138588 0.0 1.1175871E-8 0.98790085 0.15508686 0.0 0.46703663 -0.1371337 0.8735394 0.0 0.0 0.0 0.0 1.0 0.88423795 0.07243125 -0.46138588 0.0 1.4901161E-8 0.98790085 0.15508689 0.0 0.46703663 -0.13713373 0.8735394 0.0 0.0 0.0 0.0 1.0 0.88423795 0.07243125 -0.46138588 0.0 1.1175871E-8 0.98790085 0.15508687 0.0 0.46703663 -0.13713372 0.8735394 0.0 0.0 0.0 0.0 1.0 0.88423795 0.07243125 -0.46138588 0.0 1.1175871E-8 0.98790085 0.15508687 0.0 0.46703663 -0.13713372 0.8735394 0.0 0.0 0.0 0.0 1.0 0.88423795 0.07243125 -0.46138588 0.0 1.1175871E-8 0.98790085 0.15508687 0.0 0.46703663 -0.13713372 0.8735394 0.0 0.0 0.0 0.0 1.0 0.88423795 0.07243125 -0.46138588 0.0 1.1175871E-8 0.98790085 0.15508687 0.0 0.46703663 -0.13713372 0.8735394 0.0 0.0 0.0 0.0 1.0 0.88423795 0.07243125 -0.46138588 0.0 1.1175871E-8 0.98790085 0.15508687 0.0 0.46703663 -0.13713372 0.8735394 0.0 0.0 0.0 0.0 1.0 0.88423795 0.07243125 -0.46138588 0.0 1.1175871E-8 0.98790085 0.15508687 0.0 0.46703663 -0.13713372 0.8735394 0.0 0.0 0.0 0.0 1.0 0.88423795 0.07243125 -0.46138588 0.0 1.1175871E-8 0.98790085 0.15508687 0.0 0.46703663 -0.13713372 0.8735394 0.0 0.0 0.0 0.0 1.0 0.88423795 0.07243125 -0.46138588 0.0 1.1175871E-8 0.98790085 0.15508687 0.0 0.46703663 -0.13713372 0.8735394 0.0 0.0 0.0 0.0 1.0 0.88423795 0.07243125 -0.46138588 0.0 1.1175871E-8 0.98790085 0.15508687 0.0 0.46703663 -0.13713372 0.8735394 0.0 0.0 0.0 0.0 1.0 0.88423795 0.07243125 -0.46138588 0.0 1.1175871E-8 0.98790085 0.15508687 0.0 0.46703663 -0.13713372 0.8735394 0.0 0.0 0.0 0.0 1.0 0.88423795 0.07243125 -0.46138588 0.0 1.1175871E-8 0.98790085 0.15508687 0.0 0.46703663 -0.13713372 0.8735394 0.0 0.0 0.0 0.0 1.0 0.88423795 0.07243125 -0.46138588 0.0 1.1175871E-8 0.98790085 0.15508687 0.0 0.46703663 -0.13713372 0.8735394 0.0 0.0 0.0 0.0 1.0 0.88423795 0.07243125 -0.46138588 0.0 1.1175871E-8 0.98790085 0.15508687 0.0 0.46703663 -0.13713372 0.8735394 0.0 0.0 0.0 0.0 1.0 0.88423795 0.07243125 -0.46138588 0.0 1.1175871E-8 0.98790085 0.15508687 0.0 0.46703663 -0.13713372 0.8735394 0.0 0.0 0.0 0.0 1.0 0.88423795 0.07243125 -0.46138588 0.0 1.1175871E-8 0.98790085 0.15508687 0.0 0.46703663 -0.13713372 0.8735394 0.0 0.0 0.0 0.0 1.0 0.88423795 0.07243125 -0.46138588 0.0 1.1175871E-8 0.98790085 0.15508687 0.0 0.46703663 -0.13713372 0.8735394 0.0 0.0 0.0 0.0 1.0 0.88423795 0.07243125 -0.46138588 0.0 1.1175871E-8 0.98790085 0.15508687 0.0 0.46703663 -0.13713372 0.8735394 0.0 0.0 0.0 0.0 1.0 0.88423795 0.07243125 -0.46138588 0.0 1.1175871E-8 0.98790085 0.15508687 0.0 0.46703663 -0.13713372 0.8735394 0.0 0.0 0.0 0.0 1.0 0.88423795 0.07243125 -0.46138588 0.0 1.1175871E-8 0.98790085 0.15508687 0.0 0.46703663 -0.13713372 0.8735394 0.0 0.0 0.0 0.0 1.0 0.88423795 0.072431244 -0.46138588 0.0 7.4505806E-9 0.98790085 0.15508686 0.0 0.46703663 -0.1371337 0.8735394 0.0 0.0 0.0 0.0 1.0 0.88423795 0.07243125 -0.46138588 0.0 1.1175871E-8 0.98790085 0.15508687 0.0 0.46703663 -0.13713372 0.8735394 0.0 0.0 0.0 0.0 1.0 0.88423795 0.07243125 -0.46138588 0.0 1.1175871E-8 0.98790085 0.15508687 0.0 0.46703663 -0.13713372 0.8735394 0.0 0.0 0.0 0.0 1.0 0.88423795 0.07243125 -0.46138588 0.0 1.1175871E-8 0.98790085 0.15508687 0.0 0.46703663 -0.13713372 0.8735394 0.0 0.0 0.0 0.0 1.0 0.88423795 0.07243125 -0.46138588 0.0 1.1175871E-8 0.98790085 0.15508687 0.0 0.46703663 -0.13713372 0.8735394 0.0 0.0 0.0 0.0 1.0 0.88423795 0.07243125 -0.46138588 0.0 1.1175871E-8 0.98790085 0.15508687 0.0 0.46703663 -0.13713372 0.8735394 0.0 0.0 0.0 0.0 1.0 </float_array>
          <technique_common>
            <accessor count="49" source="#neck1-global-anim-outSource-global-array" stride="16">
              <param type="float4x4"/>
            </accessor>
          </technique_common>
        </source>
        <sampler id="neck1-global-anim-globalSampler">
          <input semantic="INPUT" source="#neck1-global-anim-inSource-TIME"/>
          <input semantic="OUTPUT" source="#neck1-global-anim-outSource-global"/>
          <input semantic="INTERPOLATION" source="#neck1-global-anim-interpolation"/>
        </sampler>
        <channel source="#neck1-global-anim-globalSampler" target="neck1-global/matrix"/>
      </animation>
    </animation>
    <animation id="neck1-local-anim" name="neck1-local-anim">
      <animation>
        <source id="neck1-local-anim-inSource-TIME">
          <float_array count="49" id="neck1-local-anim-inSource-TIME-array">0.0 0.041666668 0.083333336 0.125 0.16666667 0.20833333 0.25 0.29166666 0.33333334 0.375 0.41666666 0.45833334 0.5 0.5416667 0.5833333 0.625 0.6666667 0.7083333 0.75 0.7916667 0.8333333 0.875 0.9166667 0.9583333 1.0 1.0416666 1.0833334 1.125 1.1666666 1.2083334 1.25 1.2916666 1.3333334 1.375 1.4166666 1.4583334 1.5 1.5416666 1.5833334 1.625 1.6666666 1.7083334 1.75 1.7916666 1.8333334 1.875 1.9166666 1.9583334 2.0 </float_array>
          <technique_common>
            <accessor count="49" source="#neck1-local-anim-inSource-TIME-array">
              <param name="TIME" type="float"/>
            </accessor>
          </technique_common>
        </source>
        <source id="neck1-local-anim-interpolation">
          <Name_array count="49" id="neck1-local-anim-interpolation-array">LINEAR LINEAR LINEAR LINEAR LINEAR LINEAR LINEAR LINEAR LINEAR LINEAR LINEAR LINEAR LINEAR LINEAR LINEAR LINEAR LINEAR LINEAR LINEAR LINEAR LINEAR LINEAR LINEAR LINEAR LINEAR LINEAR LINEAR LINEAR LINEAR LINEAR LINEAR LINEAR LINEAR LINEAR LINEAR LINEAR LINEAR LINEAR LINEAR LINEAR LINEAR LINEAR LINEAR LINEAR LINEAR LINEAR LINEAR LINEAR LINEAR </Name_array>
          <technique_common>
            <accessor count="49" source="#neck1-local-anim-interpolation-array">
              <param type="name"/>
            </accessor>
          </technique_common>
        </source>
        <source id="neck1-local-anim-outSource-local">
          <float_array count="784" id="neck1-local-anim-outSource-local-array">1.0 0.0 0.0 0.0 0.0 1.0 0.0 0.49999997 0.0 0.0 1.0 -7.5004683 0.0 0.0 0.0 1.0 1.0 0.0 0.0 0.0 0.0 1.0 0.0 0.49999997 0.0 0.0 1.0 -7.5004683 0.0 0.0 0.0 1.0 1.0 0.0 0.0 0.0 0.0 1.0 0.0 0.49999997 0.0 0.0 1.0 -7.5004683 0.0 0.0 0.0 1.0 1.0 0.0 0.0 0.0 0.0 1.0 0.0 0.49999997 0.0 0.0 1.0 -7.5004683 0.0 0.0 0.0 1.0 1.0 0.0 0.0 0.0 0.0 1.0 0.0 0.49999997 0.0 0.0 1.0 -7.5004683 0.0 0.0 0.0 1.0 1.0 0.0 0.0 0.0 0.0 1.0 0.0 0.49999997 0.0 0.0 1.0 -7.5004683 0.0 0.0 0.0 1.0 1.0 0.0 0.0 0.0 0.0 1.0 0.0 0.49999997 0.0 0.0 1.0 -7.5004683 0.0 0.0 0.0 1.0 1.0 0.0 0.0 0.0 0.0 1.0 0.0 0.49999997 0.0 0.0 1.0 -7.5004683 0.0 0.0 0.0 1.0 1.0 0.0 0.0 0.0 0.0 1.0 0.0 0.49999997 0.0 0.0 1.0 -7.5004683 0.0 0.0 0.0 1.0 1.0 0.0 0.0 0.0 0.0 1.0 0.0 0.49999997 0.0 0.0 1.0 -7.5004683 0.0 0.0 0.0 1.0 1.0 0.0 0.0 0.0 0.0 1.0 0.0 0.49999997 0.0 0.0 1.0 -7.5004683 0.0 0.0 0.0 1.0 1.0 0.0 0.0 0.0 0.0 1.0 0.0 0.49999997 0.0 0.0 1.0 -7.5004683 0.0 0.0 0.0 1.0 1.0 0.0 0.0 0.0 0.0 1.0 0.0 0.49999997 0.0 0.0 1.0 -7.5004683 0.0 0.0 0.0 1.0 1.0 0.0 0.0 0.0 0.0 1.0 0.0 0.49999997 0.0 0.0 1.0 -7.5004683 0.0 0.0 0.0 1.0 1.0 0.0 0.0 0.0 0.0 1.0 0.0 0.49999997 0.0 0.0 1.0 -7.5004683 0.0 0.0 0.0 1.0 1.0 0.0 0.0 0.0 0.0 1.0 0.0 0.49999997 0.0 0.0 1.0 -7.5004683 0.0 0.0 0.0 1.0 1.0 0.0 0.0 0.0 0.0 1.0 0.0 0.49999997 0.0 0.0 1.0 -7.5004683 0.0 0.0 0.0 1.0 1.0 0.0 0.0 0.0 0.0 1.0 0.0 0.49999997 0.0 0.0 1.0 -7.5004683 0.0 0.0 0.0 1.0 1.0 0.0 0.0 0.0 0.0 1.0 0.0 0.49999997 0.0 0.0 1.0 -7.5004683 0.0 0.0 0.0 1.0 1.0 0.0 0.0 0.0 0.0 1.0 0.0 0.49999997 0.0 0.0 1.0 -7.5004683 0.0 0.0 0.0 1.0 1.0 0.0 0.0 0.0 0.0 1.0 0.0 0.49999997 0.0 0.0 1.0 -7.5004683 0.0 0.0 0.0 1.0 1.0 0.0 0.0 0.0 0.0 1.0 0.0 0.49999997 0.0 0.0 1.0 -7.5004683 0.0 0.0 0.0 1.0 1.0 0.0 0.0 0.0 0.0 1.0 0.0 0.49999997 0.0 0.0 1.0 -7.5004683 0.0 0.0 0.0 1.0 1.0 0.0 0.0 0.0 0.0 1.0 0.0 0.49999997 0.0 0.0 1.0 -7.5004683 0.0 0.0 0.0 1.0 1.0 0.0 0.0 0.0 0.0 1.0 0.0 0.49999997 0.0 0.0 1.0 -7.5004683 0.0 0.0 0.0 1.0 1.0 0.0 0.0 0.0 0.0 1.0 0.0 0.49999997 0.0 0.0 1.0 -7.5004683 0.0 0.0 0.0 1.0 1.0 0.0 0.0 0.0 0.0 1.0 0.0 0.49999997 0.0 0.0 1.0 -7.5004683 0.0 0.0 0.0 1.0 1.0 0.0 0.0 0.0 0.0 1.0 0.0 0.49999997 0.0 0.0 1.0 -7.5004683 0.0 0.0 0.0 1.0 1.0 0.0 0.0 0.0 0.0 1.0 0.0 0.49999997 0.0 0.0 1.0 -7.5004683 0.0 0.0 0.0 1.0 1.0 0.0 0.0 0.0 0.0 1.0 0.0 0.49999997 0.0 0.0 1.0 -7.5004683 0.0 0.0 0.0 1.0 1.0 0.0 0.0 0.0 0.0 1.0 0.0 0.49999997 0.0 0.0 1.0 -7.5004683 0.0 0.0 0.0 1.0 1.0 0.0 0.0 0.0 0.0 1.0 0.0 0.49999997 0.0 0.0 1.0 -7.5004683 0.0 0.0 0.0 1.0 1.0 0.0 0.0 0.0 0.0 1.0 0.0 0.49999997 0.0 0.0 1.0 -7.5004683 0.0 0.0 0.0 1.0 1.0 0.0 0.0 0.0 0.0 1.0 0.0 0.49999997 0.0 0.0 1.0 -7.5004683 0.0 0.0 0.0 1.0 1.0 0.0 0.0 0.0 0.0 1.0 0.0 0.49999997 0.0 0.0 1.0 -7.5004683 0.0 0.0 0.0 1.0 1.0 0.0 0.0 0.0 0.0 1.0 0.0 0.49999997 0.0 0.0 1.0 -7.5004683 0.0 0.0 0.0 1.0 1.0 0.0 0.0 0.0 0.0 1.0 0.0 0.49999997 0.0 0.0 1.0 -7.5004683 0.0 0.0 0.0 1.0 1.0 0.0 0.0 0.0 0.0 1.0 0.0 0.49999997 0.0 0.0 1.0 -7.5004683 0.0 0.0 0.0 1.0 1.0 0.0 0.0 0.0 0.0 1.0 0.0 0.49999997 0.0 0.0 1.0 -7.5004683 0.0 0.0 0.0 1.0 1.0 0.0 0.0 0.0 0.0 1.0 0.0 0.49999997 0.0 0.0 1.0 -7.5004683 0.0 0.0 0.0 1.0 1.0 0.0 0.0 0.0 0.0 1.0 0.0 0.49999997 0.0 0.0 1.0 -7.5004683 0.0 0.0 0.0 1.0 1.0 0.0 0.0 0.0 0.0 1.0 0.0 0.49999997 0.0 0.0 1.0 -7.5004683 0.0 0.0 0.0 1.0 1.0 0.0 0.0 0.0 0.0 1.0 0.0 0.49999997 0.0 0.0 1.0 -7.5004683 0.0 0.0 0.0 1.0 1.0 0.0 0.0 0.0 0.0 1.0 0.0 0.49999997 0.0 0.0 1.0 -7.5004683 0.0 0.0 0.0 1.0 1.0 0.0 0.0 0.0 0.0 1.0 0.0 0.49999997 0.0 0.0 1.0 -7.5004683 0.0 0.0 0.0 1.0 1.0 0.0 0.0 0.0 0.0 1.0 0.0 0.49999997 0.0 0.0 1.0 -7.5004683 0.0 0.0 0.0 1.0 1.0 0.0 0.0 0.0 0.0 1.0 0.0 0.49999997 0.0 0.0 1.0 -7.5004683 0.0 0.0 0.0 1.0 1.0 0.0 0.0 0.0 0.0 1.0 0.0 0.49999997 0.0 0.0 1.0 -7.5004683 0.0 0.0 0.0 1.0 1.0 0.0 0.0 0.0 0.0 1.0 0.0 0.49999997 0.0 0.0 1.0 -7.5004683 0.0 0.0 0.0 1.0 </float_array>
          <technique_common>
            <accessor count="49" source="#neck1-local-anim-outSource-local-array" stride="16">
              <param type="float4x4"/>
            </accessor>
          </technique_common>
        </source>
        <sampler id="neck1-local-anim-localSampler">
          <input semantic="INPUT" source="#neck1-local-anim-inSource-TIME"/>
          <input semantic="OUTPUT" source="#neck1-local-anim-outSource-local"/>
          <input semantic="INTERPOLATION" source="#neck1-local-anim-interpolation"/>
        </sampler>
        <channel source="#neck1-local-anim-localSampler" target="neck1-local/matrix"/>
      </animation>
    </animation>
    <animation id="neck2-global-anim" name="neck2-global-anim">
      <animation>
        <source id="neck2-global-anim-inSource-TIME">
          <float_array count="49" id="neck2-global-anim-inSource-TIME-array">0.0 0.041666668 0.083333336 0.125 0.16666667 0.20833333 0.25 0.29166666 0.33333334 0.375 0.41666666 0.45833334 0.5 0.5416667 0.5833333 0.625 0.6666667 0.7083333 0.75 0.7916667 0.8333333 0.875 0.9166667 0.9583333 1.0 1.0416666 1.0833334 1.125 1.1666666 1.2083334 1.25 1.2916666 1.3333334 1.375 1.4166666 1.4583334 1.5 1.5416666 1.5833334 1.625 1.6666666 1.7083334 1.75 1.7916666 1.8333334 1.875 1.9166666 1.9583334 2.0 </float_array>
          <technique_common>
            <accessor count="49" source="#neck2-global-anim-inSource-TIME-array">
              <param name="TIME" type="float"/>
            </accessor>
          </technique_common>
        </source>
        <source id="neck2-global-anim-interpolation">
          <Name_array count="49" id="neck2-global-anim-interpolation-array">LINEAR LINEAR LINEAR LINEAR LINEAR LINEAR LINEAR LINEAR LINEAR LINEAR LINEAR LINEAR LINEAR LINEAR LINEAR LINEAR LINEAR LINEAR LINEAR LINEAR LINEAR LINEAR LINEAR LINEAR LINEAR LINEAR LINEAR LINEAR LINEAR LINEAR LINEAR LINEAR LINEAR LINEAR LINEAR LINEAR LINEAR LINEAR LINEAR LINEAR LINEAR LINEAR LINEAR LINEAR LINEAR LINEAR LINEAR LINEAR LINEAR </Name_array>
          <technique_common>
            <accessor count="49" source="#neck2-global-anim-interpolation-array">
              <param type="name"/>
            </accessor>
          </technique_common>
        </source>
        <source id="neck2-global-anim-outSource-global">
          <float_array count="784" id="neck2-global-anim-outSource-global-array">0.87437 -0.06094139 -0.48141795 0.0 1.8626451E-9 0.99208283 -0.12558506 0.0 0.48525983 0.10980782 0.8674475 -15.0 0.0 0.0 0.0 1.0 0.87437 -0.06094139 -0.48141795 0.0 1.8626451E-9 0.99208283 -0.12558506 0.0 0.48525983 0.10980782 0.8674475 -15.0 0.0 0.0 0.0 1.0 0.87437004 -0.0609414 -0.48141804 0.0 1.8626451E-9 0.9920829 -0.12558508 0.0 0.48525992 0.10980783 0.8674475 -15.0 0.0 0.0 0.0 1.0 0.87437 -0.06094139 -0.48141795 0.0 1.8626451E-9 0.99208283 -0.12558506 0.0 0.48525983 0.10980782 0.8674475 -15.0 0.0 0.0 0.0 1.0 0.87437004 -0.06094139 -0.48141798 0.0 3.7252903E-9 0.9920829 -0.12558508 0.0 0.48525986 0.10980782 0.86744756 -15.0 0.0 0.0 0.0 1.0 0.87437 -0.06094139 -0.48141795 0.0 1.8626451E-9 0.99208283 -0.12558506 0.0 0.48525983 0.10980782 0.8674475 -15.0 0.0 0.0 0.0 1.0 0.87437 -0.06094139 -0.48141795 0.0 1.8626451E-9 0.99208283 -0.12558506 0.0 0.48525983 0.10980782 0.8674475 -15.0 0.0 0.0 0.0 1.0 0.87437 -0.06094139 -0.48141795 0.0 1.8626451E-9 0.99208283 -0.12558506 0.0 0.48525983 0.10980782 0.8674475 -15.0 0.0 0.0 0.0 1.0 0.87437004 -0.060941402 -0.48141804 0.0 0.0 0.9920829 -0.12558508 0.0 0.48525992 0.10980783 0.8674475 -15.0 0.0 0.0 0.0 1.0 0.87437 -0.06094139 -0.48141795 0.0 1.8626451E-9 0.99208283 -0.12558506 0.0 0.48525983 0.10980782 0.8674475 -15.0 0.0 0.0 0.0 1.0 0.87437 -0.06094139 -0.48141795 0.0 1.8626451E-9 0.99208283 -0.12558506 0.0 0.48525983 0.10980782 0.8674475 -15.0 0.0 0.0 0.0 1.0 0.87437 -0.060941387 -0.48141795 0.0 3.7252903E-9 0.99208283 -0.12558506 0.0 0.48525983 0.109807804 0.8674475 -15.0 0.0 0.0 0.0 1.0 0.87437 -0.06094139 -0.48141795 0.0 1.8626451E-9 0.99208283 -0.12558506 0.0 0.48525983 0.10980782 0.8674475 -15.0 0.0 0.0 0.0 1.0 0.87437004 -0.060941402 -0.48141804 0.0 0.0 0.9920829 -0.12558508 0.0 0.48525992 0.10980783 0.8674475 -15.0 0.0 0.0 0.0 1.0 0.87437004 -0.0609414 -0.48141804 0.0 -1.8626451E-9 0.9920829 -0.12558508 0.0 0.48525992 0.10980783 0.8674475 -15.0 0.0 0.0 0.0 1.0 0.87437 -0.06094139 -0.48141795 0.0 1.8626451E-9 0.99208283 -0.12558506 0.0 0.48525983 0.10980782 0.8674475 -15.0 0.0 0.0 0.0 1.0 0.87437004 -0.060941402 -0.48141804 0.0 0.0 0.9920829 -0.12558508 0.0 0.48525992 0.10980783 0.8674475 -15.0 0.0 0.0 0.0 1.0 0.87437 -0.06094139 -0.48141795 0.0 1.8626451E-9 0.99208283 -0.12558506 0.0 0.48525983 0.10980782 0.8674475 -15.0 0.0 0.0 0.0 1.0 0.87437004 -0.06094139 -0.48141798 0.0 3.7252903E-9 0.9920829 -0.12558508 0.0 0.48525986 0.10980782 0.86744756 -15.0 0.0 0.0 0.0 1.0 0.87437004 -0.0609414 -0.48141798 0.0 5.5879354E-9 0.9920829 -0.12558508 0.0 0.48525986 0.10980783 0.86744756 -15.0 0.0 0.0 0.0 1.0 0.87437004 -0.06094139 -0.48141798 0.0 3.7252903E-9 0.9920829 -0.12558508 0.0 0.48525986 0.10980782 0.86744756 -15.0 0.0 0.0 0.0 1.0 0.87437 -0.06094139 -0.48141795 0.0 1.8626451E-9 0.99208283 -0.12558506 0.0 0.48525983 0.10980782 0.8674475 -15.0 0.0 0.0 0.0 1.0 0.87437004 -0.060941402 -0.48141804 0.0 0.0 0.9920829 -0.12558508 0.0 0.48525992 0.10980783 0.8674475 -15.0 0.0 0.0 0.0 1.0 0.87437 -0.06094139 -0.48141795 0.0 1.8626451E-9 0.99208283 -0.12558506 0.0 0.48525983 0.10980782 0.8674475 -15.0 0.0 0.0 0.0 1.0 0.87437 -0.06094139 -0.48141795 0.0 1.8626451E-9 0.99208283 -0.12558506 0.0 0.48525983 0.10980782 0.8674475 -15.0 0.0 0.0 0.0 1.0 0.87437004 -0.060941402 -0.48141804 0.0 0.0 0.9920829 -0.12558508 0.0 0.48525992 0.10980783 0.8674475 -15.0 0.0 0.0 0.0 1.0 0.87437 -0.06094139 -0.48141795 0.0 1.8626451E-9 0.99208283 -0.12558506 0.0 0.48525983 0.10980782 0.8674475 -15.0 0.0 0.0 0.0 1.0 0.87437 -0.06094139 -0.48141795 0.0 1.8626451E-9 0.99208283 -0.12558506 0.0 0.48525983 0.10980782 0.8674475 -15.0 0.0 0.0 0.0 1.0 0.87437 -0.06094139 -0.48141795 0.0 1.8626451E-9 0.99208283 -0.12558506 0.0 0.48525983 0.10980782 0.8674475 -15.0 0.0 0.0 0.0 1.0 0.87437 -0.06094139 -0.48141795 0.0 1.8626451E-9 0.99208283 -0.12558506 0.0 0.48525983 0.10980782 0.8674475 -15.0 0.0 0.0 0.0 1.0 0.87437004 -0.06094139 -0.48141798 0.0 3.7252903E-9 0.9920829 -0.12558508 0.0 0.48525986 0.10980782 0.86744756 -15.0 0.0 0.0 0.0 1.0 0.87437004 -0.060941402 -0.48141804 0.0 0.0 0.9920829 -0.12558508 0.0 0.48525992 0.10980783 0.8674475 -15.0 0.0 0.0 0.0 1.0 0.87437004 -0.060941402 -0.48141804 0.0 0.0 0.9920829 -0.12558508 0.0 0.48525992 0.10980783 0.8674475 -15.0 0.0 0.0 0.0 1.0 0.87437 -0.06094139 -0.48141795 0.0 1.8626451E-9 0.99208283 -0.12558506 0.0 0.48525983 0.10980782 0.8674475 -15.0 0.0 0.0 0.0 1.0 0.87437 -0.06094139 -0.48141795 0.0 1.8626451E-9 0.99208283 -0.12558506 0.0 0.48525983 0.10980782 0.8674475 -15.0 0.0 0.0 0.0 1.0 0.87437 -0.06094139 -0.48141795 0.0 1.8626451E-9 0.99208283 -0.12558506 0.0 0.48525983 0.10980782 0.8674475 -15.0 0.0 0.0 0.0 1.0 0.87437 -0.06094139 -0.48141795 0.0 1.8626451E-9 0.99208283 -0.12558506 0.0 0.48525983 0.10980782 0.8674475 -15.0 0.0 0.0 0.0 1.0 0.87437004 -0.06094139 -0.48141798 0.0 3.7252903E-9 0.9920829 -0.12558508 0.0 0.48525986 0.10980782 0.86744756 -15.0 0.0 0.0 0.0 1.0 0.87437004 -0.060941402 -0.48141804 0.0 0.0 0.9920829 -0.12558508 0.0 0.48525992 0.10980783 0.8674475 -15.0 0.0 0.0 0.0 1.0 0.87437 -0.06094139 -0.48141795 0.0 1.8626451E-9 0.99208283 -0.12558506 0.0 0.48525983 0.10980782 0.8674475 -15.0 0.0 0.0 0.0 1.0 0.87437 -0.06094139 -0.48141795 0.0 1.8626451E-9 0.99208283 -0.12558506 0.0 0.48525983 0.10980782 0.8674475 -15.0 0.0 0.0 0.0 1.0 0.87437 -0.06094139 -0.48141795 0.0 1.8626451E-9 0.99208283 -0.12558506 0.0 0.48525983 0.10980782 0.8674475 -15.0 0.0 0.0 0.0 1.0 0.87437 -0.06094139 -0.48141795 0.0 1.8626451E-9 0.99208283 -0.12558506 0.0 0.48525983 0.10980782 0.8674475 -15.0 0.0 0.0 0.0 1.0 0.87437 -0.06094139 -0.48141795 0.0 1.8626451E-9 0.99208283 -0.12558506 0.0 0.48525983 0.10980782 0.8674475 -15.0 0.0 0.0 0.0 1.0 0.87437 -0.06094139 -0.48141795 0.0 1.8626451E-9 0.99208283 -0.12558506 0.0 0.48525983 0.10980782 0.8674475 -15.0 0.0 0.0 0.0 1.0 0.87437 -0.06094139 -0.48141795 0.0 1.8626451E-9 0.99208283 -0.12558506 0.0 0.48525983 0.10980782 0.8674475 -15.0 0.0 0.0 0.0 1.0 0.87437 -0.06094139 -0.48141795 0.0 1.8626451E-9 0.99208283 -0.12558506 0.0 0.48525983 0.10980782 0.8674475 -15.0 0.0 0.0 0.0 1.0 0.87437 -0.06094139 -0.48141795 0.0 1.8626451E-9 0.99208283 -0.12558506 0.0 0.48525983 0.10980782 0.8674475 -15.0 0.0 0.0 0.0 1.0 0.87437 -0.06094139 -0.48141795 0.0 1.8626451E-9 0.99208283 -0.12558506 0.0 0.48525983 0.10980782 0.8674475 -15.0 0.0 0.0 0.0 1.0 </float_array>
          <technique_common>
            <accessor count="49" source="#neck2-global-anim-outSource-global-array" stride="16">
              <param type="float4x4"/>
            </accessor>
          </technique_common>
        </source>
        <sampler id="neck2-global-anim-globalSampler">
          <input semantic="INPUT" source="#neck2-global-anim-inSource-TIME"/>
          <input semantic="OUTPUT" source="#neck2-global-anim-outSource-global"/>
          <input semantic="INTERPOLATION" source="#neck2-global-anim-interpolation"/>
        </sampler>
        <channel source="#neck2-global-anim-globalSampler" target="neck2-global/matrix"/>
      </animation>
    </animation>
    <animation id="neck2-local-anim" name="neck2-local-anim">
      <animation>
        <source id="neck2-local-anim-inSource-TIME">
          <float_array count="49" id="neck2-local-anim-inSource-TIME-array">0.0 0.041666668 0.083333336 0.125 0.16666667 0.20833333 0.25 0.29166666 0.33333334 0.375 0.41666666 0.45833334 0.5 0.5416667 0.5833333 0.625 0.6666667 0.7083333 0.75 0.7916667 0.8333333 0.875 0.9166667 0.9583333 1.0 1.0416666 1.0833334 1.125 1.1666666 1.2083334 1.25 1.2916666 1.3333334 1.375 1.4166666 1.4583334 1.5 1.5416666 1.5833334 1.625 1.6666666 1.7083334 1.75 1.7916666 1.8333334 1.875 1.9166666 1.9583334 2.0 </float_array>
          <technique_common>
            <accessor count="49" source="#neck2-local-anim-inSource-TIME-array">
              <param name="TIME" type="float"/>
            </accessor>
          </technique_common>
        </source>
        <source id="neck2-local-anim-interpolation">
          <Name_array count="49" id="neck2-local-anim-interpolation-array">LINEAR LINEAR LINEAR LINEAR LINEAR LINEAR LINEAR LINEAR LINEAR LINEAR LINEAR LINEAR LINEAR LINEAR LINEAR LINEAR LINEAR LINEAR LINEAR LINEAR LINEAR LINEAR LINEAR LINEAR LINEAR LINEAR LINEAR LINEAR LINEAR LINEAR LINEAR LINEAR LINEAR LINEAR LINEAR LINEAR LINEAR LINEAR LINEAR LINEAR LINEAR LINEAR LINEAR LINEAR LINEAR LINEAR LINEAR LINEAR LINEAR </Name_array>
          <technique_common>
            <accessor count="49" source="#neck2-local-anim-interpolation-array">
              <param type="name"/>
            </accessor>
          </technique_common>
        </source>
        <source id="neck2-local-anim-outSource-local">
          <float_array count="784" id="neck2-local-anim-outSource-local-array">1.0 0.0 0.0 0.0 0.0 1.0 0.0 0.49999997 0.0 0.0 1.0 -7.499998 0.0 0.0 0.0 1.0 1.0 0.0 0.0 0.0 0.0 1.0 0.0 0.49999997 0.0 0.0 1.0 -7.499998 0.0 0.0 0.0 1.0 1.0 0.0 0.0 0.0 0.0 1.0 0.0 0.49999997 0.0 0.0 1.0 -7.499998 0.0 0.0 0.0 1.0 1.0 0.0 0.0 0.0 0.0 1.0 0.0 0.49999997 0.0 0.0 1.0 -7.499998 0.0 0.0 0.0 1.0 1.0 0.0 0.0 0.0 0.0 1.0 0.0 0.49999997 0.0 0.0 1.0 -7.499998 0.0 0.0 0.0 1.0 1.0 0.0 0.0 0.0 0.0 1.0 0.0 0.49999997 0.0 0.0 1.0 -7.499998 0.0 0.0 0.0 1.0 1.0 0.0 0.0 0.0 0.0 1.0 0.0 0.49999997 0.0 0.0 1.0 -7.499998 0.0 0.0 0.0 1.0 1.0 0.0 0.0 0.0 0.0 1.0 0.0 0.49999997 0.0 0.0 1.0 -7.499998 0.0 0.0 0.0 1.0 1.0 0.0 0.0 0.0 0.0 1.0 0.0 0.49999997 0.0 0.0 1.0 -7.499998 0.0 0.0 0.0 1.0 1.0 0.0 0.0 0.0 0.0 1.0 0.0 0.49999997 0.0 0.0 1.0 -7.499998 0.0 0.0 0.0 1.0 1.0 0.0 0.0 0.0 0.0 1.0 0.0 0.49999997 0.0 0.0 1.0 -7.499998 0.0 0.0 0.0 1.0 1.0 0.0 0.0 0.0 0.0 1.0 0.0 0.49999997 0.0 0.0 1.0 -7.499998 0.0 0.0 0.0 1.0 1.0 0.0 0.0 0.0 0.0 1.0 0.0 0.49999997 0.0 0.0 1.0 -7.499998 0.0 0.0 0.0 1.0 1.0 0.0 0.0 0.0 0.0 1.0 0.0 0.49999997 0.0 0.0 1.0 -7.499998 0.0 0.0 0.0 1.0 1.0 0.0 0.0 0.0 0.0 1.0 0.0 0.49999997 0.0 0.0 1.0 -7.499998 0.0 0.0 0.0 1.0 1.0 0.0 0.0 0.0 0.0 1.0 0.0 0.49999997 0.0 0.0 1.0 -7.499998 0.0 0.0 0.0 1.0 1.0 0.0 0.0 0.0 0.0 1.0 0.0 0.49999997 0.0 0.0 1.0 -7.499998 0.0 0.0 0.0 1.0 1.0 0.0 0.0 0.0 0.0 1.0 0.0 0.49999997 0.0 0.0 1.0 -7.499998 0.0 0.0 0.0 1.0 1.0 0.0 0.0 0.0 0.0 1.0 0.0 0.49999997 0.0 0.0 1.0 -7.499998 0.0 0.0 0.0 1.0 1.0 0.0 0.0 0.0 0.0 1.0 0.0 0.49999997 0.0 0.0 1.0 -7.499998 0.0 0.0 0.0 1.0 1.0 0.0 0.0 0.0 0.0 1.0 0.0 0.49999997 0.0 0.0 1.0 -7.499998 0.0 0.0 0.0 1.0 1.0 0.0 0.0 0.0 0.0 1.0 0.0 0.49999997 0.0 0.0 1.0 -7.499998 0.0 0.0 0.0 1.0 1.0 0.0 0.0 0.0 0.0 1.0 0.0 0.49999997 0.0 0.0 1.0 -7.499998 0.0 0.0 0.0 1.0 1.0 0.0 0.0 0.0 0.0 1.0 0.0 0.49999997 0.0 0.0 1.0 -7.499998 0.0 0.0 0.0 1.0 1.0 0.0 0.0 0.0 0.0 1.0 0.0 0.49999997 0.0 0.0 1.0 -7.499998 0.0 0.0 0.0 1.0 1.0 0.0 0.0 0.0 0.0 1.0 0.0 0.49999997 0.0 0.0 1.0 -7.499998 0.0 0.0 0.0 1.0 1.0 0.0 0.0 0.0 0.0 1.0 0.0 0.49999997 0.0 0.0 1.0 -7.499998 0.0 0.0 0.0 1.0 1.0 0.0 0.0 0.0 0.0 1.0 0.0 0.49999997 0.0 0.0 1.0 -7.499998 0.0 0.0 0.0 1.0 1.0 0.0 0.0 0.0 0.0 1.0 0.0 0.49999997 0.0 0.0 1.0 -7.499998 0.0 0.0 0.0 1.0 1.0 0.0 0.0 0.0 0.0 1.0 0.0 0.49999997 0.0 0.0 1.0 -7.499998 0.0 0.0 0.0 1.0 1.0 0.0 0.0 0.0 0.0 1.0 0.0 0.49999997 0.0 0.0 1.0 -7.499998 0.0 0.0 0.0 1.0 1.0 0.0 0.0 0.0 0.0 1.0 0.0 0.49999997 0.0 0.0 1.0 -7.499998 0.0 0.0 0.0 1.0 1.0 0.0 0.0 0.0 0.0 1.0 0.0 0.49999997 0.0 0.0 1.0 -7.499998 0.0 0.0 0.0 1.0 1.0 0.0 0.0 0.0 0.0 1.0 0.0 0.49999997 0.0 0.0 1.0 -7.499998 0.0 0.0 0.0 1.0 1.0 0.0 0.0 0.0 0.0 1.0 0.0 0.49999997 0.0 0.0 1.0 -7.499998 0.0 0.0 0.0 1.0 1.0 0.0 0.0 0.0 0.0 1.0 0.0 0.49999997 0.0 0.0 1.0 -7.499998 0.0 0.0 0.0 1.0 1.0 0.0 0.0 0.0 0.0 1.0 0.0 0.49999997 0.0 0.0 1.0 -7.499998 0.0 0.0 0.0 1.0 1.0 0.0 0.0 0.0 0.0 1.0 0.0 0.49999997 0.0 0.0 1.0 -7.499998 0.0 0.0 0.0 1.0 1.0 0.0 0.0 0.0 0.0 1.0 0.0 0.49999997 0.0 0.0 1.0 -7.499998 0.0 0.0 0.0 1.0 1.0 0.0 0.0 0.0 0.0 1.0 0.0 0.49999997 0.0 0.0 1.0 -7.499998 0.0 0.0 0.0 1.0 1.0 0.0 0.0 0.0 0.0 1.0 0.0 0.49999997 0.0 0.0 1.0 -7.499998 0.0 0.0 0.0 1.0 1.0 0.0 0.0 0.0 0.0 1.0 0.0 0.49999997 0.0 0.0 1.0 -7.499998 0.0 0.0 0.0 1.0 1.0 0.0 0.0 0.0 0.0 1.0 0.0 0.49999997 0.0 0.0 1.0 -7.499998 0.0 0.0 0.0 1.0 1.0 0.0 0.0 0.0 0.0 1.0 0.0 0.49999997 0.0 0.0 1.0 -7.499998 0.0 0.0 0.0 1.0 1.0 0.0 0.0 0.0 0.0 1.0 0.0 0.49999997 0.0 0.0 1.0 -7.499998 0.0 0.0 0.0 1.0 1.0 0.0 0.0 0.0 0.0 1.0 0.0 0.49999997 0.0 0.0 1.0 -7.499998 0.0 0.0 0.0 1.0 1.0 0.0 0.0 0.0 0.0 1.0 0.0 0.49999997 0.0 0.0 1.0 -7.499998 0.0 0.0 0.0 1.0 1.0 0.0 0.0 0.0 0.0 1.0 0.0 0.49999997 0.0 0.0 1.0 -7.499998 0.0 0.0 0.0 1.0 1.0 0.0 0.0 0.0 0.0 1.0 0.0 0.49999997 0.0 0.0 1.0 -7.499998 0.0 0.0 0.0 1.0 </float_array>
          <technique_common>
            <accessor count="49" source="#neck2-local-anim-outSource-local-array" stride="16">
              <param type="float4x4"/>
            </accessor>
          </technique_common>
        </source>
        <sampler id="neck2-local-anim-localSampler">
          <input semantic="INPUT" source="#neck2-local-anim-inSource-TIME"/>
          <input semantic="OUTPUT" source="#neck2-local-anim-outSource-local"/>
          <input semantic="INTERPOLATION" source="#neck2-local-anim-interpolation"/>
        </sampler>
        <channel source="#neck2-local-anim-localSampler" target="neck2-local/matrix"/>
      </animation>
    </animation>
    <animation id="body-global-anim" name="body-global-anim">
      <animation>
        <source id="body-global-anim-inSource-TIME">
          <float_array count="49" id="body-global-anim-inSource-TIME-array">0.0 0.041666668 0.083333336 0.125 0.16666667 0.20833333 0.25 0.29166666 0.33333334 0.375 0.41666666 0.45833334 0.5 0.5416667 0.5833333 0.625 0.6666667 0.7083333 0.75 0.7916667 0.8333333 0.875 0.9166667 0.9583333 1.0 1.0416666 1.0833334 1.125 1.1666666 1.2083334 1.25 1.2916666 1.3333334 1.375 1.4166666 1.4583334 1.5 1.5416666 1.5833334 1.625 1.6666666 1.7083334 1.75 1.7916666 1.8333334 1.875 1.9166666 1.9583334 2.0 </float_array>
          <technique_common>
            <accessor count="49" source="#body-global-anim-inSource-TIME-array">
              <param name="TIME" type="float"/>
            </accessor>
          </technique_common>
        </source>
        <source id="body-global-anim-interpolation">
          <Name_array count="49" id="body-global-anim-interpolation-array">LINEAR LINEAR LINEAR LINEAR LINEAR LINEAR LINEAR LINEAR LINEAR LINEAR LINEAR LINEAR LINEAR LINEAR LINEAR LINEAR LINEAR LINEAR LINEAR LINEAR LINEAR LINEAR LINEAR LINEAR LINEAR LINEAR LINEAR LINEAR LINEAR LINEAR LINEAR LINEAR LINEAR LINEAR LINEAR LINEAR LINEAR LINEAR LINEAR LINEAR LINEAR LINEAR LINEAR LINEAR LINEAR LINEAR LINEAR LINEAR LINEAR </Name_array>
          <technique_common>
            <accessor count="49" source="#body-global-anim-interpolation-array">
              <param type="name"/>
            </accessor>
          </technique_common>
        </source>
        <source id="body-global-anim-outSource-global">
          <float_array count="784" id="body-global-anim-outSource-global-array">0.64598036 0.06602861 -0.76049304 0.0 -3.7252903E-9 0.99625206 0.08649802 0.0 0.76335406 -0.055876017 0.6435592 -15.0 0.0 0.0 0.0 1.0 0.6459803 0.06602862 -0.7604931 0.0 0.0 0.99625206 0.08649802 0.0 0.7633541 -0.055876017 0.6435592 -15.0 0.0 0.0 0.0 1.0 0.64598036 0.06602861 -0.760493 0.0 -3.7252903E-9 0.99625206 0.08649802 0.0 0.763354 -0.05587602 0.6435592 -15.0 0.0 0.0 0.0 1.0 0.64598036 0.06602861 -0.76049304 0.0 -3.7252903E-9 0.99625206 0.08649802 0.0 0.76335406 -0.055876017 0.6435592 -15.0 0.0 0.0 0.0 1.0 0.6459803 0.06602862 -0.7604931 0.0 0.0 0.99625206 0.08649802 0.0 0.7633541 -0.055876017 0.6435592 -15.0 0.0 0.0 0.0 1.0 0.64598036 0.06602861 -0.760493 0.0 0.0 0.99625206 0.086498015 0.0 0.763354 -0.05587602 0.6435592 -15.0 0.0 0.0 0.0 1.0 0.64598036 0.06602861 -0.76049304 0.0 -3.7252903E-9 0.99625206 0.08649802 0.0 0.76335406 -0.055876017 0.6435592 -15.0 0.0 0.0 0.0 1.0 0.64598036 0.066028625 -0.76049316 0.0 0.0 0.9962521 0.08649803 0.0 0.7633542 -0.055876024 0.6435593 -15.0 0.0 0.0 0.0 1.0 0.64598036 0.06602861 -0.76049304 0.0 -7.4505806E-9 0.99625206 0.086498015 0.0 0.76335406 -0.05587601 0.6435592 -15.0 0.0 0.0 0.0 1.0 0.64598036 0.06602861 -0.76049304 0.0 -3.7252903E-9 0.99625206 0.08649802 0.0 0.76335406 -0.055876017 0.6435592 -15.0 0.0 0.0 0.0 1.0 0.6459803 0.06602862 -0.7604931 0.0 0.0 0.99625206 0.08649802 0.0 0.7633541 -0.055876017 0.6435592 -15.0 0.0 0.0 0.0 1.0 0.64598036 0.06602861 -0.76049304 0.0 -3.7252903E-9 0.99625206 0.08649802 0.0 0.76335406 -0.055876017 0.6435592 -15.0 0.0 0.0 0.0 1.0 0.64598036 0.06602861 -0.76049304 0.0 -3.7252903E-9 0.99625206 0.08649802 0.0 0.76335406 -0.055876017 0.6435592 -15.0 0.0 0.0 0.0 1.0 0.64598036 0.06602861 -0.760493 0.0 -3.7252903E-9 0.99625206 0.08649802 0.0 0.763354 -0.05587602 0.6435592 -15.0 0.0 0.0 0.0 1.0 0.6459803 0.06602862 -0.7604931 0.0 0.0 0.99625206 0.08649802 0.0 0.7633541 -0.055876017 0.6435592 -15.0 0.0 0.0 0.0 1.0 0.64598036 0.06602861 -0.760493 0.0 -3.7252903E-9 0.99625206 0.08649802 0.0 0.763354 -0.05587602 0.6435592 -15.0 0.0 0.0 0.0 1.0 0.64598036 0.06602861 -0.760493 0.0 -7.4505806E-9 0.99625206 0.086498015 0.0 0.763354 -0.055876013 0.6435592 -15.0 0.0 0.0 0.0 1.0 0.6459803 0.06602862 -0.7604931 0.0 0.0 0.99625206 0.08649802 0.0 0.7633541 -0.055876017 0.6435592 -15.0 0.0 0.0 0.0 1.0 0.64598036 0.06602861 -0.760493 0.0 -3.7252903E-9 0.99625206 0.08649802 0.0 0.763354 -0.05587602 0.6435592 -15.0 0.0 0.0 0.0 1.0 0.64598036 0.06602861 -0.760493 0.0 -7.4505806E-9 0.99625206 0.086498015 0.0 0.763354 -0.055876013 0.6435592 -15.0 0.0 0.0 0.0 1.0 0.6459803 0.06602862 -0.7604931 0.0 0.0 0.99625206 0.08649802 0.0 0.7633541 -0.055876017 0.6435592 -15.0 0.0 0.0 0.0 1.0 0.64598036 0.06602861 -0.76049304 0.0 -3.7252903E-9 0.99625206 0.08649802 0.0 0.76335406 -0.055876017 0.6435592 -15.0 0.0 0.0 0.0 1.0 0.64598036 0.06602861 -0.760493 0.0 -7.4505806E-9 0.99625206 0.086498015 0.0 0.763354 -0.055876013 0.6435592 -15.0 0.0 0.0 0.0 1.0 0.64598036 0.06602861 -0.76049304 0.0 -3.7252903E-9 0.99625206 0.08649802 0.0 0.76335406 -0.055876017 0.6435592 -15.0 0.0 0.0 0.0 1.0 0.64598036 0.06602861 -0.76049304 0.0 -3.7252903E-9 0.99625206 0.08649802 0.0 0.76335406 -0.055876017 0.6435592 -15.0 0.0 0.0 0.0 1.0 0.64598036 0.06602861 -0.76049304 0.0 -3.7252903E-9 0.99625206 0.08649802 0.0 0.76335406 -0.055876017 0.6435592 -15.0 0.0 0.0 0.0 1.0 0.64598036 0.06602861 -0.76049304 0.0 -3.7252903E-9 0.99625206 0.08649802 0.0 0.76335406 -0.055876017 0.6435592 -15.0 0.0 0.0 0.0 1.0 0.64598036 0.06602861 -0.76049304 0.0 -3.7252903E-9 0.99625206 0.08649802 0.0 0.76335406 -0.055876017 0.6435592 -15.0 0.0 0.0 0.0 1.0 0.64598036 0.06602861 -0.76049304 0.0 -3.7252903E-9 0.99625206 0.08649802 0.0 0.76335406 -0.055876017 0.6435592 -15.0 0.0 0.0 0.0 1.0 0.64598036 0.06602861 -0.76049304 0.0 -3.7252903E-9 0.99625206 0.08649802 0.0 0.76335406 -0.055876017 0.6435592 -15.0 0.0 0.0 0.0 1.0 0.64598036 0.06602861 -0.760493 0.0 -3.7252903E-9 0.99625206 0.08649802 0.0 0.763354 -0.05587602 0.6435592 -15.0 0.0 0.0 0.0 1.0 0.6459803 0.06602862 -0.7604931 0.0 0.0 0.99625206 0.08649802 0.0 0.7633541 -0.055876017 0.6435592 -15.0 0.0 0.0 0.0 1.0 0.64598036 0.06602861 -0.76049304 0.0 -3.7252903E-9 0.99625206 0.08649802 0.0 0.76335406 -0.055876017 0.6435592 -15.0 0.0 0.0 0.0 1.0 0.64598036 0.06602861 -0.760493 0.0 -3.7252903E-9 0.99625206 0.08649802 0.0 0.763354 -0.05587602 0.6435592 -15.0 0.0 0.0 0.0 1.0 0.64598036 0.06602861 -0.76049304 0.0 -3.7252903E-9 0.99625206 0.08649802 0.0 0.76335406 -0.055876017 0.6435592 -15.0 0.0 0.0 0.0 1.0 0.64598036 0.06602861 -0.76049304 0.0 -3.7252903E-9 0.99625206 0.08649802 0.0 0.76335406 -0.055876017 0.6435592 -15.0 0.0 0.0 0.0 1.0 0.64598036 0.06602861 -0.76049304 0.0 -3.7252903E-9 0.99625206 0.08649802 0.0 0.76335406 -0.055876017 0.6435592 -15.0 0.0 0.0 0.0 1.0 0.6459803 0.06602862 -0.7604931 0.0 0.0 0.99625206 0.08649802 0.0 0.7633541 -0.055876017 0.6435592 -15.0 0.0 0.0 0.0 1.0 0.64598036 0.06602861 -0.76049304 0.0 -3.7252903E-9 0.99625206 0.08649802 0.0 0.76335406 -0.055876017 0.6435592 -15.0 0.0 0.0 0.0 1.0 0.64598036 0.06602861 -0.76049304 0.0 -3.7252903E-9 0.99625206 0.08649802 0.0 0.76335406 -0.055876017 0.6435592 -15.0 0.0 0.0 0.0 1.0 0.6459803 0.06602862 -0.7604931 0.0 0.0 0.99625206 0.08649802 0.0 0.7633541 -0.055876017 0.6435592 -15.0 0.0 0.0 0.0 1.0 0.64598036 0.06602862 -0.76049304 0.0 0.0 0.99625206 0.08649802 0.0 0.76335406 -0.055876017 0.6435592 -15.0 0.0 0.0 0.0 1.0 0.64598036 0.06602861 -0.76049304 0.0 -3.7252903E-9 0.99625206 0.08649802 0.0 0.76335406 -0.055876017 0.6435592 -15.0 0.0 0.0 0.0 1.0 0.64598036 0.06602861 -0.760493 0.0 -3.7252903E-9 0.99625206 0.08649802 0.0 0.763354 -0.05587602 0.6435592 -15.0 0.0 0.0 0.0 1.0 0.64598036 0.06602861 -0.76049304 0.0 -3.7252903E-9 0.99625206 0.08649802 0.0 0.76335406 -0.055876017 0.6435592 -15.0 0.0 0.0 0.0 1.0 0.64598036 0.06602861 -0.76049304 0.0 -3.7252903E-9 0.99625206 0.08649802 0.0 0.76335406 -0.055876017 0.6435592 -15.0 0.0 0.0 0.0 1.0 0.64598036 0.06602861 -0.76049304 0.0 -3.7252903E-9 0.99625206 0.08649802 0.0 0.76335406 -0.055876017 0.6435592 -15.0 0.0 0.0 0.0 1.0 0.64598036 0.06602861 -0.76049304 0.0 -3.7252903E-9 0.99625206 0.08649802 0.0 0.76335406 -0.055876017 0.6435592 -15.0 0.0 0.0 0.0 1.0 0.64598036 0.06602861 -0.76049304 0.0 -3.7252903E-9 0.99625206 0.08649802 0.0 0.76335406 -0.055876017 0.6435592 -15.0 0.0 0.0 0.0 1.0 </float_array>
          <technique_common>
            <accessor count="49" source="#body-global-anim-outSource-global-array" stride="16">
              <param type="float4x4"/>
            </accessor>
          </technique_common>
        </source>
        <sampler id="body-global-anim-globalSampler">
          <input semantic="INPUT" source="#body-global-anim-inSource-TIME"/>
          <input semantic="OUTPUT" source="#body-global-anim-outSource-global"/>
          <input semantic="INTERPOLATION" source="#body-global-anim-interpolation"/>
        </sampler>
        <channel source="#body-global-anim-globalSampler" target="body-global/matrix"/>
      </animation>
    </animation>
    <animation id="body-local-anim" name="body-local-anim">
      <animation>
        <source id="body-local-anim-inSource-TIME">
          <float_array count="49" id="body-local-anim-inSource-TIME-array">0.0 0.041666668 0.083333336 0.125 0.16666667 0.20833333 0.25 0.29166666 0.33333334 0.375 0.41666666 0.45833334 0.5 0.5416667 0.5833333 0.625 0.6666667 0.7083333 0.75 0.7916667 0.8333333 0.875 0.9166667 0.9583333 1.0 1.0416666 1.0833334 1.125 1.1666666 1.2083334 1.25 1.2916666 1.3333334 1.375 1.4166666 1.4583334 1.5 1.5416666 1.5833334 1.625 1.6666666 1.7083334 1.75 1.7916666 1.8333334 1.875 1.9166666 1.9583334 2.0 </float_array>
          <technique_common>
            <accessor count="49" source="#body-local-anim-inSource-TIME-array">
              <param name="TIME" type="float"/>
            </accessor>
          </technique_common>
        </source>
        <source id="body-local-anim-interpolation">
          <Name_array count="49" id="body-local-anim-interpolation-array">LINEAR LINEAR LINEAR LINEAR LINEAR LINEAR LINEAR LINEAR LINEAR LINEAR LINEAR LINEAR LINEAR LINEAR LINEAR LINEAR LINEAR LINEAR LINEAR LINEAR LINEAR LINEAR LINEAR LINEAR LINEAR LINEAR LINEAR LINEAR LINEAR LINEAR LINEAR LINEAR LINEAR LINEAR LINEAR LINEAR LINEAR LINEAR LINEAR LINEAR LINEAR LINEAR LINEAR LINEAR LINEAR LINEAR LINEAR LINEAR LINEAR </Name_array>
          <technique_common>
            <accessor count="49" source="#body-local-anim-interpolation-array">
              <param type="name"/>
            </accessor>
          </technique_common>
        </source>
        <source id="body-local-anim-outSource-local">
          <float_array count="784" id="body-local-anim-outSource-local-array">1.0 0.0 0.0 0.0 0.0 1.0 0.0 0.99999994 0.0 0.0 1.0 -7.5009336 0.0 0.0 0.0 1.0 1.0 0.0 0.0 0.0 0.0 1.0 0.0 0.99999994 0.0 0.0 1.0 -7.5009336 0.0 0.0 0.0 1.0 1.0 0.0 0.0 0.0 0.0 1.0 0.0 0.99999994 0.0 0.0 1.0 -7.5009336 0.0 0.0 0.0 1.0 1.0 0.0 0.0 0.0 0.0 1.0 0.0 0.99999994 0.0 0.0 1.0 -7.5009336 0.0 0.0 0.0 1.0 1.0 0.0 0.0 0.0 0.0 1.0 0.0 0.99999994 0.0 0.0 1.0 -7.5009336 0.0 0.0 0.0 1.0 1.0 0.0 0.0 0.0 0.0 1.0 0.0 0.99999994 0.0 0.0 1.0 -7.5009336 0.0 0.0 0.0 1.0 1.0 0.0 0.0 0.0 0.0 1.0 0.0 0.99999994 0.0 0.0 1.0 -7.5009336 0.0 0.0 0.0 1.0 1.0 0.0 0.0 0.0 0.0 1.0 0.0 0.99999994 0.0 0.0 1.0 -7.5009336 0.0 0.0 0.0 1.0 1.0 0.0 0.0 0.0 0.0 1.0 0.0 0.99999994 0.0 0.0 1.0 -7.5009336 0.0 0.0 0.0 1.0 1.0 0.0 0.0 0.0 0.0 1.0 0.0 0.99999994 0.0 0.0 1.0 -7.5009336 0.0 0.0 0.0 1.0 1.0 0.0 0.0 0.0 0.0 1.0 0.0 0.99999994 0.0 0.0 1.0 -7.5009336 0.0 0.0 0.0 1.0 1.0 0.0 0.0 0.0 0.0 1.0 0.0 0.99999994 0.0 0.0 1.0 -7.5009336 0.0 0.0 0.0 1.0 1.0 0.0 0.0 0.0 0.0 1.0 0.0 0.99999994 0.0 0.0 1.0 -7.5009336 0.0 0.0 0.0 1.0 1.0 0.0 0.0 0.0 0.0 1.0 0.0 0.99999994 0.0 0.0 1.0 -7.5009336 0.0 0.0 0.0 1.0 1.0 0.0 0.0 0.0 0.0 1.0 0.0 0.99999994 0.0 0.0 1.0 -7.5009336 0.0 0.0 0.0 1.0 1.0 0.0 0.0 0.0 0.0 1.0 0.0 0.99999994 0.0 0.0 1.0 -7.5009336 0.0 0.0 0.0 1.0 1.0 0.0 0.0 0.0 0.0 1.0 0.0 0.99999994 0.0 0.0 1.0 -7.5009336 0.0 0.0 0.0 1.0 1.0 0.0 0.0 0.0 0.0 1.0 0.0 0.99999994 0.0 0.0 1.0 -7.5009336 0.0 0.0 0.0 1.0 1.0 0.0 0.0 0.0 0.0 1.0 0.0 0.99999994 0.0 0.0 1.0 -7.5009336 0.0 0.0 0.0 1.0 1.0 0.0 0.0 0.0 0.0 1.0 0.0 0.99999994 0.0 0.0 1.0 -7.5009336 0.0 0.0 0.0 1.0 1.0 0.0 0.0 0.0 0.0 1.0 0.0 0.99999994 0.0 0.0 1.0 -7.5009336 0.0 0.0 0.0 1.0 1.0 0.0 0.0 0.0 0.0 1.0 0.0 0.99999994 0.0 0.0 1.0 -7.5009336 0.0 0.0 0.0 1.0 1.0 0.0 0.0 0.0 0.0 1.0 0.0 0.99999994 0.0 0.0 1.0 -7.5009336 0.0 0.0 0.0 1.0 1.0 0.0 0.0 0.0 0.0 1.0 0.0 0.99999994 0.0 0.0 1.0 -7.5009336 0.0 0.0 0.0 1.0 1.0 0.0 0.0 0.0 0.0 1.0 0.0 0.99999994 0.0 0.0 1.0 -7.5009336 0.0 0.0 0.0 1.0 1.0 0.0 0.0 0.0 0.0 1.0 0.0 0.99999994 0.0 0.0 1.0 -7.5009336 0.0 0.0 0.0 1.0 1.0 0.0 0.0 0.0 0.0 1.0 0.0 0.99999994 0.0 0.0 1.0 -7.5009336 0.0 0.0 0.0 1.0 1.0 0.0 0.0 0.0 0.0 1.0 0.0 0.99999994 0.0 0.0 1.0 -7.5009336 0.0 0.0 0.0 1.0 1.0 0.0 0.0 0.0 0.0 1.0 0.0 0.99999994 0.0 0.0 1.0 -7.5009336 0.0 0.0 0.0 1.0 1.0 0.0 0.0 0.0 0.0 1.0 0.0 0.99999994 0.0 0.0 1.0 -7.5009336 0.0 0.0 0.0 1.0 1.0 0.0 0.0 0.0 0.0 1.0 0.0 0.99999994 0.0 0.0 1.0 -7.5009336 0.0 0.0 0.0 1.0 1.0 0.0 0.0 0.0 0.0 1.0 0.0 0.99999994 0.0 0.0 1.0 -7.5009336 0.0 0.0 0.0 1.0 1.0 0.0 0.0 0.0 0.0 1.0 0.0 0.99999994 0.0 0.0 1.0 -7.5009336 0.0 0.0 0.0 1.0 1.0 0.0 0.0 0.0 0.0 1.0 0.0 0.99999994 0.0 0.0 1.0 -7.5009336 0.0 0.0 0.0 1.0 1.0 0.0 0.0 0.0 0.0 1.0 0.0 0.99999994 0.0 0.0 1.0 -7.5009336 0.0 0.0 0.0 1.0 1.0 0.0 0.0 0.0 0.0 1.0 0.0 0.99999994 0.0 0.0 1.0 -7.5009336 0.0 0.0 0.0 1.0 1.0 0.0 0.0 0.0 0.0 1.0 0.0 0.99999994 0.0 0.0 1.0 -7.5009336 0.0 0.0 0.0 1.0 1.0 0.0 0.0 0.0 0.0 1.0 0.0 0.99999994 0.0 0.0 1.0 -7.5009336 0.0 0.0 0.0 1.0 1.0 0.0 0.0 0.0 0.0 1.0 0.0 0.99999994 0.0 0.0 1.0 -7.5009336 0.0 0.0 0.0 1.0 1.0 0.0 0.0 0.0 0.0 1.0 0.0 0.99999994 0.0 0.0 1.0 -7.5009336 0.0 0.0 0.0 1.0 1.0 0.0 0.0 0.0 0.0 1.0 0.0 0.99999994 0.0 0.0 1.0 -7.5009336 0.0 0.0 0.0 1.0 1.0 0.0 0.0 0.0 0.0 1.0 0.0 0.99999994 0.0 0.0 1.0 -7.5009336 0.0 0.0 0.0 1.0 1.0 0.0 0.0 0.0 0.0 1.0 0.0 0.99999994 0.0 0.0 1.0 -7.5009336 0.0 0.0 0.0 1.0 1.0 0.0 0.0 0.0 0.0 1.0 0.0 0.99999994 0.0 0.0 1.0 -7.5009336 0.0 0.0 0.0 1.0 1.0 0.0 0.0 0.0 0.0 1.0 0.0 0.99999994 0.0 0.0 1.0 -7.5009336 0.0 0.0 0.0 1.0 1.0 0.0 0.0 0.0 0.0 1.0 0.0 0.99999994 0.0 0.0 1.0 -7.5009336 0.0 0.0 0.0 1.0 1.0 0.0 0.0 0.0 0.0 1.0 0.0 0.99999994 0.0 0.0 1.0 -7.5009336 0.0 0.0 0.0 1.0 1.0 0.0 0.0 0.0 0.0 1.0 0.0 0.99999994 0.0 0.0 1.0 -7.5009336 0.0 0.0 0.0 1.0 1.0 0.0 0.0 0.0 0.0 1.0 0.0 0.99999994 0.0 0.0 1.0 -7.5009336 0.0 0.0 0.0 1.0 </float_array>
          <technique_common>
            <accessor count="49" source="#body-local-anim-outSource-local-array" stride="16">
              <param type="float4x4"/>
            </accessor>
          </technique_common>
        </source>
        <sampler id="body-local-anim-localSampler">
          <input semantic="INPUT" source="#body-local-anim-inSource-TIME"/>
          <input semantic="OUTPUT" source="#body-local-anim-outSource-local"/>
          <input semantic="INTERPOLATION" source="#body-local-anim-interpolation"/>
        </sampler>
        <channel source="#body-local-anim-localSampler" target="body-local/matrix"/>
      </animation>
    </animation>
    <animation id="tail1-global-anim" name="tail1-global-anim">
      <animation>
        <source id="tail1-global-anim-inSource-TIME">
          <float_array count="49" id="tail1-global-anim-inSource-TIME-array">0.0 0.041666668 0.083333336 0.125 0.16666667 0.20833333 0.25 0.29166666 0.33333334 0.375 0.41666666 0.45833334 0.5 0.5416667 0.5833333 0.625 0.6666667 0.7083333 0.75 0.7916667 0.8333333 0.875 0.9166667 0.9583333 1.0 1.0416666 1.0833334 1.125 1.1666666 1.2083334 1.25 1.2916666 1.3333334 1.375 1.4166666 1.4583334 1.5 1.5416666 1.5833334 1.625 1.6666666 1.7083334 1.75 1.7916666 1.8333334 1.875 1.9166666 1.9583334 2.0 </float_array>
          <technique_common>
            <accessor count="49" source="#tail1-global-anim-inSource-TIME-array">
              <param name="TIME" type="float"/>
            </accessor>
          </technique_common>
        </source>
        <source id="tail1-global-anim-interpolation">
          <Name_array count="49" id="tail1-global-anim-interpolation-array">LINEAR LINEAR LINEAR LINEAR LINEAR LINEAR LINEAR LINEAR LINEAR LINEAR LINEAR LINEAR LINEAR LINEAR LINEAR LINEAR LINEAR LINEAR LINEAR LINEAR LINEAR LINEAR LINEAR LINEAR LINEAR LINEAR LINEAR LINEAR LINEAR LINEAR LINEAR LINEAR LINEAR LINEAR LINEAR LINEAR LINEAR LINEAR LINEAR LINEAR LINEAR LINEAR LINEAR LINEAR LINEAR LINEAR LINEAR LINEAR LINEAR </Name_array>
          <technique_common>
            <accessor count="49" source="#tail1-global-anim-interpolation-array">
              <param type="name"/>
            </accessor>
          </technique_common>
        </source>
        <source id="tail1-global-anim-outSource-global">
          <float_array count="784" id="tail1-global-anim-outSource-global-array">0.4906057 0.0037581685 -0.87137365 0.0 -0.007660039 0.99997073 -4.656613E-10 0.0 0.87134814 0.006674756 0.49062014 -15.0 0.0 0.0 0.0 1.0 0.49060583 0.003758169 -0.8713737 0.0 -0.0076600397 0.99997085 -6.9849193E-10 0.0 0.8713482 0.0066747563 0.49062026 -15.0 0.0 0.0 0.0 1.0 0.49060565 0.003758168 -0.8713736 0.0 -0.007660039 0.9999707 -2.3283064E-10 0.0 0.8713481 0.0066747554 0.49062008 -15.0 0.0 0.0 0.0 1.0 0.4906057 0.0037581685 -0.87137365 0.0 -0.007660039 0.99997073 -4.656613E-10 0.0 0.87134814 0.006674756 0.49062014 -15.0 0.0 0.0 0.0 1.0 0.4906057 0.003758169 -0.87137365 0.0 -0.0076600397 0.99997073 -2.3283064E-10 0.0 0.87134814 0.0066747563 0.49062014 -15.0 0.0 0.0 0.0 1.0 0.4906057 0.0037581685 -0.87137365 0.0 -0.007660039 0.99997073 -4.656613E-10 0.0 0.87134814 0.006674756 0.49062014 -15.0 0.0 0.0 0.0 1.0 0.4906057 0.0037581685 -0.87137365 0.0 -0.007660039 0.99997073 -4.656613E-10 0.0 0.87134814 0.006674756 0.49062014 -15.0 0.0 0.0 0.0 1.0 0.4906057 0.003758169 -0.87137365 0.0 -0.0076600397 0.99997073 -2.3283064E-10 0.0 0.87134814 0.0066747563 0.49062014 -15.0 0.0 0.0 0.0 1.0 0.4906057 0.0037581685 -0.87137365 0.0 -0.007660039 0.99997073 -4.656613E-10 0.0 0.87134814 0.006674756 0.49062014 -15.0 0.0 0.0 0.0 1.0 0.4906057 0.003758168 -0.87137365 0.0 -0.007660039 0.99997073 -6.9849193E-10 0.0 0.87134814 0.0066747554 0.49062014 -15.0 0.0 0.0 0.0 1.0 0.4906057 0.0037581685 -0.87137365 0.0 -0.007660039 0.99997073 -4.656613E-10 0.0 0.87134814 0.006674756 0.49062014 -15.0 0.0 0.0 0.0 1.0 0.4906057 0.003758168 -0.87137365 0.0 -0.007660039 0.99997073 -6.9849193E-10 0.0 0.87134814 0.0066747554 0.49062014 -15.0 0.0 0.0 0.0 1.0 0.4906057 0.0037581685 -0.87137365 0.0 -0.007660039 0.99997073 -4.656613E-10 0.0 0.87134814 0.006674756 0.49062014 -15.0 0.0 0.0 0.0 1.0 0.49060565 0.0037581676 -0.8713736 0.0 -0.007660038 0.9999707 -4.656613E-10 0.0 0.8713481 0.0066747554 0.49062008 -15.0 0.0 0.0 0.0 1.0 0.49060583 0.0037581692 -0.8713737 0.0 -0.00766004 0.99997085 -6.9849193E-10 0.0 0.8713482 0.0066747563 0.49062026 -15.0 0.0 0.0 0.0 1.0 0.4906057 0.0037581685 -0.87137365 0.0 -0.007660039 0.99997073 -4.656613E-10 0.0 0.87134814 0.006674756 0.49062014 -15.0 0.0 0.0 0.0 1.0 0.4906057 0.0037581683 -0.87137365 0.0 -0.0076600383 0.99997073 -4.656613E-10 0.0 0.87134814 0.0066747554 0.49062014 -15.0 0.0 0.0 0.0 1.0 0.49060583 0.0037581695 -0.8713737 0.0 -0.0076600397 0.99997085 -4.656613E-10 0.0 0.8713482 0.0066747563 0.49062026 -15.0 0.0 0.0 0.0 1.0 0.4906057 0.0037581685 -0.87137365 0.0 -0.007660039 0.99997073 -4.656613E-10 0.0 0.87134814 0.006674756 0.49062014 -15.0 0.0 0.0 0.0 1.0 0.4906057 0.003758168 -0.87137365 0.0 -0.007660039 0.99997073 -6.9849193E-10 0.0 0.87134814 0.0066747554 0.49062014 -15.0 0.0 0.0 0.0 1.0 0.4906057 0.0037581688 -0.87137365 0.0 -0.0076600397 0.99997073 -4.656613E-10 0.0 0.87134814 0.0066747563 0.49062014 -15.0 0.0 0.0 0.0 1.0 0.4906057 0.0037581685 -0.87137365 0.0 -0.007660039 0.99997073 -4.656613E-10 0.0 0.87134814 0.006674756 0.49062014 -15.0 0.0 0.0 0.0 1.0 0.49060577 0.0037581683 -0.87137353 0.0 -0.0076600383 0.9999707 -9.313226E-10 0.0 0.871348 0.006674755 0.4906202 -15.0 0.0 0.0 0.0 1.0 0.49060565 0.0037581688 -0.8713737 0.0 -0.0076600397 0.9999708 0.0 0.0 0.8713482 0.0066747563 0.49062008 -15.0 0.0 0.0 0.0 1.0 0.4906057 0.0037581685 -0.87137365 0.0 -0.007660039 0.99997073 -4.656613E-10 0.0 0.87134814 0.006674756 0.49062014 -15.0 0.0 0.0 0.0 1.0 0.4906057 0.0037581685 -0.87137365 0.0 -0.007660039 0.99997073 -4.656613E-10 0.0 0.87134814 0.006674756 0.49062014 -15.0 0.0 0.0 0.0 1.0 0.4906057 0.0037581685 -0.87137365 0.0 -0.007660039 0.99997073 -4.656613E-10 0.0 0.87134814 0.006674756 0.49062014 -15.0 0.0 0.0 0.0 1.0 0.4906057 0.0037581685 -0.87137365 0.0 -0.007660039 0.99997073 -4.656613E-10 0.0 0.87134814 0.006674756 0.49062014 -15.0 0.0 0.0 0.0 1.0 0.4906057 0.0037581685 -0.87137365 0.0 -0.007660039 0.99997073 -4.656613E-10 0.0 0.87134814 0.006674756 0.49062014 -15.0 0.0 0.0 0.0 1.0 0.4906057 0.0037581685 -0.87137365 0.0 -0.007660039 0.99997073 -4.656613E-10 0.0 0.87134814 0.006674756 0.49062014 -15.0 0.0 0.0 0.0 1.0 0.4906057 0.0037581685 -0.87137365 0.0 -0.007660039 0.99997073 -4.656613E-10 0.0 0.87134814 0.006674756 0.49062014 -15.0 0.0 0.0 0.0 1.0 0.4906057 0.0037581685 -0.87137365 0.0 -0.007660039 0.99997073 -4.656613E-10 0.0 0.87134814 0.006674756 0.49062014 -15.0 0.0 0.0 0.0 1.0 0.4906057 0.0037581685 -0.87137365 0.0 -0.007660039 0.99997073 -4.656613E-10 0.0 0.87134814 0.006674756 0.49062014 -15.0 0.0 0.0 0.0 1.0 0.4906057 0.0037581685 -0.87137365 0.0 -0.007660039 0.99997073 -4.656613E-10 0.0 0.87134814 0.006674756 0.49062014 -15.0 0.0 0.0 0.0 1.0 0.4906057 0.0037581685 -0.87137365 0.0 -0.007660039 0.99997073 -4.656613E-10 0.0 0.87134814 0.006674756 0.49062014 -15.0 0.0 0.0 0.0 1.0 0.4906057 0.0037581685 -0.87137365 0.0 -0.007660039 0.99997073 -4.656613E-10 0.0 0.87134814 0.006674756 0.49062014 -15.0 0.0 0.0 0.0 1.0 0.4906057 0.0037581685 -0.87137365 0.0 -0.007660039 0.99997073 -4.656613E-10 0.0 0.87134814 0.006674756 0.49062014 -15.0 0.0 0.0 0.0 1.0 0.4906057 0.0037581685 -0.87137365 0.0 -0.007660039 0.99997073 -4.656613E-10 0.0 0.87134814 0.006674756 0.49062014 -15.0 0.0 0.0 0.0 1.0 0.4906057 0.0037581685 -0.87137365 0.0 -0.007660039 0.99997073 -4.656613E-10 0.0 0.87134814 0.006674756 0.49062014 -15.0 0.0 0.0 0.0 1.0 0.4906057 0.003758168 -0.87137365 0.0 -0.007660039 0.99997073 -6.9849193E-10 0.0 0.87134814 0.0066747554 0.49062014 -15.0 0.0 0.0 0.0 1.0 0.4906057 0.003758169 -0.87137365 0.0 -0.0076600397 0.99997073 -2.3283064E-10 0.0 0.87134814 0.0066747563 0.49062014 -15.0 0.0 0.0 0.0 1.0 0.4906057 0.003758169 -0.87137365 0.0 -0.0076600397 0.99997073 -2.3283064E-10 0.0 0.87134814 0.0066747563 0.49062014 -15.0 0.0 0.0 0.0 1.0 0.4906057 0.0037581685 -0.87137365 0.0 -0.007660039 0.99997073 -4.656613E-10 0.0 0.87134814 0.006674756 0.49062014 -15.0 0.0 0.0 0.0 1.0 0.4906057 0.0037581685 -0.87137365 0.0 -0.007660039 0.99997073 -4.656613E-10 0.0 0.87134814 0.006674756 0.49062014 -15.0 0.0 0.0 0.0 1.0 0.4906057 0.0037581685 -0.87137365 0.0 -0.007660039 0.99997073 -4.656613E-10 0.0 0.87134814 0.006674756 0.49062014 -15.0 0.0 0.0 0.0 1.0 0.4906057 0.0037581685 -0.87137365 0.0 -0.007660039 0.99997073 -4.656613E-10 0.0 0.87134814 0.006674756 0.49062014 -15.0 0.0 0.0 0.0 1.0 0.4906057 0.0037581685 -0.87137365 0.0 -0.007660039 0.99997073 -4.656613E-10 0.0 0.87134814 0.006674756 0.49062014 -15.0 0.0 0.0 0.0 1.0 0.4906057 0.0037581685 -0.87137365 0.0 -0.007660039 0.99997073 -4.656613E-10 0.0 0.87134814 0.006674756 0.49062014 -15.0 0.0 0.0 0.0 1.0 0.4906057 0.0037581685 -0.87137365 0.0 -0.007660039 0.99997073 -4.656613E-10 0.0 0.87134814 0.006674756 0.49062014 -15.0 0.0 0.0 0.0 1.0 </float_array>
          <technique_common>
            <accessor count="49" source="#tail1-global-anim-outSource-global-array" stride="16">
              <param type="float4x4"/>
            </accessor>
          </technique_common>
        </source>
        <sampler id="tail1-global-anim-globalSampler">
          <input semantic="INPUT" source="#tail1-global-anim-inSource-TIME"/>
          <input semantic="OUTPUT" source="#tail1-global-anim-outSource-global"/>
          <input semantic="INTERPOLATION" source="#tail1-global-anim-interpolation"/>
        </sampler>
        <channel source="#tail1-global-anim-globalSampler" target="tail1-global/matrix"/>
      </animation>
    </animation>
    <animation id="tail1-local-anim" name="tail1-local-anim">
      <animation>
        <source id="tail1-local-anim-inSource-TIME">
          <float_array count="49" id="tail1-local-anim-inSource-TIME-array">0.0 0.041666668 0.083333336 0.125 0.16666667 0.20833333 0.25 0.29166666 0.33333334 0.375 0.41666666 0.45833334 0.5 0.5416667 0.5833333 0.625 0.6666667 0.7083333 0.75 0.7916667 0.8333333 0.875 0.9166667 0.9583333 1.0 1.0416666 1.0833334 1.125 1.1666666 1.2083334 1.25 1.2916666 1.3333334 1.375 1.4166666 1.4583334 1.5 1.5416666 1.5833334 1.625 1.6666666 1.7083334 1.75 1.7916666 1.8333334 1.875 1.9166666 1.9583334 2.0 </float_array>
          <technique_common>
            <accessor count="49" source="#tail1-local-anim-inSource-TIME-array">
              <param name="TIME" type="float"/>
            </accessor>
          </technique_common>
        </source>
        <source id="tail1-local-anim-interpolation">
          <Name_array count="49" id="tail1-local-anim-interpolation-array">LINEAR LINEAR LINEAR LINEAR LINEAR LINEAR LINEAR LINEAR LINEAR LINEAR LINEAR LINEAR LINEAR LINEAR LINEAR LINEAR LINEAR LINEAR LINEAR LINEAR LINEAR LINEAR LINEAR LINEAR LINEAR LINEAR LINEAR LINEAR LINEAR LINEAR LINEAR LINEAR LINEAR LINEAR LINEAR LINEAR LINEAR LINEAR LINEAR LINEAR LINEAR LINEAR LINEAR LINEAR LINEAR LINEAR LINEAR LINEAR LINEAR </Name_array>
          <technique_common>
            <accessor count="49" source="#tail1-local-anim-interpolation-array">
              <param type="name"/>
            </accessor>
          </technique_common>
        </source>
        <source id="tail1-local-anim-outSource-local">
          <float_array count="784" id="tail1-local-anim-outSource-local-array">1.0 0.0 0.0 0.070053935 0.0 1.0 0.0 0.99999994 0.0 0.0 1.0 -7.5 0.0 0.0 0.0 1.0 1.0 0.0 0.0 0.070053935 0.0 1.0 0.0 0.99999994 0.0 0.0 1.0 -7.5 0.0 0.0 0.0 1.0 1.0 0.0 0.0 0.070053935 0.0 1.0 0.0 0.99999994 0.0 0.0 1.0 -7.5 0.0 0.0 0.0 1.0 1.0 0.0 0.0 0.070053935 0.0 1.0 0.0 0.99999994 0.0 0.0 1.0 -7.5 0.0 0.0 0.0 1.0 1.0 0.0 0.0 0.070053935 0.0 1.0 0.0 0.99999994 0.0 0.0 1.0 -7.5 0.0 0.0 0.0 1.0 1.0 0.0 0.0 0.070053935 0.0 1.0 0.0 0.99999994 0.0 0.0 1.0 -7.5 0.0 0.0 0.0 1.0 1.0 0.0 0.0 0.070053935 0.0 1.0 0.0 0.99999994 0.0 0.0 1.0 -7.5 0.0 0.0 0.0 1.0 1.0 0.0 0.0 0.070053935 0.0 1.0 0.0 0.99999994 0.0 0.0 1.0 -7.5 0.0 0.0 0.0 1.0 1.0 0.0 0.0 0.070053935 0.0 1.0 0.0 0.99999994 0.0 0.0 1.0 -7.5 0.0 0.0 0.0 1.0 1.0 0.0 0.0 0.070053935 0.0 1.0 0.0 0.99999994 0.0 0.0 1.0 -7.5 0.0 0.0 0.0 1.0 1.0 0.0 0.0 0.070053935 0.0 1.0 0.0 0.99999994 0.0 0.0 1.0 -7.5 0.0 0.0 0.0 1.0 1.0 0.0 0.0 0.070053935 0.0 1.0 0.0 0.99999994 0.0 0.0 1.0 -7.5 0.0 0.0 0.0 1.0 1.0 0.0 0.0 0.070053935 0.0 1.0 0.0 0.99999994 0.0 0.0 1.0 -7.5 0.0 0.0 0.0 1.0 1.0 0.0 0.0 0.070053935 0.0 1.0 0.0 0.99999994 0.0 0.0 1.0 -7.5 0.0 0.0 0.0 1.0 1.0 0.0 0.0 0.070053935 0.0 1.0 0.0 0.99999994 0.0 0.0 1.0 -7.5 0.0 0.0 0.0 1.0 1.0 0.0 0.0 0.070053935 0.0 1.0 0.0 0.99999994 0.0 0.0 1.0 -7.5 0.0 0.0 0.0 1.0 1.0 0.0 0.0 0.070053935 0.0 1.0 0.0 0.99999994 0.0 0.0 1.0 -7.5 0.0 0.0 0.0 1.0 1.0 0.0 0.0 0.070053935 0.0 1.0 0.0 0.99999994 0.0 0.0 1.0 -7.5 0.0 0.0 0.0 1.0 1.0 0.0 0.0 0.070053935 0.0 1.0 0.0 0.99999994 0.0 0.0 1.0 -7.5 0.0 0.0 0.0 1.0 1.0 0.0 0.0 0.070053935 0.0 1.0 0.0 0.99999994 0.0 0.0 1.0 -7.5 0.0 0.0 0.0 1.0 1.0 0.0 0.0 0.070053935 0.0 1.0 0.0 0.99999994 0.0 0.0 1.0 -7.5 0.0 0.0 0.0 1.0 1.0 0.0 0.0 0.070053935 0.0 1.0 0.0 0.99999994 0.0 0.0 1.0 -7.5 0.0 0.0 0.0 1.0 1.0 0.0 0.0 0.070053935 0.0 1.0 0.0 0.99999994 0.0 0.0 1.0 -7.5 0.0 0.0 0.0 1.0 1.0 0.0 0.0 0.070053935 0.0 1.0 0.0 0.99999994 0.0 0.0 1.0 -7.5 0.0 0.0 0.0 1.0 1.0 0.0 0.0 0.070053935 0.0 1.0 0.0 0.99999994 0.0 0.0 1.0 -7.5 0.0 0.0 0.0 1.0 1.0 0.0 0.0 0.070053935 0.0 1.0 0.0 0.99999994 0.0 0.0 1.0 -7.5 0.0 0.0 0.0 1.0 1.0 0.0 0.0 0.070053935 0.0 1.0 0.0 0.99999994 0.0 0.0 1.0 -7.5 0.0 0.0 0.0 1.0 1.0 0.0 0.0 0.070053935 0.0 1.0 0.0 0.99999994 0.0 0.0 1.0 -7.5 0.0 0.0 0.0 1.0 1.0 0.0 0.0 0.070053935 0.0 1.0 0.0 0.99999994 0.0 0.0 1.0 -7.5 0.0 0.0 0.0 1.0 1.0 0.0 0.0 0.070053935 0.0 1.0 0.0 0.99999994 0.0 0.0 1.0 -7.5 0.0 0.0 0.0 1.0 1.0 0.0 0.0 0.070053935 0.0 1.0 0.0 0.99999994 0.0 0.0 1.0 -7.5 0.0 0.0 0.0 1.0 1.0 0.0 0.0 0.070053935 0.0 1.0 0.0 0.99999994 0.0 0.0 1.0 -7.5 0.0 0.0 0.0 1.0 1.0 0.0 0.0 0.070053935 0.0 1.0 0.0 0.99999994 0.0 0.0 1.0 -7.5 0.0 0.0 0.0 1.0 1.0 0.0 0.0 0.070053935 0.0 1.0 0.0 0.99999994 0.0 0.0 1.0 -7.5 0.0 0.0 0.0 1.0 1.0 0.0 0.0 0.070053935 0.0 1.0 0.0 0.99999994 0.0 0.0 1.0 -7.5 0.0 0.0 0.0 1.0 1.0 0.0 0.0 0.070053935 0.0 1.0 0.0 0.99999994 0.0 0.0 1.0 -7.5 0.0 0.0 0.0 1.0 1.0 0.0 0.0 0.070053935 0.0 1.0 0.0 0.99999994 0.0 0.0 1.0 -7.5 0.0 0.0 0.0 1.0 1.0 0.0 0.0 0.070053935 0.0 1.0 0.0 0.99999994 0.0 0.0 1.0 -7.5 0.0 0.0 0.0 1.0 1.0 0.0 0.0 0.070053935 0.0 1.0 0.0 0.99999994 0.0 0.0 1.0 -7.5 0.0 0.0 0.0 1.0 1.0 0.0 0.0 0.070053935 0.0 1.0 0.0 0.99999994 0.0 0.0 1.0 -7.5 0.0 0.0 0.0 1.0 1.0 0.0 0.0 0.070053935 0.0 1.0 0.0 0.99999994 0.0 0.0 1.0 -7.5 0.0 0.0 0.0 1.0 1.0 0.0 0.0 0.070053935 0.0 1.0 0.0 0.99999994 0.0 0.0 1.0 -7.5 0.0 0.0 0.0 1.0 1.0 0.0 0.0 0.070053935 0.0 1.0 0.0 0.99999994 0.0 0.0 1.0 -7.5 0.0 0.0 0.0 1.0 1.0 0.0 0.0 0.070053935 0.0 1.0 0.0 0.99999994 0.0 0.0 1.0 -7.5 0.0 0.0 0.0 1.0 1.0 0.0 0.0 0.070053935 0.0 1.0 0.0 0.99999994 0.0 0.0 1.0 -7.5 0.0 0.0 0.0 1.0 1.0 0.0 0.0 0.070053935 0.0 1.0 0.0 0.99999994 0.0 0.0 1.0 -7.5 0.0 0.0 0.0 1.0 1.0 0.0 0.0 0.070053935 0.0 1.0 0.0 0.99999994 0.0 0.0 1.0 -7.5 0.0 0.0 0.0 1.0 1.0 0.0 0.0 0.070053935 0.0 1.0 0.0 0.99999994 0.0 0.0 1.0 -7.5 0.0 0.0 0.0 1.0 1.0 0.0 0.0 0.070053935 0.0 1.0 0.0 0.99999994 0.0 0.0 1.0 -7.5 0.0 0.0 0.0 1.0 </float_array>
          <technique_common>
            <accessor count="49" source="#tail1-local-anim-outSource-local-array" stride="16">
              <param type="float4x4"/>
            </accessor>
          </technique_common>
        </source>
        <sampler id="tail1-local-anim-localSampler">
          <input semantic="INPUT" source="#tail1-local-anim-inSource-TIME"/>
          <input semantic="OUTPUT" source="#tail1-local-anim-outSource-local"/>
          <input semantic="INTERPOLATION" source="#tail1-local-anim-interpolation"/>
        </sampler>
        <channel source="#tail1-local-anim-localSampler" target="tail1-local/matrix"/>
      </animation>
    </animation>
    <animation id="tail2-global-anim" name="tail2-global-anim">
      <animation>
        <source id="tail2-global-anim-inSource-TIME">
          <float_array count="49" id="tail2-global-anim-inSource-TIME-array">0.0 0.041666668 0.083333336 0.125 0.16666667 0.20833333 0.25 0.29166666 0.33333334 0.375 0.41666666 0.45833334 0.5 0.5416667 0.5833333 0.625 0.6666667 0.7083333 0.75 0.7916667 0.8333333 0.875 0.9166667 0.9583333 1.0 1.0416666 1.0833334 1.125 1.1666666 1.2083334 1.25 1.2916666 1.3333334 1.375 1.4166666 1.4583334 1.5 1.5416666 1.5833334 1.625 1.6666666 1.7083334 1.75 1.7916666 1.8333334 1.875 1.9166666 1.9583334 2.0 </float_array>
          <technique_common>
            <accessor count="49" source="#tail2-global-anim-inSource-TIME-array">
              <param name="TIME" type="float"/>
            </accessor>
          </technique_common>
        </source>
        <source id="tail2-global-anim-interpolation">
          <Name_array count="49" id="tail2-global-anim-interpolation-array">LINEAR LINEAR LINEAR LINEAR LINEAR LINEAR LINEAR LINEAR LINEAR LINEAR LINEAR LINEAR LINEAR LINEAR LINEAR LINEAR LINEAR LINEAR LINEAR LINEAR LINEAR LINEAR LINEAR LINEAR LINEAR LINEAR LINEAR LINEAR LINEAR LINEAR LINEAR LINEAR LINEAR LINEAR LINEAR LINEAR LINEAR LINEAR LINEAR LINEAR LINEAR LINEAR LINEAR LINEAR LINEAR LINEAR LINEAR LINEAR LINEAR </Name_array>
          <technique_common>
            <accessor count="49" source="#tail2-global-anim-interpolation-array">
              <param type="name"/>
            </accessor>
          </technique_common>
        </source>
        <source id="tail2-global-anim-outSource-global">
          <float_array count="784" id="tail2-global-anim-outSource-global-array">0.5755025 0.052518684 -0.8161119 0.0 3.7252903E-9 0.99793583 0.064219475 0.0 0.81780005 -0.03695847 0.5743146 -15.0 0.0 0.0 0.0 1.0 0.5755025 0.05251869 -0.8161119 0.0 7.4505806E-9 0.9979359 0.064219475 0.0 0.81780005 -0.036958475 0.5743146 -15.0 0.0 0.0 0.0 1.0 0.5755026 0.05251868 -0.81611186 0.0 1.8626451E-9 0.9979358 0.064219475 0.0 0.8178 -0.03695847 0.5743146 -15.0 0.0 0.0 0.0 1.0 0.5755025 0.052518684 -0.8161119 0.0 3.7252903E-9 0.99793583 0.064219475 0.0 0.81780005 -0.03695847 0.5743146 -15.0 0.0 0.0 0.0 1.0 0.5755025 0.052518684 -0.8161119 0.0 3.7252903E-9 0.99793583 0.064219475 0.0 0.81780005 -0.03695847 0.5743146 -15.0 0.0 0.0 0.0 1.0 0.5755024 0.05251868 -0.81611186 0.0 5.5879354E-9 0.9979357 0.064219475 0.0 0.8178 -0.03695847 0.5743145 -15.0 0.0 0.0 0.0 1.0 0.5755025 0.052518684 -0.8161119 0.0 3.7252903E-9 0.99793583 0.064219475 0.0 0.81780005 -0.03695847 0.5743146 -15.0 0.0 0.0 0.0 1.0 0.5755025 0.052518684 -0.8161119 0.0 3.7252903E-9 0.99793583 0.064219475 0.0 0.81780005 -0.03695847 0.5743146 -15.0 0.0 0.0 0.0 1.0 0.5755024 0.05251868 -0.81611186 0.0 5.5879354E-9 0.9979357 0.064219475 0.0 0.8178 -0.03695847 0.5743145 -15.0 0.0 0.0 0.0 1.0 0.5755025 0.052518684 -0.8161119 0.0 3.7252903E-9 0.99793583 0.064219475 0.0 0.81780005 -0.03695847 0.5743146 -15.0 0.0 0.0 0.0 1.0 0.5755025 0.052518684 -0.8161119 0.0 3.7252903E-9 0.99793583 0.064219475 0.0 0.81780005 -0.03695847 0.5743146 -15.0 0.0 0.0 0.0 1.0 0.5755024 0.05251868 -0.81611186 0.0 5.5879354E-9 0.9979357 0.064219475 0.0 0.8178 -0.03695847 0.5743145 -15.0 0.0 0.0 0.0 1.0 0.5755025 0.052518684 -0.8161119 0.0 3.7252903E-9 0.99793583 0.064219475 0.0 0.81780005 -0.03695847 0.5743146 -15.0 0.0 0.0 0.0 1.0 0.57550246 0.05251868 -0.8161118 0.0 5.5879354E-9 0.99793565 0.064219475 0.0 0.8177999 -0.036958475 0.5743145 -15.0 0.0 0.0 0.0 1.0 0.5755025 0.05251869 -0.8161119 0.0 3.7252903E-9 0.99793583 0.064219475 0.0 0.81780005 -0.036958475 0.5743146 -15.0 0.0 0.0 0.0 1.0 0.5755024 0.05251868 -0.81611186 0.0 5.5879354E-9 0.9979357 0.064219475 0.0 0.8178 -0.03695847 0.5743145 -15.0 0.0 0.0 0.0 1.0 0.57550246 0.05251868 -0.8161118 0.0 5.5879354E-9 0.99793565 0.064219475 0.0 0.8177999 -0.036958475 0.5743145 -15.0 0.0 0.0 0.0 1.0 0.5755025 0.05251869 -0.8161119 0.0 1.8626451E-9 0.99793583 0.064219475 0.0 0.81780005 -0.03695847 0.5743146 -15.0 0.0 0.0 0.0 1.0 0.5755024 0.05251868 -0.81611186 0.0 5.5879354E-9 0.9979357 0.064219475 0.0 0.8178 -0.03695847 0.5743145 -15.0 0.0 0.0 0.0 1.0 0.5755024 0.05251868 -0.81611186 0.0 5.5879354E-9 0.9979357 0.06421947 0.0 0.8178 -0.03695847 0.5743145 -15.0 0.0 0.0 0.0 1.0 0.5755025 0.05251869 -0.8161119 0.0 1.8626451E-9 0.99793583 0.064219475 0.0 0.81780005 -0.03695847 0.5743146 -15.0 0.0 0.0 0.0 1.0 0.5755025 0.052518684 -0.8161119 0.0 3.7252903E-9 0.99793583 0.064219475 0.0 0.81780005 -0.03695847 0.5743146 -15.0 0.0 0.0 0.0 1.0 0.5755024 0.05251868 -0.81611186 0.0 7.4505806E-9 0.9979357 0.064219475 0.0 0.8178 -0.03695847 0.5743145 -15.0 0.0 0.0 0.0 1.0 0.57550263 0.05251869 -0.8161119 0.0 1.8626451E-9 0.99793595 0.064219475 0.0 0.81780005 -0.036958475 0.5743147 -15.0 0.0 0.0 0.0 1.0 0.5755025 0.052518684 -0.8161119 0.0 3.7252903E-9 0.99793583 0.064219475 0.0 0.81780005 -0.03695847 0.5743146 -15.0 0.0 0.0 0.0 1.0 0.5755025 0.052518684 -0.8161119 0.0 3.7252903E-9 0.99793583 0.064219475 0.0 0.81780005 -0.03695847 0.5743146 -15.0 0.0 0.0 0.0 1.0 0.5755025 0.052518684 -0.8161119 0.0 3.7252903E-9 0.99793583 0.064219475 0.0 0.81780005 -0.03695847 0.5743146 -15.0 0.0 0.0 0.0 1.0 0.5755025 0.052518684 -0.8161119 0.0 3.7252903E-9 0.99793583 0.064219475 0.0 0.81780005 -0.03695847 0.5743146 -15.0 0.0 0.0 0.0 1.0 0.5755024 0.05251868 -0.81611186 0.0 5.5879354E-9 0.9979357 0.064219475 0.0 0.8178 -0.03695847 0.5743145 -15.0 0.0 0.0 0.0 1.0 0.5755024 0.05251868 -0.81611186 0.0 5.5879354E-9 0.9979357 0.064219475 0.0 0.8178 -0.03695847 0.5743145 -15.0 0.0 0.0 0.0 1.0 0.5755024 0.05251868 -0.81611186 0.0 5.5879354E-9 0.9979357 0.064219475 0.0 0.8178 -0.03695847 0.5743145 -15.0 0.0 0.0 0.0 1.0 0.5755024 0.05251868 -0.81611186 0.0 5.5879354E-9 0.9979357 0.064219475 0.0 0.8178 -0.03695847 0.5743145 -15.0 0.0 0.0 0.0 1.0 0.5755024 0.05251868 -0.81611186 0.0 5.5879354E-9 0.9979357 0.064219475 0.0 0.8178 -0.03695847 0.5743145 -15.0 0.0 0.0 0.0 1.0 0.5755024 0.05251868 -0.81611186 0.0 5.5879354E-9 0.9979357 0.064219475 0.0 0.8178 -0.03695847 0.5743145 -15.0 0.0 0.0 0.0 1.0 0.5755024 0.05251868 -0.81611186 0.0 5.5879354E-9 0.9979357 0.064219475 0.0 0.8178 -0.03695847 0.5743145 -15.0 0.0 0.0 0.0 1.0 0.5755025 0.052518684 -0.8161119 0.0 3.7252903E-9 0.99793583 0.064219475 0.0 0.81780005 -0.03695847 0.5743146 -15.0 0.0 0.0 0.0 1.0 0.5755025 0.052518684 -0.8161119 0.0 3.7252903E-9 0.99793583 0.064219475 0.0 0.81780005 -0.03695847 0.5743146 -15.0 0.0 0.0 0.0 1.0 0.5755025 0.052518684 -0.8161119 0.0 3.7252903E-9 0.99793583 0.064219475 0.0 0.81780005 -0.03695847 0.5743146 -15.0 0.0 0.0 0.0 1.0 0.5755025 0.052518684 -0.8161119 0.0 3.7252903E-9 0.99793583 0.064219475 0.0 0.81780005 -0.03695847 0.5743146 -15.0 0.0 0.0 0.0 1.0 0.5755025 0.052518684 -0.8161119 0.0 3.7252903E-9 0.99793583 0.064219475 0.0 0.81780005 -0.03695847 0.5743146 -15.0 0.0 0.0 0.0 1.0 0.5755025 0.052518684 -0.8161119 0.0 3.7252903E-9 0.99793583 0.064219475 0.0 0.81780005 -0.03695847 0.5743146 -15.0 0.0 0.0 0.0 1.0 0.5755025 0.052518684 -0.8161119 0.0 3.7252903E-9 0.99793583 0.064219475 0.0 0.81780005 -0.03695847 0.5743146 -15.0 0.0 0.0 0.0 1.0 0.5755025 0.052518684 -0.8161119 0.0 3.7252903E-9 0.99793583 0.064219475 0.0 0.81780005 -0.03695847 0.5743146 -15.0 0.0 0.0 0.0 1.0 0.5755025 0.052518684 -0.8161119 0.0 3.7252903E-9 0.99793583 0.064219475 0.0 0.81780005 -0.03695847 0.5743146 -15.0 0.0 0.0 0.0 1.0 0.5755025 0.052518684 -0.8161119 0.0 3.7252903E-9 0.99793583 0.064219475 0.0 0.81780005 -0.03695847 0.5743146 -15.0 0.0 0.0 0.0 1.0 0.5755025 0.052518684 -0.8161119 0.0 3.7252903E-9 0.99793583 0.064219475 0.0 0.81780005 -0.03695847 0.5743146 -15.0 0.0 0.0 0.0 1.0 0.5755025 0.052518684 -0.8161119 0.0 3.7252903E-9 0.99793583 0.064219475 0.0 0.81780005 -0.03695847 0.5743146 -15.0 0.0 0.0 0.0 1.0 0.5755025 0.052518684 -0.8161119 0.0 3.7252903E-9 0.99793583 0.064219475 0.0 0.81780005 -0.03695847 0.5743146 -15.0 0.0 0.0 0.0 1.0 0.5755025 0.052518684 -0.8161119 0.0 3.7252903E-9 0.99793583 0.064219475 0.0 0.81780005 -0.03695847 0.5743146 -15.0 0.0 0.0 0.0 1.0 </float_array>
          <technique_common>
            <accessor count="49" source="#tail2-global-anim-outSource-global-array" stride="16">
              <param type="float4x4"/>
            </accessor>
          </technique_common>
        </source>
        <sampler id="tail2-global-anim-globalSampler">
          <input semantic="INPUT" source="#tail2-global-anim-inSource-TIME"/>
          <input semantic="OUTPUT" source="#tail2-global-anim-outSource-global"/>
          <input semantic="INTERPOLATION" source="#tail2-global-anim-interpolation"/>
        </sampler>
        <channel source="#tail2-global-anim-globalSampler" target="tail2-global/matrix"/>
      </animation>
    </animation>
    <animation id="tail2-local-anim" name="tail2-local-anim">
      <animation>
        <source id="tail2-local-anim-inSource-TIME">
          <float_array count="49" id="tail2-local-anim-inSource-TIME-array">0.0 0.041666668 0.083333336 0.125 0.16666667 0.20833333 0.25 0.29166666 0.33333334 0.375 0.41666666 0.45833334 0.5 0.5416667 0.5833333 0.625 0.6666667 0.7083333 0.75 0.7916667 0.8333333 0.875 0.9166667 0.9583333 1.0 1.0416666 1.0833334 1.125 1.1666666 1.2083334 1.25 1.2916666 1.3333334 1.375 1.4166666 1.4583334 1.5 1.5416666 1.5833334 1.625 1.6666666 1.7083334 1.75 1.7916666 1.8333334 1.875 1.9166666 1.9583334 2.0 </float_array>
          <technique_common>
            <accessor count="49" source="#tail2-local-anim-inSource-TIME-array">
              <param name="TIME" type="float"/>
            </accessor>
          </technique_common>
        </source>
        <source id="tail2-local-anim-interpolation">
          <Name_array count="49" id="tail2-local-anim-interpolation-array">LINEAR LINEAR LINEAR LINEAR LINEAR LINEAR LINEAR LINEAR LINEAR LINEAR LINEAR LINEAR LINEAR LINEAR LINEAR LINEAR LINEAR LINEAR LINEAR LINEAR LINEAR LINEAR LINEAR LINEAR LINEAR LINEAR LINEAR LINEAR LINEAR LINEAR LINEAR LINEAR LINEAR LINEAR LINEAR LINEAR LINEAR LINEAR LINEAR LINEAR LINEAR LINEAR LINEAR LINEAR LINEAR LINEAR LINEAR LINEAR LINEAR </Name_array>
          <technique_common>
            <accessor count="49" source="#tail2-local-anim-interpolation-array">
              <param type="name"/>
            </accessor>
          </technique_common>
        </source>
        <source id="tail2-local-anim-outSource-local">
          <float_array count="784" id="tail2-local-anim-outSource-local-array">1.0 0.0 0.0 0.0 0.0 1.0 0.0 0.99999994 0.0 0.0 1.0 -7.5 0.0 0.0 0.0 1.0 1.0 0.0 0.0 0.0 0.0 1.0 0.0 0.99999994 0.0 0.0 1.0 -7.5 0.0 0.0 0.0 1.0 1.0 0.0 0.0 0.0 0.0 1.0 0.0 0.99999994 0.0 0.0 1.0 -7.5 0.0 0.0 0.0 1.0 1.0 0.0 0.0 0.0 0.0 1.0 0.0 0.99999994 0.0 0.0 1.0 -7.5 0.0 0.0 0.0 1.0 1.0 0.0 0.0 0.0 0.0 1.0 0.0 0.99999994 0.0 0.0 1.0 -7.5 0.0 0.0 0.0 1.0 1.0 0.0 0.0 0.0 0.0 1.0 0.0 0.99999994 0.0 0.0 1.0 -7.5 0.0 0.0 0.0 1.0 1.0 0.0 0.0 0.0 0.0 1.0 0.0 0.99999994 0.0 0.0 1.0 -7.5 0.0 0.0 0.0 1.0 1.0 0.0 0.0 0.0 0.0 1.0 0.0 0.99999994 0.0 0.0 1.0 -7.5 0.0 0.0 0.0 1.0 1.0 0.0 0.0 0.0 0.0 1.0 0.0 0.99999994 0.0 0.0 1.0 -7.5 0.0 0.0 0.0 1.0 1.0 0.0 0.0 0.0 0.0 1.0 0.0 0.99999994 0.0 0.0 1.0 -7.5 0.0 0.0 0.0 1.0 1.0 0.0 0.0 0.0 0.0 1.0 0.0 0.99999994 0.0 0.0 1.0 -7.5 0.0 0.0 0.0 1.0 1.0 0.0 0.0 0.0 0.0 1.0 0.0 0.99999994 0.0 0.0 1.0 -7.5 0.0 0.0 0.0 1.0 1.0 0.0 0.0 0.0 0.0 1.0 0.0 0.99999994 0.0 0.0 1.0 -7.5 0.0 0.0 0.0 1.0 1.0 0.0 0.0 0.0 0.0 1.0 0.0 0.99999994 0.0 0.0 1.0 -7.5 0.0 0.0 0.0 1.0 1.0 0.0 0.0 0.0 0.0 1.0 0.0 0.99999994 0.0 0.0 1.0 -7.5 0.0 0.0 0.0 1.0 1.0 0.0 0.0 0.0 0.0 1.0 0.0 0.99999994 0.0 0.0 1.0 -7.5 0.0 0.0 0.0 1.0 1.0 0.0 0.0 0.0 0.0 1.0 0.0 0.99999994 0.0 0.0 1.0 -7.5 0.0 0.0 0.0 1.0 1.0 0.0 0.0 0.0 0.0 1.0 0.0 0.99999994 0.0 0.0 1.0 -7.5 0.0 0.0 0.0 1.0 1.0 0.0 0.0 0.0 0.0 1.0 0.0 0.99999994 0.0 0.0 1.0 -7.5 0.0 0.0 0.0 1.0 1.0 0.0 0.0 0.0 0.0 1.0 0.0 0.99999994 0.0 0.0 1.0 -7.5 0.0 0.0 0.0 1.0 1.0 0.0 0.0 0.0 0.0 1.0 0.0 0.99999994 0.0 0.0 1.0 -7.5 0.0 0.0 0.0 1.0 1.0 0.0 0.0 0.0 0.0 1.0 0.0 0.99999994 0.0 0.0 1.0 -7.5 0.0 0.0 0.0 1.0 1.0 0.0 0.0 0.0 0.0 1.0 0.0 0.99999994 0.0 0.0 1.0 -7.5 0.0 0.0 0.0 1.0 1.0 0.0 0.0 0.0 0.0 1.0 0.0 0.99999994 0.0 0.0 1.0 -7.5 0.0 0.0 0.0 1.0 1.0 0.0 0.0 0.0 0.0 1.0 0.0 0.99999994 0.0 0.0 1.0 -7.5 0.0 0.0 0.0 1.0 1.0 0.0 0.0 0.0 0.0 1.0 0.0 0.99999994 0.0 0.0 1.0 -7.5 0.0 0.0 0.0 1.0 1.0 0.0 0.0 0.0 0.0 1.0 0.0 0.99999994 0.0 0.0 1.0 -7.5 0.0 0.0 0.0 1.0 1.0 0.0 0.0 0.0 0.0 1.0 0.0 0.99999994 0.0 0.0 1.0 -7.5 0.0 0.0 0.0 1.0 1.0 0.0 0.0 0.0 0.0 1.0 0.0 0.99999994 0.0 0.0 1.0 -7.5 0.0 0.0 0.0 1.0 1.0 0.0 0.0 0.0 0.0 1.0 0.0 0.99999994 0.0 0.0 1.0 -7.5 0.0 0.0 0.0 1.0 1.0 0.0 0.0 0.0 0.0 1.0 0.0 0.99999994 0.0 0.0 1.0 -7.5 0.0 0.0 0.0 1.0 1.0 0.0 0.0 0.0 0.0 1.0 0.0 0.99999994 0.0 0.0 1.0 -7.5 0.0 0.0 0.0 1.0 1.0 0.0 0.0 0.0 0.0 1.0 0.0 0.99999994 0.0 0.0 1.0 -7.5 0.0 0.0 0.0 1.0 1.0 0.0 0.0 0.0 0.0 1.0 0.0 0.99999994 0.0 0.0 1.0 -7.5 0.0 0.0 0.0 1.0 1.0 0.0 0.0 0.0 0.0 1.0 0.0 0.99999994 0.0 0.0 1.0 -7.5 0.0 0.0 0.0 1.0 1.0 0.0 0.0 0.0 0.0 1.0 0.0 0.99999994 0.0 0.0 1.0 -7.5 0.0 0.0 0.0 1.0 1.0 0.0 0.0 0.0 0.0 1.0 0.0 0.99999994 0.0 0.0 1.0 -7.5 0.0 0.0 0.0 1.0 1.0 0.0 0.0 0.0 0.0 1.0 0.0 0.99999994 0.0 0.0 1.0 -7.5 0.0 0.0 0.0 1.0 1.0 0.0 0.0 0.0 0.0 1.0 0.0 0.99999994 0.0 0.0 1.0 -7.5 0.0 0.0 0.0 1.0 1.0 0.0 0.0 0.0 0.0 1.0 0.0 0.99999994 0.0 0.0 1.0 -7.5 0.0 0.0 0.0 1.0 1.0 0.0 0.0 0.0 0.0 1.0 0.0 0.99999994 0.0 0.0 1.0 -7.5 0.0 0.0 0.0 1.0 1.0 0.0 0.0 0.0 0.0 1.0 0.0 0.99999994 0.0 0.0 1.0 -7.5 0.0 0.0 0.0 1.0 1.0 0.0 0.0 0.0 0.0 1.0 0.0 0.99999994 0.0 0.0 1.0 -7.5 0.0 0.0 0.0 1.0 1.0 0.0 0.0 0.0 0.0 1.0 0.0 0.99999994 0.0 0.0 1.0 -7.5 0.0 0.0 0.0 1.0 1.0 0.0 0.0 0.0 0.0 1.0 0.0 0.99999994 0.0 0.0 1.0 -7.5 0.0 0.0 0.0 1.0 1.0 0.0 0.0 0.0 0.0 1.0 0.0 0.99999994 0.0 0.0 1.0 -7.5 0.0 0.0 0.0 1.0 1.0 0.0 0.0 0.0 0.0 1.0 0.0 0.99999994 0.0 0.0 1.0 -7.5 0.0 0.0 0.0 1.0 1.0 0.0 0.0 0.0 0.0 1.0 0.0 0.99999994 0.0 0.0 1.0 -7.5 0.0 0.0 0.0 1.0 1.0 0.0 0.0 0.0 0.0 1.0 0.0 0.99999994 0.0 0.0 1.0 -7.5 0.0 0.0 0.0 1.0 </float_array>
          <technique_common>
            <accessor count="49" source="#tail2-local-anim-outSource-local-array" stride="16">
              <param type="float4x4"/>
            </accessor>
          </technique_common>
        </source>
        <sampler id="tail2-local-anim-localSampler">
          <input semantic="INPUT" source="#tail2-local-anim-inSource-TIME"/>
          <input semantic="OUTPUT" source="#tail2-local-anim-outSource-local"/>
          <input semantic="INTERPOLATION" source="#tail2-local-anim-interpolation"/>
        </sampler>
        <channel source="#tail2-local-anim-localSampler" target="tail2-local/matrix"/>
      </animation>
    </animation>
    <animation id="tail3-global-anim" name="tail3-global-anim">
      <animation>
        <source id="tail3-global-anim-inSource-TIME">
          <float_array count="49" id="tail3-global-anim-inSource-TIME-array">0.0 0.041666668 0.083333336 0.125 0.16666667 0.20833333 0.25 0.29166666 0.33333334 0.375 0.41666666 0.45833334 0.5 0.5416667 0.5833333 0.625 0.6666667 0.7083333 0.75 0.7916667 0.8333333 0.875 0.9166667 0.9583333 1.0 1.0416666 1.0833334 1.125 1.1666666 1.2083334 1.25 1.2916666 1.3333334 1.375 1.4166666 1.4583334 1.5 1.5416666 1.5833334 1.625 1.6666666 1.7083334 1.75 1.7916666 1.8333334 1.875 1.9166666 1.9583334 2.0 </float_array>
          <technique_common>
            <accessor count="49" source="#tail3-global-anim-inSource-TIME-array">
              <param name="TIME" type="float"/>
            </accessor>
          </technique_common>
        </source>
        <source id="tail3-global-anim-interpolation">
          <Name_array count="49" id="tail3-global-anim-interpolation-array">LINEAR LINEAR LINEAR LINEAR LINEAR LINEAR LINEAR LINEAR LINEAR LINEAR LINEAR LINEAR LINEAR LINEAR LINEAR LINEAR LINEAR LINEAR LINEAR LINEAR LINEAR LINEAR LINEAR LINEAR LINEAR LINEAR LINEAR LINEAR LINEAR LINEAR LINEAR LINEAR LINEAR LINEAR LINEAR LINEAR LINEAR LINEAR LINEAR LINEAR LINEAR LINEAR LINEAR LINEAR LINEAR LINEAR LINEAR LINEAR LINEAR </Name_array>
          <technique_common>
            <accessor count="49" source="#tail3-global-anim-interpolation-array">
              <param type="name"/>
            </accessor>
          </technique_common>
        </source>
        <source id="tail3-global-anim-outSource-global">
          <float_array count="784" id="tail3-global-anim-outSource-global-array">0.66690326 0.0 -0.74514437 0.0 0.0 1.0 0.0 0.0 0.74514437 0.0 0.66690326 -14.0 0.0 0.0 0.0 1.0 0.66690326 0.0 -0.74514437 0.0 0.0 1.0 0.0 0.0 0.74514437 0.0 0.66690326 -14.0 0.0 0.0 0.0 1.0 0.6669032 0.0 -0.7451443 0.0 0.0 0.99999994 0.0 0.0 0.7451443 0.0 0.6669032 -14.0 0.0 0.0 0.0 1.0 0.66690326 0.0 -0.74514437 0.0 0.0 1.0 0.0 0.0 0.74514437 0.0 0.66690326 -14.0 0.0 0.0 0.0 1.0 0.6669034 0.0 -0.7451444 0.0 0.0 1.0000001 0.0 0.0 0.7451444 0.0 0.6669034 -14.0 0.0 0.0 0.0 1.0 0.66690326 0.0 -0.74514437 0.0 0.0 1.0 0.0 0.0 0.74514437 0.0 0.66690326 -14.0 0.0 0.0 0.0 1.0 0.66690326 0.0 -0.74514437 0.0 0.0 1.0 0.0 0.0 0.74514437 0.0 0.66690326 -14.0 0.0 0.0 0.0 1.0 0.6669032 0.0 -0.7451444 0.0 0.0 1.0 0.0 0.0 0.7451444 0.0 0.6669032 -14.0 0.0 0.0 0.0 1.0 0.66690326 0.0 -0.74514437 0.0 0.0 1.0 0.0 0.0 0.74514437 0.0 0.66690326 -14.0 0.0 0.0 0.0 1.0 0.66690326 0.0 -0.74514437 0.0 0.0 1.0 0.0 0.0 0.74514437 0.0 0.66690326 -14.0 0.0 0.0 0.0 1.0 0.66690326 0.0 -0.74514437 0.0 0.0 1.0 0.0 0.0 0.74514437 0.0 0.66690326 -14.0 0.0 0.0 0.0 1.0 0.66690326 0.0 -0.74514437 0.0 0.0 1.0 0.0 0.0 0.74514437 0.0 0.66690326 -14.0 0.0 0.0 0.0 1.0 0.66690326 0.0 -0.74514437 0.0 0.0 1.0 0.0 0.0 0.74514437 0.0 0.66690326 -14.0 0.0 0.0 0.0 1.0 0.6669032 0.0 -0.7451443 0.0 0.0 0.99999994 0.0 0.0 0.7451443 0.0 0.6669032 -14.0 0.0 0.0 0.0 1.0 0.66690326 0.0 -0.74514437 0.0 0.0 1.0 0.0 0.0 0.74514437 0.0 0.66690326 -14.0 0.0 0.0 0.0 1.0 0.66690326 0.0 -0.74514437 0.0 0.0 1.0 0.0 0.0 0.74514437 0.0 0.66690326 -14.0 0.0 0.0 0.0 1.0 0.66690326 0.0 -0.74514437 0.0 0.0 1.0 0.0 0.0 0.74514437 0.0 0.66690326 -14.0 0.0 0.0 0.0 1.0 0.66690326 0.0 -0.74514437 0.0 0.0 1.0 0.0 0.0 0.74514437 0.0 0.66690326 -14.0 0.0 0.0 0.0 1.0 0.66690326 0.0 -0.74514437 0.0 0.0 1.0 0.0 0.0 0.74514437 0.0 0.66690326 -14.0 0.0 0.0 0.0 1.0 0.66690326 0.0 -0.74514437 0.0 0.0 1.0 0.0 0.0 0.74514437 0.0 0.66690326 -14.0 0.0 0.0 0.0 1.0 0.66690326 0.0 -0.74514437 0.0 0.0 1.0 0.0 0.0 0.74514437 0.0 0.66690326 -14.0 0.0 0.0 0.0 1.0 0.66690326 0.0 -0.74514437 0.0 0.0 1.0 0.0 0.0 0.74514437 0.0 0.66690326 -14.0 0.0 0.0 0.0 1.0 0.66690326 0.0 -0.74514437 0.0 0.0 1.0 0.0 0.0 0.74514437 0.0 0.66690326 -14.0 0.0 0.0 0.0 1.0 0.66690326 0.0 -0.74514437 0.0 0.0 1.0 0.0 0.0 0.74514437 0.0 0.66690326 -14.0 0.0 0.0 0.0 1.0 0.66690326 0.0 -0.74514437 0.0 0.0 1.0 0.0 0.0 0.74514437 0.0 0.66690326 -14.0 0.0 0.0 0.0 1.0 0.66690326 0.0 -0.74514437 0.0 0.0 1.0 0.0 0.0 0.74514437 0.0 0.66690326 -14.0 0.0 0.0 0.0 1.0 0.66690326 0.0 -0.74514437 0.0 0.0 1.0 0.0 0.0 0.74514437 0.0 0.66690326 -14.0 0.0 0.0 0.0 1.0 0.66690326 0.0 -0.74514437 0.0 0.0 1.0 0.0 0.0 0.74514437 0.0 0.66690326 -14.0 0.0 0.0 0.0 1.0 0.66690326 0.0 -0.74514437 0.0 0.0 1.0 0.0 0.0 0.74514437 0.0 0.66690326 -14.0 0.0 0.0 0.0 1.0 0.66690326 0.0 -0.74514437 0.0 0.0 1.0 0.0 0.0 0.74514437 0.0 0.66690326 -14.0 0.0 0.0 0.0 1.0 0.66690326 0.0 -0.74514437 0.0 0.0 1.0 0.0 0.0 0.74514437 0.0 0.66690326 -14.0 0.0 0.0 0.0 1.0 0.66690326 0.0 -0.74514437 0.0 0.0 1.0 0.0 0.0 0.74514437 0.0 0.66690326 -14.0 0.0 0.0 0.0 1.0 0.66690326 0.0 -0.74514437 0.0 0.0 1.0 0.0 0.0 0.74514437 0.0 0.66690326 -14.0 0.0 0.0 0.0 1.0 0.66690326 0.0 -0.74514437 0.0 0.0 1.0 0.0 0.0 0.74514437 0.0 0.66690326 -14.0 0.0 0.0 0.0 1.0 0.66690326 0.0 -0.74514437 0.0 0.0 1.0 0.0 0.0 0.74514437 0.0 0.66690326 -14.0 0.0 0.0 0.0 1.0 0.66690326 0.0 -0.74514437 0.0 0.0 1.0 0.0 0.0 0.74514437 0.0 0.66690326 -14.0 0.0 0.0 0.0 1.0 0.66690326 0.0 -0.74514437 0.0 0.0 1.0 0.0 0.0 0.74514437 0.0 0.66690326 -14.0 0.0 0.0 0.0 1.0 0.66690326 0.0 -0.74514437 0.0 0.0 1.0 0.0 0.0 0.74514437 0.0 0.66690326 -14.0 0.0 0.0 0.0 1.0 0.66690326 0.0 -0.74514437 0.0 0.0 1.0 0.0 0.0 0.74514437 0.0 0.66690326 -14.0 0.0 0.0 0.0 1.0 0.66690326 0.0 -0.74514437 0.0 0.0 1.0 0.0 0.0 0.74514437 0.0 0.66690326 -14.0 0.0 0.0 0.0 1.0 0.66690326 0.0 -0.74514437 0.0 0.0 1.0 0.0 0.0 0.74514437 0.0 0.66690326 -14.0 0.0 0.0 0.0 1.0 0.66690326 0.0 -0.74514437 0.0 0.0 1.0 0.0 0.0 0.74514437 0.0 0.66690326 -14.0 0.0 0.0 0.0 1.0 0.66690326 0.0 -0.74514437 0.0 0.0 1.0 0.0 0.0 0.74514437 0.0 0.66690326 -14.0 0.0 0.0 0.0 1.0 0.66690326 0.0 -0.74514437 0.0 0.0 1.0 0.0 0.0 0.74514437 0.0 0.66690326 -14.0 0.0 0.0 0.0 1.0 0.66690326 0.0 -0.74514437 0.0 0.0 1.0 0.0 0.0 0.74514437 0.0 0.66690326 -14.0 0.0 0.0 0.0 1.0 0.66690326 0.0 -0.74514437 0.0 0.0 1.0 0.0 0.0 0.74514437 0.0 0.66690326 -14.0 0.0 0.0 0.0 1.0 0.66690326 0.0 -0.74514437 0.0 0.0 1.0 0.0 0.0 0.74514437 0.0 0.66690326 -14.0 0.0 0.0 0.0 1.0 0.66690326 0.0 -0.74514437 0.0 0.0 1.0 0.0 0.0 0.74514437 0.0 0.66690326 -14.0 0.0 0.0 0.0 1.0 0.66690326 0.0 -0.74514437 0.0 0.0 1.0 0.0 0.0 0.74514437 0.0 0.66690326 -14.0 0.0 0.0 0.0 1.0 </float_array>
          <technique_common>
            <accessor count="49" source="#tail3-global-anim-outSource-global-array" stride="16">
              <param type="float4x4"/>
            </accessor>
          </technique_common>
        </source>
        <sampler id="tail3-global-anim-globalSampler">
          <input semantic="INPUT" source="#tail3-global-anim-inSource-TIME"/>
          <input semantic="OUTPUT" source="#tail3-global-anim-outSource-global"/>
          <input semantic="INTERPOLATION" source="#tail3-global-anim-interpolation"/>
        </sampler>
        <channel source="#tail3-global-anim-globalSampler" target="tail3-global/matrix"/>
      </animation>
    </animation>
    <animation id="tail3-local-anim" name="tail3-local-anim">
      <animation>
        <source id="tail3-local-anim-inSource-TIME">
          <float_array count="49" id="tail3-local-anim-inSource-TIME-array">0.0 0.041666668 0.083333336 0.125 0.16666667 0.20833333 0.25 0.29166666 0.33333334 0.375 0.41666666 0.45833334 0.5 0.5416667 0.5833333 0.625 0.6666667 0.7083333 0.75 0.7916667 0.8333333 0.875 0.9166667 0.9583333 1.0 1.0416666 1.0833334 1.125 1.1666666 1.2083334 1.25 1.2916666 1.3333334 1.375 1.4166666 1.4583334 1.5 1.5416666 1.5833334 1.625 1.6666666 1.7083334 1.75 1.7916666 1.8333334 1.875 1.9166666 1.9583334 2.0 </float_array>
          <technique_common>
            <accessor count="49" source="#tail3-local-anim-inSource-TIME-array">
              <param name="TIME" type="float"/>
            </accessor>
          </technique_common>
        </source>
        <source id="tail3-local-anim-interpolation">
          <Name_array count="49" id="tail3-local-anim-interpolation-array">LINEAR LINEAR LINEAR LINEAR LINEAR LINEAR LINEAR LINEAR LINEAR LINEAR LINEAR LINEAR LINEAR LINEAR LINEAR LINEAR LINEAR LINEAR LINEAR LINEAR LINEAR LINEAR LINEAR LINEAR LINEAR LINEAR LINEAR LINEAR LINEAR LINEAR LINEAR LINEAR LINEAR LINEAR LINEAR LINEAR LINEAR LINEAR LINEAR LINEAR LINEAR LINEAR LINEAR LINEAR LINEAR LINEAR LINEAR LINEAR LINEAR </Name_array>
          <technique_common>
            <accessor count="49" source="#tail3-local-anim-interpolation-array">
              <param type="name"/>
            </accessor>
          </technique_common>
        </source>
        <source id="tail3-local-anim-outSource-local">
          <float_array count="784" id="tail3-local-anim-outSource-local-array">1.0 0.0 0.0 0.0 0.0 1.0 0.0 0.49999997 0.0 0.0 1.0 -7.5 0.0 0.0 0.0 1.0 1.0 0.0 0.0 0.0 0.0 1.0 0.0 0.49999997 0.0 0.0 1.0 -7.5 0.0 0.0 0.0 1.0 1.0 0.0 0.0 0.0 0.0 1.0 0.0 0.49999997 0.0 0.0 1.0 -7.5 0.0 0.0 0.0 1.0 1.0 0.0 0.0 0.0 0.0 1.0 0.0 0.49999997 0.0 0.0 1.0 -7.5 0.0 0.0 0.0 1.0 1.0 0.0 0.0 0.0 0.0 1.0 0.0 0.49999997 0.0 0.0 1.0 -7.5 0.0 0.0 0.0 1.0 1.0 0.0 0.0 0.0 0.0 1.0 0.0 0.49999997 0.0 0.0 1.0 -7.5 0.0 0.0 0.0 1.0 1.0 0.0 0.0 0.0 0.0 1.0 0.0 0.49999997 0.0 0.0 1.0 -7.5 0.0 0.0 0.0 1.0 1.0 0.0 0.0 0.0 0.0 1.0 0.0 0.49999997 0.0 0.0 1.0 -7.5 0.0 0.0 0.0 1.0 1.0 0.0 0.0 0.0 0.0 1.0 0.0 0.49999997 0.0 0.0 1.0 -7.5 0.0 0.0 0.0 1.0 1.0 0.0 0.0 0.0 0.0 1.0 0.0 0.49999997 0.0 0.0 1.0 -7.5 0.0 0.0 0.0 1.0 1.0 0.0 0.0 0.0 0.0 1.0 0.0 0.49999997 0.0 0.0 1.0 -7.5 0.0 0.0 0.0 1.0 1.0 0.0 0.0 0.0 0.0 1.0 0.0 0.49999997 0.0 0.0 1.0 -7.5 0.0 0.0 0.0 1.0 1.0 0.0 0.0 0.0 0.0 1.0 0.0 0.49999997 0.0 0.0 1.0 -7.5 0.0 0.0 0.0 1.0 1.0 0.0 0.0 0.0 0.0 1.0 0.0 0.49999997 0.0 0.0 1.0 -7.5 0.0 0.0 0.0 1.0 1.0 0.0 0.0 0.0 0.0 1.0 0.0 0.49999997 0.0 0.0 1.0 -7.5 0.0 0.0 0.0 1.0 1.0 0.0 0.0 0.0 0.0 1.0 0.0 0.49999997 0.0 0.0 1.0 -7.5 0.0 0.0 0.0 1.0 1.0 0.0 0.0 0.0 0.0 1.0 0.0 0.49999997 0.0 0.0 1.0 -7.5 0.0 0.0 0.0 1.0 1.0 0.0 0.0 0.0 0.0 1.0 0.0 0.49999997 0.0 0.0 1.0 -7.5 0.0 0.0 0.0 1.0 1.0 0.0 0.0 0.0 0.0 1.0 0.0 0.49999997 0.0 0.0 1.0 -7.5 0.0 0.0 0.0 1.0 1.0 0.0 0.0 0.0 0.0 1.0 0.0 0.49999997 0.0 0.0 1.0 -7.5 0.0 0.0 0.0 1.0 1.0 0.0 0.0 0.0 0.0 1.0 0.0 0.49999997 0.0 0.0 1.0 -7.5 0.0 0.0 0.0 1.0 1.0 0.0 0.0 0.0 0.0 1.0 0.0 0.49999997 0.0 0.0 1.0 -7.5 0.0 0.0 0.0 1.0 1.0 0.0 0.0 0.0 0.0 1.0 0.0 0.49999997 0.0 0.0 1.0 -7.5 0.0 0.0 0.0 1.0 1.0 0.0 0.0 0.0 0.0 1.0 0.0 0.49999997 0.0 0.0 1.0 -7.5 0.0 0.0 0.0 1.0 1.0 0.0 0.0 0.0 0.0 1.0 0.0 0.49999997 0.0 0.0 1.0 -7.5 0.0 0.0 0.0 1.0 1.0 0.0 0.0 0.0 0.0 1.0 0.0 0.49999997 0.0 0.0 1.0 -7.5 0.0 0.0 0.0 1.0 1.0 0.0 0.0 0.0 0.0 1.0 0.0 0.49999997 0.0 0.0 1.0 -7.5 0.0 0.0 0.0 1.0 1.0 0.0 0.0 0.0 0.0 1.0 0.0 0.49999997 0.0 0.0 1.0 -7.5 0.0 0.0 0.0 1.0 1.0 0.0 0.0 0.0 0.0 1.0 0.0 0.49999997 0.0 0.0 1.0 -7.5 0.0 0.0 0.0 1.0 1.0 0.0 0.0 0.0 0.0 1.0 0.0 0.49999997 0.0 0.0 1.0 -7.5 0.0 0.0 0.0 1.0 1.0 0.0 0.0 0.0 0.0 1.0 0.0 0.49999997 0.0 0.0 1.0 -7.5 0.0 0.0 0.0 1.0 1.0 0.0 0.0 0.0 0.0 1.0 0.0 0.49999997 0.0 0.0 1.0 -7.5 0.0 0.0 0.0 1.0 1.0 0.0 0.0 0.0 0.0 1.0 0.0 0.49999997 0.0 0.0 1.0 -7.5 0.0 0.0 0.0 1.0 1.0 0.0 0.0 0.0 0.0 1.0 0.0 0.49999997 0.0 0.0 1.0 -7.5 0.0 0.0 0.0 1.0 1.0 0.0 0.0 0.0 0.0 1.0 0.0 0.49999997 0.0 0.0 1.0 -7.5 0.0 0.0 0.0 1.0 1.0 0.0 0.0 0.0 0.0 1.0 0.0 0.49999997 0.0 0.0 1.0 -7.5 0.0 0.0 0.0 1.0 1.0 0.0 0.0 0.0 0.0 1.0 0.0 0.49999997 0.0 0.0 1.0 -7.5 0.0 0.0 0.0 1.0 1.0 0.0 0.0 0.0 0.0 1.0 0.0 0.49999997 0.0 0.0 1.0 -7.5 0.0 0.0 0.0 1.0 1.0 0.0 0.0 0.0 0.0 1.0 0.0 0.49999997 0.0 0.0 1.0 -7.5 0.0 0.0 0.0 1.0 1.0 0.0 0.0 0.0 0.0 1.0 0.0 0.49999997 0.0 0.0 1.0 -7.5 0.0 0.0 0.0 1.0 1.0 0.0 0.0 0.0 0.0 1.0 0.0 0.49999997 0.0 0.0 1.0 -7.5 0.0 0.0 0.0 1.0 1.0 0.0 0.0 0.0 0.0 1.0 0.0 0.49999997 0.0 0.0 1.0 -7.5 0.0 0.0 0.0 1.0 1.0 0.0 0.0 0.0 0.0 1.0 0.0 0.49999997 0.0 0.0 1.0 -7.5 0.0 0.0 0.0 1.0 1.0 0.0 0.0 0.0 0.0 1.0 0.0 0.49999997 0.0 0.0 1.0 -7.5 0.0 0.0 0.0 1.0 1.0 0.0 0.0 0.0 0.0 1.0 0.0 0.49999997 0.0 0.0 1.0 -7.5 0.0 0.0 0.0 1.0 1.0 0.0 0.0 0.0 0.0 1.0 0.0 0.49999997 0.0 0.0 1.0 -7.5 0.0 0.0 0.0 1.0 1.0 0.0 0.0 0.0 0.0 1.0 0.0 0.49999997 0.0 0.0 1.0 -7.5 0.0 0.0 0.0 1.0 1.0 0.0 0.0 0.0 0.0 1.0 0.0 0.49999997 0.0 0.0 1.0 -7.5 0.0 0.0 0.0 1.0 1.0 0.0 0.0 0.0 0.0 1.0 0.0 0.49999997 0.0 0.0 1.0 -7.5 0.0 0.0 0.0 1.0 </float_array>
          <technique_common>
            <accessor count="49" source="#tail3-local-anim-outSource-local-array" stride="16">
              <param type="float4x4"/>
            </accessor>
          </technique_common>
        </source>
        <sampler id="tail3-local-anim-localSampler">
          <input semantic="INPUT" source="#tail3-local-anim-inSource-TIME"/>
          <input semantic="OUTPUT" source="#tail3-local-anim-outSource-local"/>
          <input semantic="INTERPOLATION" source="#tail3-local-anim-interpolation"/>
        </sampler>
        <channel source="#tail3-local-anim-localSampler" target="tail3-local/matrix"/>
      </animation>
    </animation>
    <animation id="tail4-global-anim" name="tail4-global-anim">
      <animation>
        <source id="tail4-global-anim-inSource-TIME">
          <float_array count="49" id="tail4-global-anim-inSource-TIME-array">0.0 0.041666668 0.083333336 0.125 0.16666667 0.20833333 0.25 0.29166666 0.33333334 0.375 0.41666666 0.45833334 0.5 0.5416667 0.5833333 0.625 0.6666667 0.7083333 0.75 0.7916667 0.8333333 0.875 0.9166667 0.9583333 1.0 1.0416666 1.0833334 1.125 1.1666666 1.2083334 1.25 1.2916666 1.3333334 1.375 1.4166666 1.4583334 1.5 1.5416666 1.5833334 1.625 1.6666666 1.7083334 1.75 1.7916666 1.8333334 1.875 1.9166666 1.9583334 2.0 </float_array>
          <technique_common>
            <accessor count="49" source="#tail4-global-anim-inSource-TIME-array">
              <param name="TIME" type="float"/>
            </accessor>
          </technique_common>
        </source>
        <source id="tail4-global-anim-interpolation">
          <Name_array count="49" id="tail4-global-anim-interpolation-array">LINEAR LINEAR LINEAR LINEAR LINEAR LINEAR LINEAR LINEAR LINEAR LINEAR LINEAR LINEAR LINEAR LINEAR LINEAR LINEAR LINEAR LINEAR LINEAR LINEAR LINEAR LINEAR LINEAR LINEAR LINEAR LINEAR LINEAR LINEAR LINEAR LINEAR LINEAR LINEAR LINEAR LINEAR LINEAR LINEAR LINEAR LINEAR LINEAR LINEAR LINEAR LINEAR LINEAR LINEAR LINEAR LINEAR LINEAR LINEAR LINEAR </Name_array>
          <technique_common>
            <accessor count="49" source="#tail4-global-anim-interpolation-array">
              <param type="name"/>
            </accessor>
          </technique_common>
        </source>
        <source id="tail4-global-anim-outSource-global">
          <float_array count="784" id="tail4-global-anim-outSource-global-array">0.8398229 0.0 -0.54286045 0.0 0.0 1.0 0.0 0.0 0.54286045 0.0 0.8398229 -14.0 0.0 0.0 0.0 1.0 0.83320713 0.0 -0.55296123 0.0 0.0 1.0000001 0.0 0.0 0.55296123 0.0 0.83320713 -14.0 0.0 0.0 0.0 1.0 0.82646954 0.0 -0.5629813 0.0 0.0 1.0 0.0 0.0 0.5629813 0.0 0.82646954 -14.0 0.0 0.0 0.0 1.0 0.8196117 0.0 -0.5729194 0.0 0.0 1.0 0.0 0.0 0.5729194 0.0 0.8196117 -14.0 0.0 0.0 0.0 1.0 0.8126344 0.0 -0.5827739 0.0 0.0 1.0000001 0.0 0.0 0.5827739 0.0 0.8126344 -14.0 0.0 0.0 0.0 1.0 0.80553854 0.0 -0.5925435 0.0 0.0 1.0000001 0.0 0.0 0.5925435 0.0 0.80553854 -14.0 0.0 0.0 0.0 1.0 0.7983252 0.0 -0.6022267 0.0 0.0 1.0 0.0 0.0 0.6022267 0.0 0.7983252 -14.0 0.0 0.0 0.0 1.0 0.7909955 0.0 -0.611822 0.0 0.0 1.0 0.0 0.0 0.611822 0.0 0.7909955 -14.0 0.0 0.0 0.0 1.0 0.7835504 0.0 -0.62132823 0.0 0.0 1.0 0.0 0.0 0.62132823 0.0 0.7835504 -14.0 0.0 0.0 0.0 1.0 0.7759912 0.0 -0.6307438 0.0 0.0 1.0 0.0 0.0 0.6307438 0.0 0.7759912 -14.0 0.0 0.0 0.0 1.0 0.7683188 0.0 -0.6400674 0.0 0.0 1.0 0.0 0.0 0.6400674 0.0 0.7683188 -14.0 0.0 0.0 0.0 1.0 0.76053447 0.0 -0.64929783 0.0 0.0 1.0000002 0.0 0.0 0.64929783 0.0 0.76053447 -14.0 0.0 0.0 0.0 1.0 0.7526391 0.0 -0.6584334 0.0 0.0 1.0000001 0.0 0.0 0.6584334 0.0 0.7526391 -14.0 0.0 0.0 0.0 1.0 0.74463415 0.0 -0.66747314 0.0 0.0 1.0000002 0.0 0.0 0.66747314 0.0 0.74463415 -14.0 0.0 0.0 0.0 1.0 0.7365205 0.0 -0.67641544 0.0 0.0 1.0000002 0.0 0.0 0.67641544 0.0 0.7365205 -14.0 0.0 0.0 0.0 1.0 0.72829944 0.0 -0.6852591 0.0 0.0 1.0 0.0 0.0 0.6852591 0.0 0.72829944 -14.0 0.0 0.0 0.0 1.0 0.71997243 0.0 -0.6940029 0.0 0.0 1.0000002 0.0 0.0 0.6940029 0.0 0.71997243 -14.0 0.0 0.0 0.0 1.0 0.7115401 0.0 -0.7026455 0.0 0.0 1.0 0.0 0.0 0.7026455 0.0 0.7115401 -14.0 0.0 0.0 0.0 1.0 0.70300424 0.0 -0.71118563 0.0 0.0 1.0 0.0 0.0 0.71118563 0.0 0.70300424 -14.0 0.0 0.0 0.0 1.0 0.69436586 0.0 -0.71962214 0.0 0.0 1.0 0.0 0.0 0.71962214 0.0 0.69436586 -14.0 0.0 0.0 0.0 1.0 0.68562627 0.0 -0.7279538 0.0 0.0 1.0 0.0 0.0 0.7279538 0.0 0.68562627 -14.0 0.0 0.0 0.0 1.0 0.67678666 0.0 -0.7361791 0.0 0.0 1.0 0.0 0.0 0.7361791 0.0 0.67678666 -14.0 0.0 0.0 0.0 1.0 0.66784847 0.0 -0.7442973 0.0 0.0 1.0 0.0 0.0 0.7442973 0.0 0.66784847 -14.0 0.0 0.0 0.0 1.0 0.6588129 0.0 -0.7523068 0.0 0.0 1.0 0.0 0.0 0.7523068 0.0 0.6588129 -14.0 0.0 0.0 0.0 1.0 0.6496813 0.0 -0.7602068 0.0 0.0 1.0000001 0.0 0.0 0.7602068 0.0 0.6496813 -14.0 0.0 0.0 0.0 1.0 0.64045477 0.0 -0.7679957 0.0 0.0 0.9999999 0.0 0.0 0.7679957 0.0 0.64045477 -14.0 0.0 0.0 0.0 1.0 0.63113517 0.0 -0.7756731 0.0 0.0 1.0000002 0.0 0.0 0.7756731 0.0 0.63113517 -14.0 0.0 0.0 0.0 1.0 0.62172335 0.0 -0.78323704 0.0 0.0 1.0000001 0.0 0.0 0.78323704 0.0 0.62172335 -14.0 0.0 0.0 0.0 1.0 0.612221 0.0 -0.79068696 0.0 0.0 1.0000002 0.0 0.0 0.79068696 0.0 0.612221 -14.0 0.0 0.0 0.0 1.0 0.60262924 0.0 -0.7980214 0.0 0.0 1.0 0.0 0.0 0.7980214 0.0 0.60262924 -14.0 0.0 0.0 0.0 1.0 0.59294975 0.0 -0.80523956 0.0 0.0 1.0000001 0.0 0.0 0.80523956 0.0 0.59294975 -14.0 0.0 0.0 0.0 1.0 0.5831837 0.0 -0.8123403 0.0 0.0 1.0 0.0 0.0 0.8123403 0.0 0.5831837 -14.0 0.0 0.0 0.0 1.0 0.60092735 0.0 -0.7993036 0.0 0.0 1.0 0.0 0.0 0.7993036 0.0 0.60092735 -14.0 0.0 0.0 0.0 1.0 0.6183799 0.0 -0.78587955 0.0 0.0 1.0000002 0.0 0.0 0.78587955 0.0 0.6183799 -14.0 0.0 0.0 0.0 1.0 0.63553244 0.0 -0.7720744 0.0 0.0 1.0000002 0.0 0.0 0.7720744 0.0 0.63553244 -14.0 0.0 0.0 0.0 1.0 0.65237695 0.0 -0.75789475 0.0 0.0 1.0 0.0 0.0 0.75789475 0.0 0.65237695 -14.0 0.0 0.0 0.0 1.0 0.66890514 0.0 -0.7433479 0.0 0.0 1.0000001 0.0 0.0 0.7433479 0.0 0.66890514 -14.0 0.0 0.0 0.0 1.0 0.6851091 0.0 -0.7284405 0.0 0.0 1.0 0.0 0.0 0.7284405 0.0 0.6851091 -14.0 0.0 0.0 0.0 1.0 0.70098096 0.0 -0.71318024 0.0 0.0 1.0000002 0.0 0.0 0.71318024 0.0 0.70098096 -14.0 0.0 0.0 0.0 1.0 0.7165128 0.0 -0.69757396 0.0 0.0 1.0 0.0 0.0 0.69757396 0.0 0.7165128 -14.0 0.0 0.0 0.0 1.0 0.73169744 0.0 -0.68162954 0.0 0.0 1.0 0.0 0.0 0.68162954 0.0 0.73169744 -14.0 0.0 0.0 0.0 1.0 0.7465274 0.0 -0.6653548 0.0 0.0 1.0 0.0 0.0 0.6653548 0.0 0.7465274 -14.0 0.0 0.0 0.0 1.0 0.7609955 0.0 -0.64875746 0.0 0.0 1.0000002 0.0 0.0 0.64875746 0.0 0.7609955 -14.0 0.0 0.0 0.0 1.0 0.7750945 0.0 -0.6318456 0.0 0.0 1.0000001 0.0 0.0 0.6318456 0.0 0.7750945 -14.0 0.0 0.0 0.0 1.0 0.7888178 0.0 -0.6146274 0.0 0.0 1.0000002 0.0 0.0 0.6146274 0.0 0.7888178 -14.0 0.0 0.0 0.0 1.0 0.8021585 0.0 -0.5971111 0.0 0.0 1.0 0.0 0.0 0.5971111 0.0 0.8021585 -14.0 0.0 0.0 0.0 1.0 0.81511056 0.0 -0.5793055 0.0 0.0 1.0000001 0.0 0.0 0.5793055 0.0 0.81511056 -14.0 0.0 0.0 0.0 1.0 0.8276674 0.0 -0.56121904 0.0 0.0 1.0000001 0.0 0.0 0.56121904 0.0 0.8276674 -14.0 0.0 0.0 0.0 1.0 0.8398229 0.0 -0.54286045 0.0 0.0 1.0 0.0 0.0 0.54286045 0.0 0.8398229 -14.0 0.0 0.0 0.0 1.0 </float_array>
          <technique_common>
            <accessor count="49" source="#tail4-global-anim-outSource-global-array" stride="16">
              <param type="float4x4"/>
            </accessor>
          </technique_common>
        </source>
        <sampler id="tail4-global-anim-globalSampler">
          <input semantic="INPUT" source="#tail4-global-anim-inSource-TIME"/>
          <input semantic="OUTPUT" source="#tail4-global-anim-outSource-global"/>
          <input semantic="INTERPOLATION" source="#tail4-global-anim-interpolation"/>
        </sampler>
        <channel source="#tail4-global-anim-globalSampler" target="tail4-global/matrix"/>
      </animation>
    </animation>
    <animation id="tail4-local-anim" name="tail4-local-anim">
      <animation>
        <source id="tail4-local-anim-inSource-TIME">
          <float_array count="49" id="tail4-local-anim-inSource-TIME-array">0.0 0.041666668 0.083333336 0.125 0.16666667 0.20833333 0.25 0.29166666 0.33333334 0.375 0.41666666 0.45833334 0.5 0.5416667 0.5833333 0.625 0.6666667 0.7083333 0.75 0.7916667 0.8333333 0.875 0.9166667 0.9583333 1.0 1.0416666 1.0833334 1.125 1.1666666 1.2083334 1.25 1.2916666 1.3333334 1.375 1.4166666 1.4583334 1.5 1.5416666 1.5833334 1.625 1.6666666 1.7083334 1.75 1.7916666 1.8333334 1.875 1.9166666 1.9583334 2.0 </float_array>
          <technique_common>
            <accessor count="49" source="#tail4-local-anim-inSource-TIME-array">
              <param name="TIME" type="float"/>
            </accessor>
          </technique_common>
        </source>
        <source id="tail4-local-anim-interpolation">
          <Name_array count="49" id="tail4-local-anim-interpolation-array">LINEAR LINEAR LINEAR LINEAR LINEAR LINEAR LINEAR LINEAR LINEAR LINEAR LINEAR LINEAR LINEAR LINEAR LINEAR LINEAR LINEAR LINEAR LINEAR LINEAR LINEAR LINEAR LINEAR LINEAR LINEAR LINEAR LINEAR LINEAR LINEAR LINEAR LINEAR LINEAR LINEAR LINEAR LINEAR LINEAR LINEAR LINEAR LINEAR LINEAR LINEAR LINEAR LINEAR LINEAR LINEAR LINEAR LINEAR LINEAR LINEAR </Name_array>
          <technique_common>
            <accessor count="49" source="#tail4-local-anim-interpolation-array">
              <param type="name"/>
            </accessor>
          </technique_common>
        </source>
        <source id="tail4-local-anim-outSource-local">
          <float_array count="784" id="tail4-local-anim-outSource-local-array">1.0 0.0 0.0 -0.49999988 0.0 1.0 0.0 0.0 0.0 0.0 1.0 -7.5 0.0 0.0 0.0 1.0 1.0 0.0 0.0 -0.49999988 0.0 1.0 0.0 0.0 0.0 0.0 1.0 -7.5 0.0 0.0 0.0 1.0 1.0 0.0 0.0 -0.49999988 0.0 1.0 0.0 0.0 0.0 0.0 1.0 -7.5 0.0 0.0 0.0 1.0 1.0 0.0 0.0 -0.49999988 0.0 1.0 0.0 0.0 0.0 0.0 1.0 -7.5 0.0 0.0 0.0 1.0 1.0 0.0 0.0 -0.49999988 0.0 1.0 0.0 0.0 0.0 0.0 1.0 -7.5 0.0 0.0 0.0 1.0 1.0 0.0 0.0 -0.49999988 0.0 1.0 0.0 0.0 0.0 0.0 1.0 -7.5 0.0 0.0 0.0 1.0 1.0 0.0 0.0 -0.49999988 0.0 1.0 0.0 0.0 0.0 0.0 1.0 -7.5 0.0 0.0 0.0 1.0 1.0 0.0 0.0 -0.49999988 0.0 1.0 0.0 0.0 0.0 0.0 1.0 -7.5 0.0 0.0 0.0 1.0 1.0 0.0 0.0 -0.49999988 0.0 1.0 0.0 0.0 0.0 0.0 1.0 -7.5 0.0 0.0 0.0 1.0 1.0 0.0 0.0 -0.49999988 0.0 1.0 0.0 0.0 0.0 0.0 1.0 -7.5 0.0 0.0 0.0 1.0 1.0 0.0 0.0 -0.49999988 0.0 1.0 0.0 0.0 0.0 0.0 1.0 -7.5 0.0 0.0 0.0 1.0 1.0 0.0 0.0 -0.49999988 0.0 1.0 0.0 0.0 0.0 0.0 1.0 -7.5 0.0 0.0 0.0 1.0 1.0 0.0 0.0 -0.49999988 0.0 1.0 0.0 0.0 0.0 0.0 1.0 -7.5 0.0 0.0 0.0 1.0 1.0 0.0 0.0 -0.49999988 0.0 1.0 0.0 0.0 0.0 0.0 1.0 -7.5 0.0 0.0 0.0 1.0 1.0 0.0 0.0 -0.49999988 0.0 1.0 0.0 0.0 0.0 0.0 1.0 -7.5 0.0 0.0 0.0 1.0 1.0 0.0 0.0 -0.49999988 0.0 1.0 0.0 0.0 0.0 0.0 1.0 -7.5 0.0 0.0 0.0 1.0 1.0 0.0 0.0 -0.49999988 0.0 1.0 0.0 0.0 0.0 0.0 1.0 -7.5 0.0 0.0 0.0 1.0 1.0 0.0 0.0 -0.49999988 0.0 1.0 0.0 0.0 0.0 0.0 1.0 -7.5 0.0 0.0 0.0 1.0 1.0 0.0 0.0 -0.49999988 0.0 1.0 0.0 0.0 0.0 0.0 1.0 -7.5 0.0 0.0 0.0 1.0 1.0 0.0 0.0 -0.49999988 0.0 1.0 0.0 0.0 0.0 0.0 1.0 -7.5 0.0 0.0 0.0 1.0 1.0 0.0 0.0 -0.49999988 0.0 1.0 0.0 0.0 0.0 0.0 1.0 -7.5 0.0 0.0 0.0 1.0 1.0 0.0 0.0 -0.49999988 0.0 1.0 0.0 0.0 0.0 0.0 1.0 -7.5 0.0 0.0 0.0 1.0 1.0 0.0 0.0 -0.49999988 0.0 1.0 0.0 0.0 0.0 0.0 1.0 -7.5 0.0 0.0 0.0 1.0 1.0 0.0 0.0 -0.49999988 0.0 1.0 0.0 0.0 0.0 0.0 1.0 -7.5 0.0 0.0 0.0 1.0 1.0 0.0 0.0 -0.49999988 0.0 1.0 0.0 0.0 0.0 0.0 1.0 -7.5 0.0 0.0 0.0 1.0 1.0 0.0 0.0 -0.49999988 0.0 1.0 0.0 0.0 0.0 0.0 1.0 -7.5 0.0 0.0 0.0 1.0 1.0 0.0 0.0 -0.49999988 0.0 1.0 0.0 0.0 0.0 0.0 1.0 -7.5 0.0 0.0 0.0 1.0 1.0 0.0 0.0 -0.49999988 0.0 1.0 0.0 0.0 0.0 0.0 1.0 -7.5 0.0 0.0 0.0 1.0 1.0 0.0 0.0 -0.49999988 0.0 1.0 0.0 0.0 0.0 0.0 1.0 -7.5 0.0 0.0 0.0 1.0 1.0 0.0 0.0 -0.49999988 0.0 1.0 0.0 0.0 0.0 0.0 1.0 -7.5 0.0 0.0 0.0 1.0 1.0 0.0 0.0 -0.49999988 0.0 1.0 0.0 0.0 0.0 0.0 1.0 -7.5 0.0 0.0 0.0 1.0 1.0 0.0 0.0 -0.49999988 0.0 1.0 0.0 0.0 0.0 0.0 1.0 -7.5 0.0 0.0 0.0 1.0 1.0 0.0 0.0 -0.49999988 0.0 1.0 0.0 0.0 0.0 0.0 1.0 -7.5 0.0 0.0 0.0 1.0 1.0 0.0 0.0 -0.49999988 0.0 1.0 0.0 0.0 0.0 0.0 1.0 -7.5 0.0 0.0 0.0 1.0 1.0 0.0 0.0 -0.49999988 0.0 1.0 0.0 0.0 0.0 0.0 1.0 -7.5 0.0 0.0 0.0 1.0 1.0 0.0 0.0 -0.49999988 0.0 1.0 0.0 0.0 0.0 0.0 1.0 -7.5 0.0 0.0 0.0 1.0 1.0 0.0 0.0 -0.49999988 0.0 1.0 0.0 0.0 0.0 0.0 1.0 -7.5 0.0 0.0 0.0 1.0 1.0 0.0 0.0 -0.49999988 0.0 1.0 0.0 0.0 0.0 0.0 1.0 -7.5 0.0 0.0 0.0 1.0 1.0 0.0 0.0 -0.49999988 0.0 1.0 0.0 0.0 0.0 0.0 1.0 -7.5 0.0 0.0 0.0 1.0 1.0 0.0 0.0 -0.49999988 0.0 1.0 0.0 0.0 0.0 0.0 1.0 -7.5 0.0 0.0 0.0 1.0 1.0 0.0 0.0 -0.49999988 0.0 1.0 0.0 0.0 0.0 0.0 1.0 -7.5 0.0 0.0 0.0 1.0 1.0 0.0 0.0 -0.49999988 0.0 1.0 0.0 0.0 0.0 0.0 1.0 -7.5 0.0 0.0 0.0 1.0 1.0 0.0 0.0 -0.49999988 0.0 1.0 0.0 0.0 0.0 0.0 1.0 -7.5 0.0 0.0 0.0 1.0 1.0 0.0 0.0 -0.49999988 0.0 1.0 0.0 0.0 0.0 0.0 1.0 -7.5 0.0 0.0 0.0 1.0 1.0 0.0 0.0 -0.49999988 0.0 1.0 0.0 0.0 0.0 0.0 1.0 -7.5 0.0 0.0 0.0 1.0 1.0 0.0 0.0 -0.49999988 0.0 1.0 0.0 0.0 0.0 0.0 1.0 -7.5 0.0 0.0 0.0 1.0 1.0 0.0 0.0 -0.49999988 0.0 1.0 0.0 0.0 0.0 0.0 1.0 -7.5 0.0 0.0 0.0 1.0 1.0 0.0 0.0 -0.49999988 0.0 1.0 0.0 0.0 0.0 0.0 1.0 -7.5 0.0 0.0 0.0 1.0 1.0 0.0 0.0 -0.49999988 0.0 1.0 0.0 0.0 0.0 0.0 1.0 -7.5 0.0 0.0 0.0 1.0 </float_array>
          <technique_common>
            <accessor count="49" source="#tail4-local-anim-outSource-local-array" stride="16">
              <param type="float4x4"/>
            </accessor>
          </technique_common>
        </source>
        <sampler id="tail4-local-anim-localSampler">
          <input semantic="INPUT" source="#tail4-local-anim-inSource-TIME"/>
          <input semantic="OUTPUT" source="#tail4-local-anim-outSource-local"/>
          <input semantic="INTERPOLATION" source="#tail4-local-anim-interpolation"/>
        </sampler>
        <channel source="#tail4-local-anim-localSampler" target="tail4-local/matrix"/>
      </animation>
    </animation>
    <animation id="tail5-global-anim" name="tail5-global-anim">
      <animation>
        <source id="tail5-global-anim-inSource-TIME">
          <float_array count="49" id="tail5-global-anim-inSource-TIME-array">0.0 0.041666668 0.083333336 0.125 0.16666667 0.20833333 0.25 0.29166666 0.33333334 0.375 0.41666666 0.45833334 0.5 0.5416667 0.5833333 0.625 0.6666667 0.7083333 0.75 0.7916667 0.8333333 0.875 0.9166667 0.9583333 1.0 1.0416666 1.0833334 1.125 1.1666666 1.2083334 1.25 1.2916666 1.3333334 1.375 1.4166666 1.4583334 1.5 1.5416666 1.5833334 1.625 1.6666666 1.7083334 1.75 1.7916666 1.8333334 1.875 1.9166666 1.9583334 2.0 </float_array>
          <technique_common>
            <accessor count="49" source="#tail5-global-anim-inSource-TIME-array">
              <param name="TIME" type="float"/>
            </accessor>
          </technique_common>
        </source>
        <source id="tail5-global-anim-interpolation">
          <Name_array count="49" id="tail5-global-anim-interpolation-array">LINEAR LINEAR LINEAR LINEAR LINEAR LINEAR LINEAR LINEAR LINEAR LINEAR LINEAR LINEAR LINEAR LINEAR LINEAR LINEAR LINEAR LINEAR LINEAR LINEAR LINEAR LINEAR LINEAR LINEAR LINEAR LINEAR LINEAR LINEAR LINEAR LINEAR LINEAR LINEAR LINEAR LINEAR LINEAR LINEAR LINEAR LINEAR LINEAR LINEAR LINEAR LINEAR LINEAR LINEAR LINEAR LINEAR LINEAR LINEAR LINEAR </Name_array>
          <technique_common>
            <accessor count="49" source="#tail5-global-anim-interpolation-array">
              <param type="name"/>
            </accessor>
          </technique_common>
        </source>
        <source id="tail5-global-anim-outSource-global">
          <float_array count="784" id="tail5-global-anim-outSource-global-array">0.7039989 0.0 -0.71020097 -0.47454238 0.0 1.0 0.0 0.0 0.71020097 0.0 0.7039989 -14.0 0.0 0.0 0.0 1.0 0.7039989 0.0 -0.710201 -0.47454238 0.0 1.0 0.0 0.0 0.710201 0.0 0.7039989 -14.0 0.0 0.0 0.0 1.0 0.70399904 0.0 -0.7102011 -0.47454238 0.0 1.0000001 0.0 0.0 0.7102011 0.0 0.70399904 -14.0 0.0 0.0 0.0 1.0 0.7039989 0.0 -0.71020097 -0.47454238 0.0 1.0 0.0 0.0 0.71020097 0.0 0.7039989 -14.0 0.0 0.0 0.0 1.0 0.7039989 0.0 -0.71020097 -0.47454238 0.0 1.0 0.0 0.0 0.71020097 0.0 0.7039989 -14.0 0.0 0.0 0.0 1.0 0.7039989 0.0 -0.71020097 -0.47454238 0.0 1.0 0.0 0.0 0.71020097 0.0 0.7039989 -14.0 0.0 0.0 0.0 1.0 0.7039989 0.0 -0.71020097 -0.47454238 0.0 1.0 0.0 0.0 0.71020097 0.0 0.7039989 -14.0 0.0 0.0 0.0 1.0 0.70399904 0.0 -0.710201 -0.47454238 0.0 1.0000001 0.0 0.0 0.710201 0.0 0.70399904 -14.0 0.0 0.0 0.0 1.0 0.7039989 0.0 -0.71020097 -0.47454238 0.0 1.0 0.0 0.0 0.71020097 0.0 0.7039989 -14.0 0.0 0.0 0.0 1.0 0.7039989 0.0 -0.71020097 -0.47454238 0.0 1.0 0.0 0.0 0.71020097 0.0 0.7039989 -14.0 0.0 0.0 0.0 1.0 0.7039989 0.0 -0.71020097 -0.47454238 0.0 1.0 0.0 0.0 0.71020097 0.0 0.7039989 -14.0 0.0 0.0 0.0 1.0 0.70399904 0.0 -0.71020114 -0.47454238 0.0 1.0000001 0.0 0.0 0.71020114 0.0 0.70399904 -14.0 0.0 0.0 0.0 1.0 0.7039989 0.0 -0.71020097 -0.47454238 0.0 1.0 0.0 0.0 0.71020097 0.0 0.7039989 -14.0 0.0 0.0 0.0 1.0 0.70399904 0.0 -0.7102011 -0.47454238 0.0 1.0000001 0.0 0.0 0.7102011 0.0 0.70399904 -14.0 0.0 0.0 0.0 1.0 0.7039989 0.0 -0.71020097 -0.47454238 0.0 1.0 0.0 0.0 0.71020097 0.0 0.7039989 -14.0 0.0 0.0 0.0 1.0 0.70399904 0.0 -0.710201 -0.47454238 0.0 1.0000001 0.0 0.0 0.710201 0.0 0.70399904 -14.0 0.0 0.0 0.0 1.0 0.703999 0.0 -0.7102009 -0.47454238 0.0 0.99999994 0.0 0.0 0.7102009 0.0 0.703999 -14.0 0.0 0.0 0.0 1.0 0.70399904 0.0 -0.710201 -0.47454238 0.0 1.0000001 0.0 0.0 0.710201 0.0 0.70399904 -14.0 0.0 0.0 0.0 1.0 0.7039989 0.0 -0.71020097 -0.47454238 0.0 1.0 0.0 0.0 0.71020097 0.0 0.7039989 -14.0 0.0 0.0 0.0 1.0 0.70399904 0.0 -0.71020114 -0.47454238 0.0 1.0000001 0.0 0.0 0.71020114 0.0 0.70399904 -14.0 0.0 0.0 0.0 1.0 0.70399904 0.0 -0.710201 -0.47454238 0.0 1.0000001 0.0 0.0 0.710201 0.0 0.70399904 -14.0 0.0 0.0 0.0 1.0 0.7039989 0.0 -0.71020097 -0.47454238 0.0 1.0 0.0 0.0 0.71020097 0.0 0.7039989 -14.0 0.0 0.0 0.0 1.0 0.70399904 0.0 -0.71020114 -0.47454238 0.0 1.0000001 0.0 0.0 0.71020114 0.0 0.70399904 -14.0 0.0 0.0 0.0 1.0 0.70399904 0.0 -0.710201 -0.47454238 0.0 1.0000001 0.0 0.0 0.710201 0.0 0.70399904 -14.0 0.0 0.0 0.0 1.0 0.7039989 0.0 -0.71020097 -0.47454238 0.0 1.0 0.0 0.0 0.71020097 0.0 0.7039989 -14.0 0.0 0.0 0.0 1.0 0.7039989 0.0 -0.71020097 -0.47454238 0.0 1.0 0.0 0.0 0.71020097 0.0 0.7039989 -14.0 0.0 0.0 0.0 1.0 0.7039989 0.0 -0.71020097 -0.47454238 0.0 1.0 0.0 0.0 0.71020097 0.0 0.7039989 -14.0 0.0 0.0 0.0 1.0 0.7039989 0.0 -0.71020097 -0.47454238 0.0 1.0 0.0 0.0 0.71020097 0.0 0.7039989 -14.0 0.0 0.0 0.0 1.0 0.7039989 0.0 -0.71020097 -0.47454238 0.0 1.0 0.0 0.0 0.71020097 0.0 0.7039989 -14.0 0.0 0.0 0.0 1.0 0.7039989 0.0 -0.71020097 -0.47454238 0.0 1.0 0.0 0.0 0.71020097 0.0 0.7039989 -14.0 0.0 0.0 0.0 1.0 0.7039989 0.0 -0.71020097 -0.47454238 0.0 1.0 0.0 0.0 0.71020097 0.0 0.7039989 -14.0 0.0 0.0 0.0 1.0 0.7039989 0.0 -0.71020097 -0.47454238 0.0 1.0 0.0 0.0 0.71020097 0.0 0.7039989 -14.0 0.0 0.0 0.0 1.0 0.70399904 0.0 -0.710201 -0.47454238 0.0 1.0000001 0.0 0.0 0.710201 0.0 0.70399904 -14.0 0.0 0.0 0.0 1.0 0.70399904 0.0 -0.710201 -0.47454238 0.0 1.0000001 0.0 0.0 0.710201 0.0 0.70399904 -14.0 0.0 0.0 0.0 1.0 0.70399904 0.0 -0.71020114 -0.47454238 0.0 1.0000001 0.0 0.0 0.71020114 0.0 0.70399904 -14.0 0.0 0.0 0.0 1.0 0.7039989 0.0 -0.71020097 -0.47454238 0.0 1.0 0.0 0.0 0.71020097 0.0 0.7039989 -14.0 0.0 0.0 0.0 1.0 0.7039989 0.0 -0.71020097 -0.47454238 0.0 1.0 0.0 0.0 0.71020097 0.0 0.7039989 -14.0 0.0 0.0 0.0 1.0 0.7039989 0.0 -0.71020097 -0.47454238 0.0 1.0 0.0 0.0 0.71020097 0.0 0.7039989 -14.0 0.0 0.0 0.0 1.0 0.7039989 0.0 -0.71020097 -0.47454238 0.0 1.0 0.0 0.0 0.71020097 0.0 0.7039989 -14.0 0.0 0.0 0.0 1.0 0.7039989 0.0 -0.71020097 -0.47454238 0.0 1.0 0.0 0.0 0.71020097 0.0 0.7039989 -14.0 0.0 0.0 0.0 1.0 0.7039989 0.0 -0.71020097 -0.47454238 0.0 1.0 0.0 0.0 0.71020097 0.0 0.7039989 -14.0 0.0 0.0 0.0 1.0 0.7039989 0.0 -0.71020097 -0.47454238 0.0 1.0 0.0 0.0 0.71020097 0.0 0.7039989 -14.0 0.0 0.0 0.0 1.0 0.7039989 0.0 -0.71020097 -0.47454238 0.0 1.0 0.0 0.0 0.71020097 0.0 0.7039989 -14.0 0.0 0.0 0.0 1.0 0.70399904 0.0 -0.710201 -0.47454238 0.0 1.0000001 0.0 0.0 0.710201 0.0 0.70399904 -14.0 0.0 0.0 0.0 1.0 0.7039989 0.0 -0.71020097 -0.47454238 0.0 1.0 0.0 0.0 0.71020097 0.0 0.7039989 -14.0 0.0 0.0 0.0 1.0 0.7039989 0.0 -0.71020097 -0.47454238 0.0 1.0 0.0 0.0 0.71020097 0.0 0.7039989 -14.0 0.0 0.0 0.0 1.0 0.7039989 0.0 -0.71020097 -0.47454238 0.0 1.0 0.0 0.0 0.71020097 0.0 0.7039989 -14.0 0.0 0.0 0.0 1.0 0.7039989 0.0 -0.71020097 -0.47454238 0.0 1.0 0.0 0.0 0.71020097 0.0 0.7039989 -14.0 0.0 0.0 0.0 1.0 0.7039989 0.0 -0.71020097 -0.47454238 0.0 1.0 0.0 0.0 0.71020097 0.0 0.7039989 -14.0 0.0 0.0 0.0 1.0 </float_array>
          <technique_common>
            <accessor count="49" source="#tail5-global-anim-outSource-global-array" stride="16">
              <param type="float4x4"/>
            </accessor>
          </technique_common>
        </source>
        <sampler id="tail5-global-anim-globalSampler">
          <input semantic="INPUT" source="#tail5-global-anim-inSource-TIME"/>
          <input semantic="OUTPUT" source="#tail5-global-anim-outSource-global"/>
          <input semantic="INTERPOLATION" source="#tail5-global-anim-interpolation"/>
        </sampler>
        <channel source="#tail5-global-anim-globalSampler" target="tail5-global/matrix"/>
      </animation>
    </animation>
    <animation id="tail5-local-anim" name="tail5-local-anim">
      <animation>
        <source id="tail5-local-anim-inSource-TIME">
          <float_array count="49" id="tail5-local-anim-inSource-TIME-array">0.0 0.041666668 0.083333336 0.125 0.16666667 0.20833333 0.25 0.29166666 0.33333334 0.375 0.41666666 0.45833334 0.5 0.5416667 0.5833333 0.625 0.6666667 0.7083333 0.75 0.7916667 0.8333333 0.875 0.9166667 0.9583333 1.0 1.0416666 1.0833334 1.125 1.1666666 1.2083334 1.25 1.2916666 1.3333334 1.375 1.4166666 1.4583334 1.5 1.5416666 1.5833334 1.625 1.6666666 1.7083334 1.75 1.7916666 1.8333334 1.875 1.9166666 1.9583334 2.0 </float_array>
          <technique_common>
            <accessor count="49" source="#tail5-local-anim-inSource-TIME-array">
              <param name="TIME" type="float"/>
            </accessor>
          </technique_common>
        </source>
        <source id="tail5-local-anim-interpolation">
          <Name_array count="49" id="tail5-local-anim-interpolation-array">LINEAR LINEAR LINEAR LINEAR LINEAR LINEAR LINEAR LINEAR LINEAR LINEAR LINEAR LINEAR LINEAR LINEAR LINEAR LINEAR LINEAR LINEAR LINEAR LINEAR LINEAR LINEAR LINEAR LINEAR LINEAR LINEAR LINEAR LINEAR LINEAR LINEAR LINEAR LINEAR LINEAR LINEAR LINEAR LINEAR LINEAR LINEAR LINEAR LINEAR LINEAR LINEAR LINEAR LINEAR LINEAR LINEAR LINEAR LINEAR LINEAR </Name_array>
          <technique_common>
            <accessor count="49" source="#tail5-local-anim-interpolation-array">
              <param type="name"/>
            </accessor>
          </technique_common>
        </source>
        <source id="tail5-local-anim-outSource-local">
          <float_array count="784" id="tail5-local-anim-outSource-local-array">1.0 0.0 0.0 0.0 0.0 1.0 0.0 -0.50000006 0.0 0.0 1.0 -7.5 0.0 0.0 0.0 1.0 1.0 0.0 0.0 0.0 0.0 1.0 0.0 -0.50000006 0.0 0.0 1.0 -7.5 0.0 0.0 0.0 1.0 1.0 0.0 0.0 0.0 0.0 1.0 0.0 -0.50000006 0.0 0.0 1.0 -7.5 0.0 0.0 0.0 1.0 1.0 0.0 0.0 0.0 0.0 1.0 0.0 -0.50000006 0.0 0.0 1.0 -7.5 0.0 0.0 0.0 1.0 1.0 0.0 0.0 0.0 0.0 1.0 0.0 -0.50000006 0.0 0.0 1.0 -7.5 0.0 0.0 0.0 1.0 1.0 0.0 0.0 0.0 0.0 1.0 0.0 -0.50000006 0.0 0.0 1.0 -7.5 0.0 0.0 0.0 1.0 1.0 0.0 0.0 0.0 0.0 1.0 0.0 -0.50000006 0.0 0.0 1.0 -7.5 0.0 0.0 0.0 1.0 1.0 0.0 0.0 0.0 0.0 1.0 0.0 -0.50000006 0.0 0.0 1.0 -7.5 0.0 0.0 0.0 1.0 1.0 0.0 0.0 0.0 0.0 1.0 0.0 -0.50000006 0.0 0.0 1.0 -7.5 0.0 0.0 0.0 1.0 1.0 0.0 0.0 0.0 0.0 1.0 0.0 -0.50000006 0.0 0.0 1.0 -7.5 0.0 0.0 0.0 1.0 1.0 0.0 0.0 0.0 0.0 1.0 0.0 -0.50000006 0.0 0.0 1.0 -7.5 0.0 0.0 0.0 1.0 1.0 0.0 0.0 0.0 0.0 1.0 0.0 -0.50000006 0.0 0.0 1.0 -7.5 0.0 0.0 0.0 1.0 1.0 0.0 0.0 0.0 0.0 1.0 0.0 -0.50000006 0.0 0.0 1.0 -7.5 0.0 0.0 0.0 1.0 1.0 0.0 0.0 0.0 0.0 1.0 0.0 -0.50000006 0.0 0.0 1.0 -7.5 0.0 0.0 0.0 1.0 1.0 0.0 0.0 0.0 0.0 1.0 0.0 -0.50000006 0.0 0.0 1.0 -7.5 0.0 0.0 0.0 1.0 1.0 0.0 0.0 0.0 0.0 1.0 0.0 -0.50000006 0.0 0.0 1.0 -7.5 0.0 0.0 0.0 1.0 1.0 0.0 0.0 0.0 0.0 1.0 0.0 -0.50000006 0.0 0.0 1.0 -7.5 0.0 0.0 0.0 1.0 1.0 0.0 0.0 0.0 0.0 1.0 0.0 -0.50000006 0.0 0.0 1.0 -7.5 0.0 0.0 0.0 1.0 1.0 0.0 0.0 0.0 0.0 1.0 0.0 -0.50000006 0.0 0.0 1.0 -7.5 0.0 0.0 0.0 1.0 1.0 0.0 0.0 0.0 0.0 1.0 0.0 -0.50000006 0.0 0.0 1.0 -7.5 0.0 0.0 0.0 1.0 1.0 0.0 0.0 0.0 0.0 1.0 0.0 -0.50000006 0.0 0.0 1.0 -7.5 0.0 0.0 0.0 1.0 1.0 0.0 0.0 0.0 0.0 1.0 0.0 -0.50000006 0.0 0.0 1.0 -7.5 0.0 0.0 0.0 1.0 1.0 0.0 0.0 0.0 0.0 1.0 0.0 -0.50000006 0.0 0.0 1.0 -7.5 0.0 0.0 0.0 1.0 1.0 0.0 0.0 0.0 0.0 1.0 0.0 -0.50000006 0.0 0.0 1.0 -7.5 0.0 0.0 0.0 1.0 1.0 0.0 0.0 0.0 0.0 1.0 0.0 -0.50000006 0.0 0.0 1.0 -7.5 0.0 0.0 0.0 1.0 1.0 0.0 0.0 0.0 0.0 1.0 0.0 -0.50000006 0.0 0.0 1.0 -7.5 0.0 0.0 0.0 1.0 1.0 0.0 0.0 0.0 0.0 1.0 0.0 -0.50000006 0.0 0.0 1.0 -7.5 0.0 0.0 0.0 1.0 1.0 0.0 0.0 0.0 0.0 1.0 0.0 -0.50000006 0.0 0.0 1.0 -7.5 0.0 0.0 0.0 1.0 1.0 0.0 0.0 0.0 0.0 1.0 0.0 -0.50000006 0.0 0.0 1.0 -7.5 0.0 0.0 0.0 1.0 1.0 0.0 0.0 0.0 0.0 1.0 0.0 -0.50000006 0.0 0.0 1.0 -7.5 0.0 0.0 0.0 1.0 1.0 0.0 0.0 0.0 0.0 1.0 0.0 -0.50000006 0.0 0.0 1.0 -7.5 0.0 0.0 0.0 1.0 1.0 0.0 0.0 0.0 0.0 1.0 0.0 -0.50000006 0.0 0.0 1.0 -7.5 0.0 0.0 0.0 1.0 1.0 0.0 0.0 0.0 0.0 1.0 0.0 -0.50000006 0.0 0.0 1.0 -7.5 0.0 0.0 0.0 1.0 1.0 0.0 0.0 0.0 0.0 1.0 0.0 -0.50000006 0.0 0.0 1.0 -7.5 0.0 0.0 0.0 1.0 1.0 0.0 0.0 0.0 0.0 1.0 0.0 -0.50000006 0.0 0.0 1.0 -7.5 0.0 0.0 0.0 1.0 1.0 0.0 0.0 0.0 0.0 1.0 0.0 -0.50000006 0.0 0.0 1.0 -7.5 0.0 0.0 0.0 1.0 1.0 0.0 0.0 0.0 0.0 1.0 0.0 -0.50000006 0.0 0.0 1.0 -7.5 0.0 0.0 0.0 1.0 1.0 0.0 0.0 0.0 0.0 1.0 0.0 -0.50000006 0.0 0.0 1.0 -7.5 0.0 0.0 0.0 1.0 1.0 0.0 0.0 0.0 0.0 1.0 0.0 -0.50000006 0.0 0.0 1.0 -7.5 0.0 0.0 0.0 1.0 1.0 0.0 0.0 0.0 0.0 1.0 0.0 -0.50000006 0.0 0.0 1.0 -7.5 0.0 0.0 0.0 1.0 1.0 0.0 0.0 0.0 0.0 1.0 0.0 -0.50000006 0.0 0.0 1.0 -7.5 0.0 0.0 0.0 1.0 1.0 0.0 0.0 0.0 0.0 1.0 0.0 -0.50000006 0.0 0.0 1.0 -7.5 0.0 0.0 0.0 1.0 1.0 0.0 0.0 0.0 0.0 1.0 0.0 -0.50000006 0.0 0.0 1.0 -7.5 0.0 0.0 0.0 1.0 1.0 0.0 0.0 0.0 0.0 1.0 0.0 -0.50000006 0.0 0.0 1.0 -7.5 0.0 0.0 0.0 1.0 1.0 0.0 0.0 0.0 0.0 1.0 0.0 -0.50000006 0.0 0.0 1.0 -7.5 0.0 0.0 0.0 1.0 1.0 0.0 0.0 0.0 0.0 1.0 0.0 -0.50000006 0.0 0.0 1.0 -7.5 0.0 0.0 0.0 1.0 1.0 0.0 0.0 0.0 0.0 1.0 0.0 -0.50000006 0.0 0.0 1.0 -7.5 0.0 0.0 0.0 1.0 1.0 0.0 0.0 0.0 0.0 1.0 0.0 -0.50000006 0.0 0.0 1.0 -7.5 0.0 0.0 0.0 1.0 1.0 0.0 0.0 0.0 0.0 1.0 0.0 -0.50000006 0.0 0.0 1.0 -7.5 0.0 0.0 0.0 1.0 </float_array>
          <technique_common>
            <accessor count="49" source="#tail5-local-anim-outSource-local-array" stride="16">
              <param type="float4x4"/>
            </accessor>
          </technique_common>
        </source>
        <sampler id="tail5-local-anim-localSampler">
          <input semantic="INPUT" source="#tail5-local-anim-inSource-TIME"/>
          <input semantic="OUTPUT" source="#tail5-local-anim-outSource-local"/>
          <input semantic="INTERPOLATION" source="#tail5-local-anim-interpolation"/>
        </sampler>
        <channel source="#tail5-local-anim-localSampler" target="tail5-local/matrix"/>
      </animation>
    </animation>
    <animation id="tail6-global-anim" name="tail6-global-anim">
      <animation>
        <source id="tail6-global-anim-inSource-TIME">
          <float_array count="49" id="tail6-global-anim-inSource-TIME-array">0.0 0.041666668 0.083333336 0.125 0.16666667 0.20833333 0.25 0.29166666 0.33333334 0.375 0.41666666 0.45833334 0.5 0.5416667 0.5833333 0.625 0.6666667 0.7083333 0.75 0.7916667 0.8333333 0.875 0.9166667 0.9583333 1.0 1.0416666 1.0833334 1.125 1.1666666 1.2083334 1.25 1.2916666 1.3333334 1.375 1.4166666 1.4583334 1.5 1.5416666 1.5833334 1.625 1.6666666 1.7083334 1.75 1.7916666 1.8333334 1.875 1.9166666 1.9583334 2.0 </float_array>
          <technique_common>
            <accessor count="49" source="#tail6-global-anim-inSource-TIME-array">
              <param name="TIME" type="float"/>
            </accessor>
          </technique_common>
        </source>
        <source id="tail6-global-anim-interpolation">
          <Name_array count="49" id="tail6-global-anim-interpolation-array">LINEAR LINEAR LINEAR LINEAR LINEAR LINEAR LINEAR LINEAR LINEAR LINEAR LINEAR LINEAR LINEAR LINEAR LINEAR LINEAR LINEAR LINEAR LINEAR LINEAR LINEAR LINEAR LINEAR LINEAR LINEAR LINEAR LINEAR LINEAR LINEAR LINEAR LINEAR LINEAR LINEAR LINEAR LINEAR LINEAR LINEAR LINEAR LINEAR LINEAR LINEAR LINEAR LINEAR LINEAR LINEAR LINEAR LINEAR LINEAR LINEAR </Name_array>
          <technique_common>
            <accessor count="49" source="#tail6-global-anim-interpolation-array">
              <param type="name"/>
            </accessor>
          </technique_common>
        </source>
        <source id="tail6-global-anim-outSource-global">
          <float_array count="784" id="tail6-global-anim-outSource-global-array">0.86419845 0.0 0.50315106 0.0 0.0 1.0 0.0 -0.64637566 -0.50315106 0.0 0.86419845 -14.0 0.0 0.0 0.0 1.0 0.86419857 0.0 0.5031511 0.0 0.0 1.0000001 0.0 -0.64637566 -0.5031511 0.0 0.86419857 -14.0 0.0 0.0 0.0 1.0 0.86419857 0.0 0.50315106 0.0 0.0 1.0000001 0.0 -0.64637566 -0.50315106 0.0 0.86419857 -14.0 0.0 0.0 0.0 1.0 0.86419845 0.0 0.50315106 0.0 0.0 1.0 0.0 -0.64637566 -0.50315106 0.0 0.86419845 -14.0 0.0 0.0 0.0 1.0 0.86419845 0.0 0.50315106 0.0 0.0 1.0 0.0 -0.64637566 -0.50315106 0.0 0.86419845 -14.0 0.0 0.0 0.0 1.0 0.86419845 0.0 0.50315106 0.0 0.0 1.0 0.0 -0.64637566 -0.50315106 0.0 0.86419845 -14.0 0.0 0.0 0.0 1.0 0.86419857 0.0 0.5031511 0.0 0.0 1.0000001 0.0 -0.64637566 -0.5031511 0.0 0.86419857 -14.0 0.0 0.0 0.0 1.0 0.86419845 0.0 0.50315106 0.0 0.0 1.0 0.0 -0.64637566 -0.50315106 0.0 0.86419845 -14.0 0.0 0.0 0.0 1.0 0.86419845 0.0 0.50315106 0.0 0.0 1.0 0.0 -0.64637566 -0.50315106 0.0 0.86419845 -14.0 0.0 0.0 0.0 1.0 0.86419845 0.0 0.50315106 0.0 0.0 1.0 0.0 -0.64637566 -0.50315106 0.0 0.86419845 -14.0 0.0 0.0 0.0 1.0 0.86419857 0.0 0.5031511 0.0 0.0 1.0000001 0.0 -0.64637566 -0.5031511 0.0 0.86419857 -14.0 0.0 0.0 0.0 1.0 0.86419845 0.0 0.50315106 0.0 0.0 1.0 0.0 -0.64637566 -0.50315106 0.0 0.86419845 -14.0 0.0 0.0 0.0 1.0 0.86419845 0.0 0.50315106 0.0 0.0 1.0 0.0 -0.64637566 -0.50315106 0.0 0.86419845 -14.0 0.0 0.0 0.0 1.0 0.86419845 0.0 0.50315106 0.0 0.0 1.0 0.0 -0.64637566 -0.50315106 0.0 0.86419845 -14.0 0.0 0.0 0.0 1.0 0.86419845 0.0 0.50315106 0.0 0.0 1.0 0.0 -0.64637566 -0.50315106 0.0 0.86419845 -14.0 0.0 0.0 0.0 1.0 0.8419532 0.029983483 0.5387171 0.0 -0.0051194737 0.9988539 -0.047592256 -0.64637566 -0.5395265 0.037312496 0.8411416 -14.0 0.0 0.0 0.0 1.0 0.8180586 0.061457187 0.5718419 0.0 -0.008199574 0.9954196 -0.095250025 -0.64637566 -0.5750764 0.073231235 0.8148155 -14.0 0.0 0.0 0.0 1.0 0.79261297 0.09429215 0.60239017 0.0 -0.009227678 0.9897119 -0.14277801 -0.64637566 -0.6096555 0.107609026 0.78532845 -14.0 0.0 0.0 0.0 1.0 0.7657205 0.12835371 0.63023627 0.0 -0.008199573 0.9817536 -0.18998136 -0.64637566 -0.6431215 0.14030494 0.7528012 -14.0 0.0 0.0 0.0 1.0 0.73749125 0.16350226 0.65526617 0.0 -0.0051194727 0.9715775 -0.23666652 -0.64637566 -0.6753373 0.17118485 0.71736693 -14.0 0.0 0.0 0.0 1.0 0.7080412 0.19959375 0.6773773 0.0 -7.4505806E-9 0.9592254 -0.28264216 -0.64637566 -0.7061711 0.2001223 0.6791711 -14.0 0.0 0.0 0.0 1.0 0.7432385 0.15639243 0.6504905 0.0 -0.0058991686 0.9737882 -0.22738013 -0.64637566 -0.6690005 0.1651603 0.72467947 -14.0 0.0 0.0 0.0 1.0 0.7766441 0.11459072 0.61942965 0.0 -0.008857477 0.985205 -0.17115138 -0.64637566 -0.6298775 0.12743713 0.7661686 -14.0 0.0 0.0 0.0 1.0 0.80806077 0.074435234 0.5843777 0.0 -0.008857477 0.9934082 -0.11428771 -0.64637566 -0.5890326 0.0871753 0.8033935 -14.0 0.0 0.0 0.0 1.0 0.83730316 0.036163047 0.54554176 0.0 -0.0058991667 0.99834967 -0.057124816 -0.64637566 -0.5467073 0.04461254 0.8361346 -14.0 0.0 0.0 0.0 1.0 0.86419845 0.0 0.50315106 0.0 0.0 1.0 0.0 -0.64637566 -0.50315106 0.0 0.86419845 -14.0 0.0 0.0 0.0 1.0 0.86419845 0.0 0.50315106 0.0 0.0 1.0 0.0 -0.64637566 -0.50315106 0.0 0.86419845 -14.0 0.0 0.0 0.0 1.0 0.86419845 0.0 0.50315106 0.0 0.0 1.0 0.0 -0.64637566 -0.50315106 0.0 0.86419845 -14.0 0.0 0.0 0.0 1.0 0.86419857 0.0 0.50315106 0.0 0.0 1.0000001 0.0 -0.64637566 -0.50315106 0.0 0.86419857 -14.0 0.0 0.0 0.0 1.0 0.86419845 0.0 0.50315106 0.0 0.0 1.0 0.0 -0.64637566 -0.50315106 0.0 0.86419845 -14.0 0.0 0.0 0.0 1.0 0.86419845 0.0 0.50315106 0.0 0.0 1.0 0.0 -0.64637566 -0.50315106 0.0 0.86419845 -14.0 0.0 0.0 0.0 1.0 0.86419857 0.0 0.5031511 0.0 0.0 1.0000001 0.0 -0.64637566 -0.5031511 0.0 0.86419857 -14.0 0.0 0.0 0.0 1.0 0.86419857 0.0 0.50315106 0.0 0.0 1.0000001 0.0 -0.64637566 -0.50315106 0.0 0.86419857 -14.0 0.0 0.0 0.0 1.0 0.86419845 0.0 0.50315106 0.0 0.0 1.0 0.0 -0.64637566 -0.50315106 0.0 0.86419845 -14.0 0.0 0.0 0.0 1.0 0.86419857 0.0 0.5031511 0.0 0.0 1.0000001 0.0 -0.64637566 -0.5031511 0.0 0.86419857 -14.0 0.0 0.0 0.0 1.0 0.86419857 0.0 0.5031511 0.0 0.0 1.0000001 0.0 -0.64637566 -0.5031511 0.0 0.86419857 -14.0 0.0 0.0 0.0 1.0 0.86419857 0.0 0.5031511 0.0 0.0 1.0000001 0.0 -0.64637566 -0.5031511 0.0 0.86419857 -14.0 0.0 0.0 0.0 1.0 0.86419857 0.0 0.5031511 0.0 0.0 1.0000001 0.0 -0.64637566 -0.5031511 0.0 0.86419857 -14.0 0.0 0.0 0.0 1.0 0.86419845 0.0 0.50315106 0.0 0.0 1.0 0.0 -0.64637566 -0.50315106 0.0 0.86419845 -14.0 0.0 0.0 0.0 1.0 0.86419845 0.0 0.50315106 0.0 0.0 1.0 0.0 -0.64637566 -0.50315106 0.0 0.86419845 -14.0 0.0 0.0 0.0 1.0 0.86419857 0.0 0.50315106 0.0 0.0 1.0000001 0.0 -0.64637566 -0.50315106 0.0 0.86419857 -14.0 0.0 0.0 0.0 1.0 0.86419857 0.0 0.50315106 0.0 0.0 1.0000001 0.0 -0.64637566 -0.50315106 0.0 0.86419857 -14.0 0.0 0.0 0.0 1.0 0.86419857 0.0 0.5031511 0.0 0.0 1.0000001 0.0 -0.64637566 -0.5031511 0.0 0.86419857 -14.0 0.0 0.0 0.0 1.0 0.86419845 0.0 0.50315106 0.0 0.0 1.0 0.0 -0.64637566 -0.50315106 0.0 0.86419845 -14.0 0.0 0.0 0.0 1.0 0.86419845 0.0 0.50315106 0.0 0.0 1.0 0.0 -0.64637566 -0.50315106 0.0 0.86419845 -14.0 0.0 0.0 0.0 1.0 0.86419845 0.0 0.50315106 0.0 0.0 1.0 0.0 -0.64637566 -0.50315106 0.0 0.86419845 -14.0 0.0 0.0 0.0 1.0 0.86419845 0.0 0.50315106 0.0 0.0 1.0 0.0 -0.64637566 -0.50315106 0.0 0.86419845 -14.0 0.0 0.0 0.0 1.0 0.86419845 0.0 0.50315106 0.0 0.0 1.0 0.0 -0.64637566 -0.50315106 0.0 0.86419845 -14.0 0.0 0.0 0.0 1.0 0.86419845 0.0 0.50315106 0.0 0.0 1.0 0.0 -0.64637566 -0.50315106 0.0 0.86419845 -14.0 0.0 0.0 0.0 1.0 </float_array>
          <technique_common>
            <accessor count="49" source="#tail6-global-anim-outSource-global-array" stride="16">
              <param type="float4x4"/>
            </accessor>
          </technique_common>
        </source>
        <sampler id="tail6-global-anim-globalSampler">
          <input semantic="INPUT" source="#tail6-global-anim-inSource-TIME"/>
          <input semantic="OUTPUT" source="#tail6-global-anim-outSource-global"/>
          <input semantic="INTERPOLATION" source="#tail6-global-anim-interpolation"/>
        </sampler>
        <channel source="#tail6-global-anim-globalSampler" target="tail6-global/matrix"/>
      </animation>
    </animation>
    <animation id="tail6-local-anim" name="tail6-local-anim">
      <animation>
        <source id="tail6-local-anim-inSource-TIME">
          <float_array count="49" id="tail6-local-anim-inSource-TIME-array">0.0 0.041666668 0.083333336 0.125 0.16666667 0.20833333 0.25 0.29166666 0.33333334 0.375 0.41666666 0.45833334 0.5 0.5416667 0.5833333 0.625 0.6666667 0.7083333 0.75 0.7916667 0.8333333 0.875 0.9166667 0.9583333 1.0 1.0416666 1.0833334 1.125 1.1666666 1.2083334 1.25 1.2916666 1.3333334 1.375 1.4166666 1.4583334 1.5 1.5416666 1.5833334 1.625 1.6666666 1.7083334 1.75 1.7916666 1.8333334 1.875 1.9166666 1.9583334 2.0 </float_array>
          <technique_common>
            <accessor count="49" source="#tail6-local-anim-inSource-TIME-array">
              <param name="TIME" type="float"/>
            </accessor>
          </technique_common>
        </source>
        <source id="tail6-local-anim-interpolation">
          <Name_array count="49" id="tail6-local-anim-interpolation-array">LINEAR LINEAR LINEAR LINEAR LINEAR LINEAR LINEAR LINEAR LINEAR LINEAR LINEAR LINEAR LINEAR LINEAR LINEAR LINEAR LINEAR LINEAR LINEAR LINEAR LINEAR LINEAR LINEAR LINEAR LINEAR LINEAR LINEAR LINEAR LINEAR LINEAR LINEAR LINEAR LINEAR LINEAR LINEAR LINEAR LINEAR LINEAR LINEAR LINEAR LINEAR LINEAR LINEAR LINEAR LINEAR LINEAR LINEAR LINEAR LINEAR </Name_array>
          <technique_common>
            <accessor count="49" source="#tail6-local-anim-interpolation-array">
              <param type="name"/>
            </accessor>
          </technique_common>
        </source>
        <source id="tail6-local-anim-outSource-local">
          <float_array count="784" id="tail6-local-anim-outSource-local-array">1.0 0.0 0.0 0.0 0.0 1.0 0.0 0.0 0.0 0.0 1.0 -7.5 0.0 0.0 0.0 1.0 1.0 0.0 0.0 0.0 0.0 1.0 0.0 0.0 0.0 0.0 1.0 -7.5 0.0 0.0 0.0 1.0 1.0 0.0 0.0 0.0 0.0 1.0 0.0 0.0 0.0 0.0 1.0 -7.5 0.0 0.0 0.0 1.0 1.0 0.0 0.0 0.0 0.0 1.0 0.0 0.0 0.0 0.0 1.0 -7.5 0.0 0.0 0.0 1.0 1.0 0.0 0.0 0.0 0.0 1.0 0.0 0.0 0.0 0.0 1.0 -7.5 0.0 0.0 0.0 1.0 1.0 0.0 0.0 0.0 0.0 1.0 0.0 0.0 0.0 0.0 1.0 -7.5 0.0 0.0 0.0 1.0 1.0 0.0 0.0 0.0 0.0 1.0 0.0 0.0 0.0 0.0 1.0 -7.5 0.0 0.0 0.0 1.0 1.0 0.0 0.0 0.0 0.0 1.0 0.0 0.0 0.0 0.0 1.0 -7.5 0.0 0.0 0.0 1.0 1.0 0.0 0.0 0.0 0.0 1.0 0.0 0.0 0.0 0.0 1.0 -7.5 0.0 0.0 0.0 1.0 1.0 0.0 0.0 0.0 0.0 1.0 0.0 0.0 0.0 0.0 1.0 -7.5 0.0 0.0 0.0 1.0 1.0 0.0 0.0 0.0 0.0 1.0 0.0 0.0 0.0 0.0 1.0 -7.5 0.0 0.0 0.0 1.0 1.0 0.0 0.0 0.0 0.0 1.0 0.0 0.0 0.0 0.0 1.0 -7.5 0.0 0.0 0.0 1.0 1.0 0.0 0.0 0.0 0.0 1.0 0.0 0.0 0.0 0.0 1.0 -7.5 0.0 0.0 0.0 1.0 1.0 0.0 0.0 0.0 0.0 1.0 0.0 0.0 0.0 0.0 1.0 -7.5 0.0 0.0 0.0 1.0 1.0 0.0 0.0 0.0 0.0 1.0 0.0 0.0 0.0 0.0 1.0 -7.5 0.0 0.0 0.0 1.0 1.0 0.0 0.0 0.0 0.0 1.0 0.0 0.0 0.0 0.0 1.0 -7.5 0.0 0.0 0.0 1.0 1.0 0.0 0.0 0.0 0.0 1.0 0.0 0.0 0.0 0.0 1.0 -7.5 0.0 0.0 0.0 1.0 1.0 0.0 0.0 0.0 0.0 1.0 0.0 0.0 0.0 0.0 1.0 -7.5 0.0 0.0 0.0 1.0 1.0 0.0 0.0 0.0 0.0 1.0 0.0 0.0 0.0 0.0 1.0 -7.5 0.0 0.0 0.0 1.0 1.0 0.0 0.0 0.0 0.0 1.0 0.0 0.0 0.0 0.0 1.0 -7.5 0.0 0.0 0.0 1.0 1.0 0.0 0.0 0.0 0.0 1.0 0.0 0.0 0.0 0.0 1.0 -7.5 0.0 0.0 0.0 1.0 1.0 0.0 0.0 0.0 0.0 1.0 0.0 0.0 0.0 0.0 1.0 -7.5 0.0 0.0 0.0 1.0 1.0 0.0 0.0 0.0 0.0 1.0 0.0 0.0 0.0 0.0 1.0 -7.5 0.0 0.0 0.0 1.0 1.0 0.0 0.0 0.0 0.0 1.0 0.0 0.0 0.0 0.0 1.0 -7.5 0.0 0.0 0.0 1.0 1.0 0.0 0.0 0.0 0.0 1.0 0.0 0.0 0.0 0.0 1.0 -7.5 0.0 0.0 0.0 1.0 1.0 0.0 0.0 0.0 0.0 1.0 0.0 0.0 0.0 0.0 1.0 -7.5 0.0 0.0 0.0 1.0 1.0 0.0 0.0 0.0 0.0 1.0 0.0 0.0 0.0 0.0 1.0 -7.5 0.0 0.0 0.0 1.0 1.0 0.0 0.0 0.0 0.0 1.0 0.0 0.0 0.0 0.0 1.0 -7.5 0.0 0.0 0.0 1.0 1.0 0.0 0.0 0.0 0.0 1.0 0.0 0.0 0.0 0.0 1.0 -7.5 0.0 0.0 0.0 1.0 1.0 0.0 0.0 0.0 0.0 1.0 0.0 0.0 0.0 0.0 1.0 -7.5 0.0 0.0 0.0 1.0 1.0 0.0 0.0 0.0 0.0 1.0 0.0 0.0 0.0 0.0 1.0 -7.5 0.0 0.0 0.0 1.0 1.0 0.0 0.0 0.0 0.0 1.0 0.0 0.0 0.0 0.0 1.0 -7.5 0.0 0.0 0.0 1.0 1.0 0.0 0.0 0.0 0.0 1.0 0.0 0.0 0.0 0.0 1.0 -7.5 0.0 0.0 0.0 1.0 1.0 0.0 0.0 0.0 0.0 1.0 0.0 0.0 0.0 0.0 1.0 -7.5 0.0 0.0 0.0 1.0 1.0 0.0 0.0 0.0 0.0 1.0 0.0 0.0 0.0 0.0 1.0 -7.5 0.0 0.0 0.0 1.0 1.0 0.0 0.0 0.0 0.0 1.0 0.0 0.0 0.0 0.0 1.0 -7.5 0.0 0.0 0.0 1.0 1.0 0.0 0.0 0.0 0.0 1.0 0.0 0.0 0.0 0.0 1.0 -7.5 0.0 0.0 0.0 1.0 1.0 0.0 0.0 0.0 0.0 1.0 0.0 0.0 0.0 0.0 1.0 -7.5 0.0 0.0 0.0 1.0 1.0 0.0 0.0 0.0 0.0 1.0 0.0 0.0 0.0 0.0 1.0 -7.5 0.0 0.0 0.0 1.0 1.0 0.0 0.0 0.0 0.0 1.0 0.0 0.0 0.0 0.0 1.0 -7.5 0.0 0.0 0.0 1.0 1.0 0.0 0.0 0.0 0.0 1.0 0.0 0.0 0.0 0.0 1.0 -7.5 0.0 0.0 0.0 1.0 1.0 0.0 0.0 0.0 0.0 1.0 0.0 0.0 0.0 0.0 1.0 -7.5 0.0 0.0 0.0 1.0 1.0 0.0 0.0 0.0 0.0 1.0 0.0 0.0 0.0 0.0 1.0 -7.5 0.0 0.0 0.0 1.0 1.0 0.0 0.0 0.0 0.0 1.0 0.0 0.0 0.0 0.0 1.0 -7.5 0.0 0.0 0.0 1.0 1.0 0.0 0.0 0.0 0.0 1.0 0.0 0.0 0.0 0.0 1.0 -7.5 0.0 0.0 0.0 1.0 1.0 0.0 0.0 0.0 0.0 1.0 0.0 0.0 0.0 0.0 1.0 -7.5 0.0 0.0 0.0 1.0 1.0 0.0 0.0 0.0 0.0 1.0 0.0 0.0 0.0 0.0 1.0 -7.5 0.0 0.0 0.0 1.0 1.0 0.0 0.0 0.0 0.0 1.0 0.0 0.0 0.0 0.0 1.0 -7.5 0.0 0.0 0.0 1.0 1.0 0.0 0.0 0.0 0.0 1.0 0.0 0.0 0.0 0.0 1.0 -7.5 0.0 0.0 0.0 1.0 </float_array>
          <technique_common>
            <accessor count="49" source="#tail6-local-anim-outSource-local-array" stride="16">
              <param type="float4x4"/>
            </accessor>
          </technique_common>
        </source>
        <sampler id="tail6-local-anim-localSampler">
          <input semantic="INPUT" source="#tail6-local-anim-inSource-TIME"/>
          <input semantic="OUTPUT" source="#tail6-local-anim-outSource-local"/>
          <input semantic="INTERPOLATION" source="#tail6-local-anim-interpolation"/>
        </sampler>
        <channel source="#tail6-local-anim-localSampler" target="tail6-local/matrix"/>
      </animation>
    </animation>
  </library_animations>
  <library_visual_scenes>
    <visual_scene id="DefaultScene">
      <node id="World-global" name="World-global" sid="World-global">
        <matrix sid="matrix">1.0 0.0 -8.742278E-8 0.0 0.0 1.0 0.0 0.0 -8.742278E-8 0.0 -1.0 0.0 0.0 0.0 0.0 1.0 </matrix>
        <node id="controller-global" name="controller-global" sid="controller-global">
          <matrix sid="matrix">1.0 0.0 0.0 0.0 0.0 1.0 0.0 0.0 0.0 0.0 1.0 0.0 0.0 0.0 0.0 1.0 </matrix>
          <node id="head-global" name="head-global" sid="head-global">
            <matrix sid="matrix">1.0 0.0 0.0 0.0 0.0 1.0 0.0 3.138434 0.0 0.0 1.0 0.0 0.0 0.0 0.0 1.0 </matrix>
            <node id="head-local" name="head-local" sid="head-local">
              <matrix sid="matrix">1.0 0.0 0.0 0.0 0.0 1.0 0.0 0.0 0.0 0.0 1.0 7.5 0.0 0.0 0.0 1.0 </matrix>
              <instance_geometry url="#head-Geom">
                <bind_material>
                  <technique_common>
                    <instance_material symbol="head-Material" target="#head-Material">
                      <bind_vertex_input input_semantic="TEXCOORD" input_set="0" semantic="head-tex-bind"/>
                    </instance_material>
                  </technique_common>
                </bind_material>
              </instance_geometry>
            </node>
            <node id="jaw-global" name="jaw-global" sid="jaw-global">
              <matrix sid="matrix">1.0 0.0 0.0 0.0 0.0 1.0 0.0 -1.165127 0.0 0.0 1.0 7.680046 0.0 0.0 0.0 1.0 </matrix>
              <node id="jaw-local" name="jaw-local" sid="jaw-local">
                <matrix sid="matrix">1.0 0.0 0.0 0.0 0.0 1.0 0.0 -1.0 0.0 0.0 1.0 3.5 0.0 0.0 0.0 1.0 </matrix>
                <instance_geometry url="#jaw-Geom">
                  <bind_material>
                    <technique_common>
                      <instance_material symbol="jaw-Material" target="#jaw-Material">
                        <bind_vertex_input input_semantic="TEXCOORD" input_set="0" semantic="jaw-tex-bind"/>
                      </instance_material>
                    </technique_common>
                  </bind_material>
                </instance_geometry>
              </node>
            </node>
            <node id="neck1-global" name="neck1-global" sid="neck1-global">
              <matrix sid="matrix">0.88423795 0.07243125 -0.46138588 0.0 7.4505806E-9 0.98790085 0.15508687 0.0 0.46703663 -0.13713372 0.8735394 0.0 0.0 0.0 0.0 1.0 </matrix>
              <node id="neck1-local" name="neck1-local" sid="neck1-local">
                <matrix sid="matrix">1.0 0.0 0.0 0.0 0.0 1.0 0.0 0.49999997 0.0 0.0 1.0 -7.5004683 0.0 0.0 0.0 1.0 </matrix>
                <instance_geometry url="#neck1-Geom">
                  <bind_material>
                    <technique_common>
                      <instance_material symbol="neck1-Material" target="#neck1-Material">
                        <bind_vertex_input input_semantic="TEXCOORD" input_set="0" semantic="neck1-tex-bind"/>
                      </instance_material>
                    </technique_common>
                  </bind_material>
                </instance_geometry>
              </node>
              <node id="neck2-global" name="neck2-global" sid="neck2-global">
                <matrix sid="matrix">0.87437004 -0.06094139 -0.48141798 0.0 3.7252903E-9 0.9920829 -0.12558508 0.0 0.48525986 0.10980782 0.86744756 -15.0 0.0 0.0 0.0 1.0 </matrix>
                <node id="neck2-local" name="neck2-local" sid="neck2-local">
                  <matrix sid="matrix">1.0 0.0 0.0 0.0 0.0 1.0 0.0 0.49999997 0.0 0.0 1.0 -7.499998 0.0 0.0 0.0 1.0 </matrix>
                  <instance_geometry url="#neck2-Geom">
                    <bind_material>
                      <technique_common>
                        <instance_material symbol="neck2-Material" target="#neck2-Material">
                          <bind_vertex_input input_semantic="TEXCOORD" input_set="0" semantic="neck2-tex-bind"/>
                        </instance_material>
                      </technique_common>
                    </bind_material>
                  </instance_geometry>
                </node>
                <node id="body-global" name="body-global" sid="body-global">
                  <matrix sid="matrix">0.6459803 0.06602862 -0.7604931 0.0 0.0 0.99625206 0.08649802 0.0 0.7633541 -0.055876017 0.6435592 -15.0 0.0 0.0 0.0 1.0 </matrix>
                  <node id="body-local" name="body-local" sid="body-local">
                    <matrix sid="matrix">1.0 0.0 0.0 0.0 0.0 1.0 0.0 0.99999994 0.0 0.0 1.0 -7.5009336 0.0 0.0 0.0 1.0 </matrix>
                    <instance_geometry url="#body-Geom">
                      <bind_material>
                        <technique_common>
                          <instance_material symbol="body-Material" target="#body-Material">
                            <bind_vertex_input input_semantic="TEXCOORD" input_set="0" semantic="body-tex-bind"/>
                          </instance_material>
                        </technique_common>
                      </bind_material>
                    </instance_geometry>
                  </node>
                  <node id="tail1-global" name="tail1-global" sid="tail1-global">
                    <matrix sid="matrix">0.4906057 0.0037581688 -0.87137365 0.0 -0.0076600397 0.99997073 -4.656613E-10 0.0 0.87134814 0.0066747563 0.49062014 -15.0 0.0 0.0 0.0 1.0 </matrix>
                    <node id="tail1-local" name="tail1-local" sid="tail1-local">
                      <matrix sid="matrix">1.0 0.0 0.0 0.070053935 0.0 1.0 0.0 0.99999994 0.0 0.0 1.0 -7.5 0.0 0.0 0.0 1.0 </matrix>
                      <instance_geometry url="#tail1-Geom">
                        <bind_material>
                          <technique_common>
                            <instance_material symbol="tail1-Material" target="#tail1-Material">
                              <bind_vertex_input input_semantic="TEXCOORD" input_set="0" semantic="tail1-tex-bind"/>
                            </instance_material>
                          </technique_common>
                        </bind_material>
                      </instance_geometry>
                    </node>
                    <node id="tail2-global" name="tail2-global" sid="tail2-global">
                      <matrix sid="matrix">0.5755025 0.05251869 -0.8161119 0.0 1.8626451E-9 0.99793583 0.064219475 0.0 0.81780005 -0.03695847 0.5743146 -15.0 0.0 0.0 0.0 1.0 </matrix>
                      <node id="tail2-local" name="tail2-local" sid="tail2-local">
                        <matrix sid="matrix">1.0 0.0 0.0 0.0 0.0 1.0 0.0 0.99999994 0.0 0.0 1.0 -7.5 0.0 0.0 0.0 1.0 </matrix>
                        <instance_geometry url="#tail2-Geom">
                          <bind_material>
                            <technique_common>
                              <instance_material symbol="tail2-Material" target="#tail2-Material">
                                <bind_vertex_input input_semantic="TEXCOORD" input_set="0" semantic="tail2-tex-bind"/>
                              </instance_material>
                            </technique_common>
                          </bind_material>
                        </instance_geometry>
                      </node>
                      <node id="tail3-global" name="tail3-global" sid="tail3-global">
                        <matrix sid="matrix">0.66690326 0.0 -0.74514437 0.0 0.0 1.0 0.0 0.0 0.74514437 0.0 0.66690326 -14.0 0.0 0.0 0.0 1.0 </matrix>
                        <node id="tail3-local" name="tail3-local" sid="tail3-local">
                          <matrix sid="matrix">1.0 0.0 0.0 0.0 0.0 1.0 0.0 0.49999997 0.0 0.0 1.0 -7.5 0.0 0.0 0.0 1.0 </matrix>
                          <instance_geometry url="#tail3-Geom">
                            <bind_material>
                              <technique_common>
                                <instance_material symbol="tail3-Material" target="#tail3-Material">
                                  <bind_vertex_input input_semantic="TEXCOORD" input_set="0" semantic="tail3-tex-bind"/>
                                </instance_material>
                              </technique_common>
                            </bind_material>
                          </instance_geometry>
                        </node>
                        <node id="tail4-global" name="tail4-global" sid="tail4-global">
                          <matrix sid="matrix">0.68562627 0.0 -0.7279538 0.0 0.0 1.0 0.0 0.0 0.7279538 0.0 0.68562627 -14.0 0.0 0.0 0.0 1.0 </matrix>
                          <node id="tail4-local" name="tail4-local" sid="tail4-local">
                            <matrix sid="matrix">1.0 0.0 0.0 -0.49999988 0.0 1.0 0.0 0.0 0.0 0.0 1.0 -7.5 0.0 0.0 0.0 1.0 </matrix>
                            <instance_geometry url="#tail4-Geom">
                              <bind_material>
                                <technique_common>
                                  <instance_material symbol="tail4-Material" target="#tail4-Material">
                                    <bind_vertex_input input_semantic="TEXCOORD" input_set="0" semantic="tail4-tex-bind"/>
                                  </instance_material>
                                </technique_common>
                              </bind_material>
                            </instance_geometry>
                          </node>
                          <node id="tail5-global" name="tail5-global" sid="tail5-global">
                            <matrix sid="matrix">0.70399904 0.0 -0.710201 -0.47454238 0.0 1.0000001 0.0 0.0 0.710201 0.0 0.70399904 -14.0 0.0 0.0 0.0 1.0 </matrix>
                            <node id="tail5-local" name="tail5-local" sid="tail5-local">
                              <matrix sid="matrix">1.0 0.0 0.0 0.0 0.0 1.0 0.0 -0.50000006 0.0 0.0 1.0 -7.5 0.0 0.0 0.0 1.0 </matrix>
                              <instance_geometry url="#tail5-Geom">
                                <bind_material>
                                  <technique_common>
                                    <instance_material symbol="tail5-Material" target="#tail5-Material">
                                      <bind_vertex_input input_semantic="TEXCOORD" input_set="0" semantic="tail5-tex-bind"/>
                                    </instance_material>
                                  </technique_common>
                                </bind_material>
                              </instance_geometry>
                            </node>
                            <node id="tail6-global" name="tail6-global" sid="tail6-global">
                              <matrix sid="matrix">0.7080412 0.19959375 0.6773773 0.0 -7.4505806E-9 0.9592254 -0.28264216 -0.64637566 -0.7061711 0.2001223 0.6791711 -14.0 0.0 0.0 0.0 1.0 </matrix>
                              <node id="tail6-local" name="tail6-local" sid="tail6-local">
                                <matrix sid="matrix">1.0 0.0 0.0 0.0 0.0 1.0 0.0 0.0 0.0 0.0 1.0 -7.5 0.0 0.0 0.0 1.0 </matrix>
                                <instance_geometry url="#tail6-Geom">
                                  <bind_material>
                                    <technique_common>
                                      <instance_material symbol="tail6-Material" target="#tail6-Material">
                                        <bind_vertex_input input_semantic="TEXCOORD" input_set="0" semantic="tail6-tex-bind"/>
                                      </instance_material>
                                    </technique_common>
                                  </bind_material>
                                </instance_geometry>
                              </node>
                            </node>
                          </node>
                        </node>
                      </node>
                    </node>
                  </node>
                </node>
              </node>
            </node>
          </node>
        </node>
      </node>
    </visual_scene>
  </library_visual_scenes>
  <scene>
    <instance_visual_scene url="#DefaultScene"/>
  </scene>
</COLLADA>
